step,task_id,gap,gap_ema,mu,best_mem
6,0,0.0,0.0,0.025,0.546875
7,0,0.08749998807907104,0.008749998807907102,0.025364557440120505,0.5625
8,0,0.14999998807907106,0.022874997735023495,0.025952663380068394,0.5625
9,0,0.0,0.020587497961521147,0.025857475925782948,0.59375
10,0,0.046875,0.023216248165369033,0.025966861191570684,0.59375
11,0,0.0,0.02089462334883213,0.025870257536830744,0.59375
12,0,0.0,0.01880516101394892,0.025783291912084023,0.59375
13,0,0.03125,0.020049644912554027,0.025835091064118118,0.59375
14,0,0.078125,0.02585718042129862,0.026076716039285533,0.59375
15,0,0.0,0.02327146237916876,0.02596915833460491,0.65625
16,0,0.09375,0.03031931614125188,0.026262230652322777,0.65625
17,0,0.171875,0.04447488452712669,0.02684973364970025,0.65625
18,0,0.0625,0.04627739607441402,0.026924410319250892,0.65625
19,0,0.14375002384185792,0.05602465885115841,0.027327600099638014,0.65625
20,0,0.15625,0.06604719296604257,0.027740904509703547,0.65625
21,0,0.09375,0.06881747366943831,0.02785488690438863,0.65625
22,0,0.171875,0.07912322630249448,0.028277822386399643,0.65625
23,0,0.1875,0.08996090367224502,0.028720532921418896,0.65625
24,0,0.171875,0.09815231330502051,0.029053585049768807,0.65625
25,0,0.0,0.08833708197451846,0.028654345689876085,0.671875
26,0,0.03125,0.08262837377706662,0.028421248061087707,0.671875
27,0,0.09375,0.08374053639935995,0.028466708733483975,0.671875
28,0,0.32187498807907106,0.10755398156733105,0.02943402457625462,0.671875
29,0,0.140625,0.11086108341059794,0.029567354160540918,0.671875
30,0,0.046875,0.10446247506953815,0.02930915084697698,0.671875
31,0,0.0625,0.10026622756258433,0.02913929983080579,0.671875
32,0,0.0625,0.0964896048063259,0.028986096769376857,0.671875
33,0,0.0625,0.0930906443256933,0.02884795051286017,0.671875
34,0,0.3156250238418579,0.11534408227730976,0.029747661726093156,0.671875
35,0,0.203125,0.12412217404957879,0.03009922298671949,0.671875
36,0,0.3031249761581421,0.1420224542604351,0.030809505460849953,0.671875
37,0,0.1875,0.1465702088343916,0.03098844408006364,0.671875
38,0,0.12812502384185792,0.14472569033513824,0.030915945792961565,0.671875
39,0,0.3031249761581421,0.16056561891743862,0.031534973656016874,0.671875
40,0,0.278125,0.17232155702569474,0.03198895135802355,0.671875
41,0,0.0,0.15508940132312526,0.03132188657052367,0.765625
42,0,0.08437497615814209,0.14801795880662694,0.031045272810394976,0.765625
43,0,0.0,0.13321616292596425,0.030461228164180277,0.859375
44,0,0.075,0.12739454663336783,0.030229752778786447,0.875
45,0,0.0,0.11465509197003104,0.029719983109008537,0.953125
46,0,0.09375,0.11256458277302793,0.029635928464958196,0.953125
47,0,0.109375,0.11224562449572514,0.029623094272642078,0.953125
48,0,0.046875,0.10570856204615263,0.029359510483523994,0.953125
49,0,0.078125,0.10295020584153737,0.02924798525230885,0.953125
50,0,0.09375,0.10203018525738362,0.02921074819640211,0.953125
51,0,0.078125,0.09963966673164526,0.02911390443917218,0.953125
52,0,0.125,0.10217570005848073,0.029216639069987244,0.953125
53,0,0.153125,0.10727063005263265,0.02942258869635961,0.953125
54,0,0.090625,0.1056060670473694,0.029355369598693743,0.953125
55,0,0.11562497615814209,0.10660795795844667,0.029395836236115986,0.953125
56,0,0.125,0.108447162162602,0.029470060197234884,0.953125
57,0,0.140625,0.1116649459463418,0.02959972254710654,0.953125
58,0,0.125,0.11299845135170762,0.02965338233687073,0.953125
59,0,0.078125,0.10951110621653685,0.029512960277146918,0.953125
60,0,0.1468749761581421,0.11324749321069738,0.029663398790274964,0.953125
61,0,0.171875,0.11911024388962764,0.029898743689261847,0.953125
62,0,0.109375,0.11813671950066489,0.029859725291007506,0.953125
63,0,0.1781249761581421,0.1241355451664126,0.030099756935708172,0.953125
64,0,0.521874976158142,0.16390948826558555,0.03166459118354654,0.953125
65,0,0.3968749761581421,0.18720603705484118,0.032556615492780556,0.953125
66,0,0.2718749761581421,0.19567293096517127,0.03287578813416602,0.953125
67,0,0.09375,0.18548063786865415,0.03249123551115446,0.953125
68,0,0.109375,0.17787007408178873,0.032201515998664845,0.953125
69,0,0.153125,0.17539556667360987,0.03210685510085394,0.953125
70,0,0.340625,0.19191851000624888,0.032734602747198846,0.953125
71,0,0.059375,0.178664159005624,0.03223184577653065,0.953125
72,0,0.09375,0.17017274310506159,0.03190633239761382,0.953125
73,0,0.140625,0.16721796879455544,0.03179245847835556,0.953125
74,0,0.078125,0.1583086719150999,0.031447274039214955,0.953125
75,0,0.109375,0.1534153047235899,0.03125654710483306,0.953125
76,0,0.125,0.15057377425123092,0.0311454344707929,0.953125
77,0,0.153125,0.15082889682610784,0.031155421196822932,0.953125
78,0,0.371875,0.17293350714349703,0.03201244983986146,0.953125
79,0,0.078125,0.16345265642914733,0.031646905670573676,0.953125
80,0,0.496875,0.1967948907862326,0.03291787208869681,0.953125
81,0,0.09375,0.18649040170760933,0.03252951189633286,0.953125
82,0,0.184375,0.1862788615368484,0.032521496402622495,0.953125
83,0,0.125,0.18015097538316355,0.0322885716872768,0.953125
84,0,0.121875,0.1743233778448472,0.032065769969688185,0.953125
85,0,0.0625,0.16314104006036248,0.03163483783212489,0.953125
86,0,0.046875,0.15151443605432624,0.031182246137307346,0.953125
87,0,0.109375,0.14730049244889362,0.031017118253965123,0.953125
88,0,0.09375,0.14194544320400426,0.03080646985300028,0.953125
89,0,0.03125,0.13087589888360382,0.03036829167442632,0.953125
90,0,0.0625,0.12403830899524343,0.03009587389169128,0.953125
91,0,0.1781249761581421,0.1294469757115333,0.030311469558104015,0.953125
92,0,0.109375,0.12743977814037996,0.03023155492342708,0.953125
93,0,0.171875,0.13188330032634196,0.030408316809508652,0.953125
94,0,0.11562497615814209,0.13025746790952197,0.030343706436971325,0.953125
95,0,0.340625,0.15129422111856977,0.03117363084354624,0.953125
96,0,0.184375,0.1546022990067128,0.03130288458738428,0.953125
97,0,0.090625,0.14820456910604152,0.031052593039850668,0.953125
98,0,0.03125,0.13650911219543735,0.0305917291317902,0.953125
99,0,0.0,0.12285820097589362,0.030048726880759158,0.984375
100,0,0.153125,0.12588488087830427,0.030169571145183368,0.984375
101,0,0.184375,0.13173389279047384,0.030402382519565636,0.984375
102,0,0.109375,0.12949800351142646,0.030313499707649905,0.984375
103,0,0.15625,0.1321732031602838,0.030419829581565107,0.984375
104,0,0.215625,0.1405183828442554,0.030750185583461966,0.984375
105,0,0.278125,0.15427904455982985,0.03129027005460677,0.984375
106,0,0.109375,0.14978864010384685,0.031114687452773876,0.984375
107,0,0.15625,0.15043477609346217,0.031139992534757473,0.984375
108,0,0.09375,0.14476629848411596,0.030917543025530042,0.984375
109,0,0.125,0.14278966863570436,0.03083973747636012,0.984375
110,0,0.078125,0.13632320177213392,0.030584369883830228,0.984375
111,0,0.0625,0.12894088159492054,0.030291330550964054,0.984375
112,0,0.109375,0.12698429343542847,0.030213404596649198,0.984375
113,0,0.046875,0.11897336409188562,0.029893259105870387,0.984375
114,0,0.078125,0.11488852768269706,0.029729362205165318,0.984375
115,0,0.0625,0.10964967491442734,0.02951854559311229,0.984375
116,0,0.046875,0.10337220742298461,0.029265058929681183,0.984375
117,0,0.109375,0.10397248668068616,0.029289338445480536,0.984375
118,0,0.090625,0.10263773801261755,0.029235340548330154,0.984375
119,0,0.03125,0.0954989642113558,0.028945858872162656,0.984375
120,0,0.1468749761581421,0.10063656540603444,0.02915430601909303,0.984375
121,0,0.078125,0.098385408865431,0.029063041427187665,0.984375
122,0,0.09375,0.0979218679788879,0.02904423501765038,0.984375
123,0,0.09375,0.0975046811809991,0.029027305228816594,0.984375
124,0,0.1468749761581421,0.10244171067871341,0.02922740672788626,0.984375
125,0,0.215625,0.11376003961084206,0.02968400850154636,0.984375
126,0,0.371875,0.13957153564975786,0.03071280722458182,0.984375
127,0,0.09375,0.13498938208478206,0.030531540945067093,0.984375
128,0,0.09375,0.13086544387630386,0.030367876134114576,0.984375
129,0,0.1468749761581421,0.13246639710448768,0.03043147059903019,0.984375
130,0,0.109375,0.1301572573940389,0.030339721625350636,0.984375
131,0,0.125,0.12964153165463502,0.030319209605194034,0.984375
132,0,0.215625,0.13823987848917152,0.03066019225703283,0.984375
133,0,0.0625,0.13066589064025436,0.03035994417951911,0.984375
134,0,0.1468749761581421,0.13228679919204314,0.03042434010885971,0.984375
135,0,0.15625,0.13468311927283882,0.030519403358983344,0.984375
136,0,0.528125,0.17402730734555494,0.032054417539935445,0.984375
137,0,0.25,0.18162457661099946,0.032344712591887335,0.984375
138,0,0.4281249761581421,0.20627461656571372,0.033271441360962016,0.984375
139,0,0.125,0.19814715490914236,0.032968528376951016,0.984375
140,0,0.125,0.19083243941822814,0.03269365846595763,0.984375
141,0,0.109375,0.18268669547640531,0.03238512676491353,0.984375
142,0,0.125,0.17691802592876477,0.03216512238553157,0.984375
143,0,0.03125,0.16235122333588828,0.03160423603407737,0.984375
144,0,0.078125,0.15392860100229946,0.03127659064258868,0.984375
145,0,0.125,0.1510357409020695,0.031163516535284666,0.984375
146,0,0.215625,0.15749466681186255,0.03141560183331879,0.984375
147,0,0.140625,0.1558077001306763,0.03134989334822788,0.984375
148,0,0.1875,0.15897693011760866,0.03147325880880671,0.984375
149,0,0.3125,0.1743292371058478,0.032065994603328395,0.984375
150,0,0.265625,0.18345881339526302,0.03241447974448449,0.984375
151,0,0.390625,0.2041754320557367,0.03319346001477942,0.984375
152,0,0.29687501192092897,0.21344539004225593,0.03353645632525844,0.984375
153,0,0.5156250119209289,0.24366335223012323,0.034629024591884584,0.984375
154,0,0.2093749761581421,0.2402345146229251,0.03450708363981005,0.984375
155,0,0.2093749761581421,0.2371485607764468,0.03439688251448309,0.984375
156,0,0.121875,0.22562120469880212,0.033981486149382005,0.984375
157,0,0.153125,0.21837158422892192,0.03371727163269444,0.984375
158,0,0.09375,0.20590942580602972,0.033257888029124105,0.984375
159,0,0.171875,0.20250598322542676,0.03313131478691495,0.984375
160,0,0.2093749761581421,0.2031928825186983,0.03315689828003664,0.984375
161,0,0.184375,0.20131109426682847,0.033086765883531696,0.984375
162,0,0.09375,0.19055498484014563,0.03268319124949932,0.984375
163,0,0.2093749761581421,0.19243698397194528,0.032754132787775087,0.984375
164,0,0.0625,0.17944328557475075,0.03226158166351275,0.984375
165,0,0.153125,0.17681145701727569,0.03216104654938662,0.984375
166,0,0.09375,0.1685053113155481,0.031842109079787954,0.984375
167,0,0.140625,0.16571728018399332,0.03173450639257764,0.984375
168,0,0.28125,0.17727055216559398,0.032178602151484756,0.984375
169,0,0.45312501192092897,0.20485599814112748,0.033218761631839226,0.984375
170,0,0.5781250119209289,0.24218289951910763,0.03457644018075528,0.984375
171,0,0.45312501192092897,0.2632771107592898,0.035316131882808105,0.984375
172,0,0.265625,0.2635118996833608,0.03532424765425176,0.984375
173,0,0.109375,0.24809820971502472,0.03478594794418319,0.984375
174,0,0.15625,0.23891338874352225,0.03445995797667675,0.984375
175,0,0.215625,0.23658454986917002,0.034376695130044314,0.984375
176,0,0.125,0.22542609488225301,0.033974405009474344,0.984375
177,0,0.246875,0.22757098539402773,0.03405215871261872,0.984375
178,0,0.090625,0.21387638685462496,0.033552316819063586,0.984375
179,0,0.125,0.20498874816916246,0.03322369472380852,0.984375
180,0,0.046875,0.18917737335224624,0.032631175650000975,0.984375
181,0,0.09375,0.17963463601702162,0.032268881254333984,0.984375
182,0,0.078125,0.16948367241531948,0.0318798038406005,0.984375
183,0,0.059375,0.15847280517378753,0.03145365763559541,0.984375
184,0,0.215625,0.16418802465640878,0.03167537075246784,0.984375
185,0,0.109375,0.1587067221907679,0.03146275375720595,0.984375
186,0,0.184375,0.1612735499716911,0.031562446775973536,0.984375
187,0,0.28125,0.17327119497452198,0.03202541107766895,0.984375
188,0,0.26562501192092897,0.18250657666916267,0.0323782761204542,0.984375
189,0,0.2718749761581421,0.1914434166180606,0.03271669760839485,0.984375
190,0,0.140625,0.18636157495625455,0.03252463070916992,0.984375
191,0,0.078125,0.1755379174606291,0.0321123066980886,0.984375
192,0,0.153125,0.1732966257145662,0.0320263870022263,0.984375
193,0,0.125,0.16846696314310955,0.0318406308966722,0.984375
194,0,0.23437501192092897,0.17505776802089149,0.032093915509304655,0.984375
195,0,0.28125,0.18567699121880232,0.032498681565171765,0.984375
196,0,0.1875,0.1858592920969221,0.0325055934170109,0.984375
197,0,0.1781249761581421,0.1850858605030441,0.03247626046108478,0.984375
198,0,0.2093749761581421,0.1875147720685539,0.03256830233150802,0.984375
199,0,0.171875,0.18595079486169852,0.032509062225989975,0.984375
200,0,0.340625,0.20141821537552868,0.03309076201432357,0.984375
201,0,0.3031249761581421,0.21158889145379,0.03346804916626405,0.984375
202,0,0.109375,0.201367502308411,0.03308887023139593,0.984375
203,0,0.125,0.1937307520775699,0.03280282116407512,0.984375
204,0,0.0625,0.1806076768698129,0.03230597961749224,0.984375
205,0,0.1468749761581421,0.17723440679864583,0.03217722024762151,0.984375
206,0,0.09375,0.16888596611878123,0.03185677913757546,0.984375
207,0,0.125,0.16449736950690313,0.03168733950019952,0.984375
208,0,0.153125,0.16336013255621284,0.03164332288434121,0.984375
209,0,0.246875,0.17171161930059156,0.03196551681287333,0.984375
210,0,0.109375,0.1654779573705324,0.0317252572250683,0.984375
211,0,0.059375,0.15486766163347915,0.0313132374158042,0.984375
212,0,0.171875,0.15656839547013124,0.03137953461917448,0.984375
213,0,0.3343749761581421,0.17434905353893232,0.032066754320920494,0.984375
214,0,0.078125,0.1647266481850391,0.03169620830752011,0.984375
215,0,0.09375,0.1576289833665352,0.031420829491873366,0.984375
216,0,0.125,0.1543660850298817,0.03129366701860616,0.984375
217,0,0.078125,0.14674197652689353,0.03099518994842648,0.984375
218,0,0.0625,0.13831777887420418,0.03066327163219798,0.984375
219,0,0.109375,0.13542350098678377,0.03054874093301472,0.984375
220,0,0.09375,0.13125615088810538,0.03038340289525165,0.984375
221,0,0.1468749761581421,0.13281803341510906,0.03044542876125327,0.984375
222,0,0.23437501192092897,0.14297373126569105,0.030846987766033337,0.984375
223,0,0.203125,0.14898885813912194,0.03108334656279888,0.984375
224,0,0.203125,0.15440247232520976,0.03129508704691868,0.984375
225,0,0.140625,0.1530247250926888,0.031241289736635525,0.984375
226,0,0.0625,0.14397225258341992,0.030886301701842363,0.984375
227,0,0.153125,0.14488752732507792,0.030922310991905545,0.984375
228,0,0.059375,0.13633627459257014,0.03058488740360628,0.984375
229,0,0.09375,0.13207764713331313,0.030416035077165778,0.984375
230,0,0.09375,0.12824488241998183,0.030263622909025453,0.984375
231,0,0.121875,0.12760789417798366,0.03023825261904707,0.984375
232,0,0.03125,0.1179721047601853,0.029853125171306946,0.984375
233,0,0.125,0.11867489428416676,0.029881298137377138,0.984375
234,0,0.09375,0.11618240485575008,0.029781323144259526,0.984375
235,0,0.09375,0.11393916437017507,0.029691209631131494,0.984375
236,0,0.03125,0.10567024793315756,0.029357962589743214,0.984375
237,0,0.109375,0.10604072313984181,0.029372928376946262,0.984375
238,0,0.090625,0.10449915082585763,0.029310633586260307,0.984375
239,0,0.184375,0.11248673574327187,0.029632796301733644,0.984375
240,0,0.059375,0.10717556216894468,0.029418751391038084,0.984375
241,0,0.09375,0.10583300595205021,0.029364537791191532,0.984375
242,0,0.046875,0.0999372053568452,0.029125965189633264,0.984375
243,0,0.0625,0.09619348482116066,0.028974071160719657,0.984375
244,0,0.046875,0.09126163633904459,0.02877351259237623,0.984375
245,0,0.0625,0.08838547270514013,0.028656318865615905,0.984375
246,0,0.078125,0.08735942543462612,0.028614470929475694,0.984375
247,0,0.078125,0.08643598289116351,0.028576790083475363,0.984375
248,0,0.09375,0.08716738460204716,0.02860663612571453,0.984375
249,0,0.121875,0.09063814614184246,0.028748121735720847,0.984375
250,0,0.046875,0.0862618315276582,0.02856968201454038,0.984375
251,0,0.140625,0.09169814837489237,0.02879128426130107,0.984375
252,0,0.109375,0.09346583353740315,0.028863211571004202,0.984375
253,0,0.203125,0.10443175018366284,0.029307908667347622,0.984375
254,0,0.109375,0.10492607516529656,0.029327891118802366,0.984375
255,0,0.03125,0.09755846764876691,0.029029488141924322,0.984375
256,0,0.121875,0.09999012088389023,0.029128109917892976,0.984375
257,0,0.2093749761581421,0.11092860641131541,0.029570073657733977,0.984375
258,0,0.125,0.11233574577018388,0.029626720814182772,0.984375
259,0,0.246875,0.12578967119316548,0.030165773578923805,0.984375
260,0,0.0625,0.11946070407384893,0.029912783906060083,0.984375
261,0,0.03125,0.11063963366646404,0.02955843446029116,0.984375
262,0,0.125,0.11207567029981763,0.02961625465180569,0.984375
263,0,0.184375,0.11930560326983587,0.029906570618874875,0.984375
264,0,0.109375,0.11831254294285229,0.029866774038714367,0.984375
265,0,0.1781249761581421,0.12429378626438127,0.030106075610792888,0.984375
266,0,0.078125,0.11967690763794314,0.029921443896343172,0.984375
267,0,0.046875,0.11239671687414883,0.0296291742186524,0.984375
268,0,0.340625,0.13521954518673396,0.030540660798601845,0.984375
269,0,0.371875,0.15888509066806056,0.03146968858065429,0.984375
270,0,0.23437501192092897,0.1664340827933474,0.031762196939275456,0.984375
271,0,0.078125,0.15760317451401265,0.0314198250467814,0.984375
272,0,0.109375,0.15278035706261137,0.031231741367606182,0.984375
273,0,0.0625,0.14375232135635024,0.030877645173837884,0.984375
274,0,0.1468749761581421,0.14406458683652942,0.03088993554750677,0.984375
275,0,0.1781249761581421,0.1474706257686907,0.031023796033169904,0.984375
276,0,0.090625,0.14178606319182163,0.030800186865793812,0.984375
277,0,0.078125,0.13541995687263947,0.03054860053594466,0.984375
278,0,0.0625,0.12812796118537553,0.0302589669591289,0.984375
279,0,0.046875,0.12000266506683797,0.029934489724020033,0.984375
280,0,0.171875,0.12518989856015417,0.0301418451222101,0.984375
281,0,0.3031249761581421,0.14298340631995296,0.030847368840946854,0.984375
282,0,0.059375,0.13462256568795766,0.030517003219017375,0.984375
283,0,0.109375,0.13209780911916189,0.030416835726059174,0.984375
284,0,0.2093749761581421,0.1398255258230599,0.03072283655999762,0.984375
285,0,0.1875,0.1445929732407539,0.030910725300050165,0.984375
286,0,0.340625,0.1641961759166785,0.031675686172178745,0.984375
287,0,0.125,0.16027655832501064,0.031523751024706156,0.984375
288,0,0.15625,0.15987390249250957,0.031508113412974596,0.984375
289,0,0.0625,0.15013651224325864,0.03112831307605904,0.984375
290,0,0.125,0.1476228610189328,0.031029770534790148,0.984375
291,0,0.246875,0.1575480749170395,0.031417680571892884,0.984375
292,0,0.234375,0.16523076742533557,0.03171570193056603,0.984375
293,0,0.0625,0.15495769068280202,0.03131674927410832,0.984375
294,0,0.09375,0.1488369216145218,0.0310773903561187,0.984375
295,0,0.046875,0.13864072945306963,0.030676035823443994,0.984375
296,0,0.078125,0.13258915650776265,0.030436343923504833,0.984375
297,0,0.153125,0.13464274085698638,0.030517802906581445,0.984375
298,0,0.09375,0.13055346677128774,0.030355474993860806,0.984375
299,0,0.109375,0.12843562009415896,0.03027121750182596,0.984375
300,0,0.0625,0.12184205808474308,0.030008100478932515,0.984375
301,0,0.121875,0.12184535227626878,0.03000823222864454,0.984375
302,0,0.0625,0.1159108170486419,0.02977041996133426,0.984375
303,0,0.046875,0.10900723534377771,0.02949264673226349,0.984375
304,0,0.046875,0.10279401180939994,0.029241664793564166,0.984375
305,0,0.09375,0.10188961062845994,0.029205056858675207,0.984375
306,0,0.109375,0.10263814956561396,0.029235357204204216,0.984375
307,0,0.078125,0.10018683460905256,0.029136082407486524,0.984375
308,0,0.03125,0.0932931511481473,0.02885618797139083,0.984375
309,0,0.078125,0.09177633603333257,0.028794467093711452,0.984375
310,0,0.046875,0.08728620242999932,0.028611483692565717,0.984375
311,0,0.015625,0.08012008218699938,0.028318635097698205,0.984375
312,0,0.015625,0.07367057396829944,0.028054273926933687,0.984375
313,0,0.0625,0.0725535165714695,0.028008414195410933,0.984375
314,0,0.046875,0.06998566491432255,0.027902916053472133,0.984375
315,0,0.03125,0.0661120984228903,0.02774357636497506,0.984375
316,0,0.078125,0.06731338858060126,0.027793016368102993,0.984375
317,0,0.09375,0.06995704972254113,0.0279017398231669,0.984375
318,0,0.125,0.07546134475028701,0.028127748675648108,0.984375
319,0,0.0625,0.07416521027525833,0.028074574106623826,0.984375
320,0,0.078125,0.0745611892477325,0.028090822363231977,0.984375
321,0,0.03125,0.07023007032295926,0.02791296183077085,0.984375
322,0,0.078125,0.07101956329066333,0.027945405770043643,0.984375
323,0,0.090625,0.072980106961597,0.028025929901436902,0.984375
324,0,0.125,0.0781820962654373,0.028239274846470513,0.984375
325,0,0.21875,0.09223888663889357,0.028813293842676148,0.984375
326,0,0.171875,0.1002024979750042,0.029136717181260482,0.984375
327,0,0.171875,0.10736974817750378,0.029426589255932462,0.984375
328,0,0.059375,0.1025702733597534,0.029232610148349755,0.984375
329,0,0.090625,0.10137574602377807,0.029184248601861397,0.984375
330,0,0.09375,0.10061317142140025,0.029153358179554924,0.984375
331,0,0.23437501192092897,0.11398935547135311,0.029693227256802315,0.984375
332,0,0.1875,0.12134041992421779,0.02998803430763257,0.984375
333,0,0.125,0.121706377931796,0.030002673760386525,0.984375
334,0,0.140625,0.1235982401386164,0.030078296909855442,0.984375
335,0,0.03125,0.11436341612475476,0.029708262075594488,0.984375
336,0,0.09375,0.11230207451227928,0.02962536588338703,0.984375
337,0,0.078125,0.10888436706105135,0.02948769236876521,0.984375
338,0,0.125,0.11049593035494622,0.0295526456401378,0.984375
339,0,0.046875,0.1041338373194516,0.029295863181058413,0.984375
340,0,0.046875,0.09840795358750644,0.029063955973344702,0.984375
341,0,0.109375,0.0995046582287558,0.029108431209798905,0.984375
342,0,0.153125,0.10486669240588022,0.029325490947856588,0.984375
343,0,0.090625,0.10344252316529219,0.0292679034224253,0.984375
344,0,0.046875,0.09778577084876297,0.02903871250017774,0.984375
345,0,0.2406249761581421,0.11206969137970088,0.029616014023666995,0.984375
346,0,0.0625,0.1071127222417308,0.029416214811953542,0.984375
347,0,0.0,0.09640145001755772,0.028982516948580207,0.984375
348,0,0.0625,0.09301130501580196,0.028844722959623148,0.984375
349,0,0.046875,0.08839767451422176,0.028656816398052433,0.984375
350,0,0.046875,0.08424540706279958,0.028487338094457415,0.984375
351,0,0.184375,0.09425836635651962,0.028895438636390988,0.984375
352,0,0.309375,0.11577002972086765,0.029764767161951852,0.984375
353,0,0.15625,0.11981802674878089,0.029927095731443493,0.984375
354,0,0.171875,0.1250237240739028,0.030135213702107373,0.984375
355,0,0.046875,0.11720885166651253,0.029822513867347383,0.984375
356,0,0.0625,0.11173796649986129,0.029602662009100812,0.984375
357,0,0.09375,0.10993916984987516,0.029530212817613283,0.984375
358,0,0.121875,0.11113275286488764,0.029578295000587115,0.984375
359,0,0.03125,0.10314447757839888,0.029255845761466438,0.984375
360,0,0.125,0.10533002982055899,0.02934421623559935,0.984375
361,0,0.09375,0.10417202683850309,0.02929740740971365,0.984375
362,0,0.184375,0.11219232415465277,0.02962094933574872,0.984375
363,0,0.0,0.1009730917391875,0.0291679394869786,0.984375
364,0,0.03125,0.09400078256526875,0.028884965857861513,0.984375
365,0,0.0625,0.09085070430874187,0.028756778792133314,0.984375
366,0,0.078125,0.08957813387786769,0.028704935930602072,0.984375
367,0,0.059375,0.08655782049008091,0.028581762590867178,0.984375
368,0,0.046875,0.08258953844107282,0.028419660212372945,0.984375
369,0,0.184375,0.09276808459696553,0.02883482784308239,0.984375
370,0,0.09375,0.09286627613726897,0.02883882279057864,0.984375
371,0,0.3125,0.11482964852354208,0.029726996659114924,0.984375
372,0,0.359375,0.13928418367118786,0.030701458188779774,0.984375
373,0,0.375,0.1628557653040691,0.031623787197097346,0.984375
374,0,0.09375,0.15594518877366217,0.03135525214972373,0.984375
375,0,0.03125,0.14347566989629595,0.030866754009697878,0.984375
376,0,0.046875,0.1338156029066664,0.03048500774533396,0.984375
377,0,0.1781249761581421,0.13824654023181396,0.030660455600486188,0.984375
378,0,0.1875,0.14317188620863255,0.030854791993853256,0.984375
379,0,0.09375,0.1382296975877693,0.0306597897961578,0.984375
380,0,0.0625,0.13065672782899238,0.03035957994375196,0.984375
381,0,0.015625,0.11915355504609314,0.029900479005053084,0.984375
382,0,0.015625,0.10880069954148382,0.02948431847183132,0.984375
383,0,0.015625,0.09948312958733543,0.029107558403686513,0.984375
384,0,0.0,0.0895348166286019,0.028703170666092112,0.984375
385,0,0.015625,0.08214383496574171,0.02840143485838949,0.984375
386,0,0.140625,0.08799195146916754,0.028640271334071377,0.984375
387,0,0.28125,0.10731775632225078,0.029424490814066437,0.984375
388,0,0.6718750119209289,0.1637734818821186,0.03165932666386679,0.984375
389,0,0.453125,0.19270863369390673,0.032764361197980235,0.984375
390,0,0.44687498807907106,0.21812526913242317,0.03370825505931196,0.984375
391,0,0.34375,0.23068774221918084,0.03416478459883432,0.984375
392,0,0.059375,0.21355646799726274,0.03354054469014268,0.984375
393,0,0.03125,0.19532582119753647,0.03286275822312975,0.984375
394,0,0.125,0.18829323907778284,0.0325977542077998,0.984375
395,0,0.203125,0.18977641517000454,0.032653803148576764,0.984375
396,0,0.15625,0.18642377365300408,0.032526987468365236,0.984375
397,0,0.015625,0.16934389628770366,0.031874420546388116,0.984375
398,0,0.090625,0.1614720066589333,0.031570145357393414,0.984375
399,0,0.015625,0.14688730599303998,0.031000896779546178,0.984375
400,0,0.090625,0.14126107539373597,0.030779485625602454,0.984375
401,0,0.015625,0.12869746785436237,0.030281641823143447,0.984375
402,0,0.03125,0.11895272106892614,0.029892431926092113,0.984375
403,0,0.03125,0.11018244896203352,0.029540015874787575,0.984375
404,0,0.078125,0.10697670406583018,0.029410724018577607,0.984375
405,0,0.1468749761581421,0.11096653127506138,0.029571601037238437,0.984375
406,0,0.203125,0.12018237814755524,0.029941685618901172,0.984375
407,0,0.21875,0.1300391403327997,0.030335024405534334,0.984375
408,0,0.109375,0.12797272629951972,0.030252784721878836,0.984375
409,0,0.0625,0.12142545366956775,0.029991436238741672,0.984375
410,0,0.015625,0.11084540830261097,0.029566722827635096,0.984375
411,0,0.03125,0.10288586747234987,0.02924538184018286,0.984375
412,0,0.03125,0.09572228072511489,0.028954931393921066,0.984375
413,0,0.09375,0.0955250526526034,0.028946918803815197,0.984375
414,0,0.15625,0.10159754738734306,0.029193230883576587,0.984375
415,0,0.1875,0.11018779264860876,0.029540231185199935,0.984375
416,0,0.309375,0.13010651338374787,0.03033770371147786,0.984375
417,0,0.140625,0.1311583620453731,0.03037951715853693,0.984375
418,0,0.15625,0.13366752584083577,0.03047913454598954,0.984375
419,0,0.0625,0.1265507732567522,0.030196124181803504,0.984375
420,0,0.046875,0.11858319593107698,0.02987762292323798,0.984375
421,0,0.078125,0.11453737633796929,0.02971525294900105,0.984375
422,0,0.09375,0.11245863870417236,0.029631665784706523,0.984375
423,0,0.03125,0.10433777483375513,0.02930410919204045,0.984375
424,0,0.059375,0.09984149735037962,0.029122085873519894,0.984375
425,0,0.078125,0.09766984761534166,0.02903400827514123,0.984375
426,0,0.015625,0.08946536285380749,0.028700340207119812,0.984375
427,0,0.140625,0.09458132656842673,0.02890856749341236,0.984375
428,0,0.121875,0.09731069391158406,0.02901943177051662,0.984375
429,0,0.090625,0.09664212452042566,0.02899228994759976,0.984375
430,0,0.046875,0.09166541206838309,0.028789951607258724,0.984375
431,0,0.15625,0.09812387086154478,0.0290524310959874,0.984375
432,0,0.09375,0.0976864837753903,0.029034683397193336,0.984375
433,0,0.434375,0.13135533539785127,0.030387343811576407,0.984375
434,0,0.046875,0.12290730185806614,0.03005068928081622,0.984375
435,0,0.015625,0.11217907167225953,0.02962041601230815,0.984375
436,0,0.0625,0.10721116450503357,0.029420188463397202,0.984375
437,0,0.03125,0.09961504805453021,0.029112906430998127,0.984375
438,0,0.09375,0.09902854324907719,0.029089126335118422,0.984375
439,0,0.0625,0.09537568892416948,0.028940850197632942,0.984375
440,0,0.090625,0.09490062003175254,0.028921545119153874,0.984375
441,0,0.015625,0.08697305802857729,0.0285987073326891,0.984375
442,0,0.078125,0.08608825222571956,0.028562596708260425,0.984375
443,0,0.046875,0.08216692700314761,0.028402379210381946,0.984375
444,0,0.03125,0.07707523430283285,0.028193919087725113,0.984375
445,0,0.03125,0.07249271087254956,0.02800591728253944,0.984375
446,0,0.090625,0.07430593978529461,0.028080348981730376,0.984375
447,0,0.046875,0.07156284580676514,0.027967725940926048,0.984375
448,0,0.03125,0.06753156122608864,0.027801993066479316,0.984375
449,0,0.0,0.060778405103479774,0.027523807056605662,0.984375
450,0,0.015625,0.0562630645931318,0.027337447199677168,0.984375
451,0,0.03125,0.053761758133818616,0.02723409749823852,0.984375
452,0,0.03125,0.05151058232043676,0.027141016803775037,0.984375
453,0,0.090625,0.055422024088393085,0.027302705658793693,0.984375
454,0,0.059375,0.05581732167955378,0.027319035661963503,0.984375
455,0,0.03125,0.0533605895115984,0.02721751463792274,0.984375
456,0,0.03125,0.05114953056043857,0.027126082548900088,0.984375
457,0,0.059375,0.05197207750439471,0.02716010347726529,0.984375
458,0,0.078125,0.05458736975395524,0.027268219046015504,0.984375
459,0,0.03125,0.052253632778559725,0.02717174689073139,0.984375
460,0,0.090625,0.056090769500703755,0.0273303308040691,0.984375
461,0,0.03125,0.053606692550633384,0.027227687881851655,0.984375
462,0,0.015625,0.04980852329557005,0.02707060090351057,0.984375
463,0,0.03125,0.04795267096601305,0.026993784739780903,0.984375
464,0,0.015625,0.04471990386941175,0.026859886592479572,0.984375
465,0,0.015625,0.041810413482470575,0.026739286227505616,0.984375
466,0,0.0,0.037629372134223515,0.026565838099982905,0.984375
467,0,0.0,0.033866434920801165,0.026409604804672682,0.984375
468,0,0.078125,0.03829229142872105,0.02659334946369611,0.984375
469,0,0.0625,0.04071306228584894,0.026693778829021166,0.984375
470,0,0.09375,0.04601675605726405,0.02691361430771441,0.984375
471,0,0.109375,0.052352580451537636,0.027175838539440174,0.984375
472,0,0.140625,0.06117982240638387,0.027540361199124924,0.984375
473,0,0.0625,0.061311840165745486,0.027545805019427744,0.984375
474,0,0.046875,0.05986815614917094,0.02748626082357581,0.984375
475,0,0.09375,0.06325634053425384,0.027625958965228067,0.984375
476,0,0.15625,0.07255570648082846,0.028008504120268247,0.984375
477,0,0.03125,0.06842513583274562,0.027838751472104867,0.984375
478,0,0.1875,0.08033262224947105,0.028327334472485144,0.984375
479,0,0.28125,0.10042436002452394,0.02914570777624926,0.984375
480,0,0.265625,0.11694442402207156,0.029811905127529487,0.984375
481,0,0.21875,0.1271249816198644,0.03021901140695038,0.984375
482,0,0.15625,0.13003748345787797,0.030334958512958983,0.984375
483,0,0.0625,0.12328373511209018,0.030065731917117422,0.984375
484,0,0.03125,0.11408036160088117,0.029696885438955524,0.984375
485,0,0.046875,0.10735982544079305,0.02942618876959509,0.984375
486,0,0.078125,0.10443634289671375,0.029308094348018305,0.984375
487,0,0.015625,0.09555520860704236,0.0289481439738925,0.984375
488,0,0.03125,0.08912468774633814,0.028686455225555508,0.984375
489,0,0.125,0.09271221897170433,0.028832554846543026,0.984375
490,0,0.0625,0.0896909970745339,0.028709535154041593,0.984375
491,0,0.125,0.09322189736708052,0.028853289647899183,0.984375
492,0,0.184375,0.10233720763037246,0.029223176814375987,0.984375
493,0,0.015625,0.09366598686733521,0.0288713517285602,0.984375
494,0,0.059375,0.09023688818060169,0.02873177682022737,0.984375
495,0,0.125,0.09371319936254152,0.02887327171973721,0.984375
496,0,0.25,0.10934187942628737,0.02950613858774368,0.984375
497,0,0.26562501192092897,0.12497019267575152,0.030133077297733582,0.984375
498,0,0.140625,0.12653567340817637,0.03019552219772949,0.984375
499,0,0.340625,0.14794460606735874,0.03104239507450513,0.984375
500,0,0.059375,0.13908764546062286,0.030693694436570336,0.984375
501,0,0.015625,0.12674138091456058,0.030203722575527975,0.984375
502,0,0.03125,0.11719224282310453,0.029821847579707208,0.984375
503,0,0.015625,0.10703551854079407,0.029413098300271875,0.984375
504,0,0.03125,0.09945696668671467,0.02910649770332221,0.984375
505,0,0.03125,0.0926362700180432,0.028829464618485887,0.984375
506,0,0.078125,0.09118514301623888,0.0287703979252608,0.984375
507,0,0.059375,0.088004128714615,0.02864076795998491,0.984375
508,0,0.015625,0.0807662158431535,0.028345079136988294,0.984375
509,0,0.09375,0.08206459425883814,0.02839819422378298,0.984375
510,0,0.109375,0.08479563483295433,0.028509815262596622,0.984375
511,0,0.403125,0.1166285713496589,0.029799230875742717,0.984375
512,0,0.278125,0.13277821421469302,0.03044384832149759,0.984375
513,0,0.171875,0.13668789279322371,0.03059880518418577,0.984375
514,0,0.1781249761581421,0.14083160112971554,0.03076254443042596,0.984375
515,0,0.109375,0.13768594101674397,0.030638290085435612,0.984375
516,0,0.09375,0.13329234691506958,0.03046425093396888,0.984375
517,0,0.109375,0.1309006122235626,0.03036927390805267,0.984375
518,0,0.046875,0.12249805100120635,0.030034330894750702,0.984375
519,0,0.0,0.11024824590108571,0.029542666948464143,0.984375
520,0,0.03125,0.10234842131097714,0.02922363071640225,0.984375
521,0,0.03125,0.09523857917987943,0.02893527904806761,0.984375
522,0,0.046875,0.09040222126189149,0.02873851192443613,0.984375
523,0,0.109375,0.09229949913570235,0.028815760566755957,0.984375
524,0,0.29687501192092897,0.112757050414225,0.029643671723649206,0.984375
525,0,0.25,0.12648134537280248,0.030193356255580936,0.984375
526,0,0.109375,0.12477071083552224,0.03012511541409532,0.984375
527,0,0.2093749761581421,0.13323113736778422,0.030461822321821826,0.984375
528,0,0.184375,0.1383455236310058,0.03066436832905918,0.984375
529,0,0.0625,0.13076097126790523,0.030363723639131673,0.984375
530,0,0.109375,0.12862237414111471,0.030278652492380653,0.984375
531,0,0.059375,0.12169763672700325,0.030002324126760977,0.984375
532,0,0.046875,0.11421537305430292,0.029702312123233585,0.984375
533,0,0.0,0.10279383574887263,0.029241657668883952,0.984375
534,0,0.09375,0.10188945217398536,0.029205050443196597,0.984375
535,0,0.0625,0.09795050695658683,0.029045397071784298,0.984375
536,0,0.121875,0.10034295626092815,0.02914240915042395,0.984375
537,0,0.046875,0.09499616063483533,0.028925427929085198,0.984375
538,0,0.03125,0.08862154457135181,0.02866594424124458,0.984375
539,0,0.078125,0.08757189011421664,0.028623138132127225,0.984375
540,0,0.0,0.07881470110279497,0.028265187307786134,0.984375
541,0,0.015625,0.07249573099251547,0.028006041301568904,0.984375
542,0,0.03125,0.06837115789326392,0.027836531367404074,0.984375
543,0,0.078125,0.06934654210393752,0.027876641752349676,0.984375
544,0,0.09375,0.07178688789354377,0.027976929070995346,0.984375
545,0,0.090625,0.0736706991041894,0.028054279063106216,0.984375
546,0,0.078125,0.07411612919377046,0.02807255997222065,0.984375
547,0,0.03125,0.06982951627439342,0.027896497389810385,0.984375
548,0,0.059375,0.06878406464695408,0.027853513006130683,0.984375
549,0,0.090625,0.07096815818225867,0.027943293599922276,0.984375
550,0,0.046875,0.0685588423640328,0.02784425060664026,0.984375
551,0,0.09375,0.07107795812762951,0.027947805087434493,0.984375
552,0,0.046875,0.06865766231486656,0.027848314733079332,0.984375
553,0,0.046875,0.06647939608337991,0.0277586951014483,0.984375
554,0,0.0,0.05983145647504192,0.02748474678519739,0.984375
555,0,0.121875,0.06603581082753773,0.027740435953556075,0.984375
556,0,0.171875,0.07661972974478395,0.02817524770087992,0.984375
557,0,0.465625,0.11552025677030556,0.02975473720026214,0.984375
558,0,0.44687498807907106,0.1486557299011821,0.031070286330546894,0.984375
559,0,0.35312498807907106,0.16910265571897098,0.03186512786008277,0.984375
560,0,0.265625,0.17875489014707388,0.03223530974241836,0.984375
561,0,0.28125,0.18900440113236647,0.03262463943316546,0.984375
562,0,0.3031249761581421,0.20041645863494403,0.033053373677901114,0.984375
563,0,0.340625,0.21443731277144962,0.03357294697427431,0.984375
564,0,0.078125,0.20080608149430465,0.03306792027188935,0.984375
565,0,0.0,0.18072547334487418,0.0323104683688696,0.984375
566,0,0.03125,0.16577792601038677,0.03173684987118668,0.984375
567,0,0.015625,0.1507626334093481,0.03115282752850961,0.984375
568,0,0.015625,0.13724887006841327,0.03062100226699472,0.984375
569,0,0.015625,0.12508648306157194,0.030137718274049485,0.984375
570,0,0.015625,0.11414033475541474,0.029699296071667526,0.984375
571,0,0.03125,0.10585130127987327,0.02936527685850439,0.984375
572,0,0.03125,0.09839117115188595,0.029063275180386035,0.984375
573,0,0.015625,0.09011455403669735,0.02872679298892765,0.984375
574,0,0.015625,0.08266559863302761,0.02842277003618587,0.984375
575,0,0.015625,0.07596153876972485,0.028148261728623936,0.984375
576,0,0.015625,0.06992788489275235,0.027900540986536805,0.984375
577,0,0.03125,0.06606009640347713,0.027741435689156414,0.984375
578,0,0.0,0.05945408676312942,0.027469177400525707,0.984375
579,0,0.121875,0.06569617808681646,0.02772645376581366,0.984375
580,0,0.1875,0.07787656027813482,0.028226757086082462,0.984375
581,0,0.109375,0.08102640425032134,0.028355725609385558,0.984375
582,0,0.03125,0.07604876382528922,0.02815183840472408,0.984375
583,0,0.078125,0.0762563874427603,0.02816035151366707,0.984375
584,0,0.015625,0.07019324869848426,0.02791144841521417,0.984375
585,0,0.090625,0.07223642382863583,0.02799539249524613,0.984375
586,0,0.21875,0.08688778144577225,0.02859522769663694,0.984375
587,0,0.109375,0.08913650330119503,0.028686936834087642,0.984375
588,0,0.0,0.08022285297107554,0.02832284166138287,0.984375
589,0,0.015625,0.07376306767396798,0.028058070237423294,0.984375
590,0,0.090625,0.07544926090657118,0.028127253061842467,0.984375
591,0,0.246875,0.09259183481591407,0.028827656573444285,0.984375
592,0,0.078125,0.09114515133432266,0.028768769489998614,0.984375
593,0,0.109375,0.0929681362008904,0.02884296678069799,0.984375
594,0,0.03125,0.08679632258080136,0.02859149563990773,0.984375
595,0,0.153125,0.09342919032272122,0.028861721214871044,0.984375
596,0,0.015625,0.0856487712904491,0.02854465499534581,0.984375
597,0,0.03125,0.08020889416140418,0.02832227031741863,0.984375
598,0,0.0625,0.07843800474526377,0.02824975810498362,0.984375
599,0,0.0,0.0705942042707374,0.027927927031659073,0.984375
600,0,0.0,0.06353478384366366,0.027637432206327237,0.984375
601,0,0.09375,0.06655630545929729,0.027761860593252016,0.984375
602,0,0.015625,0.061463174913367565,0.027552045085563283,0.984375
603,0,0.0,0.05531685742203081,0.027298360820350573,0.984375
604,0,0.0,0.04978517167982773,0.02706963459090289,0.984375
605,0,0.015625,0.04636915451184496,0.026928210888435358,0.984375
606,0,0.03125,0.044857239060660456,0.026865577123988123,0.984375
607,0,0.121875,0.05255901515459441,0.02718437457490191,0.984375
608,0,0.046875,0.051990613639134965,0.027160870048134556,0.984375
609,0,0.046875,0.05147905227522147,0.027139712681506098,0.984375
610,0,0.078125,0.05414364704769932,0.027249881564361835,0.984375
611,0,0.059375,0.05466678234292939,0.027271500626911332,0.984375
612,0,0.215625,0.07076260410863645,0.027934847220528206,0.984375
613,0,0.171875,0.0808738436977728,0.028349483237995632,0.984375
614,0,0.246875,0.09747395932799552,0.029026058360223934,0.984375
615,0,0.153125,0.10303906339519596,0.029251580661995014,0.984375
616,0,0.0625,0.09898515705567637,0.029087366920157218,0.984375
617,0,0.0,0.08908664135010874,0.028684904414460855,0.984375
618,0,0.090625,0.08924047721509787,0.028691174747503358,0.984375
619,0,0.215625,0.10187892949358808,0.029204624401374103,0.984375
620,0,0.125,0.10419103654422927,0.029298176072216322,0.984375
621,0,0.078125,0.10158443288980634,0.029192699817208314,0.984375
622,0,0.0625,0.09767598960082571,0.02903425752746481,0.984375
623,0,0.0,0.08790839064074314,0.028636863384640606,0.984375
624,0,0.0,0.07911755157666883,0.028277590003864275,1.0
625,0,0.075,0.07870579641900194,0.02826072691238037,1.0
626,0,0.03125,0.07396021677710175,0.02806616154470057,1.0
627,0,0.015625,0.06812669509939158,0.027826476081754866,1.0
628,0,0.10625,0.07193902558945242,0.027983178068812016,1.0
629,0,0.0625,0.07099512303050717,0.027944401556345252,1.0
630,0,0.0625,0.07014561072745645,0.027909490401972936,1.0
631,0,0.03125,0.06625604965471081,0.027749501940081335,1.0
632,0,0.03125,0.06275544468923973,0.027605316766904166,1.0
633,0,0.046875,0.061167400220315755,0.027539848951345876,1.0
634,0,0.03125,0.058175660198284185,0.02741641822786829,1.0
635,0,0.109375,0.06329559417845576,0.027627576477298577,1.0
636,0,0.015625,0.058528534760610186,0.02743098314087582,1.0
637,0,0.03125,0.05580068128454917,0.027318348276458067,1.0
638,0,0.16875,0.06709561315609425,0.027784055285977584,1.0
639,0,0.171875,0.07757355184048481,0.02821434125375155,1.0
640,0,0.2562499761581421,0.09544119427225053,0.0289435117201398,1.0
641,0,0.09375,0.09527207484502548,0.028936640106954875,1.0
642,0,0.109375,0.09668236736052294,0.02899392395472404,1.0
643,0,0.015625,0.08857663062447065,0.0286641130470368,1.0
644,0,0.078125,0.08753146756202358,0.028621489218495035,1.0
645,0,0.2,0.09877832080582122,0.02907897863890281,1.0
646,0,0.16875,0.1057754887252391,0.029362214244967877,1.0
647,0,0.015625,0.0967604398527152,0.02899709388479982,1.0
648,0,0.046875,0.09177189586744368,0.02879428634855787,1.0
649,0,0.046875,0.08728220628069931,0.028611320660923617,1.0
650,0,0.0625,0.0848039856526294,0.028510156354609642,1.0
651,0,0.078125,0.08413608708736646,0.028482871615200446,1.0
652,0,0.03125,0.07884747837862982,0.02826652972115143,1.0
653,0,0.046875,0.07565023054076683,0.02813549542260782,1.0
654,0,0.03125,0.07121020748669016,0.027953238723551696,1.0
655,0,0.0,0.06408918673802115,0.027660272997004673,1.0
656,0,0.16875,0.07455526806421904,0.028090579418032446,1.0
657,0,0.046875,0.07178724125779713,0.02797694358573477,1.0
658,0,0.046875,0.06929601713201741,0.027874564398233877,1.0
659,0,0.046875,0.06705391541881567,0.027782339413491078,1.0
660,0,0.0625,0.0665985238769341,0.027763598211358938,1.0
661,0,0.35625,0.09556367148924069,0.02894848779868081,1.0
662,0,0.171875,0.10319480434031662,0.029257881912164854,1.0
663,0,0.109375,0.10381282390628496,0.029282881371456643,1.0
664,0,0.109375,0.10436904151565647,0.029305373344016217,1.0
665,0,0.03125,0.09705713736409083,0.029009139310138966,1.0
666,0,0.0,0.08735142362768175,0.028614144489477435,1.0
667,0,0.10625,0.08924128126491357,0.028691207519239554,1.0
668,0,0.109375,0.09125465313842222,0.028773228254288664,1.0
669,0,0.075,0.08962918782458,0.028707016432503715,1.0
670,0,0.075,0.08816626904212199,0.02864738026650937,1.0
671,0,0.046875,0.08403714213790979,0.028478828832216103,1.0
672,0,0.078125,0.08344592792411881,0.028454668603200978,1.0
673,0,0.015625,0.07666383513170692,0.028177055763168236,1.0
674,0,0.09375,0.07837245161853623,0.028247072840033166,1.0
675,0,0.078125,0.07834770645668261,0.028246059179538,1.0
676,0,0.10625,0.08113793581101435,0.02836028891415998,1.0
677,0,0.109375,0.08396164222991291,0.028475743863298777,1.0
678,0,0.075,0.08306547800692161,0.028439117867417152,1.0
679,0,0.10625,0.08538393020622945,0.028533841115204663,1.0
680,0,0.140625,0.0909080371856065,0.02875911368439702,1.0
681,0,0.328125,0.11462973346704584,0.02971896415944274,1.0
682,0,0.4375,0.14691676012034124,0.031002053310183405,1.0
683,0,0.296875,0.1619125841083071,0.031587231562594846,1.0
684,0,0.0,0.1457213256974764,0.03095509214805175,1.0
685,0,0.125,0.14364919312772878,0.03087358551638722,1.0
686,0,0.21875,0.15115927381495592,0.03116835063561318,1.0
687,0,0.25000001192092897,0.16104334762555322,0.03155351503424599,1.0
688,0,0.3812499761581421,0.1830640104788121,0.03239947363647001,1.0
689,0,0.328125,0.1975701094309309,0.03294692092587221,1.0
690,0,0.140625,0.1918755984878378,0.03273298587429779,1.0
691,0,0.09375,0.18206303863905401,0.03236140140728296,1.0
692,0,0.09375,0.1732317347751486,0.032023896715603815,1.0
693,0,0.03125,0.15903356129763374,0.03147546018611163,1.0
694,0,0.015625,0.14469270516787036,0.030914648356018756,1.0
695,0,0.16875,0.14709843465108333,0.031009186246200984,1.0
696,0,0.1875,0.15113859118597497,0.03116754131545814,1.0
697,0,0.1875,0.15477473206737746,0.03130961213482666,1.0
698,0,0.203125,0.15960975886063972,0.031497852116060314,1.0
699,0,0.0625,0.14989878297457576,0.03111900200020956,1.0
700,0,0.03125,0.13803390467711818,0.030652049311815022,1.0
701,0,0.1875,0.14298051420940636,0.030847254928628384,1.0
702,0,0.296875,0.1583699627884657,0.03144965791621437,1.0
703,0,0.234375,0.16597046650961914,0.03174428918317544,1.0
704,0,0.203125,0.16968591985865722,0.03188759191364495,1.0
705,0,0.09375,0.1620923278727915,0.03159420037762404,1.0
706,0,0.046875,0.15057059508551235,0.03114531000976134,1.0
707,0,0.078125,0.1433260355769611,0.030860862250642124,1.0
708,0,0.0625,0.135243432019265,0.030541607188272514,1.0
709,0,0.234375,0.1451565888173385,0.030932891629366972,1.0
710,0,0.25,0.15564092993560466,0.031343392422334075,1.0
711,0,0.125,0.1525768369420442,0.031223787598549352,1.0
712,0,0.171875,0.1545066532478398,0.031299152507957846,1.0
713,0,0.09375,0.1484309879230558,0.03106147337212919,1.0
714,0,0.075,0.14108788913075024,0.030772654732099104,1.0
715,0,0.0625,0.13322910021767523,0.030461741491923974,1.0
716,0,0.125,0.1324061901959077,0.030429080336161447,1.0
717,0,0.125,0.13166557117631694,0.030399668653318685,1.0
718,0,0.15625,0.13412401405868524,0.030497238253278103,1.0
719,0,0.15625,0.1363366126528167,0.030584900786486457,1.0
720,0,0.16875,0.13957795138753504,0.030713060587364407,1.0
721,0,0.125,0.13812015624878154,0.030655459325552116,1.0
722,0,0.171875,0.1414956406239034,0.030788736003404205,1.0
723,0,0.0625,0.13359607656151307,0.030476300416915326,1.0
724,0,0.075,0.12773646890536175,0.030243374469349618,1.0
725,0,0.03125,0.11808782201482558,0.029857764851944513,1.0
726,0,0.015625,0.10784153981334302,0.029445628278593552,1.0
727,0,0.09375,0.10643238583200872,0.029388746542684998,1.0
728,0,0.015625,0.09735164724880783,0.029021094032308393,1.0
729,0,0.075,0.09511648252392704,0.028930317584560317,1.0
730,0,0.015625,0.08716733427153434,0.02860663407225584,1.0
731,0,0.03125,0.08157560084438091,0.02837819373769407,1.0
732,0,0.1375,0.08716804075994282,0.028606662896610194,1.0
733,0,0.1875,0.09720123668394853,0.02901498881393773,1.0
734,0,0.25000001192092897,0.11248111420764657,0.029632570114283458,1.0
735,0,0.3125,0.1324830027868819,0.030432129839690826,1.0
736,0,0.234375,0.1426722025081937,0.03083510990231962,1.0
737,0,0.109375,0.13934248225737433,0.030703760906150276,1.0
738,0,0.0625,0.1316582340316369,0.030399377199846134,1.0
739,0,0.046875,0.12317991062847321,0.030061583371980918,1.0
740,0,0.046875,0.11554941956562588,0.029755908352663396,1.0
741,0,0.078125,0.11180697760906329,0.029605439948768943,1.0
742,0,0.325,0.13312627984815695,0.030457661636849067,1.0
743,0,0.1875,0.13856365186334124,0.030672989717591866,1.0
744,0,0.09375,0.1340822866770071,0.030495583652806038,1.0
745,0,0.09375,0.1300490580093064,0.03033541882188262,1.0
746,0,0.046875,0.12173165220837577,0.03000368467786421,1.0
747,0,0.075,0.1170584869875382,0.029816481512711858,1.0
748,0,0.0625,0.11160263828878436,0.029597214231525077,1.0
749,0,0.15625,0.11606737445990593,0.029776705356220942,1.0
750,0,0.109375,0.11539813701391534,0.02974983274233281,1.0
751,0,0.075,0.1113583233125238,0.02958737793455194,1.0
752,0,0.03125,0.10334749098127143,0.029264059044920722,1.0
753,0,0.0625,0.0992627418831443,0.029098622936440943,1.0
754,0,0.10625,0.09996146769482986,0.029126948578348324,1.0
755,0,0.0625,0.09621532092534688,0.0289749580024052,1.0
756,0,0.075,0.09409378883281218,0.028888747445229804,1.0
757,0,0.015625,0.08624690994953095,0.02856907295596538,1.0
758,0,0.046875,0.08230971895457785,0.02840821848672433,1.0
759,0,0.03125,0.07720374705912007,0.028199186243430464,1.0
760,0,0.03125,0.07260837235320806,0.02801066672984001,1.0
761,0,0.015625,0.06691003511788725,0.02777641849883208,1.0
762,0,0.015625,0.061781531606098526,0.027565171006497954,1.0
763,0,0.10625,0.06622837844548868,0.02774836291310232,1.0
764,0,0.015625,0.06116804060093981,0.0275398753584698,1.0
765,0,0.015625,0.05661373654084583,0.02735193000762859,1.0
766,0,0.078125,0.05876486288676125,0.02744073666383672,1.0
767,0,0.0,0.052888376598085124,0.02719799254414504,1.0
768,0,0.23125,0.07072453893827661,0.02793328301796931,1.0
769,0,0.0625,0.06990208504444895,0.02789948045807958,1.0
770,0,0.015625,0.06447437654000406,0.027676139752091322,1.0
771,0,0.03125,0.06115193888600365,0.027539211376645924,1.0
772,0,0.046875,0.05972424499740328,0.027480323689796016,1.0
773,0,0.16875,0.07062682049766295,0.027929267391847673,1.0
774,0,0.125,0.07606413844789665,0.028152468829775103,1.0
775,0,0.171875,0.08564522460310699,0.028544510187427416,1.0
776,0,0.2625,0.10333070214279629,0.029263379857277033,1.0
777,0,0.09375,0.10237263192851666,0.029224610692480432,1.0
778,0,0.03125,0.095260368735665,0.02893616444501433,1.0
779,0,0.078125,0.0935468318620985,0.02886650584234552,1.0
780,0,0.125,0.09669214867588866,0.028994321106766353,1.0
781,0,0.09375,0.0963979338082998,0.02898237415763651,1.0
782,0,0.09375,0.09613314042746982,0.028971620307380264,1.0
783,0,0.09375,0.09589482638472283,0.02896194055267953,1.0
784,0,0.078125,0.09411784374625054,0.0288897254760579,1.0
785,0,0.1624999761581421,0.1009560569874397,0.029167249430585053,1.0
786,0,0.171875,0.10804795128869572,0.02945395628453278,1.0
787,0,0.3875,0.13599315615982616,0.03057130254795362,1.0
788,0,0.325,0.15489384054384353,0.03131425863168621,1.0
789,0,0.1937499761581421,0.1587794541052734,0.03146558164451953,1.0
790,0,0.296875,0.17258900869474603,0.03199922297725217,1.0
791,0,0.4124999761581421,0.19658010544108562,0.032909819484877215,1.0
792,0,0.16875,0.19379709489697705,0.03280531608094422,1.0
793,0,0.03125,0.17754238540727935,0.032188993304036156,1.0
794,0,0.046875,0.16447564686655142,0.0316864991452166,1.0
795,0,0.078125,0.15584058217989627,0.031351175026310546,1.0
796,0,0.1624999761581421,0.15650652157772088,0.031377124355056664,1.0
797,0,0.203125,0.16116836941994878,0.031558366043573,1.0
798,0,0.125,0.1575515324779539,0.03141781514304783,1.0
799,0,0.046875,0.14648387923015851,0.03098505329010361,1.0
800,0,0.015625,0.13339799130714267,0.03046844233333795,1.0
801,0,0.0,0.12005819217642841,0.02993671317696005,1.0
802,0,0.015625,0.10961487295878557,0.029517142867615,1.0
803,0,0.015625,0.10021588566290701,0.029137259726529276,1.0
804,0,0.03125,0.09331929709661632,0.02885725145908749,1.0
805,0,0.03125,0.0871123673869547,0.02860439142234856,1.0
806,0,0.03125,0.08152613064825924,0.028376170094542342,1.0
807,0,0.0625,0.0796235175834333,0.02829830726623718,1.0
808,0,0.015625,0.07322366582508998,0.02803592902316337,1.0
809,0,0.046875,0.07058879924258098,0.02792770491098431,1.0
810,0,0.0,0.06352991931832289,0.027637231773458268,1.0
811,0,0.015625,0.0587394273864906,0.02743968694859801,1.0
812,0,0.046875,0.05755298464784154,0.02739071323407063,1.0
813,0,0.03125,0.05492268618305739,0.02728207485043864,1.0
814,0,0.03125,0.052555417564751655,0.027184225819638676,1.0
815,0,0.03125,0.050424875808276495,0.027096103909910782,1.0
816,0,0.0625,0.051632388227448846,0.027146054738739153,1.0
817,0,0.046875,0.051156649404703956,0.0271263770218612,1.0
818,0,0.015625,0.04760348446423356,0.026979327171369517,1.0
819,0,0.046875,0.047530636017810206,0.026976310817186967,1.0
820,0,0.10625,0.05340257241602918,0.027219250151798116,1.0
821,0,0.075,0.05556231517442626,0.027308501403322846,1.0
822,0,0.03125,0.05313108365698363,0.027208026810230393,1.0
823,0,0.015625,0.04938047529128527,0.02705288687351607,1.0
824,0,0.046875,0.04912992776215674,0.027042517431080212,1.0
825,0,0.078125,0.052029434985941064,0.02716247551054937,1.0
826,0,0.1875,0.06557649148734696,0.027721526030122408,1.0
827,0,0.265625,0.08558134233861225,0.028541901892922134,1.0
828,0,0.234375,0.10046070810475102,0.029147180617423274,1.0
829,0,0.3812499761581421,0.12853963491009013,0.030275358625880447,1.0
830,0,0.1875,0.1344356714190811,0.030509594686227243,1.0
831,0,0.125,0.133492104277173,0.03047217595620924,1.0
832,0,0.0625,0.1263928938494557,0.03018982970890618,1.0
833,0,0.0625,0.12000360446451014,0.02993452734067333,1.0
834,0,0.09375,0.11737824401805912,0.02982930887863044,1.0
835,0,0.15625,0.1212654196162532,0.029985033622920532,1.0
836,0,0.203125,0.12945137765462789,0.030311644693037494,1.0
837,0,0.21875,0.1383812398891651,0.03066578009020045,1.0
838,0,0.125,0.1370431159002486,0.030612861945335607,1.0
839,0,0.21875,0.14521380431022374,0.030935141294669694,1.0
840,0,0.046875,0.1353799238792014,0.03054701463736797,1.0
841,0,0.046875,0.12652943149128126,0.030195273350046015,1.0
842,0,0.046875,0.11856398834215313,0.02987685306700423,1.0
843,0,0.10625,0.11733258950793782,0.029827477564775936,1.0
844,0,0.0625,0.11184933055714405,0.029607144745481314,1.0
845,0,0.1937499761581421,0.12003939511724386,0.029935960501884906,1.0
846,0,0.234375,0.13147295560551947,0.030392016872962963,1.0
847,0,0.125,0.13082566004496754,0.03036629487430308,1.0
848,0,0.046875,0.12243059404047078,0.03003163410448277,1.0
849,0,0.075,0.1176875346364237,0.02984171386169789,1.0
850,0,0.03125,0.10904378117278134,0.02949412028324544,1.0
851,0,0.109375,0.1090769030555032,0.029495455750668573,1.0
852,0,0.075,0.10566921274995288,0.029357920767765885,1.0
853,0,0.16875,0.1119772914749576,0.029612295176512593,1.0
854,0,0.125,0.11327956232746184,0.029664688496191995,1.0
855,0,0.09375,0.11132660609471565,0.029586100868642568,1.0
856,0,0.046875,0.10488144548524408,0.029326087255078057,1.0
857,0,0.015625,0.09595580093671967,0.028964417311389393,1.0
858,0,0.03125,0.0894852208430477,0.028701149492315493,1.0
859,0,0.046875,0.08522419875874293,0.02852731837502879,1.0
860,0,0.046875,0.08138927888286863,0.028370571759186527,1.0
861,0,0.03125,0.07637535099458177,0.028165228993561525,1.0
862,0,0.03125,0.0718628158951236,0.02798004783191175,1.0
863,0,0.015625,0.06623903430561123,0.02774880154048262,1.0
864,0,0.046875,0.06430263087505012,0.027669065465817783,1.0
865,0,0.10625,0.0684973677875451,0.027841722290801396,1.0
866,0,0.015625,0.0632101310087906,0.02762405479594678,1.0
867,0,0.0625,0.06313911790791155,0.027621128478558833,1.0
868,0,0.075,0.06432520611712039,0.027669995375567965,1.0
869,0,0.015625,0.059455185505408355,0.027469222734855626,1.0
870,0,0.03125,0.05663466695486752,0.02735279438683243,1.0
871,0,0.046875,0.055658700259380765,0.027312483145874856,1.0
872,0,0.046875,0.054780330233442684,0.027276192649963317,1.0
873,0,0.075,0.05680229721009842,0.02735971693587126,1.0
874,0,0.03125,0.05424706748908857,0.027254155782350183,1.0
875,0,0.03125,0.05194736074017972,0.027159081297090867,1.0
876,0,0.10625,0.057377624666161746,0.02738347318413363,1.0
877,0,0.35625,0.08726486219954556,0.02861061306760167,1.0
878,0,0.453125,0.12385087597959099,0.030088388189463185,1.0
879,0,0.34375,0.1458407883816319,0.030959787102506527,1.0
880,0,0.4124999761581421,0.1725067071592829,0.03199606241725133,1.0
881,0,0.1375,0.1690060364433546,0.03186140546999787,1.0
882,0,0.046875,0.15679293279901915,0.03138828028402922,1.0
883,0,0.075,0.14861363951911724,0.031068635934000402,1.0
884,0,0.078125,0.1415647755672055,0.030791462108301238,1.0
885,0,0.078125,0.13522079801048495,0.030540710435545917,1.0
886,0,0.09375,0.13107371820943645,0.030376153531642178,1.0
887,0,0.015625,0.1195288463884928,0.029915513465231455,1.0
888,0,0.046875,0.11226346174964352,0.02962381207189968,1.0
889,0,0.03125,0.10416211557467918,0.029297006641806397,1.0
890,0,0.015625,0.09530840401721126,0.02893811627518002,1.0
891,0,0.0,0.08577756361549013,0.028549913300682312,1.0
892,0,0.03125,0.08032480725394113,0.02832701461518522,1.0
893,0,0.0,0.07229232652854702,0.027997688310103144,1.0
894,0,0.03125,0.06818809387569232,0.027829001634019246,1.0
895,0,0.046875,0.06605678448812309,0.027741299351974086,1.0
896,0,0.046875,0.06413860603931078,0.02766230880051178,1.0
897,0,0.0625,0.0639747454353797,0.027655558507571412,1.0
898,0,0.21875,0.07945227089184173,0.028291295921185195,1.0
899,0,0.46875001192092897,0.11838204499475044,0.029869560148695837,1.0
900,0,0.34375,0.1409188404952754,0.03076598615858578,1.0
901,0,0.29375,0.15620195644574783,0.03136525833699213,1.0
902,0,0.21875,0.16245676080117305,0.0316083263640211,1.0
903,0,0.078125,0.15402358472105576,0.03128029868748659,1.0
904,0,0.03125,0.14174622624895017,0.030798616315724333,1.0
905,0,0.046875,0.13225910362405516,0.03042324044248695,1.0
906,0,0.140625,0.13309569326164963,0.030456447919186704,1.0
907,0,0.203125,0.14009862393548467,0.030733618244055468,1.0
908,0,0.37500001192092897,0.16358876273402911,0.031652175557949025,1.0
909,0,0.140625,0.1612923864606262,0.03156317754320833,1.0
910,0,0.109375,0.1561006478145636,0.03136131061918598,1.0
911,0,0.075,0.14799058303310725,0.031044198838416356,1.0
912,0,0.075,0.14069152472979654,0.030757017716824805,1.0
913,0,0.015625,0.12818487225681688,0.030261233276923573,1.0
914,0,0.03125,0.1184913850311352,0.029873942978704316,1.0
915,0,0.03125,0.10976724652802168,0.02952328420982251,1.0
916,0,0.0625,0.1050405218752195,0.029332516668233527,1.0
917,0,0.078125,0.10234896968769756,0.029223652913260623,1.0
918,0,0.125,0.10461407271892781,0.029315279483095782,1.0
919,0,0.125,0.10665266544703503,0.02939764143117777,1.0
920,0,0.046875,0.10067489890233153,0.029155859126988672,1.0
921,0,0.109375,0.10154490901209838,0.029191099289934,1.0
922,0,0.0,0.09139041811088855,0.028778756077926893,1.0
923,0,0.03125,0.0853763762997997,0.028533532657450036,1.0
924,0,0.171875,0.09402623866981973,0.02888600090819565,1.0
925,0,0.125,0.09712361480283775,0.02901183792179153,1.0
926,0,0.03125,0.09053625332255398,0.028743971524808728,1.0
927,0,0.015625,0.08304512799029858,0.02843828599220799,1.0
928,0,0.015625,0.07630311519126871,0.028162267370427957,1.0
929,0,0.015625,0.07023530367214184,0.027913176926316063,1.0
930,0,0.015625,0.06477427330492766,0.027688491603533035,1.0
931,0,0.075,0.06579684597443489,0.02773059829727059,1.0
932,0,0.0,0.0592171613769914,0.0274594014283727,1.0
933,0,0.03125,0.056420445239292266,0.02734394724209063,1.0
934,0,0.078125,0.05859090071536304,0.027433557125446695,1.0
935,0,0.171875,0.06991931064382673,0.02790018853466987,1.0
936,0,0.3812499761581421,0.10105237719525825,0.029171151155227733,1.0
937,0,0.21875,0.11282213947573243,0.029646290144429877,1.0
938,0,0.0625,0.10778992552815919,0.029443545657167336,1.0
939,0,0.046875,0.10169843297534327,0.029197316075160264,1.0
940,0,0.03125,0.09465358967780894,0.028911504803894796,1.0
941,0,0.015625,0.08675073071002805,0.028589635163805683,1.0
942,0,0.23125,0.10120065763902523,0.029177157268770845,1.0
943,0,0.10625,0.10170559187512271,0.029197605953960606,1.0
944,0,0.0,0.09153503268761044,0.0287846438072692,1.0
945,0,0.015625,0.08394402941884939,0.028475024178351974,1.0
946,0,0.046875,0.08023712647696445,0.028323425882432342,1.0
947,0,0.03125,0.07533841382926801,0.028122706598769434,1.0
948,0,0.03125,0.07092957244634121,0.02794170813341397,1.0
949,0,0.046875,0.06852411520170709,0.027842822361104254,1.0
950,0,0.075,0.06917170368153638,0.027869453030569414,1.0
951,0,0.1375,0.07600453331338275,0.028150024742520693,1.0
952,0,0.29375,0.09777907998204448,0.029038440989312443,1.0
953,0,0.109375,0.09893867198384003,0.029085481792024623,1.0
954,0,0.1375,0.10279480478545602,0.029241696883092416,1.0
955,0,0.09375,0.10189032430691042,0.02920508575396343,1.0
956,0,0.0,0.09170129187621938,0.028791412228143118,1.0
957,0,0.015625,0.08409366268859744,0.02848113822315981,1.0
958,0,0.09375,0.0850592964197377,0.028520583963980325,1.0
959,0,0.046875,0.08124086677776393,0.028364500124009536,1.0
960,0,0.03125,0.07624178009998754,0.028159752598910754,1.0
961,0,0.16875,0.0854926020899888,0.0285382785235016,1.0
962,0,0.078125,0.08475584188098992,0.02850818988790273,1.0
963,0,0.31250001192092897,0.10753025888498383,0.02943306721788057,1.0
964,0,0.3125,0.12802723299648544,0.03025495553047716,1.0
965,0,0.37500001192092897,0.1527245108889298,0.031229558977331068,1.0
966,0,0.234375,0.16088955980003683,0.03154754713836654,1.0
967,0,0.125,0.15730060382003314,0.03140804775674779,1.0
968,0,0.046875,0.14625804343802984,0.030976181975325662,1.0
969,0,0.046875,0.13631973909422687,0.030584232804357927,1.0
970,0,0.10625,0.1333127651848042,0.030465061045883254,1.0
971,0,0.09375,0.1293564886663238,0.030307869335503553,1.0
972,0,0.1375,0.1301708397996914,0.030340261738303467,1.0
973,0,0.2562499761581421,0.14277875343553648,0.03083930749025814,1.0
974,0,0.28125001192092897,0.1566258792840757,0.03138177375648523,1.0
975,0,0.25,0.16596329135566812,0.03174401197520054,1.0
976,0,0.328125,0.1821794622201013,0.032365831535270104,1.0
977,0,0.203125,0.18427401599809118,0.03244544633154868,1.0
978,0,0.15625,0.18147161439828208,0.03233888883139415,1.0
979,0,0.10625,0.17394945295845388,0.032051431791736994,1.0
980,0,0.075,0.1640545076626085,0.031670203877069085,1.0
981,0,0.015625,0.14921155689634766,0.031092075459823284,1.0
982,0,0.03125,0.1374154012067129,0.03062758987566934,1.0
983,0,0.0,0.1236738610860416,0.03008131769223579,1.0
984,0,0.10625,0.12193147497743743,0.03001167656458272,1.0
985,0,0.015625,0.11130082747969369,0.02958506289711051,1.0
986,0,0.03125,0.10329574473172433,0.0292619656444433,1.0
987,0,0.046875,0.0976536702585519,0.02903335176626763,1.0
988,0,0.03125,0.09101330323269671,0.02876340048937774,1.0
989,0,0.0625,0.08816197290942704,0.028647205071003923,1.0
990,0,0.0,0.07934577561848434,0.028286935424533297,1.0
991,0,0.046875,0.07609869805663591,0.028153885906148108,1.0
992,0,0.015625,0.07005132825097232,0.027905615102203737,1.0
993,0,0.015625,0.06460869542587509,0.027681672109348562,1.0
994,0,0.075,0.06564782588328757,0.027724463035076998,1.0
995,0,0.03125,0.06220804329495881,0.02758275394206556,1.0
996,0,0.03125,0.05911223896546293,0.027455071896089124,1.0
997,0,0.046875,0.05788851506891664,0.02740456507758799,1.0
998,0,0.03125,0.055224663562024975,0.027294551823113508,1.0
999,1,0.0,0.04970219720582248,0.027066200975985735,0.953125
1000,1,0.0,0.044731977485240236,0.026860386874737553,0.984375
1001,1,0.015625,0.04182127973671621,0.026739736796085708,0.984375
1002,1,0.0625,0.04388915176304459,0.026825459978500485,0.984375
1003,1,0.046875,0.04418773658674013,0.026837834230460614,0.984375
1004,1,0.09375,0.04914396292806611,0.027043098325016675,0.984375
1005,1,0.078125,0.0520420666352595,0.027162997890360554,0.984375
1006,1,0.109375,0.057775359971733546,0.027399893814208487,0.984375
1007,1,0.0625,0.058247823974560194,0.027419396925914163,0.984375
1008,1,0.0625,0.05867304157710417,0.027436947185845467,0.984375
1009,1,0.03125,0.05593073741939375,0.02732372057282076,0.984375
1010,1,0.015625,0.051900163677454376,0.027157129407243876,0.984375
1011,1,0.0625,0.05296014730970894,0.027200959843469038,0.984375
1012,1,0.09375,0.05703913257873805,0.02736949679389158,0.984375
1013,1,0.046875,0.056022719320864243,0.027327519986374067,0.984375
1014,1,0.078125,0.05823294738877782,0.027418782872021232,0.984375
1015,1,0.09375,0.061784652649900046,0.027565299680801836,0.984375
1016,1,0.046875,0.06029368738491004,0.02750381468945693,0.984375
1017,1,0.0625,0.060514318646419034,0.027512915112673116,0.984375
1018,1,0.0625,0.06071288678177713,0.027521104918467,0.984375
1019,1,0.046875,0.05932909810359942,0.0274640202360458,0.984375
1020,1,0.09375,0.06277118829323948,0.027605965624464757,0.984375
1021,1,0.0625,0.06274406946391553,0.02760484794567863,0.984375
1022,1,0.109375,0.06740716251752397,0.02779687477974596,0.984375
1023,1,0.0625,0.06691644626577158,0.027776682334992073,0.984375
1024,1,0.046875,0.06491230163919443,0.02769417613226185,0.984375
1025,1,0.09375,0.06779607147527499,0.027812875340883055,0.984375
1026,1,0.09375,0.07039146432774748,0.02791959507397096,0.984375
1027,1,0.109375,0.07428981789497274,0.02807968743233424,0.984375
1028,1,0.1875,0.08561083610547546,0.028543106124731144,0.984375
1029,1,0.125,0.08954975249492791,0.02870377933677124,0.984375
1030,1,0.078125,0.08840727724543512,0.028657207950225527,0.984375
1031,1,0.03125,0.08269154952089161,0.028423831048639544,0.984375
1032,1,0.015625,0.07598489456880245,0.02814921944940926,0.984375
1033,1,0.109375,0.07932390511192221,0.02828603990165109,0.984375
1034,1,0.09375,0.08076651460072998,0.028345091362355558,0.984375
1035,1,0.109375,0.08362736314065698,0.028462083735060612,0.984375
1036,1,0.203125,0.09557712682659128,0.028949034450721552,0.984375
1037,1,0.21875,0.10789441414393215,0.02944776167641815,0.984375
1038,1,0.078125,0.10491747272953894,0.029327543425058868,0.984375
1039,1,0.046875,0.09911322545658505,0.029092560283314667,0.984375
1040,1,0.03125,0.09232690291092654,0.028816875782965004,0.984375
1041,1,0.046875,0.08778171261983389,0.028631696677936715,0.984375
1042,1,0.265625,0.1055660413578505,0.029353752459977785,0.984375
1043,1,0.140625,0.10907193722206544,0.029495255530986416,0.984375
1044,1,0.078125,0.1059772434998589,0.02937036427047686,0.984375
1045,1,0.0625,0.101629519149873,0.029194525551081263,0.984375
1046,1,0.03125,0.09459156723488571,0.02890898375702828,0.984375
1047,1,0.0625,0.09138241051139714,0.028778430049989968,0.984375
1048,1,0.078125,0.09005666946025744,0.028724434694872004,0.984375
1049,1,0.0625,0.0873010025142317,0.02861208749160688,0.984375
1050,1,0.046875,0.08325840226280853,0.028447003907803577,0.984375
1051,1,0.140625,0.08899506203652767,0.028681171426547494,0.984375
1052,1,0.0625,0.0863455558328749,0.028573099334625658,0.984375
1053,1,0.0625,0.08396100024958741,0.028475717631156847,0.984375
1054,1,0.15625,0.09118990022462868,0.028770591633511994,0.984375
1055,1,0.140625,0.0961334102021658,0.028971631264300912,0.984375
1056,1,0.0625,0.09277006918194922,0.028834908588407916,0.984375
1057,1,0.125,0.0959930622637543,0.028965930810339366,0.984375
1058,1,0.09375,0.09576875603737886,0.028956819379274957,0.984375
1059,1,0.140625,0.10025438043364097,0.029138819731288613,0.984375
1060,1,0.125,0.10272894239027687,0.02923903156671144,0.984375
1061,1,0.046875,0.09714354815124918,0.02901264708538627,0.984375
1062,1,0.03125,0.09055419333612426,0.028744702257371142,0.984375
1063,1,0.078125,0.08931127400251183,0.028694060257361,0.984375
1064,1,0.0625,0.08663014660226065,0.028584714269658886,0.984375
1065,1,0.09375,0.08734213194203458,0.028613765426285083,0.984375
1066,1,0.3125,0.10985791874783113,0.029526938441525336,0.984375
1067,1,0.28125,0.126997126873048,0.0302139160670992,0.984375
1068,1,0.328125,0.1471099141857432,0.03100963692276167,0.984375
1069,1,0.109375,0.14333642276716888,0.030861271262111873,0.984375
1070,1,0.140625,0.143065280490452,0.030850593533849426,0.984375
1071,1,0.046875,0.13344625244140682,0.030470356967289842,0.984375
1072,1,0.0625,0.12635162719726614,0.030188184340890475,0.984375
1073,1,0.03125,0.11684146447753953,0.029807773941410876,0.984375
1074,1,0.0625,0.11140731802978557,0.029589350615101224,0.984375
1075,1,0.078125,0.10807908622680701,0.02945521238558111,0.984375
1076,1,0.078125,0.1050836776041263,0.029334260797643313,0.984375
1077,1,0.140625,0.10863780984371367,0.029477749452510027,0.984375
1078,1,0.109375,0.10871152885934231,0.02948072247378973,0.984375
1079,1,0.140625,0.11190287597340808,0.029609299999483037,0.984375
1080,1,0.171875,0.11790008837606726,0.029850237500646633,0.984375
1081,1,0.15625,0.12173507953846054,0.030003821762488694,0.984375
1082,1,0.28125,0.13768657158461448,0.03063831502269422,0.984375
1083,1,0.421875,0.166105414426153,0.031749502485631693,0.984375
1084,1,0.453125,0.19480737298353773,0.03284328772816513,0.984375
1085,1,0.4375,0.21907663568518396,0.03374306636621346,0.984375
1086,1,0.28125,0.22529397211666555,0.03396960892588454,0.984375
1087,1,0.375,0.24026457490499897,0.0345081549986334,0.984375
1088,1,0.265625,0.24280061741449907,0.03459839310772603,0.984375
1089,1,0.1875,0.23727055567304917,0.03440124714686306,0.984375
1090,1,0.15625,0.22916850010574424,0.03410993912671124,0.984375
1091,1,0.140625,0.22031415009516983,0.0337882903087409,0.984375
1092,1,0.0625,0.20453273508565287,0.03320674592989794,0.984375
1093,1,0.0625,0.19032946157708758,0.03267468099488404,0.984375
1094,1,0.125,0.1837965154193788,0.032427310852075945,0.984375
1095,1,0.125,0.17791686387744093,0.03220330375968322,0.984375
1096,1,0.125,0.17262517748969686,0.032000611861765456,0.984375
1097,1,0.09375,0.16473765974072718,0.03169663420361945,0.984375
1098,1,0.046875,0.15295139376665448,0.031238424612397116,0.984375
1099,1,0.078125,0.14546875438998905,0.030945164479836473,0.984375
1100,1,0.109375,0.14185937895099013,0.0308030771737346,0.984375
1101,1,0.15625,0.14329844105589112,0.030859775658129154,0.984375
1102,1,0.28125,0.157093596950302,0.031399988447367536,0.984375
1103,1,0.34375,0.1757592372552718,0.03212078110377124,0.984375
1104,1,0.203125,0.17849581352974458,0.0322254178201525,0.984375
1105,1,0.296875,0.19033373217677013,0.032674842166756514,0.984375
1106,1,0.265625,0.1978628589590931,0.03295788457673729,0.984375
1107,1,0.25,0.2030765730631838,0.03315256768876909,0.984375
1108,1,0.1875,0.20151891575686542,0.03309451820013826,0.984375
1109,1,0.125,0.1938670241811789,0.03280794568549311,0.984375
1110,1,0.21875,0.19635532176306103,0.032901390075903994,0.984375
1111,1,0.3125,0.20796978958675494,0.03333428277976533,0.984375
1112,1,0.078125,0.19498531062807944,0.032849971426701666,0.984375
1113,1,0.078125,0.1832992795652715,0.0324084167098704,0.984375
1114,1,0.046875,0.16965685160874436,0.0318864726527237,0.984375
1115,1,0.109375,0.1636286664478699,0.031653720465565104,0.984375
1116,1,0.09375,0.15664079980308293,0.031382354929853216,0.984375
1117,1,0.03125,0.14410171982277464,0.030891396854419606,0.984375
1118,1,0.0625,0.1359415478404972,0.030569258954940306,0.984375
1119,1,0.0625,0.1285973930564475,0.030277658010260396,0.984375
1120,1,0.078125,0.12355015375080275,0.0300763759527372,0.984375
1121,1,0.15625,0.12682013837572248,0.030206861873824736,0.984375
1122,1,0.21875,0.13601312453815023,0.030572093237404337,0.984375
1123,1,0.171875,0.1395993120843352,0.030713904129995164,0.984375
1124,1,0.1875,0.14438938087590167,0.030902715831926764,0.984375
1125,1,0.125,0.14245044278831148,0.0308263725331499,0.984375
1126,1,0.125,0.14070539850948033,0.030757565133250665,0.984375
1127,1,0.109375,0.1375723586585323,0.030633798016709714,0.984375
1128,1,0.203125,0.14412762279267904,0.030892416197480906,0.984375
1129,1,0.125,0.14221486051341115,0.03081708890408052,0.984375
1130,1,0.171875,0.14518087446207004,0.030933846533035103,0.984375
1131,1,0.21875,0.15253778701586304,0.03122226133487578,0.984375
1132,1,0.21875,0.15915900831427673,0.03148033620152645,0.984375
1133,1,0.1875,0.16199310748284906,0.03159035365680321,0.984375
1134,1,0.234375,0.16923129673456416,0.03187008342065655,0.984375
1135,1,0.09375,0.16168316706110775,0.03157833527492702,0.984375
1136,1,0.1875,0.16426485035499697,0.031678343495104705,0.984375
1137,1,0.234375,0.17127586531949726,0.03194876648361634,0.984375
1138,1,0.25,0.17914827878754752,0.032250325165731696,0.984375
1139,1,0.1875,0.17998345090879275,0.03228218427767594,0.984375
1140,1,0.21875,0.18386010581791348,0.032429726511881675,0.984375
1141,1,0.25,0.19047409523612213,0.0326801390581442,0.984375
1142,1,0.15625,0.18705168571250994,0.03255077132174052,0.984375
1143,1,0.21875,0.19022151714125896,0.03267060695215499,0.984375
1144,1,0.15625,0.18682436542713307,0.0325421626899992,0.984375
1145,1,0.046875,0.17282942888441977,0.03200845425079191,0.984375
1146,1,0.0625,0.1617964859959778,0.031582729757457954,0.984375
1147,1,0.078125,0.15342933739638,0.03125709517630467,0.984375
1148,1,0.15625,0.15371140365674202,0.03126811042401836,0.984375
1149,1,0.171875,0.15552776329106782,0.03133898051241807,0.984375
1150,1,0.15625,0.15559998696196103,0.03134179627006898,0.984375
1151,1,0.09375,0.14941498826576494,0.031100047772800083,0.984375
1152,1,0.203125,0.15478598943918842,0.031310051311936406,0.984375
1153,1,0.125,0.1518073904952696,0.031193704736729236,0.984375
1154,1,0.171875,0.15381415144574262,0.03127212228431686,0.984375
1155,1,0.1875,0.15718273630116836,0.03140345904598978,0.984375
1156,1,0.078125,0.14927696267105153,0.031094638803694077,0.984375
1157,1,0.109375,0.14528676640394636,0.03093800995537248,0.984375
1158,1,0.125,0.1432580897635517,0.03085818669864651,0.984375
1159,1,0.140625,0.14299478078719655,0.030847816847587074,0.984375
1160,1,0.15625,0.1443203027084769,0.030899997956098893,0.984375
1161,1,0.15625,0.1455132724376292,0.030946914468305022,0.984375
1162,1,0.25,0.15596194519386627,0.03135590521066853,0.984375
1163,1,0.47812498807907106,0.18817824948238676,0.032593405246364546,0.984375
1164,1,0.453125,0.2146729245341481,0.033581608538555054,0.984375
1165,1,0.21875,0.2150806320807333,0.03359659117484407,0.984375
1166,1,0.15625,0.20919756887265997,0.03337972372913238,0.984375
1167,1,0.140625,0.20234031198539398,0.0331251415241576,0.984375
1168,1,0.296875,0.21179378078685457,0.03347560586912078,0.984375
1169,1,0.28125,0.2187394027081691,0.03373073113525846,0.984375
1170,1,0.265625,0.2234279624373522,0.033901791584053216,0.984375
1171,1,0.234375,0.22452266619361697,0.03394159524452727,0.984375
1172,1,0.171875,0.21925789957425526,0.033749694592366854,0.984375
1173,1,0.09375,0.20670710961682973,0.03328748542460234,0.984375
1174,1,0.109375,0.19697389865514675,0.03292458194992663,0.984375
1175,1,0.265625,0.20383900878963207,0.0331809457490875,0.984375
1176,1,0.171875,0.20064260791066887,0.03306181771709535,0.984375
1177,1,0.171875,0.197765847119602,0.03295425180039996,0.984375
1178,1,0.15625,0.1936142624076418,0.03279843998634393,0.984375
1179,1,0.171875,0.1914403361668776,0.03271658148493997,0.984375
1180,1,0.234375,0.19573380255018985,0.032878072660849814,0.984375
1181,1,0.21875,0.19803542229517088,0.03296434558550578,0.984375
1182,1,0.171875,0.1954193800656538,0.03286627073122527,0.984375
1183,1,0.21875,0.19775244205908843,0.0329537497952975,0.984375
1184,1,0.15625,0.1936021978531796,0.03279798620798964,0.984375
1185,1,0.140625,0.18830447806786163,0.032598179244602135,0.984375
1186,1,0.15625,0.18509903026107546,0.032476760123279436,0.984375
1187,1,0.21875,0.18846412723496792,0.032604216343668134,0.984375
1188,1,0.171875,0.1868052145114711,0.03254143735385321,0.984375
1189,1,0.3125,0.19937469306032402,0.03301444942116387,0.984375
1190,1,0.28125,0.2075622237542916,0.033319184762272615,0.984375
1191,1,0.234375,0.21024350137886244,0.03341838527814344,0.984375
1192,1,0.28125,0.2173441512409762,0.03367964452672212,0.984375
1193,1,0.140625,0.20967223611687857,0.033397274804951714,0.984375
1194,1,0.328125,0.22151751250519072,0.0338322033535645,0.984375
1195,1,0.296875,0.22905326125467163,0.034105774802277965,0.984375
1196,1,0.21875,0.22802293512920446,0.03406851658874179,0.984375
1197,1,0.21875,0.22709564161628404,0.03403494448201695,0.984375
1198,1,0.109375,0.21532357745465563,0.03360551572245033,0.984375
1199,1,0.15625,0.20941621970919008,0.03338780961852047,0.984375
1200,1,0.234375,0.21191209773827108,0.03347996882342088,0.984375
1201,1,0.296875,0.22040838796444395,0.03379173147180447,0.984375
1202,1,0.1875,0.21711754916799955,0.03367133977485556,0.984375
1203,1,0.109375,0.2063432942511996,0.0332739895877757,0.984375
1204,1,0.125,0.19820896482607964,0.03297084206272595,0.984375
1205,1,0.15625,0.19401306834347168,0.03281343687879646,0.984375
1206,1,0.1875,0.1933617615091245,0.032788941603264704,0.984375
1207,1,0.125,0.18652558535821206,0.03253084487916234,0.984375
1208,1,0.296875,0.19756052682239084,0.03294656199374542,0.984375
1209,1,0.203125,0.19811697414015178,0.03296739858691025,0.984375
1210,1,0.125,0.19080527672613662,0.032692633861140234,0.984375
1211,1,0.203125,0.19203724905352298,0.03273907636992388,0.984375
1212,1,0.21875,0.1947085241481707,0.032839574228110506,0.984375
1213,1,0.28125,0.20336267173335362,0.033163219118632584,0.984375
1214,1,0.28125,0.21115140456001824,0.03345190797854125,0.984375
1215,1,0.390625,0.22909876410401642,0.03410741918391646,0.984375
1216,1,0.484375,0.2546263876936148,0.03501529157725891,0.984375
1217,1,0.421875,0.27135124892425333,0.035593711466455284,0.984375
1218,1,0.40625,0.284841124031828,0.03605043307084704,0.984375
1219,1,0.34375,0.2907320116286452,0.0362470704716051,0.984375
1220,1,0.40625,0.3022838104657807,0.03662763456347439,0.984375
1221,1,0.25,0.2970554294192026,0.03645622076491824,0.984375
1222,1,0.34375,0.30172488647728235,0.03660937599692535,0.984375
1223,1,0.296875,0.3012398978295541,0.03659351989571547,0.984375
1224,1,0.35937501192092897,0.3070534092386916,0.036782800303444295,0.984375
1225,1,0.1875,0.29509806831482244,0.03639169407466435,0.984375
1226,1,0.25,0.29058826148334016,0.03624229262758418,0.984375
1227,1,0.171875,0.2787169353350062,0.03584419103392235,0.984375
1228,1,0.15625,0.2664702418015056,0.035426281326948326,0.984375
1229,1,0.15625,0.255448217621355,0.03504402307217642,0.984375
1230,1,0.109375,0.2408408958592195,0.034528687377760374,0.984375
1231,1,0.0625,0.22300680627329755,0.03388646446305498,0.984375
1232,1,0.109375,0.21164362564596778,0.03347006803710996,0.984375
1233,1,0.15625,0.206104263081371,0.0332651197074692,0.984375
1234,1,0.140625,0.19955633677323392,0.03302123943468617,0.984375
1235,1,0.0625,0.18585070309591054,0.032505267797382935,0.984375
1236,1,0.109375,0.17820313278631947,0.032214239873155366,0.984375
1237,1,0.09375,0.1697578195076875,0.03189036025148847,0.984375
1238,1,0.140625,0.16684453755691878,0.031778045020037525,0.984375
1239,1,0.109375,0.16109758380122688,0.031555619533984954,0.984375
1240,1,0.25,0.1699878254211042,0.031899214894873074,0.984375
1241,1,0.109375,0.16392654287899378,0.031665251286707295,0.984375
1242,1,0.0625,0.1537838885910944,0.0312709406854963,0.984375
1243,1,0.125,0.15090549973198497,0.03115841939539713,0.984375
1244,1,0.1875,0.15456494975878646,0.03130142726248146,0.984375
1245,1,0.328125,0.1719209547829078,0.031973561233803585,0.984375
1246,1,0.390625,0.19379135930461702,0.03280510039256942,0.984375
1247,1,0.453125,0.21972472337415533,0.03376675835390114,0.984375
1248,1,0.265625,0.22431475103673978,0.033934039394072454,0.984375
1249,1,0.25,0.22688327593306581,0.034027250625239196,0.984375
1250,1,0.265625,0.23075744833975922,0.03416729859041252,0.984375
1251,1,0.390625,0.2467442035057833,0.03473813326978309,0.984375
1252,1,0.6593750238418579,0.28800728553939076,0.036156333369296106,0.984375
1253,1,0.965625,0.3557690569854517,0.0383003208637373,0.984375
1254,1,1.196874988079071,0.4398796500948136,0.040624454837296285,0.984375
1255,1,0.653125,0.46120418508533223,0.041153938368777204,0.984375
1256,1,0.8781250238418579,0.5028962689609848,0.0421208371170034,0.984375
1257,1,0.25,0.47760664206488634,0.04154502069252963,0.984375
1258,1,0.203125,0.45015847785839774,0.04088266255053918,0.984375
1259,1,0.171875,0.42233013007255793,0.04017067589144305,0.984375
1260,1,0.109375,0.3910346170653021,0.039320741270265185,0.984375
1261,1,0.09375,0.3613061553587719,0.03846492018737823,0.984375
1262,1,0.0625,0.3314255398228947,0.037557469523992686,0.984375
1263,1,0.21875,0.32015798584060523,0.037203139506281006,0.984375
1264,1,0.375,0.3256421872565447,0.037376424027583094,0.984375
1265,1,0.421875,0.33526546853089023,0.037676713695912495,0.984375
1266,1,0.28125,0.3298639216778012,0.03750875530091244,0.984375
1267,1,0.453125,0.3421900295100211,0.037889795942144755,0.984375
1268,1,0.234375,0.331408526559019,0.03755693948526708,0.984375
1269,1,0.21875,0.32014267390311707,0.03720265351629061,0.984375
1270,1,0.25,0.3131284065128054,0.03697875548946518,0.984375
1271,1,0.203125,0.30212806586152485,0.03662254838863757,0.984375
1272,1,0.453125,0.31722775927537233,0.03710991586923425,0.984375
1273,1,0.21875,0.30737998334783506,0.036793382194706195,0.984375
1274,1,0.265625,0.30320448501305153,0.03665767607688657,0.984375
1275,1,0.234375,0.29632153651174636,0.03643204967573488,0.984375
1276,1,0.1875,0.28543938286057174,0.036070481371113954,0.984375
1277,1,0.25,0.28189544457451454,0.03595146265059475,0.984375
1278,1,0.203125,0.27401840011706313,0.03568471570242899,0.984375
1279,1,0.1875,0.2653665601053568,0.03538826402099155,0.984375
1280,1,0.109375,0.24976740409482112,0.03484477682644066,0.984375
1281,1,0.265625,0.251353163685339,0.03490054588820365,0.984375
1282,1,0.265625,0.2527803473168051,0.03495063834535866,0.984375
1283,1,0.40625,0.26812731258512457,0.035483251129215174,0.984375
1284,1,0.296875,0.27100208132661213,0.03558177226938621,0.984375
1285,1,0.53125,0.29702687319395094,0.03645528075914002,0.984375
1286,1,0.790624988079071,0.3463866846824629,0.03801770913288724,0.984375
1287,1,0.453125,0.35706051621421664,0.03833885699382811,0.984375
1288,1,0.390625,0.360416964592795,0.038438597174570724,0.984375
1289,1,0.296875,0.35406276813351545,0.03824927106349139,0.984375
1290,1,0.390625,0.35771899132016394,0.03835847134658082,0.984375
1291,1,0.35937501192092897,0.3578845933802404,0.038363400606546035,0.984375
1292,1,0.203125,0.3424086340422164,0.03789648184459504,0.984375
1293,1,0.171875,0.32535527063799474,0.03736739694569633,0.984375
1294,1,0.234375,0.31625724357419527,0.03707894188570513,0.984375
1295,1,0.1875,0.30338151921677575,0.036663447761219776,0.984375
1296,1,0.1468749761581421,0.28773086491091243,0.03614710757068269,0.984375
1297,1,0.203125,0.2792702784198212,0.03586290142572866,0.984375
1298,1,0.25,0.27634325057783915,0.035763759028303595,0.984375
1299,1,0.21875,0.2705839255200552,0.0355674663955784,0.984375
1300,1,0.21875,0.2654005329680497,0.03538943511495254,0.984375
1301,1,0.34375,0.27323547967124473,0.03565803786541939,0.984375
1302,1,0.3125,0.27716193170412023,0.03579153099778656,0.984375
1303,1,0.28125,0.27757073853370823,0.03580538664014368,0.984375
1304,1,0.265625,0.27637616468033743,0.03576487619759913,0.984375
1305,1,0.21875,0.2706135482123037,0.035568480119538,0.984375
1306,1,0.125,0.2560521933910733,0.035065118155792045,0.984375
1307,1,0.15625,0.24607197405196599,0.03471436323565746,0.984375
1308,1,0.171875,0.23865227664676938,0.03445063458002747,0.984375
1309,1,0.234375,0.23822454898209244,0.034435355297688576,0.984375
1310,1,0.3125,0.2456520940838832,0.03469950577203973,0.984375
1311,1,0.234375,0.24452438467549487,0.03465956182373572,0.984375
1312,1,0.171875,0.23725944620794537,0.034400849709238505,0.984375
1313,1,0.125,0.22603350158715085,0.033996444238575056,0.984375
1314,1,0.1875,0.22218015142843575,0.03385635780683404,0.984375
1315,1,0.140625,0.21402463628559218,0.03355777053239334,0.984375
1316,1,0.171875,0.20980967265703296,0.03340235485444628,0.984375
1317,1,0.15625,0.20445370539132968,0.03320380774584594,0.984375
1318,1,0.140625,0.19807083485219673,0.032965671333996666,0.984375
1319,1,0.296875,0.20795125136697706,0.033333596191518884,0.984375
1320,1,0.1875,0.20590612623027935,0.0332577655470472,0.984375
1321,1,0.296875,0.21500301360725138,0.03359373935242488,0.984375
1322,1,0.3125,0.22475271224652624,0.03394995317212388,0.984375
1323,1,0.234375,0.22571494102187362,0.033984887542793156,0.984375
1324,1,0.203125,0.22345594691968623,0.03390280975101614,0.984375
1325,1,0.125,0.21361035222771763,0.033542527781267685,0.984375
1326,1,0.109375,0.20318681700494587,0.033156672454145046,0.984375
1327,1,0.171875,0.20005563530445128,0.03303989688709332,0.984375
1328,1,0.140625,0.19411257177400615,0.032817177683537,0.984375
1329,1,0.140625,0.18876381459660554,0.03261554631788993,0.984375
1330,1,0.234375,0.193324933136945,0.03278755601388605,0.984375
1331,1,0.140625,0.1880549398232505,0.03258874105352697,0.984375
1332,1,0.203125,0.18956194584092545,0.032645703624781724,0.984375
1333,1,0.203125,0.19091825125683293,0.032696895189616264,0.984375
1334,1,0.140625,0.18588892613114966,0.032506716858332,0.984375
1335,1,0.171875,0.18448753351803468,0.032453552950480885,0.984375
1336,1,0.265625,0.1926012801662312,0.03276031936577982,0.984375
1337,1,0.1875,0.1920911521496081,0.032741107046816154,0.984375
1338,1,0.203125,0.19319453693464728,0.03278264970750936,0.984375
1339,1,0.25,0.19887508324118255,0.032995766738391843,0.984375
1340,1,0.15625,0.1946125749170643,0.03283596929183665,0.984375
1341,1,0.21875,0.19702631742535787,0.0329265465545209,0.984375
1342,1,0.21875,0.1991986856828221,0.033007868841796954,0.984375
1343,1,0.09375,0.18865381711453988,0.03261138815556665,0.984375
1344,1,0.140625,0.1838509354030859,0.03242937815731927,0.984375
1345,1,0.21875,0.1873408418627773,0.03256171883424144,0.984375
1346,1,0.125,0.18110675767649959,0.03232499405093011,0.984375
1347,1,0.234375,0.18643358190884962,0.03252735909772737,0.984375
1348,1,0.109375,0.17872772371796466,0.03223427260458943,0.984375
1349,1,0.21875,0.1827299513461682,0.032386771779160994,0.984375
1350,1,0.140625,0.1785194562115514,0.03222632063457798,0.984375
1351,1,0.203125,0.18098001059039626,0.032320166002454985,0.984375
1352,1,0.35312498807907106,0.19819450833926375,0.032970300937158824,0.984375
1353,1,0.15625,0.1940000575053374,0.03281294771115985,0.984375
1354,1,0.234375,0.19803755175480364,0.03296442530801172,0.984375
1355,1,0.28125,0.20635879657932327,0.033274564761703165,0.984375
1356,1,0.265625,0.21228541692139094,0.03349373119411419,0.984375
1357,1,0.3125,0.22230687522925185,0.03386097498029605,0.984375
1358,1,0.1875,0.21882618770632667,0.03373390600016749,0.984375
1359,1,0.125,0.209443568935694,0.033388820876531375,0.984375
1360,1,0.15625,0.2041242120421246,0.03319155503040365,0.984375
1361,1,0.171875,0.20089929083791214,0.033071399345369894,0.984375
1362,1,0.171875,0.19799686175412093,0.032962901928472677,0.984375
1363,1,0.125,0.19069717557870886,0.032688555891300985,0.984375
1364,1,0.203125,0.19193995802083796,0.03273541086502015,0.984375
1365,1,0.03125,0.17587096221875417,0.03212505841215634,0.984375
1366,1,0.15625,0.17390886599687877,0.032049875178168694,0.984375
1367,1,0.140625,0.1705804793971909,0.03192202193048811,0.984375
1368,1,0.21875,0.17539743145747183,0.032106926521094106,0.984375
1369,1,0.265625,0.18442018831172463,0.03245099624089404,0.984375
1370,1,0.26562501192092897,0.19254067067264505,0.03275803723590575,0.984375
1371,1,0.359375,0.20922410360538052,0.03338070511092599,0.984375
1372,1,0.296875,0.21798919324484245,0.03370327277974535,0.984375
1373,1,0.328125,0.2290027739203582,0.034103950185039436,0.984375
1374,1,0.26562501192092897,0.23266499772041527,0.03423601219405526,0.984375
1375,1,0.34375,0.24377349794837375,0.034632932886871255,0.984375
1376,1,0.48437501192092897,0.26783364934562925,0.035473164635956615,0.984375
1377,1,0.296875,0.27073778441106633,0.035572731169958724,0.984375
1378,1,0.328125,0.2764765059699597,0.03576828165237423,0.984375
1379,1,0.359375,0.28476635537296374,0.03604792624904617,0.984375
1380,1,0.3125,0.2875397198356674,0.03614072570664358,0.984375
1381,1,0.4375,0.3025357478521007,0.03663585952047748,0.984375
1382,1,0.34375,0.3066571730668906,0.03676995387998095,0.984375
1383,1,0.34375,0.31036645576020155,0.036889899779487825,0.984375
1384,1,0.15625,0.2949548101841814,0.036386963851812094,0.984375
1385,1,0.265625,0.29202182916576325,0.03628989421931957,0.984375
1386,1,0.15625,0.2784446462491869,0.035834978525014376,0.984375
1387,1,0.21875,0.2724751816242682,0.03563210245803287,0.984375
1388,1,0.234375,0.2686651634618414,0.035501714035101516,0.984375
1389,1,0.234375,0.26523614711565724,0.03538376798388853,0.984375
1390,1,0.265625,0.2652750324040915,0.035385108653858695,0.984375
1391,1,0.125,0.25124752916368237,0.03489683448315464,0.984375
1392,1,0.15625,0.24174777624731414,0.03456096604015573,0.984375
1393,1,0.078125,0.22538549862258273,0.03397293143756832,0.984375
1394,1,0.203125,0.22315944876032445,0.03389202045994379,0.984375
1395,1,0.1875,0.219593503884292,0.0337619628415886,0.984375
1396,1,0.1875,0.2163841534958628,0.03364444660574685,0.984375
1397,1,0.15625,0.21037073814627652,0.03342308532980624,0.984375
1398,1,0.28125,0.21745866433164884,0.03368384049511946,0.984375
1399,1,0.21875,0.21758779789848398,0.033688571517033535,0.984375
1400,1,0.15625,0.2114540181086356,0.033463073830039936,0.984375
1401,1,0.171875,0.20749611629777204,0.033316735209787646,0.984375
1402,1,0.28125,0.21487150466799482,0.03358890693227523,0.984375
1403,1,0.140625,0.20744685420119535,0.033314909730231886,0.984375
1404,1,0.1875,0.2054521687810758,0.033240910155690084,0.984375
1405,1,0.234375,0.20834445190296824,0.033348155876820273,0.984375
1406,1,0.234375,0.21094750671267143,0.03344438239668554,0.984375
1407,1,0.21875,0.21172775604140429,0.033473170943676044,0.984375
1408,1,0.15625,0.20617998043726385,0.0332679296520868,0.984375
1409,1,0.109375,0.19649948239353746,0.03290679634276526,0.984375
1410,1,0.1875,0.1955995341541837,0.0328730333382422,0.984375
1411,1,0.25,0.20103958073876535,0.03307663506026772,0.984375
1412,1,0.1875,0.19968562266488882,0.03302607145998323,0.984375
1413,1,0.1875,0.19846706039839992,0.03298050152435504,0.984375
1414,1,0.21875,0.20049535435855995,0.033056319746487595,0.984375
1415,1,0.21875,0.20232081892270395,0.03312441509831194,0.984375
1416,1,0.35312498807907106,0.21740123583834067,0.033681736279958324,0.984375
1417,1,0.21875,0.21753611225450661,0.033686678012861765,0.984375
1418,1,0.15625,0.21140750102905595,0.03346135768812504,0.984375
1419,1,0.21875,0.21214175092615037,0.03348843565117496,0.984375
1420,1,0.203125,0.21124007583353532,0.03345518017075148,0.984375
1421,1,0.296875,0.21980356825018177,0.033769639443896035,0.984375
1422,1,0.21875,0.2196982114251636,0.033765789514597105,0.984375
1423,1,0.25,0.22272839028264724,0.03387632787903118,0.984375
1424,1,0.09375,0.20983055125438252,0.03340312651898172,0.984375
1425,1,0.109375,0.19978499612894426,0.033029785062010535,0.984375
1426,1,0.078125,0.18761899651604985,0.032572246816486676,0.984375
1427,1,0.109375,0.17979459686444485,0.03227498236370928,0.984375
1428,1,0.15625,0.17744013717800036,0.03218508505997492,0.984375
1429,1,0.21875,0.18157112346020032,0.03234267755865893,0.984375
1430,1,0.15625,0.1790390111141803,0.0322461550522946,0.984375
1431,1,0.125,0.17363511000276227,0.03203937438644503,0.984375
1432,1,0.234375,0.17970909900248605,0.032271721484655666,0.984375
1433,1,0.375,0.19923818910223745,0.033009345906798514,0.984375
1434,1,0.390625,0.2183768701920137,0.033717465101582605,0.984375
1435,1,0.359375,0.23247668317281234,0.034229235900360803,0.984375
1436,1,0.6406250119209289,0.273291516047624,0.03565994827947727,0.984375
1437,1,0.40625,0.2865873644428616,0.03610890190359339,0.984375
1438,1,0.34375,0.29230362799857545,0.036299239283822886,0.984375
1439,1,0.34375,0.2974482651987179,0.03646914786009208,0.984375
1440,1,0.3125,0.29895343867884616,0.03651860689336921,0.984375
1441,1,0.390625,0.30812059481096155,0.03681735989132923,0.984375
1442,1,0.296875,0.30699603532986536,0.03678094067152043,0.984375
1443,1,0.234375,0.29973393179687885,0.03654420844773306,0.984375
1444,1,0.296875,0.29944803861719094,0.036534834211788055,0.984375
1445,1,0.265625,0.2960657347554718,0.036423618371447454,0.984375
1446,1,0.1875,0.28520916127992463,0.036062768490745016,0.984375
1447,1,0.15625,0.27231324515193217,0.03562657484124161,0.984375
1448,1,0.1875,0.26383192063673894,0.03533530535316261,0.984375
1449,1,0.109375,0.24838622857306503,0.034796108015934225,0.984375
1450,1,0.1875,0.2422976057157585,0.03458051800696793,0.984375
1451,1,0.171875,0.23525534514418264,0.034329063225916896,0.984375
1452,1,0.21875,0.23360481062976438,0.0342698068331036,0.984375
1453,1,0.3656249761581421,0.24680682718260213,0.03474034658759821,0.984375
1454,1,0.125,0.23462614446434193,0.034306488387070164,0.984375
1455,1,0.171875,0.22835103001790774,0.03408038606253149,0.984375
1456,1,0.296875,0.23520342701611696,0.03432720114435545,0.984375
1457,1,0.109375,0.22262058431450527,0.03387240197632358,0.984375
1458,1,0.203125,0.22067102588305476,0.03380131987661869,0.984375
1459,1,0.140625,0.2126664232947493,0.033507770954003493,0.984375
1460,1,0.1875,0.21014978096527437,0.033414922871604504,0.984375
1461,1,0.3125,0.22038480286874693,0.03379087028085788,0.984375
1462,1,0.25,0.22334632258187223,0.03389882106595511,0.984375
1463,1,0.3031249761581421,0.23132418793949922,0.03418773042844347,0.984375
1464,1,0.5468750119209289,0.2628792703376422,0.035302374049813824,0.984375
1465,1,0.375,0.27409134330387797,0.03568719971120527,0.984375
1466,1,0.28125,0.27480720897349015,0.03571156411016387,0.984375
1467,1,0.465625,0.2938889880761411,0.03635173930984833,0.984375
1468,1,0.29687501192092897,0.29418759046061993,0.036361613610614144,0.984375
1469,1,0.3125,0.2960188314145579,0.03642207206646092,0.984375
1470,1,0.296875,0.2961044482731021,0.03642489459188437,0.984375
1471,1,0.203125,0.28680650344579195,0.036116228609939766,0.984375
1472,1,0.1875,0.27687585310121277,0.035781830119898626,0.984375
1473,1,0.21875,0.27106326779109147,0.03558386486258594,0.984375
1474,1,0.3125,0.2752069410119823,0.035725158109543666,0.984375
1475,1,0.21875,0.26956124691078404,0.03553244318055477,0.984375
1476,1,0.3125,0.27385512221970565,0.03567915449798136,0.984375
1477,1,0.265625,0.2730321099977351,0.035651103229100395,0.984375
1478,1,0.296875,0.27541639899796155,0.035732278209256195,0.984375
1479,1,0.25,0.2728747590981654,0.035645736397444915,0.984375
1480,1,0.359375,0.28152478318834884,0.03593897872275118,0.984375
1481,1,0.203125,0.27368480486951396,0.03567335215363664,0.984375
1482,1,0.234375,0.26975382438256257,0.035539042144448585,0.984375
1483,1,0.390625,0.2818409419443063,0.0359496274178175,0.984375
1484,1,0.40625,0.29428184774987565,0.03636472962042145,0.984375
1485,1,0.328125,0.2976661629748881,0.03647631490182537,0.984375
1486,1,0.2718749761581421,0.29508704429321353,0.036391330110379115,0.984375
1487,1,0.140625,0.27964083986389215,0.03587542297577888,0.984375
1488,1,0.3968749761581421,0.2913642534933171,0.036268072156005964,0.984375
1489,1,0.38437498807907106,0.3006653269518925,0.036574719626035194,0.984375
1490,1,0.896874976158142,0.3602862918725175,0.03843472528845276,0.984375
1491,1,0.821874988079071,0.40644516149317284,0.039745803322371404,0.984375
1492,1,0.3125,0.39705064534385553,0.039488189155569176,0.984375
1493,1,0.35937501192092897,0.39328308200156287,0.039383550629006434,0.984375
1494,1,0.328125,0.38676727380140663,0.03920079279112092,0.984375
1495,1,0.3125,0.37934054642126597,0.03898971869726539,0.984375
1496,1,0.25,0.3664064917791394,0.03861509557647046,0.984375
1497,1,0.203125,0.3500783426012255,0.03812946269220871,0.984375
1498,1,0.25,0.340070508341103,0.037824841308293985,0.984375
1499,1,0.171875,0.32325095750699273,0.037301059740683526,0.984375
1500,1,0.1875,0.30967586175629347,0.03686762144911489,0.984375
1501,1,0.28125,0.30683327558066414,0.0367756643087673,0.984375
1502,1,0.328125,0.30896244802259776,0.03684458138334001,0.984375
1503,1,0.21875,0.29994120322033796,0.03655100215283262,0.984375
1504,1,0.234375,0.29338458289830416,0.036335049303885945,0.984375
1505,1,0.0625,0.27029612460847374,0.035557615302004096,0.984375
1506,1,0.15625,0.25889151214762635,0.0351640577492453,0.984375
1507,1,0.203125,0.2533148609328637,0.03496937476581622,0.984375
1508,1,0.21875,0.24985837483957735,0.03484797929284242,0.984375
1509,1,0.171875,0.24206003735561962,0.03457207174592714,0.984375
1510,1,0.046875,0.22254153362005769,0.03386952291828415,0.984375
1511,1,0.171875,0.21747488025805192,0.033684434631262854,0.984375
1512,1,0.15625,0.21135239223224672,0.03345932445777981,0.984375
1513,1,0.15625,0.20584215300902206,0.03325539073774793,0.984375
1514,1,0.125,0.19775793770811984,0.032953955602307704,0.984375
1515,1,0.046875,0.18266964393730786,0.03238447827818061,0.984375
1516,1,0.125,0.17690267954357708,0.03216453547302938,0.984375
1517,1,0.203125,0.17952491158921935,0.03226469567863573,0.984375
1518,1,0.328125,0.19438492043029743,0.03282741457359906,0.984375
1519,1,0.35312498807907106,0.21025892719517478,0.03341895513452779,0.984375
1520,1,0.4375,0.2329830344756573,0.03424745283192194,0.984375
1521,1,0.390625,0.24874723102809157,0.034808837239437125,0.984375
1522,1,0.5156250119209289,0.2754350091173753,0.035732910719344875,0.984375
1523,1,0.584374976158142,0.30632900582145195,0.03675930827815837,0.984375
1524,1,0.26562501192092897,0.3022586064313997,0.03662681155482754,0.984375
1525,1,0.34375,0.3064077457882597,0.03676186306789553,0.984375
1526,1,0.48437501192092897,0.3242044724015266,0.037331147167293875,0.984375
1527,1,0.296875,0.32147152516137395,0.03724478521947843,0.984375
1528,1,0.328125,0.3221368726452366,0.03726584600256243,0.984375
1529,1,0.234375,0.31336068538071293,0.03698621040373334,0.984375
1530,1,0.25,0.3070246168426416,0.03678186709080582,0.984375
1531,1,0.171875,0.29350965515837746,0.03633918894327413,0.984375
1532,1,0.203125,0.28447118964253976,0.03603802732223424,0.984375
1533,1,0.28125,0.2841490706782858,0.036027219560957925,0.984375
1534,1,0.359375,0.29167166361045727,0.036278276440637136,0.984375
1535,1,0.390625,0.30156699724941155,0.03660421531077832,0.984375
1536,1,0.359375,0.3073477975244704,0.03679233952759307,0.984375
1537,1,0.559375,0.3325505177720233,0.037592484066517974,0.984375
1538,1,0.59375,0.358670465994821,0.03838677282153578,0.984375
1539,1,0.46875,0.3696784193953389,0.03871070633537457,0.984375
1540,1,0.3125,0.363960577455805,0.03854325011837343,0.984375
1541,1,0.359375,0.36350201971022456,0.038529745189515,0.984375
1542,1,0.296875,0.3568393177392021,0.03833226287806285,0.984375
1543,1,0.3125,0.35240538596528187,0.03819953693467443,0.984375
1544,1,0.234375,0.34060234736875367,0.0378411621720776,0.984375
1545,1,0.390625,0.3456046126318783,0.037993942047536935,0.984375
1546,1,0.5625,0.3672941513686904,0.03864109068317712,0.984375
1547,1,0.40625,0.3711897362318214,0.038754676863665856,0.984375
1548,1,0.375,0.37157076260863925,0.03876574330714579,0.984375
1549,1,0.359375,0.37035118634777536,0.03873029496666929,0.984375
1550,1,0.265625,0.3598785677129978,0.038422638428832555,0.984375
1551,1,0.234375,0.347328210941698,0.03804627924243706,0.984375
1552,1,0.328125,0.34540788984752824,0.03798795859024778,0.984375
1553,1,0.296875,0.3405546008627754,0.03783969755322538,0.984375
1554,1,0.3125,0.33774914077649787,0.037753430319426795,0.984375
1555,1,0.296875,0.3336617266988481,0.03762700518718344,0.984375
1556,1,0.265625,0.3268580540289633,0.037414630664843136,0.984375
1557,1,0.265625,0.32073474862606693,0.037221436727198194,0.984375
1558,1,0.1875,0.3074112737634602,0.03679439580429362,0.984375
1559,1,0.328125,0.3094826463871142,0.036861384024610186,0.984375
1560,1,0.15625,0.2941593817484028,0.03636068098483008,0.984375
1561,1,0.26562501192092897,0.2913059447656554,0.03626613610269607,0.984375
1562,1,0.328125,0.2949878502890899,0.0363880548903283,0.984375
1563,1,0.203125,0.28580156526018097,0.03608260989657558,0.984375
1564,1,0.23437501192092897,0.28065890992625575,0.03590978969108516,0.984375
1565,1,0.25,0.2775930189336302,0.03580614155276718,0.984375
1566,1,0.21875,0.27170871704026717,0.03560592838720799,0.984375
1567,1,0.15625,0.26016284533624046,0.035208235909728845,0.984375
1568,1,0.125,0.24664656080261643,0.034734681910303315,0.984375
1569,1,0.265625,0.24854440472235478,0.03480168616755569,0.984375
1570,1,0.32812501192092897,0.2565024654422122,0.03508083370459494,0.984375
1571,1,0.234375,0.254289718897991,0.035003512392327,0.984375
1572,1,0.28125,0.25698574700819193,0.035097690782940553,0.984375
1573,1,0.296875,0.26097467230737276,0.035236406523721946,0.984375
1574,1,0.28125,0.26300220507663546,0.035306626094237285,0.984375
1575,1,0.296875,0.26638948456897193,0.03542350154651303,0.984375
1576,1,0.203125,0.26006303611207476,0.03520477035186599,0.984375
1577,1,0.21875,0.25593173250086726,0.035060912177695906,0.984375
1578,1,0.26562501192092897,0.2569010604428734,0.03509473766949541,0.984375
1579,1,0.2406249761581421,0.25527345201440027,0.035037915842289394,0.984375
1580,1,0.203125,0.25005860681296027,0.03485502676257832,0.984375
1581,1,0.234375,0.24849024613166426,0.0347997763707673,0.984375
1582,1,0.21875,0.24551622151849783,0.03469469618912606,0.984375
1583,1,0.265625,0.24752709936664805,0.034765790325569826,0.984375
1584,1,0.390625,0.26183688942998323,0.03526629152725051,0.984375
1585,1,0.421875,0.2778407004869849,0.03581453195705927,0.984375
1586,1,0.40625,0.29068163043828643,0.036245396062024295,0.984375
1587,1,0.421875,0.3038009673944578,0.03667711630456671,0.984375
1588,1,0.296875,0.303108370655012,0.03665454188300532,0.984375
1589,1,0.296875,0.3024850335895108,0.03663420411892663,0.984375
1590,1,0.171875,0.28942403023055974,0.036203558988710006,0.984375
1591,1,0.1875,0.2792316272075038,0.035861594984955725,0.984375
1592,1,0.296875,0.2809959644867534,0.03592115634893462,0.984375
1593,1,0.375,0.29039636803807806,0.03623591303327269,0.984375
1594,1,0.421875,0.30354423123427027,0.03666875111122899,0.984375
1595,1,0.25,0.2981898081108433,0.03649352874142964,0.984375
1596,1,0.21875,0.29024582729975895,0.03623090694658478,0.984375
1597,1,0.23437501192092897,0.28465874576187594,0.03604431786071512,0.984375
1598,1,0.125,0.26869287118568835,0.035502664786886726,0.984375
1599,1,0.203125,0.2621360840671195,0.035276653571728885,0.984375
1600,1,0.171875,0.2531099756604076,0.03496219445040063,0.984375
1601,1,0.140625,0.24186147809436687,0.0345650104092,0.984375
1602,1,0.28125,0.24580033028493017,0.0347047520359051,0.984375
1603,1,0.171875,0.23840779725643715,0.034441902297728345,0.984375
1604,1,0.203125,0.23487951753079345,0.03431558117988598,0.984375
1605,1,0.359375,0.2473290657777141,0.0347587971309311,0.984375
1606,1,0.296875,0.25228365919994267,0.034933215915600495,0.984375
1607,1,0.41562498807907106,0.2686177920878555,0.035500088467225674,0.984375
1608,1,0.25,0.26675601287906997,0.03543611547340444,0.984375
1609,1,0.5468750119209289,0.29476791278325587,0.03638079116236511,0.984375
1610,1,0.28125,0.2934161215049303,0.03633609324190752,0.984375
1611,1,0.41562498807907106,0.30563700816234435,0.03673684222178198,0.984375
1612,1,0.7031250119209289,0.3453858085382028,0.037987286844938496,0.984375
1613,1,0.45312501192092897,0.3561597288764754,0.03831198753048548,0.984375
1614,1,0.38437498807907106,0.358981254796735,0.03839600678491278,0.984375
1615,1,0.509374988079071,0.3740206281249686,0.038836711821851375,0.984375
1616,1,0.390625,0.37568106531247175,0.038884629965898365,0.984375
1617,1,0.2406249761581421,0.3621754563970388,0.038490613808207064,0.984375
1618,1,0.140625,0.3400204107573349,0.037823303168288955,0.984375
1619,1,0.203125,0.32633086968160147,0.037398074181501546,0.984375
1620,1,0.1875,0.3124477827134413,0.036956895165737455,0.984375
1621,1,0.125,0.2937030044420972,0.036345586874031714,0.984375
1622,1,0.1875,0.2830827039978875,0.035991404225415795,0.984375
1623,1,0.203125,0.27508693359809877,0.03572107773954964,0.984375
1624,1,0.171875,0.2647657402382889,0.035367543784761056,0.984375
1625,1,0.203125,0.25860166621446,0.03515397508416716,0.984375
1626,1,0.328125,0.265553999593014,0.03539472464575406,0.984375
1627,1,0.203125,0.2593110996337126,0.03517864662607378,0.984375
1628,1,0.140625,0.24744248967034138,0.0347628027091787,0.984375
1629,1,0.25,0.24769824070330723,0.03477183241705486,0.984375
1630,1,0.28125,0.25105341663297653,0.03489001310795336,0.984375
1631,1,0.375,0.26344807496967887,0.035322041733081816,0.984375
1632,1,0.40625,0.27772826747271095,0.03581072357294268,0.984375
1633,1,0.6281250238418579,0.31276794310962563,0.03696718105750025,0.984375
1634,1,0.453125,0.3268036487986631,0.03741292271003123,0.984375
1635,1,0.696874988079071,0.36381078272670386,0.03853883976112115,0.984375
1636,1,0.484375,0.37586720445403343,0.03888999254248317,0.984375
1637,1,0.5468750119209289,0.39296798520072296,0.0393747648940809,0.984375
1638,1,0.25,0.3786711866806507,0.03897055020871213,0.984375
1639,1,0.1875,0.3595540680125856,0.03841301242773885,0.984375
1640,1,0.25,0.3485986612113271,0.03808475626336363,0.984375
1641,1,0.25,0.33873879509019444,0.03778390909174865,0.984375
1642,1,0.328125,0.33767741558117503,0.03775121937493173,0.984375
1643,1,0.3125,0.3351596740230575,0.03767343870391036,0.984375
1644,1,0.21875,0.3235187066207518,0.03730951311413891,0.984375
1645,1,0.265625,0.3177293359586766,0.03712590466940214,0.984375
1646,1,0.171875,0.30314390236280897,0.03665570059129909,0.984375
1647,1,0.21875,0.29470451212652804,0.03637869682131086,0.984375
1648,1,0.125,0.27773406091387526,0.03581091982620018,0.984375
1649,1,0.1781249761581421,0.26777315243830196,0.035471086226034586,0.984375
1650,1,0.15625,0.25662083719447176,0.035084963577862685,0.984375
1651,1,0.125,0.2434587534750246,0.03462176335774102,0.984375
1652,1,0.25,0.24411287812752214,0.03464497161993826,0.984375
1653,1,0.234375,0.24313909031476993,0.034610414658878666,0.984375
1654,1,0.109375,0.22976268128329294,0.03413140147813154,0.984375
1655,1,0.3125,0.23803641315496366,0.034428632107270145,0.984375
1656,1,0.28125,0.24235777183946727,0.0345826566847697,0.984375
1657,1,0.171875,0.23530949465552053,0.03433100520955596,0.984375
1658,1,0.234375,0.2352160451899685,0.03432765371543175,0.984375
1659,1,0.21875,0.23356944067097166,0.034268535678134406,0.984375
1660,1,0.4281249761581421,0.2530249942196887,0.03495921565627585,0.984375
1661,1,0.078125,0.23553499479771986,0.034339090996236145,0.984375
1662,1,0.140625,0.2260439953179479,0.03399682485358343,0.984375
1663,1,0.09375,0.2128145957861531,0.03351322934590741,0.984375
1664,1,0.3125,0.2227831362075378,0.03387832133548636,0.984375
1665,1,0.296875,0.23019232258678402,0.03414691083581311,0.984375
1666,1,0.234375,0.23061059032810563,0.034162001821554246,0.984375
1667,1,0.234375,0.23098703129529508,0.034175577117896504,0.984375
1668,1,0.25,0.23288832816576557,0.03424404645991623,0.984375
1669,1,0.3125,0.240849495349189,0.03452899363495031,0.984375
1670,1,0.296875,0.2464520458142701,0.034727805119567856,0.984375
1671,1,0.296875,0.2514943412328431,0.03490550526797143,0.984375
1672,1,0.234375,0.2497824071095588,0.03484530500774384,0.984375
1673,1,0.171875,0.24199166639860292,0.03456964048056446,0.984375
1674,1,0.265625,0.2443549997587426,0.03465355711879247,0.984375
1675,1,0.15625,0.23554449978286834,0.034339431767821074,0.984375
1676,1,0.21875,0.23386504980458153,0.03427915781593471,0.984375
1677,1,0.1875,0.22922854482412336,0.03411210869947376,0.984375
1678,1,0.140625,0.22036819034171104,0.03379026367340078,0.984375
1679,1,0.340625,0.23239387130753994,0.03422625550846247,0.984375
1680,1,0.203125,0.22946698417678596,0.034120722574723865,0.984375
1681,1,0.1781249761581421,0.22433278337492157,0.03393469478190978,0.984375
1682,1,0.171875,0.21908700503742942,0.03374344557720988,0.984375
1683,1,0.234375,0.22061580453368648,0.03379930409669823,0.984375
1684,1,0.296875,0.22824172408031784,0.03407643223004661,0.984375
1685,1,0.3125,0.23666755167228606,0.03437966686971871,0.984375
1686,1,0.328125,0.24581329650505745,0.03470521087874153,0.984375
1687,1,0.25,0.2462319668545517,0.03472002246009731,0.984375
1688,1,0.28125,0.2497337701690965,0.03484359270590859,0.984375
1689,1,0.203125,0.24507289315218683,0.0346789974894324,0.984375
1690,1,0.25,0.24556560383696815,0.03469644430975837,0.984375
1691,1,0.171875,0.23819654345327135,0.03443435459757575,0.984375
1692,1,0.1781249761581421,0.23218938672375844,0.03421889482549318,0.984375
1693,1,0.21875,0.2308454480513826,0.03417047204505164,0.984375
1694,1,0.140625,0.22182340324624436,0.03384335600016526,0.984375
1695,1,0.25,0.22464106292161992,0.03394589706652448,0.984375
1696,1,0.265625,0.2287394566294579,0.03409443206003792,0.984375
1697,1,0.3125,0.23711551096651212,0.034395699970887865,0.984375
1698,1,0.3125,0.2446539598698609,0.034664154387540266,0.984375
1699,1,0.296875,0.2498760638828748,0.03484860196034091,0.984375
1700,1,0.34375,0.25926345749458735,0.03517699054717737,0.984375
1701,1,0.1875,0.2520871117451286,0.03492631841395954,0.984375
1702,1,0.171875,0.24406590057061575,0.03464330551205433,0.984375
1703,1,0.1875,0.23840931051355416,0.03444195635631379,0.984375
1704,1,0.140625,0.22863087946219876,0.034090506438072286,0.984375
1705,1,0.171875,0.22295529151597887,0.03388458916305802,0.984375
1706,1,0.171875,0.21784726236438098,0.033698075287292364,0.984375
1707,1,0.1875,0.21481253612794288,0.03358673984122392,0.984375
1708,1,0.25,0.21833128251514858,0.03371579653077162,0.984375
1709,1,0.296875,0.22618565426363374,0.034001962454383555,0.984375
1710,1,0.39062501192092897,0.24262959002936327,0.03459231674236149,0.984375
1711,1,0.203125,0.23867913102642696,0.034451593597264574,0.984375
1712,1,0.34375,0.24918621792378426,0.03482430815802134,0.984375
1713,1,0.45312501192092897,0.26958009732349875,0.03553308919781647,0.984375
1714,1,0.265625,0.2691845875911489,0.035519531209490446,0.984375
1715,1,0.265625,0.268828628832034,0.03550732258742403,0.984375
1716,1,0.3125,0.2731957659488306,0.0356566838375458,0.984375
1717,1,0.265625,0.27243868935394755,0.035630856924202266,0.984375
1718,1,0.34375,0.27956982041855283,0.035873023696190214,0.984375
1719,1,0.35312498807907106,0.28692533718460467,0.036120200709260114,0.984375
1720,1,0.125,0.2707328034661442,0.03557256074886831,0.984375
1721,1,0.265625,0.2702220231195298,0.03555507824712991,0.984375
1722,1,0.1875,0.26194982080757684,0.03527020319231285,0.984375
1723,1,0.25,0.26075483872681915,0.035228781317335346,0.984375
1724,1,0.265625,0.26124185485413726,0.03524567100927838,0.984375
1725,1,0.140625,0.24918016936872353,0.03482409505328792,0.984375
1726,1,0.203125,0.24457465243185117,0.03466134356654901,0.984375
1727,1,0.125,0.23261718718866603,0.034234291932982996,0.984375
1728,1,0.125,0.22185546846979942,0.03384452485177894,0.984375
1729,1,0.109375,0.21060742162281948,0.03343182649204495,0.984375
1730,1,0.15625,0.20517167946053755,0.033230491413179526,0.984375
1731,1,0.109375,0.1955920115144838,0.03287275097968776,0.984375
1732,1,0.234375,0.19947031036303542,0.03301802385059133,0.984375
1733,1,0.21875,0.20139827932673188,0.03309001833911552,0.984375
1734,1,0.359375,0.21719595139405867,0.03367421338863962,0.984375
1735,1,0.359375,0.2314138562546528,0.034190961810995256,0.984375
1736,1,0.3125,0.23952247062918752,0.03448169421644556,0.984375
1737,1,0.140625,0.2296327235662688,0.0341267086152904,0.984375
1738,1,0.2093749761581421,0.22760694882545612,0.03405346070064959,0.984375
1739,1,0.28125,0.2329712539429105,0.03424702913443239,0.984375
1740,1,0.15625,0.22529912854861944,0.0339697961196401,0.984375
1741,1,0.4906249761581421,0.2518317133095717,0.03491735295554912,0.984375
1742,1,0.109375,0.23758604197861455,0.03441253125950593,0.984375
1743,1,0.23437501192092897,0.237264938972846,0.03440104621186924,0.984375
1744,1,0.3968749761581421,0.2532259426913756,0.034966258817946724,0.984375
1745,1,0.15625,0.24352834842223806,0.03462423350465903,0.984375
1746,1,0.29687501192092897,0.24886301477210715,0.03481291859072617,0.984375
1747,1,0.4906249761581421,0.27303921091071065,0.035651345394575096,0.984375
1748,1,0.34375,0.2801102898196396,0.035891276384008915,0.984375
1749,1,0.615624976158142,0.3136617584534898,0.03699586912794275,0.984375
1750,1,0.278125,0.3101080826081409,0.03688156760150823,0.984375
1751,1,0.203125,0.2994097743473268,0.03653357924048153,0.984375
1752,1,0.265625,0.2960312969125941,0.036422483038619786,0.984375
1753,1,0.48437501192092897,0.3148656684134276,0.037034445270329584,0.984375
1754,1,0.234375,0.30681660157208485,0.03677512369283834,0.984375
1755,1,0.25,0.3011349414148764,0.03659008691069089,0.984375
1756,1,0.25,0.29602144727338875,0.036422158308760354,0.984375
1757,1,0.359375,0.3023568025460499,0.03663001785416446,0.984375
1758,1,0.25,0.29712112229144494,0.036458383068721685,0.984375
1759,1,0.3031249761581421,0.29772150767811467,0.03647813490614784,0.984375
1760,1,0.528125,0.3207618569103032,0.03722229628748001,0.984375
1761,1,0.26562501192092897,0.31524817241136577,0.037046686029427345,0.984375
1762,1,0.771874976158142,0.36091085278604335,0.038453223095689375,0.984375
1763,1,0.48437501192092897,0.3732572686995319,0.03881463288855253,0.984375
1764,1,0.359375,0.37186904182957875,0.03877440106227349,0.984375
1765,1,0.35312498807907106,0.36999463645452796,0.03871991647794713,0.984375
1766,1,0.234375,0.35643267280907515,0.038320133678911225,0.984375
1767,1,0.265625,0.34735190552816764,0.038046997638960106,0.984375
1768,1,0.1875,0.33136671497535086,0.03755563680460411,0.984375
1769,1,0.1875,0.3169800434778158,0.03710201463377799,0.984375
1770,1,0.15625,0.3009070391300342,0.03658263061217563,0.984375
1771,1,0.1875,0.2895663352170308,0.03620829705385389,0.984375
1772,1,0.28125,0.2887347016953277,0.03618059344138022,0.984375
1773,1,0.265625,0.2864237315257949,0.036103429439813914,0.984375
1774,1,0.265625,0.2843438583732154,0.03603375570537651,0.984375
1775,1,0.234375,0.27934697253589386,0.035865493529435126,0.984375
1776,1,0.25,0.2764122752823045,0.03576610180165247,0.984375
1777,1,0.234375,0.27220854775407405,0.03562300037515493,0.984375
1778,1,0.140625,0.25905019297866666,0.03516957598971434,0.984375
1779,1,0.046875,0.23783267368080002,0.0344213495139155,0.984375
1780,1,0.15625,0.22967440631272001,0.03412821388889256,0.984375
1781,1,0.09375,0.21608196568144802,0.033633358945154006,0.984375
1782,1,0.140625,0.20853626911330322,0.0333552562977571,0.984375
1783,1,0.21875,0.2095576422019729,0.03339303848684829,0.984375
1784,1,0.4593749761581421,0.2345393755975898,0.03430337385761239,0.984375
1785,1,0.42187501192092897,0.2532729392299237,0.03496790575609113,0.984375
1786,1,0.23437501192092897,0.2513831464990242,0.03490159922195111,0.984375
1787,1,0.3343749761581421,0.259682329464936,0.03519154720364444,0.984375
1788,1,0.15625,0.24933909651844244,0.03482969386755112,0.984375
1789,1,0.29687501192092897,0.25409268805869106,0.03499661632995144,0.984375
1790,1,0.1875,0.24743341925282195,0.03476248240805834,0.984375
1791,1,0.125,0.23519007732753977,0.0343267223285969,0.984375
1792,1,0.140625,0.2257335695947858,0.03398556346903957,0.984375
1793,1,0.2093749761581421,0.22409771025112143,0.033926149912301036,0.984375
1794,1,0.1875,0.2204379392260093,0.033792810478930846,0.984375
1795,1,0.1468749761581421,0.21308164291922257,0.03352306453444588,0.984375
1796,1,0.3031249761581421,0.22208597624311452,0.03385292609249876,0.984375
1797,1,0.171875,0.21706487861880305,0.033669409137257154,0.984375
1798,1,0.203125,0.21567089075692275,0.03361826988382499,0.984375
1799,1,0.28125,0.22222880168123046,0.03385813045736793,0.984375
1800,1,0.25,0.22500592151310742,0.03395915000268603,0.984375
1801,1,0.1875,0.22125532936179668,0.03382264106929697,0.984375
1802,1,0.4593749761581421,0.2450672940414312,0.034678799161864414,0.984375
1803,1,0.203125,0.24087306463728808,0.03452983300059361,0.984375
1804,1,0.09375,0.22616075817355927,0.03400105960132992,0.984375
1805,1,0.25,0.22854468235620334,0.03408738960230798,0.984375
1806,1,0.203125,0.22600271412058304,0.03399532752782673,0.984375
1807,1,0.390625,0.24246494270852473,0.034586465795979196,0.984375
1808,1,0.359375,0.25415594843767225,0.0349988306352087,0.984375
1809,1,0.234375,0.25217785359390504,0.03492950306923636,0.984375
1810,1,0.28125,0.25508506823451454,0.035031331121798966,0.984375
1811,1,0.203125,0.2498890614110631,0.0348490594737954,0.984375
1812,1,0.359375,0.2608376552699568,0.03523165418260106,0.984375
1813,1,0.25,0.2597538897429611,0.03519403324122452,0.984375
1814,1,0.296875,0.263466000768665,0.03532266130732294,0.984375
1815,1,0.328125,0.2699319006917985,0.035545142614773345,0.984375
1816,1,0.390625,0.2820012106226186,0.03595502362747109,0.984375
1817,1,0.28125,0.2819260895603568,0.03595249447577791,0.984375
1818,1,0.21875,0.27560848060432114,0.03573880575858598,0.984375
1819,1,0.28125,0.276172632543889,0.0357579670713147,0.984375
1820,1,0.1875,0.2673053692895001,0.035455009311586495,0.984375
1821,1,0.234375,0.2640123323605501,0.03534153697907344,0.984375
1822,1,0.1875,0.2563610991244951,0.035075900712699726,0.984375
1823,1,0.3343749761581421,0.2641624868278598,0.035346722303112775,0.984375
1824,1,0.21875,0.2596212381450738,0.03518942467128126,0.984375
1825,1,0.41562498807907106,0.27522161313847354,0.03572565692822907,0.984375
1826,1,0.6281250238418579,0.31051195420881195,0.036894590402150054,0.984375
1827,1,0.653125,0.34477325878793075,0.03796864195892766,0.984375
1828,1,0.265625,0.3368584329091377,0.037725954945967664,0.984375
1829,1,0.35937501192092897,0.3391100908103168,0.03779533078166843,0.984375
1830,1,0.109375,0.3161365817292851,0.03707508757866242,0.984375
1831,1,0.109375,0.2954604235563566,0.036403654044276215,0.984375
1832,1,0.078125,0.273726881200721,0.03567478573421858,0.984375
1833,1,0.296875,0.27604169308064885,0.035753521118160984,0.984375
1834,1,0.203125,0.26875002377258395,0.035504625781435074,0.984375
1835,1,0.25,0.26687502139532554,0.03544020972147722,0.984375
1836,1,0.328125,0.273000019255793,0.03565000879433588,0.984375
1837,1,0.15625,0.2613250173302137,0.03524855395673406,0.984375
1838,1,0.09375,0.2445675155971923,0.03466109060816059,0.984375
1839,1,0.1781249761581421,0.2379232616532873,0.034424587778234934,0.984375
1840,1,0.140625,0.2281934354879586,0.034074685360497535,0.984375
1841,1,0.3031249761581421,0.23568658955497693,0.03434452547237138,0.984375
1842,1,0.28125,0.2402429305994792,0.03450738359223278,0.984375
1843,1,0.171875,0.2334061375395313,0.03426266603409554,0.984375
1844,1,0.25,0.23506552378557816,0.03432225456055895,0.984375
1845,1,0.171875,0.22874647140702034,0.03409468566248481,0.984375
1846,1,0.15625,0.2214968242663183,0.03383144892404388,0.984375
1847,1,0.4281249761581421,0.2421596394555007,0.034575613208406096,0.984375
1848,1,0.234375,0.24138117550995064,0.034547922078590705,0.984375
1849,1,0.21875,0.23911805795895558,0.03446726384982398,0.984375
1850,1,0.32812501192092897,0.24801875335515292,0.03478314439191687,0.984375
1851,1,0.234375,0.24665437801963763,0.034734958240210424,0.984375
1852,1,0.3125,0.25323894021767385,0.034966714311182936,0.984375
1853,1,0.375,0.26541504619590645,0.03538993539021298,0.984375
1854,1,0.3125,0.2701235415763158,0.03555170606896545,0.984375
1855,1,0.21875,0.26498618741868424,0.035375148259754026,0.984375
1856,1,0.296875,0.2681750686768158,0.035484891023270314,0.984375
1857,1,0.140625,0.2554200618091342,0.035043039256512955,0.984375
1858,1,0.23437501192092897,0.25331555682031365,0.0349693991502378,0.984375
1859,1,0.359375,0.2639215011382823,0.03533839975916885,0.984375
1860,1,0.53125,0.290654351024454,0.036244489382942904,0.984375
1861,1,0.453125,0.3069014159220086,0.0367778734536753,0.984375
1862,1,0.5656250238418579,0.3327737767139935,0.03759942506674793,0.984375
1863,1,0.34375,0.33387139904259416,0.03763351169131715,0.984375
1864,1,0.171875,0.3176717591383348,0.03712406994685744,0.984375
1865,1,0.171875,0.3030920832245013,0.036654010719662726,0.984375
1866,1,0.1875,0.2915328749020512,0.03627367002097574,0.984375
1867,1,0.265625,0.28894208741184607,0.036187505151524565,0.984375
1868,1,0.390625,0.2991103786706615,0.036523757270073745,0.984375
1869,1,0.421875,0.31138684080359535,0.03692277243362555,0.984375
1870,1,0.265625,0.3068106567232358,0.03677493094152517,0.984375
1871,1,0.25,0.3011295910509122,0.03658991189246914,0.984375
1872,1,0.125,0.283516631945821,0.036005985034186214,0.984375
1873,1,0.140625,0.2692274687512389,0.03552100153012879,0.984375
1874,1,0.125,0.25480472187611497,0.035021528891983254,0.984375
1875,1,0.25,0.2543242496885035,0.03500472078042346,0.984375
1876,1,0.25,0.2538918247196531,0.03498958426595684,0.984375
1877,1,0.278125,0.2563151422476878,0.03507429684103221,0.984375
1878,1,0.203125,0.25099612802291904,0.0348879995754252,0.984375
1879,1,0.203125,0.24620901522062716,0.03471921069285581,0.984375
1880,1,0.296875,0.25127561369856444,0.03489782126680342,0.984375
1881,1,0.1875,0.24489805232870798,0.03467280373062536,0.984375
1882,1,0.171875,0.2375957470958372,0.03441287831513742,0.984375
1883,1,0.3125,0.2450861723862535,0.03467946785092914,0.984375
1884,1,0.2093749761581421,0.24151505276344234,0.03455268624959188,0.984375
1885,1,0.4593749761581421,0.2633010451029123,0.035316959323203216,0.984375
1886,1,0.38437498807907106,0.27540843940052817,0.03573200767787077,0.984375
1887,1,0.34375,0.28224259546047537,0.03596314861569785,0.984375
1888,1,0.21875,0.27589333591442783,0.03574848275100969,0.984375
1889,1,0.4593749761581421,0.2942414999387992,0.03636339583455126,0.984375
1890,1,0.3968749761581421,0.3045048475607335,0.03670003356927904,0.984375
1891,1,0.28125,0.3021793628046602,0.03662422373618516,0.984375
1892,1,0.328125,0.3047739265241942,0.03670878772611635,0.984375
1893,1,0.265625,0.3008590338717748,0.03658105968534398,0.984375
1894,1,0.265625,0.2973356304845973,0.03646544216941715,0.984375
1895,1,0.3125,0.2988520674361376,0.03651527948357907,0.984375
1896,1,0.21875,0.2908418606925238,0.03625072084639782,0.984375
1897,1,0.21875,0.2836326746232714,0.03600988271732902,0.984375
1898,1,0.328125,0.2880819071609443,0.03615882328607974,0.984375
1899,1,0.3968749761581421,0.29896121406066406,0.03651886209112264,0.984375
1900,1,0.15625,0.28469009265459766,0.036045369050410024,0.984375
1901,1,0.203125,0.2765335833891379,0.0357702185679406,0.984375
1902,1,0.296875,0.27856772505022415,0.03583914316791871,0.984375
1903,1,0.296875,0.28039845254520174,0.035901002339587665,0.984375
1904,1,0.1875,0.27110860729068154,0.03558541536886839,0.984375
1905,1,0.171875,0.26118524656161335,0.03524370841361868,0.984375
1906,1,0.171875,0.252254221905452,0.034932182977654165,0.984375
1907,1,0.25,0.25202879971490677,0.034924271706337155,0.984375
1908,1,0.140625,0.2408884197434161,0.03453037982363545,0.984375
1909,1,0.15625,0.2324245777690745,0.03422736066679193,0.984375
1910,1,0.125,0.22168211999216703,0.03383820537226561,0.984375
1911,1,0.3968749761581421,0.23920140560876452,0.034470238487161395,0.984375
1912,1,0.21875,0.2371562650478881,0.03439715817126524,0.984375
1913,1,0.3125,0.24469063854309928,0.034665454259075,0.984375
1914,1,0.45312501192092897,0.26553407588088224,0.03539403799914059,0.984375
1915,1,0.328125,0.271793168292794,0.035608813713109005,0.984375
1916,1,0.265625,0.2711763514635146,0.035587731878410925,0.984375
1917,1,0.453125,0.2893712163171631,0.03620180028550505,0.984375
1918,1,0.421875,0.3026215946854468,0.03663866141327505,0.984375
1919,1,0.375,0.3098594352169021,0.03687354584488691,0.984375
1920,1,0.328125,0.31168599169521194,0.0369323997609295,0.984375
1921,1,0.1875,0.29926739252569073,0.03652890882810266,0.984375
1922,1,0.1875,0.28809065327312167,0.036159115101515725,0.984375
1923,1,0.48437501192092897,0.3077190891379024,0.036804364397221755,0.984375
1924,1,0.296875,0.30663468022411217,0.03676922439694529,0.984375
1925,1,0.390625,0.31503371220170096,0.037039823874590615,0.984375
1926,1,0.4375,0.32728034098153086,0.03742788237717136,0.984375
1927,1,0.465625,0.3411148068833778,0.0378568742723763,0.984375
1928,1,0.584374976158142,0.36544082381085424,0.03858676838452335,0.984375
1929,1,0.1875,0.3476467414297688,0.03805593429635294,0.984375
1930,1,0.646874976158142,0.3775695649026062,0.03893895094427242,0.984375
1931,1,0.28125,0.3679376084123456,0.038659908103399004,0.984375
1932,1,0.7031250119209289,0.4014563487632039,0.03960958863283664,0.984375
1933,1,0.571874988079071,0.4184982126947906,0.04006941584304949,0.984375
1934,1,0.509374988079071,0.42758589023321864,0.04030829020865232,0.984375
1935,1,0.375,0.42232730120989675,0.04017060142602338,0.984375
1936,1,0.590625,0.43915707108890706,0.04060609347307416,0.984375
1937,1,0.48437501192092897,0.44367886517210925,0.040720542059910325,0.984375
1938,1,0.140625,0.4133734786548983,0.03993276919484339,0.984375
1939,1,0.125,0.3845361307894085,0.039137691363639586,0.984375
1940,1,0.125,0.3585825177104677,0.0383841588267138,0.984375
1941,1,0.234375,0.34616176593942094,0.03801087717862474,0.984375
1942,1,0.25,0.33654558934547885,0.03771629490063197,0.984375
1943,1,0.29687501192092897,0.33257853160302386,0.0375933551442214,0.984375
1944,1,0.25,0.3243206784427215,0.0373348107380401,0.984375
1945,1,0.590625,0.3509511105984493,0.03815577789165928,0.984375
1946,1,0.615624976158142,0.37741849715441855,0.03893461261986531,0.984375
1947,1,0.29687501192092897,0.3693641486310696,0.03870154760399458,0.984375
1948,1,0.26562501192092897,0.35899023496005555,0.03839627352176334,0.984375
1949,1,0.3343749761581421,0.3565287090798642,0.038322998990635654,0.984375
1950,1,0.28125,0.3490008381718778,0.03809691889740899,0.984375
1951,1,0.28125,0.34222575435469005,0.03789088873912143,0.984375
1952,1,0.296875,0.33769067891922105,0.03775162824048553,0.984375
1953,1,0.296875,0.33360911102729895,0.03762537206913702,0.984375
1954,1,0.296875,0.32993569992456906,0.03751099718915324,0.984375
1955,1,0.15625,0.31256712993211216,0.03696073008465527,0.984375
1956,1,0.203125,0.301622916938901,0.03660604321722007,0.984375
1957,1,0.203125,0.2917731252450109,0.03628164336044691,0.984375
1958,1,0.2718749761581421,0.28978331033632404,0.03621551933260216,0.984375
1959,1,0.3656249761581421,0.29736747691850585,0.03646648998422871,0.984375
1960,1,0.6093750119209289,0.32856823041874816,0.03746824014903153,0.984375
1961,1,0.453125,0.3410239073768733,0.03785408828370833,0.984375
1962,1,0.375,0.34442151663918597,0.0379579266447096,0.984375
1963,1,0.1875,0.3287293649752674,0.037473283446827724,0.984375
1964,1,0.140625,0.30991892847774066,0.03687546547869305,0.984375
1965,1,0.26562501192092897,0.30548953682205954,0.0367320513424252,0.984375
1966,1,0.3125,0.3061905831398536,0.03675481626389004,0.984375
1967,1,0.3125,0.3068215248258682,0.03677528331935869,0.984375
1968,1,0.34375,0.3105143723432814,0.036894668349552684,0.984375
1969,1,0.34375,0.31383793510895325,0.0370015188940749,0.984375
1970,1,0.34375,0.3168291415980579,0.037097199862829826,0.984375
1971,1,0.3125,0.31639622743825213,0.037083380525721604,0.984375
1972,1,0.34375,0.3191316046944269,0.03717053611331988,0.984375
1973,1,0.3125,0.3184684442249842,0.037149441660196396,0.984375
1974,1,0.3125,0.3178715998024858,0.03713043726626735,0.984375
1975,1,0.23437501192092897,0.3095219410143301,0.036862652697546267,0.984375
1976,1,0.109375,0.2895072469128971,0.036206329822513324,0.984375
1977,1,0.1875,0.2793065222216074,0.03586412642772585,0.984375
1978,1,0.434375,0.29481336999944663,0.036382292646046546,0.984375
1979,1,0.39062501192092897,0.30439453419159485,0.03669644359562426,0.984375
1980,1,0.328125,0.3067675807724354,0.03677353422551143,0.984375
1981,1,0.4593749761581421,0.32202832031100603,0.037262411470795946,0.984375
1982,1,0.390625,0.32888798827990545,0.037478246825859825,0.984375
1983,1,0.375,0.33349918945191487,0.03762195978791655,0.984375
1984,1,0.2406249761581421,0.3242117681225376,0.037331377196500405,0.984375
1985,1,0.3031249761581421,0.32210308892609807,0.03726477717097821,0.984375
1986,1,0.125,0.3023927800334883,0.03663119246881681,0.984375
1987,1,0.125,0.2846535020301395,0.03604414201217653,0.984375
1988,1,0.15625,0.27181315182712557,0.03560949641169652,0.984375
1989,1,0.109375,0.255569336644413,0.03504825476970487,0.984375
1990,1,0.15625,0.24563740297997172,0.03469898578077787,0.984375
1991,1,0.203125,0.24138616268197455,0.034548099567218556,0.984375
1992,1,0.09375,0.2266225464137771,0.03401780189161259,0.984375
1993,1,0.234375,0.2273977917723994,0.034045887773699456,0.984375
1994,1,0.15625,0.22028301259515948,0.033787153217172516,0.984375
1995,1,0.171875,0.21544221133564354,0.03360987280953678,0.984375
1996,1,0.171875,0.21108549020207917,0.033449475361661214,0.984375
1997,1,0.3125,0.22122694118187125,0.033821605525003955,0.984375
1998,1,0.1875,0.21785424706368411,0.03369833108619403,0.984375
1999,2,0.0,0.1960688223573157,0.032890643427698305,0.890625
2000,2,0.0,0.17646194012158414,0.03214767601135226,0.890625
2001,2,0.0,0.15881574610942573,0.031466992646503246,0.921875
2002,2,0.03125,0.14605917149848316,0.03096836853650202,0.921875
2003,2,0.09375,0.14082825434863483,0.03076241239013023,0.921875
2004,2,0.109375,0.13768292891377135,0.030638170964723724,0.921875
2005,2,0.140625,0.13797713602239423,0.030649804804011707,0.921875
2006,2,0.09375,0.1335544224201548,0.03047464808270895,0.921875
2007,2,0.203125,0.14051148017813933,0.030749913187261713,0.921875
2008,2,0.171875,0.1436478321603254,0.03087353193951844,0.921875
2009,2,0.296875,0.15897054894429286,0.03147301075195636,0.921875
2010,2,0.453125,0.18838599404986356,0.032601261876053556,0.921875
2011,2,0.265625,0.1961098946448772,0.03289218425617426,0.921875
2012,2,0.171875,0.19368640518038946,0.0328011533393738,0.921875
2013,2,0.15625,0.18994276466235052,0.03266008418611682,0.921875
2014,2,0.28125,0.19907348819611545,0.033003187194304964,0.921875
2015,2,0.359375,0.2151036393765039,0.03359743644962839,0.921875
2016,2,0.375,0.2310932754388535,0.034179407386669886,0.921875
2017,2,0.375,0.24548394789496814,0.03469355365134043,0.921875
2018,2,0.359375,0.2568730531054713,0.03509376094883535,0.921875
2019,2,0.390625,0.2702482477949242,0.03555597614652733,0.921875
2020,2,0.34375,0.27759842301543175,0.03580632465218291,0.921875
2021,2,0.421875,0.2920260807138886,0.03629003523940016,0.921875
2022,2,0.296875,0.2925109726424997,0.0363061127519522,0.921875
2023,2,0.296875,0.2929473753782497,0.036320572469098845,0.921875
2024,2,0.359375,0.29959013784042476,0.03653949406062586,0.921875
2025,2,0.1875,0.2883811240563823,0.036168804548162334,0.921875
2026,2,0.1875,0.27829301165074405,0.035829846615454936,0.921875
2027,2,0.078125,0.2582762104856697,0.03514264896999784,0.921875
2028,2,0.21875,0.2543235894371027,0.0350046976757711,0.921875
2029,2,0.296875,0.2585787304933924,0.0351531770664975,0.921875
2030,2,0.3125,0.2639708574440532,0.03534010452552496,0.921875
2031,2,0.25,0.2625737716996479,0.03529180440923015,0.921875
2032,2,0.359375,0.2722538945296831,0.03562454862113808,0.921875
2033,2,0.421875,0.2872160050767148,0.03612991353361121,0.921875
2034,2,0.28125,0.28661940456904333,0.03610997328353895,0.921875
2035,2,0.21875,0.27983246411213897,0.03588189546503297,0.921875
2036,2,0.1875,0.27059921770092504,0.03556798971758187,0.921875
2037,2,0.234375,0.2669767959308325,0.0354437105311922,0.921875
2038,2,0.171875,0.25746661633774925,0.035114452838539235,0.921875
2039,2,0.34375,0.2660949547039743,0.03541336076001945,0.921875
2040,2,0.328125,0.2722979592335769,0.03562605299889007,0.921875
2041,2,0.5,0.29506816331021923,0.03639070672992943,0.921875
2042,2,0.4375,0.3093113469791973,0.036855852502158074,0.921875
2043,2,0.453125,0.32369271228127755,0.03731500482875836,0.921875
2044,2,0.375,0.32882344105314976,0.0374762272784482,0.921875
2045,2,0.3125,0.32719109694783477,0.03742508259828499,0.921875
2046,2,0.171875,0.31165948725305126,0.03693154697518193,0.921875
2047,2,0.359375,0.3164310385277462,0.03708449210991039,0.921875
2048,2,0.390625,0.32385043467497154,0.037319981278996356,0.921875
2049,2,0.28125,0.3195903912074744,0.03718511636425244,0.921875
2050,2,0.125,0.300131352086727,0.03655723272731489,0.921875
2051,2,0.046875,0.2748057168780543,0.03571151335276381,0.921875
2052,2,0.234375,0.27076264519024884,0.0355735817539434,0.921875
2053,2,0.109375,0.254623880671224,0.03501520388248262,0.921875
2054,2,0.09375,0.2385364926041016,0.03444649935618651,0.921875
2055,2,0.125,0.22718284334369143,0.034038103168306,0.921875
2056,2,0.15625,0.22008955900932228,0.03378008767309698,0.921875
2057,2,0.1875,0.21683060310839006,0.03366082035063491,0.921875
2058,2,0.140625,0.20921004279755107,0.03338018507837891,0.921875
2059,2,0.046875,0.19297653851779598,0.03277444578490429,0.921875
2060,2,0.0625,0.1799288846660164,0.03228010353972541,0.921875
2061,2,0.109375,0.17287349619941475,0.03201014605292214,0.921875
2062,2,0.046875,0.1602736465794733,0.03152363796329437,0.921875
2063,2,0.0625,0.15049628192152598,0.03114240063432604,0.921875
2064,2,0.09375,0.1448216537293734,0.030919720220392077,0.921875
2065,2,0.109375,0.14127698835643604,0.030780113226399765,0.921875
2066,2,0.109375,0.13808678952079242,0.030654140175876976,0.921875
2067,2,0.328125,0.15709061056871318,0.03139987216943639,0.921875
2068,2,0.265625,0.16794404951184186,0.031820469315281916,0.921875
2069,2,0.296875,0.1808371445606577,0.03231472323531189,0.921875
2070,2,0.3125,0.19400343010459192,0.032813074511191635,0.921875
2071,2,0.3125,0.20585308709413275,0.033255796643915446,0.921875
2072,2,0.35312498807907106,0.22058027719262657,0.0337980071506041,0.921875
2073,2,0.25,0.2235222494733639,0.033905221919697554,0.921875
2074,2,0.47812498807907106,0.2489825233339346,0.034817130592623584,0.921875
2075,2,0.296875,0.25377177100054116,0.034985380383338115,0.921875
2076,2,0.28125,0.25651959390048706,0.03508143134021793,0.921875
2077,2,0.28125,0.25899263451043836,0.03516757448961703,0.921875
2078,2,0.296875,0.2627808710593945,0.035298970116018534,0.921875
2079,2,0.4375,0.28025278395345504,0.03589608629917417,0.921875
2080,2,0.421875,0.2944150055581095,0.036369130866757575,0.921875
2081,2,0.328125,0.29778600500229857,0.03648025569888205,0.921875
2082,2,0.25,0.29300740450206875,0.0363225607222393,0.921875
2083,2,0.125,0.2762066640518619,0.03575912244943755,0.921875
2084,2,0.140625,0.2626484976466757,0.035294390186779594,0.921875
2085,2,0.171875,0.25357114788200813,0.03497835372816684,0.921875
2086,2,0.140625,0.24227653309380734,0.034579768916207045,0.921875
2087,2,0.078125,0.2258613797844266,0.033990200575869524,0.921875
2088,2,0.140625,0.21733774180598395,0.03367940965690391,0.921875
2089,2,0.125,0.20810396762538558,0.03333925182465943,0.921875
2090,2,0.109375,0.19823107086284703,0.03297166950506537,0.921875
2091,2,0.109375,0.1893454637765623,0.03263752629315378,0.921875
2092,2,0.046875,0.17509841739890608,0.03209547282847772,0.921875
2093,2,0.09375,0.16696357565901548,0.03178264010466944,0.921875
2094,2,0.03125,0.15339221809311393,0.03125564540067237,0.921875
2095,2,0.03125,0.14117799628380254,0.03077620889423074,0.921875
2096,2,0.109375,0.13799769665542228,0.030650617737328162,0.921875
2097,2,0.109375,0.13513542698988004,0.030537327926062625,0.921875
2098,2,0.0,0.12162188429089205,0.029999294070185135,0.921875
2099,2,0.09375,0.11883469586180284,0.0298877023630163,0.921875
2100,2,0.109375,0.11788872627562257,0.029849781897533234,0.921875
2101,2,0.15625,0.12172485364806031,0.0300034127515414,0.921875
2102,2,0.140625,0.12361486828325427,0.030078961157150686,0.921875
2103,2,0.171875,0.12844088145492882,0.030271426978752694,0.921875
2104,2,0.234375,0.13903429330943592,0.030691586692816904,0.921875
2105,2,0.171875,0.14231836397849232,0.030821167891063157,0.921875
2106,2,0.140625,0.1421490275806431,0.03081449431159998,0.921875
2107,2,0.15625,0.1435591248225788,0.030870039696449265,0.921875
2108,2,0.234375,0.15264071234032092,0.031226284057468245,0.921875
2109,2,0.171875,0.15456414110628883,0.03130139570928078,0.921875
2110,2,0.109375,0.15004522699565995,0.031124737946032127,0.921875
2111,2,0.234375,0.15847820429609397,0.03145386760708326,0.921875
2112,2,0.203125,0.1629428838664846,0.031627162188116106,0.921875
2113,2,0.1875,0.16539859547983612,0.03172218966820286,0.921875
2114,2,0.3125,0.1801087359318525,0.032286961270294234,0.921875
2115,2,0.359375,0.19803536233866725,0.032964343340857336,0.921875
2116,2,0.3125,0.20948182610480054,0.03339023541193872,0.921875
2117,2,0.3125,0.2197836434943205,0.033768911393571154,0.921875
2118,2,0.3125,0.22905527914488846,0.03410584772670506,0.921875
2119,2,0.21875,0.2280247512303996,0.03406858230271827,0.921875
2120,2,0.1875,0.22397227610735965,0.03392158942329823,0.921875
2121,2,0.109375,0.21251254849662368,0.033502101528822624,0.921875
2122,2,0.296875,0.2209487936469613,0.03381145742791574,0.921875
2123,2,0.078125,0.20666641428226518,0.03328597608865124,0.921875
2124,2,0.140625,0.20006227285403866,0.033040144847389284,0.921875
2125,2,0.125,0.19255604556863481,0.032758616160565336,0.921875
2126,2,0.203125,0.19361294101177134,0.03279839028558653,0.921875
2127,2,0.140625,0.18831414691059423,0.03259854489760521,0.921875
2128,2,0.21875,0.1913577322195348,0.03271346743509448,0.921875
2129,2,0.328125,0.20503445899758133,0.03322539320677761,0.921875
2130,2,0.265625,0.21109351309782318,0.033449771462066936,0.921875
2131,2,0.34375,0.22435916178804086,0.0339356534836394,0.921875
2132,2,0.28125,0.23004824560923676,0.034141710794401106,0.921875
2133,2,0.203125,0.2273559210483131,0.03404437153532552,0.921875
2134,2,0.234375,0.22805782894348178,0.034069779164549806,0.921875
2135,2,0.15625,0.2208770460491336,0.033808839208426006,0.921875
2136,2,0.15625,0.21441434144422025,0.03357210237704086,0.921875
2137,2,0.21875,0.21484790729979825,0.03358803974767433,0.921875
2138,2,0.078125,0.20117561656981842,0.03308171125506014,0.921875
2139,2,0.078125,0.18887055491283658,0.03261958090773758,0.921875
2140,2,0.109375,0.1809209994215529,0.03231791794591857,0.921875
2141,2,0.109375,0.1737663994793976,0.032044410753578834,0.921875
2142,2,0.15625,0.17201475953145784,0.031977165489307874,0.921875
2143,2,0.140625,0.16887578357831207,0.031856386778990886,0.921875
2144,2,0.265625,0.17855070522048086,0.032227513871040135,0.921875
2145,2,0.359375,0.19663313469843277,0.03291180779576545,0.921875
2146,2,0.34375,0.2113448212285895,0.033459045116922125,0.921875
2147,2,0.453125,0.23552283910573052,0.03433865518595089,0.921875
2148,2,0.359375,0.24790805519515746,0.03477923801402009,0.921875
2149,2,0.28125,0.25124224967564174,0.034896648977958244,0.921875
2150,2,0.265625,0.25268052470807756,0.034947137768613766,0.921875
2151,2,0.25,0.2524124722372698,0.03493773541822854,0.921875
2152,2,0.078125,0.23498372501354284,0.034319320040939065,0.921875
2153,2,0.21875,0.23336035251218856,0.03426102015923733,0.921875
2154,2,0.171875,0.2272118172609697,0.034039152609782,0.921875
2155,2,0.171875,0.22167813553487273,0.03383806010229702,0.921875
2156,2,0.046875,0.20419782198138547,0.033194292711623136,0.921875
2157,2,0.03125,0.18690303978324693,0.03254514231500274,0.921875
2158,2,0.21875,0.19008773580492225,0.0326655571480559,0.921875
2159,2,0.109375,0.18201646222443002,0.03235962894860612,0.921875
2160,2,0.15625,0.17943981600198702,0.03226144929459482,0.921875
2161,2,0.203125,0.18180833440178834,0.032351707685034904,0.921875
2162,2,0.171875,0.18081500096160952,0.032313879562719354,0.921875
2163,2,0.25,0.18773350086544857,0.03257657987679608,0.921875
2164,2,0.203125,0.1892726507789037,0.032634775470533325,0.921875
2165,2,0.21875,0.19222038570101335,0.03274597516759147,0.921875
2166,2,0.140625,0.18706084713091203,0.03255111822387673,0.921875
2167,2,0.09375,0.17772976241782082,0.03219615443959168,0.921875
2168,2,0.140625,0.17401928617603873,0.03205410993484201,0.921875
2169,2,0.15625,0.17224235755843487,0.03198590917017182,0.921875
2170,2,0.09375,0.16439312180259139,0.03168330645915158,0.921875
2171,2,0.03125,0.15107880962233225,0.031165201959808375,0.921875
2172,2,0.109375,0.146908428660099,0.031001726174108665,0.921875
2173,2,0.078125,0.14003008579408913,0.030730912627212344,0.921875
2174,2,0.1875,0.1447770772146802,0.030917966974686885,0.921875
2175,2,0.09375,0.13967436949321219,0.03071686806881607,0.921875
2176,2,0.125,0.138206932543891,0.030658889860777874,0.921875
2177,2,0.078125,0.13219873928950188,0.03042084357010119,0.921875
2178,2,0.25,0.14397886536055168,0.030886561958672544,0.921875
2179,2,0.140625,0.14364347882449652,0.030873360562434945,0.921875
2180,2,0.171875,0.14646663094204687,0.030984375796674103,0.921875
2181,2,0.125,0.14431996784784218,0.03089998478067009,0.921875
2182,2,0.1875,0.14863797106305796,0.031069589999577363,0.921875
2183,2,0.140625,0.14783667395675218,0.03103816042979217,0.921875
2184,2,0.296875,0.16274050656107697,0.031619321650664355,0.921875
2185,2,0.296875,0.1761539559049693,0.03213589058639032,0.921875
2186,2,0.296875,0.18822606031447237,0.03259521353638663,0.921875
2187,2,0.35312498807907106,0.20471595309093224,0.033213556673385485,0.921875
2188,2,0.328125,0.217056857781839,0.033669115123375136,0.921875
2189,2,0.296875,0.22503867200365507,0.03396033933232962,0.921875
2190,2,0.25,0.22753480480328955,0.034050848805717154,0.921875
2191,2,0.1875,0.22353132432296058,0.03390555205914588,0.921875
2192,2,0.15625,0.21680319189066452,0.03365981527467046,0.921875
2193,2,0.15625,0.21074787270159806,0.03343701251296119,0.921875
2194,2,0.15625,0.20529808543143827,0.03323518714517539,0.921875
2195,2,0.125,0.19726827688829446,0.0329356135492108,0.921875
2196,2,0.109375,0.188478949199465,0.03260477678352099,0.921875
2197,2,0.234375,0.19306855427951852,0.03277790883530184,0.921875
2198,2,0.125,0.18626169885156668,0.032520846014673255,0.921875
2199,2,0.21875,0.18951052896641002,0.03264376158179306,0.921875
2200,2,0.078125,0.178371976069769,0.0322206886533172,0.921875
2201,2,0.046875,0.16522227846279214,0.03171537374639605,0.921875
2202,2,0.09375,0.15807505061651292,0.031438186307460696,0.921875
2203,2,0.171875,0.15945504555486162,0.031491840813433744,0.921875
2204,2,0.109375,0.15444704099937545,0.031296826297620386,0.921875
2205,2,0.234375,0.16243983689943792,0.031607670467652345,0.921875
2206,2,0.203125,0.16650835320949414,0.03176506503149368,0.921875
2207,2,0.296875,0.1795450178885447,0.032265462691898464,0.921875
2208,2,0.078125,0.16940301609969025,0.03187669755259651,0.921875
2209,2,0.140625,0.16652521448972124,0.03176571613487703,0.921875
2210,2,0.109375,0.16081019304074912,0.03154446691554454,0.921875
2211,2,0.09375,0.1541041737366742,0.03128344455002741,0.921875
2212,2,0.203125,0.1590062563630068,0.03147439879727028,0.921875
2213,2,0.234375,0.16654313072670612,0.03176640796487901,0.921875
2214,2,0.21875,0.17176381765403553,0.03196752285684553,0.921875
2215,2,0.28125,0.18271243588863198,0.03238610567737732,0.921875
2216,2,0.265625,0.19100369229976877,0.032700117644106165,0.921875
2217,2,0.109375,0.18284082306979188,0.03239098789414997,0.921875
2218,2,0.234375,0.1879942407628127,0.03258644489534681,0.921875
2219,2,0.109375,0.18013231668653143,0.03228786031587543,0.921875
2220,2,0.0625,0.16836908501787828,0.031836857815177595,0.921875
2221,2,0.078125,0.15934467651609047,0.03148755199150143,0.921875
2222,2,0.171875,0.1605977088644814,0.03153621935776368,0.921875
2223,2,0.171875,0.16172543797803327,0.03157997458256762,0.921875
2224,2,0.296875,0.1752403941802299,0.03210091163397325,0.921875
2225,2,0.359375,0.1936538547622069,0.032799929114768554,0.921875
2226,2,0.359375,0.2102259692859862,0.033417737600273244,0.921875
2227,2,0.375,0.22670337235738758,0.03402073130847183,0.921875
2228,2,0.40625,0.24465803512164883,0.03466429881520375,0.921875
2229,2,0.234375,0.24362973160948395,0.03462783152298055,0.921875
2230,2,0.3125,0.25051675844853555,0.03487114513265315,0.921875
2231,2,0.390625,0.264527582603682,0.03535932577120359,0.921875
2232,2,0.21875,0.25994982434331376,0.03520083886355912,0.921875
2233,2,0.25,0.2589548419089824,0.03516626022975205,0.921875
2234,2,0.265625,0.25962185771808416,0.03518944619836225,0.921875
2235,2,0.171875,0.2508471719462757,0.0348827634790845,0.921875
2236,2,0.078125,0.23357495475164813,0.03426873385140364,0.921875
2237,2,0.203125,0.23052995927648334,0.03415909327478319,0.921875
2238,2,0.3125,0.238726963348835,0.03445330169342992,0.921875
2239,2,0.171875,0.2320417670139515,0.03421357991596549,0.921875
2240,2,0.25,0.23383759031255633,0.03427817127623093,0.921875
2241,2,0.125,0.2229538312813007,0.03388453600423208,0.921875
2242,2,0.15625,0.21628344815317063,0.033640752025648396,0.921875
2243,2,0.125,0.20715510333785359,0.03330409642903293,0.921875
2244,2,0.140625,0.20050209300406824,0.0330565713646739,0.921875
2245,2,0.046875,0.18513938370366143,0.03247829109687027,0.921875
2246,2,0.03125,0.16975044533329528,0.031890076333537236,0.921875
2247,2,0.140625,0.16683790079996577,0.03177778881474191,0.921875
2248,2,0.03125,0.1532791107199692,0.03125122746791854,0.921875
2249,2,0.09375,0.14732619964797228,0.03101812732702379,0.921875
2250,2,0.078125,0.14040607968317506,0.030745753645199325,0.921875
2251,2,0.1875,0.14511547171485756,0.030931274876422422,0.921875
2252,2,0.078125,0.1384164245433718,0.030667170801319216,0.921875
2253,2,0.125,0.13707478208903462,0.030614114847117763,0.921875
2254,2,0.09375,0.13274230388013117,0.030442422986994268,0.921875
2255,2,0.171875,0.13665557349211804,0.030597526071266208,0.921875
2256,2,0.1875,0.14174001614290624,0.030798371481271576,0.921875
2257,2,0.203125,0.1478785145286156,0.03103980206054326,0.921875
2258,2,0.21875,0.15496566307575407,0.03131706024883637,0.921875
2259,2,0.203125,0.15978159676817866,0.03150452784147809,0.921875
2260,2,0.25,0.16880343709136078,0.03185359898393981,0.921875
2261,2,0.140625,0.1659855933822247,0.03174487359539879,0.921875
2262,2,0.21875,0.17126203404400225,0.03194823470026724,0.921875
2263,2,0.125,0.16663583063960202,0.03176998736497926,0.921875
2264,2,0.15625,0.16559724757564181,0.03172986771118096,0.921875
2265,2,0.21875,0.17091252281807764,0.03193479447080593,0.921875
2266,2,0.25,0.17882127053626987,0.03223784384455686,0.921875
2267,2,0.09375,0.17031414348264287,0.031911774096689056,0.921875
2268,2,0.1875,0.1720327291343786,0.03197785589863637,0.921875
2269,2,0.203125,0.17514195622094075,0.03209714077877564,0.921875
2270,2,0.1875,0.17637776059884666,0.03214445511343193,0.921875
2271,2,0.109375,0.16967748453896198,0.0318872671182314,0.921875
2272,2,0.0625,0.15895973608506578,0.031472590418019045,0.921875
2273,2,0.15625,0.1586887624765592,0.03146205543882565,0.921875
2274,2,0.125,0.15531988622890325,0.03133087512685281,0.921875
2275,2,0.171875,0.15697539760601292,0.031395386004483904,0.921875
2276,2,0.046875,0.14596535784541165,0.03096468228177613,0.921875
2277,2,0.109375,0.1423063220608705,0.03082069334576918,0.921875
2278,2,0.125,0.14057568985478341,0.03075244700352446,0.921875
2279,2,0.140625,0.1405806208693051,0.030752641584064336,0.921875
2280,2,0.140625,0.1405850587823746,0.030752816705920994,0.921875
2281,2,0.21875,0.14840155290413715,0.031060318998314563,0.921875
2282,2,0.21875,0.15543639761372344,0.031335418226160885,0.921875
2283,2,0.265625,0.16645525785235107,0.03176301467369863,0.921875
2284,2,0.265625,0.17637223206711597,0.0321442435703305,0.921875
2285,2,0.265625,0.18529750886040436,0.032484289630460114,0.921875
2286,2,0.1875,0.18551775797436393,0.03249264328087841,0.921875
2287,2,0.09375,0.17634098217692754,0.03214304780718632,0.921875
2288,2,0.109375,0.16964438395923478,0.03188599258188942,0.921875
2289,2,0.17187501192092897,0.1698674467554042,0.03189458085556156,0.921875
2290,2,0.359375,0.18881820207986375,0.032617602120509855,0.921875
2291,2,0.265625,0.19649888187187736,0.03290677382389362,0.921875
2292,2,0.421875,0.2190364936846896,0.033741598315384085,0.921875
2293,2,0.171875,0.21432034431622066,0.0335686461108923,0.921875
2294,2,0.296875,0.22257580988459857,0.0338707713066601,0.921875
2295,2,0.1875,0.21906822889613872,0.03374275892350493,0.921875
2296,2,0.046875,0.20184890600652486,0.03310682417689973,0.921875
2297,2,0.0625,0.18791401540587238,0.0325834098691407,0.921875
2298,2,0.140625,0.18318511386528516,0.03240407729061719,0.921875
2299,2,0.21875,0.18674160247875665,0.03253902796376131,0.921875
2300,2,0.21875,0.189942442230881,0.03266007201275531,0.921875
2301,2,0.140625,0.1850106980077929,0.03247340866148742,0.921875
2302,2,0.1875,0.1852596282070136,0.03248285270069962,0.921875
2303,2,0.28125,0.19485866538631225,0.03284521450239511,0.921875
2304,2,0.234375,0.19881029884768103,0.03299334342594393,0.921875
2305,2,0.109375,0.18986676896291294,0.032657214866718916,0.921875
2306,2,0.171875,0.18806759206662163,0.03258921965194208,0.921875
2307,2,0.171875,0.18644833285995946,0.03252791799617751,0.921875
2308,2,0.1875,0.1865534995739635,0.03253190241557351,0.921875
2309,2,0.15625,0.18352314961656715,0.03241692455246579,0.921875
2310,2,0.265625,0.19173333465491044,0.03272762497118096,0.921875
2311,2,0.203125,0.1928725011894194,0.032770529900105316,0.921875
2312,2,0.25,0.19858525107047745,0.03298492403251822,0.921875
2313,2,0.171875,0.1959142259634297,0.03288484314103681,0.921875
2314,2,0.140625,0.19038530336708673,0.03267678840110983,0.921875
2315,2,0.265625,0.19790927303037806,0.03295962249978199,0.921875
2316,2,0.09375,0.18749334572734025,0.03256749137743662,0.921875
2317,2,0.125,0.1812440111546062,0.03233022163476656,0.921875
2318,2,0.09375,0.17249461003914557,0.03199559784077157,0.921875
2319,2,0.15625,0.170870149035231,0.03193316471882639,0.921875
2320,2,0.3125,0.1850331341317079,0.03247425995055178,0.921875
2321,2,0.15625,0.1821548207185371,0.032364893923783535,0.921875
2322,2,0.109375,0.1748768386466834,0.032086983194028466,0.921875
2323,2,0.1875,0.17613915478201506,0.03213532411474611,0.921875
2324,2,0.125,0.17102523930381353,0.03193912938571624,0.921875
2325,2,0.1875,0.17267271537343218,0.032002437248849824,0.921875
2326,2,0.265625,0.18196794383608894,0.03235778250225394,0.921875
2327,2,0.296875,0.19345864945248004,0.03279258655348848,0.921875
2328,2,0.3125,0.20536278450723203,0.033237590335841026,0.921875
2329,2,0.296875,0.21451400605650883,0.03357576663053164,0.921875
2330,2,0.359375,0.22900010545085794,0.03410385374317714,0.921875
2331,2,0.28125,0.23422509490577215,0.03429209008785999,0.921875
2332,2,0.25,0.23580258541519494,0.034348683080949606,0.921875
2333,2,0.25,0.23722232687367545,0.03439952173657672,0.921875
2334,2,0.140625,0.22756259418630792,0.034051854916678455,0.921875
2335,2,0.171875,0.22199383476767712,0.033849568116682036,0.921875
2336,2,0.3125,0.23104445129090942,0.03417764726104741,0.921875
2337,2,0.125,0.22044000616181847,0.03379288594769313,0.921875
2338,2,0.125,0.21089600554563664,0.03344248128789902,0.921875
2339,2,0.125,0.202306404991073,0.03312387794081456,0.921875
2340,2,0.203125,0.20238826449196567,0.03312692845051454,0.921875
2341,2,0.265625,0.2087119380427691,0.03336175763333705,0.921875
2342,2,0.34375,0.2222157442384922,0.03385765469835247,0.921875
2343,2,0.571874988079071,0.25718166862255004,0.03510452149399556,0.921875
2344,2,0.171875,0.24865100176029503,0.034805444708778374,0.921875
2345,2,0.15625,0.23941090158426553,0.0344777139148369,0.921875
2346,2,0.4593749761581421,0.2614073090416532,0.03525140639540462,0.921875
2347,2,0.1875,0.2540165781374879,0.034993952004265236,0.921875
2348,2,0.125,0.2411149203237391,0.03453844467840478,0.921875
2349,2,0.09375,0.2263784282913652,0.034008952462855443,0.921875
2350,2,0.03125,0.20686558546222866,0.033293362436530825,0.921875
2351,2,0.109375,0.19711652691600579,0.032929927263783944,0.921875
2352,2,0.203125,0.19771737422440522,0.03295243650884168,0.921875
2353,2,0.234375,0.2013831368019647,0.03308945346623498,0.921875
2354,2,0.203125,0.20155732312176822,0.0330959507108109,0.921875
2355,2,0.140625,0.1954640908095914,0.032867949198128625,0.921875
2356,2,0.125,0.18841768172863227,0.03260246011754926,0.921875
2357,2,0.21875,0.19145091355576904,0.032716980218155174,0.921875
2358,2,0.15625,0.18793082220019214,0.03258404571170808,0.921875
2359,2,0.203125,0.1894502399801729,0.032641484304750466,0.921875
2360,2,0.265625,0.1970677159821556,0.03292809805530153,0.921875
2361,2,0.28125,0.20548594438394005,0.03324216452993088,0.921875
2362,2,0.125,0.19743734994554607,0.032941947879821146,0.921875
2363,2,0.21875,0.19956861495099149,0.033021698356984826,0.921875
2364,2,0.140625,0.19367425345589234,0.03280069631660281,0.921875
2365,2,0.109375,0.1852443281103031,0.032482272305547476,0.921875
2366,2,0.171875,0.1839073952992728,0.03243152283693179,0.921875
2367,2,0.296875,0.19520415576934552,0.03285818998686067,0.921875
2368,2,0.28125,0.20380874019241096,0.03317981959313598,0.921875
2369,2,0.25,0.20842786617316986,0.033351243775851094,0.921875
2370,2,0.265625,0.21414757955585287,0.0335622925978031,0.921875
2371,2,0.265625,0.21929532160026757,0.03375106281865805,0.921875
2372,2,0.28125,0.2254907894402408,0.03397675315874914,0.921875
2373,2,0.1875,0.22169171049621672,0.03383855503119665,0.921875
2374,2,0.1875,0.21827253944659505,0.03371364632443714,0.921875
2375,2,0.078125,0.20425778550193555,0.03319652269615598,0.921875
2376,2,0.125,0.19633200695174197,0.03290051565399293,0.921875
2377,2,0.125,0.18919880625656776,0.032631985469397676,0.921875
2378,2,0.15625,0.185903925630911,0.0325072854843015,0.921875
2379,2,0.125,0.1798135330678199,0.03227570455184776,0.921875
2380,2,0.1875,0.18058217976103788,0.03230500795708022,0.921875
2381,2,0.078125,0.17033646178493408,0.03191263293686517,0.921875
2382,2,0.21875,0.1751778156064407,0.03209851448212998,0.921875
2383,2,0.171875,0.17484753404579662,0.03208586027566336,0.921875
2384,2,0.203125,0.17767528064121696,0.03219407239909457,0.921875
2385,2,0.125,0.17240775257709529,0.03199226202236736,0.921875
2386,2,0.171875,0.17235447731938575,0.031990215817113365,0.921875
2387,2,0.1875,0.17386902958744715,0.032048347292440264,0.921875
2388,2,0.140625,0.17054462662870246,0.03192064256654435,0.921875
2389,2,0.296875,0.18317766396583218,0.032403794104176896,0.921875
2390,2,0.203125,0.18517239756924897,0.03247954356764882,0.921875
2391,2,0.296875,0.19634265781232407,0.0329009151171437,0.921875
2392,2,0.3125,0.20795839203109168,0.033333860657425406,0.921875
2393,2,0.25,0.21216255282798252,0.03348920246468018,0.921875
2394,2,0.171875,0.20813379754518427,0.033340356421950094,0.921875
2395,2,0.21875,0.20919541779066586,0.03337964417051918,0.921875
2396,2,0.203125,0.2085883760115993,0.03335718485596537,0.921875
2397,2,0.21875,0.20960453841043938,0.03339477221576629,0.921875
2398,2,0.1875,0.20739408456939543,0.03331295416319034,0.921875
2399,2,0.125,0.1991546761124559,0.03300622321477741,0.921875
2400,2,0.125,0.19173920850121035,0.03272784632985973,0.921875
2401,2,0.1875,0.1913152876510893,0.03271186723309214,0.921875
2402,2,0.28125,0.20030875888598035,0.03304935162677346,0.921875
2403,2,0.28125,0.2084028829973823,0.033350318957892804,0.921875
2404,2,0.40625,0.22818759469764407,0.03407447405939328,0.921875
2405,2,0.25,0.23036883522787965,0.03415328030324085,0.921875
2406,2,0.265625,0.23389445170509168,0.034280214103571655,0.921875
2407,2,0.265625,0.2370675065345825,0.0343939822540303,0.921875
2408,2,0.28125,0.24148575588112423,0.03455164375686351,0.921875
2409,2,0.203125,0.2376496802930118,0.03441480689280027,0.921875
2410,2,0.140625,0.22794721226371065,0.03406577649701989,0.921875
2411,2,0.046875,0.2098399910373396,0.0334034754036261,0.921875
2412,2,0.0625,0.19510599193360564,0.03285450375281828,0.921875
2413,2,0.109375,0.18653289274024507,0.03253112172385662,0.921875
2414,2,0.109375,0.17881710346622054,0.03223768476950027,0.921875
2415,2,0.09375,0.17031039311959847,0.03191162977562433,0.921875
2416,2,0.21875,0.17515435380763864,0.0320976157114959,0.921875
2417,2,0.09375,0.16701391842687477,0.031784583277151515,0.921875
2418,2,0.140625,0.1643750265841873,0.03168260636951489,0.921875
2419,2,0.09375,0.15731252392576855,0.0314085117937098,0.921875
2420,2,0.125,0.15408127153319168,0.031282550564130436,0.921875
2421,2,0.26562501192092897,0.1652356455719654,0.031715890519090684,0.921875
2422,2,0.234375,0.17214958101476888,0.03198234517801126,0.921875
2423,2,0.234375,0.178372122913292,0.03222069426138506,0.921875
2424,2,0.140625,0.1745974106219628,0.032076274571017284,0.921875
2425,2,0.140625,0.17120016955976652,0.03194585605803088,0.921875
2426,2,0.1875,0.17283015260378987,0.03200848203589227,0.921875
2427,2,0.265625,0.18210963734341087,0.032363174633106846,0.921875
2428,2,0.3125,0.1951486736090698,0.03285610657544507,0.921875
2429,2,0.140625,0.18969630624816283,0.03265077800899142,0.921875
2430,2,0.09375,0.18010167562334656,0.03228669208325,0.921875
2431,2,0.21875,0.18396650806101192,0.03243376815944454,0.921875
2432,2,0.1875,0.1843198572549107,0.03244718693130776,0.921875
2433,2,0.078125,0.17370037152941964,0.03204187794731411,0.921875
2434,2,0.15625,0.17195533437647767,0.031974882235836354,0.921875
2435,2,0.125,0.16725980093882992,0.031794072785102816,0.921875
2436,2,0.09375,0.15990882084494693,0.03150946972473092,0.921875
2437,2,0.15625,0.15954293876045222,0.03149525595566577,0.921875
2438,2,0.1875,0.162338644884407,0.031603748503959375,0.921875
2439,2,0.109375,0.1570422803959663,0.03139799034175833,0.921875
2440,2,0.15625,0.15696305235636968,0.031394905278724426,0.921875
2441,2,0.140625,0.1553292471207327,0.031331240150279785,0.921875
2442,2,0.125,0.15229632240865942,0.031212822609546387,0.921875
2443,2,0.21875,0.1589416901677935,0.03147188890089417,0.921875
2444,2,0.34375,0.17742252115101415,0.03218441168218682,0.921875
2445,2,0.296875,0.18936776903591274,0.03263836892898286,0.921875
2446,2,0.234375,0.19386849213232146,0.03280800088393543,0.921875
2447,2,0.1875,0.1932316429190893,0.03278404593024642,0.921875
2448,2,0.1875,0.19265847862718039,0.03276247292874782,0.921875
2449,2,0.125,0.18589263076446233,0.03250685730052342,0.921875
2450,2,0.15625,0.1829283676880161,0.03239431662471224,0.921875
2451,2,0.1875,0.18338553091921447,0.03241169478499578,0.921875
2452,2,0.078125,0.17285947782729302,0.032009607876752236,0.921875
2453,2,0.21875,0.17744853004456373,0.03218540587575924,0.921875
2454,2,0.15625,0.17532867704010738,0.03210429317966159,0.921875
2455,2,0.15625,0.17342080933609663,0.03203115231188077,0.921875
2456,2,0.203125,0.17639122840248694,0.03214497043925666,0.921875
2457,2,0.25,0.18375210556223825,0.032425623728758325,0.921875
2458,2,0.21875,0.18725189500601444,0.03255835162724776,0.921875
2459,2,0.21875,0.190401705505413,0.03267740737644184,0.921875
2460,2,0.203125,0.19167403495487167,0.032725390158881575,0.921875
2461,2,0.1875,0.1912566314593845,0.03270965572199334,0.921875
2462,2,0.125,0.18463096831344605,0.03245899777312692,0.921875
2463,2,0.1875,0.18491787148210145,0.03246988636217556,0.921875
2464,2,0.09375,0.1758010843338913,0.032122383241681735,0.921875
2465,2,0.140625,0.1722834759005022,0.03198748862447947,0.921875
2466,2,0.203125,0.175367628310452,0.032105785061144955,0.921875
2467,2,0.078125,0.1656433654794068,0.03173165000485752,0.921875
2468,2,0.109375,0.16001652893146612,0.03151365310369544,0.921875
2469,2,0.09375,0.1533898760383195,0.031255553925090794,0.921875
2470,2,0.140625,0.15211338843448755,0.031205670558847307,0.921875
2471,2,0.15625,0.1525270495910388,0.0312218416546986,0.921875
2472,2,0.125,0.1497743446319349,0.031114127438124535,0.921875
2473,2,0.203125,0.1551094101687414,0.03132266695394166,0.921875
2474,2,0.171875,0.15678596915186727,0.031388009077080954,0.921875
2475,2,0.15625,0.15673237223668054,0.031385921632047,0.921875
2476,2,0.125,0.1535591350130125,0.03126216435327803,0.921875
2477,2,0.09375,0.14757822151171124,0.031028018724499118,0.921875
2478,2,0.1875,0.15157039936054012,0.031184435296104637,0.921875
2479,2,0.21875,0.15828835942448613,0.0314464839676255,0.921875
2480,2,0.296875,0.17214702348203753,0.03198224692654796,0.921875
2481,2,0.265625,0.18149482113383378,0.03233977244212353,0.921875
2482,2,0.140625,0.1774078390204504,0.0321838504447662,0.921875
2483,2,0.203125,0.17997955511840535,0.0322820357257671,0.921875
2484,2,0.171875,0.17916909960656482,0.03225111972569611,0.921875
2485,2,0.15625,0.17687718964590834,0.03216356060948755,0.921875
2486,2,0.203125,0.1795019706813175,0.03226382051273951,0.921875
2487,2,0.234375,0.18498927361318576,0.03247259574248826,0.921875
2488,2,0.125,0.17899034625186716,0.03224429765499656,0.921875
2489,2,0.15625,0.17671631162668044,0.03215740726693927,0.921875
2490,2,0.0625,0.1652946804640124,0.03171817273515066,0.921875
2491,2,0.15625,0.16439021241761118,0.03168319389811764,0.921875
2492,2,0.203125,0.16826369117585005,0.031832794635604005,0.921875
2493,2,0.078125,0.15924982205826504,0.031483865722280846,0.921875
2494,2,0.125,0.15582483985243856,0.03135056142557273,0.921875
2495,2,0.125,0.1527423558671947,0.03123025634510367,0.921875
2496,2,0.109375,0.14840562028047521,0.031060478513104672,0.921875
2497,2,0.109375,0.1445025582524277,0.030907168468770025,0.921875
2498,2,0.234375,0.15348980242718493,0.03125945667428863,0.921875
2499,2,0.109375,0.14907832218446643,0.03108685338373486,0.921875
2500,2,0.125,0.14667048996601978,0.030992382554297787,0.921875
2501,2,0.1875,0.15075344096941778,0.03115246770887799,0.921875
2502,2,0.15625,0.151303096872476,0.03117397811282508,0.921875
2503,2,0.1875,0.1549227871852284,0.03131538778807752,0.921875
2504,2,0.171875,0.15661800846670557,0.031381467175072494,0.921875
2505,2,0.0625,0.14720620762003503,0.031013417156103118,0.921875
2506,2,0.15625,0.14811058685803152,0.031048906502053386,0.921875
2507,2,0.265625,0.15986202817222836,0.03150765217680334,0.921875
2508,2,0.21875,0.16575082535500554,0.031735802662280786,0.921875
2509,2,0.25,0.174175742819505,0.032060109496375104,0.921875
2510,2,0.140625,0.1708206685375545,0.03193126155235539,0.921875
2511,2,0.109375,0.16467610168379906,0.03169425325685577,0.921875
2512,2,0.125,0.16070849151541916,0.03154051956895007,0.921875
2513,2,0.1875,0.16338764236387723,0.03164438817263592,0.921875
2514,2,0.1875,0.1657988781274895,0.03173765947412069,0.921875
2515,2,0.125,0.16171899031474057,0.03157972453978671,0.921875
2516,2,0.125,0.1580470912832665,0.031437098583600005,0.921875
2517,2,0.046875,0.14692988215493985,0.031002568544478023,0.921875
2518,2,0.125,0.1447368939394459,0.030916386467301216,0.921875
2519,2,0.140625,0.1443257045455013,0.030900210496335546,0.921875
2520,2,0.09375,0.13926813409095118,0.03070082423358227,0.921875
2521,2,0.109375,0.13627882068185607,0.030582612911548575,0.921875
2522,2,0.171875,0.13983843861367046,0.0307233463967629,0.921875
2523,2,0.125,0.13835459475230344,0.030664726888048395,0.921875
2524,2,0.09375,0.1338941352770731,0.03048812232659552,0.921875
2525,2,0.203125,0.14081722174936578,0.030761977119438177,0.921875
2526,2,0.21875,0.1486104995744292,0.031068512812079136,0.921875
2527,2,0.09375,0.14312444961698628,0.030852923838578357,0.921875
2528,2,0.140625,0.14287450465528767,0.030843079325230907,0.921875
2529,2,0.21875,0.15046205418975891,0.031141060552122575,0.921875
2530,2,0.0625,0.14166584877078303,0.030795447329580086,0.921875
2531,2,0.09375,0.13687426389370472,0.030606180659805183,0.921875
2532,2,0.125,0.13568683750433425,0.030559171754937955,0.921875
2533,2,0.171875,0.1393056537539008,0.030702306240642553,0.921875
2534,2,0.375,0.16287508837851072,0.03162453579938931,0.921875
2535,2,0.4375,0.19033757954065963,0.03267498736516252,0.921875
2536,2,0.375,0.20880382158659366,0.03336515764650949,0.921875
2537,2,0.484375,0.2363609394279343,0.034368687600672986,0.921875
2538,2,0.4375,0.2564748454851409,0.035079869977071944,0.921875
2539,2,0.203125,0.25113986093662677,0.03489305109268001,0.921875
2540,2,0.15625,0.2416508748429641,0.034557518799294175,0.921875
2541,2,0.3125,0.2487357873586677,0.03480843381906307,0.921875
2542,2,0.26562501192092897,0.25042470981489384,0.03486790752171919,0.921875
2543,2,0.25,0.2503822388334045,0.03486641356490228,0.921875
2544,2,0.28125,0.253469014950064,0.03497477588796124,0.921875
2545,2,0.28125,0.25624711345505763,0.03507192248895128,0.921875
2546,2,0.34375,0.26499740210955186,0.03537553505615076,0.921875
2547,2,0.296875,0.26818516189859665,0.035485237599896545,0.921875
2548,2,0.4093750238418579,0.28230414809292276,0.035965220012221036,0.921875
2549,2,0.421875,0.29626123328363047,0.036430062358901276,0.921875
2550,2,0.34375,0.3010101099552674,0.03658600311431994,0.921875
2551,2,0.25,0.2959090989597406,0.03641845398558975,0.921875
2552,2,0.15625,0.28194318906376653,0.035953070200735425,0.921875
2553,2,0.15625,0.2693738701573899,0.03552602071406408,0.921875
2554,2,0.203125,0.2627489831416509,0.03529786691614031,0.921875
2555,2,0.171875,0.2536615848274858,0.03498152143800125,0.921875
2556,2,0.21875,0.25017042634473724,0.03485896161484539,0.921875
2557,2,0.234375,0.24859088371026353,0.03480332505039265,0.921875
2558,2,0.234375,0.24716929533923718,0.03475315381602587,0.921875
2559,2,0.28125,0.2505773658053135,0.034873276650769724,0.921875
2560,2,0.171875,0.24270712922478213,0.03459507176698918,0.921875
2561,2,0.3125,0.24968641630230393,0.03484192547067255,0.921875
2562,2,0.203125,0.24503027467207356,0.03467748785303137,0.921875
2563,2,0.125,0.23302724720486623,0.03424904292772747,0.921875
2564,2,0.15625,0.22534952248437962,0.033971625508023635,0.921875
2565,2,0.15625,0.21843957023594165,0.03371975986381633,0.921875
2566,2,0.03125,0.1997206132123475,0.03302737910731712,0.921875
2567,2,0.234375,0.20318605189111275,0.03315664396799162,0.921875
2568,2,0.265625,0.20942994670200146,0.033388317188165685,0.921875
2569,2,0.171875,0.20567445203180132,0.033249164560486696,0.921875
2570,2,0.15625,0.2007320068286212,0.033065155158603574,0.921875
2571,2,0.15625,0.19628380614575908,0.03289870781485265,0.921875
2572,2,0.3125,0.20790542553118319,0.0333318989085168,0.921875
2573,2,0.265625,0.21367738297806485,0.03354499453140119,0.921875
2574,2,0.4375,0.23605964468025836,0.034357894645062365,0.921875
2575,2,0.559375,0.2683911802122325,0.03549231069767911,0.921875
2576,2,0.34375,0.27592706219100926,0.03574962822533426,0.921875
2577,2,0.1875,0.2670843559719083,0.035447409809772096,0.921875
2578,2,0.3125,0.2716259203747175,0.035603099256689766,0.921875
2579,2,0.296875,0.27415082833724574,0.03568922522462994,0.921875
2580,2,0.078125,0.2545482455035212,0.03501255805244218,0.921875
2581,2,0.203125,0.24940592095316905,0.034832047664617415,0.921875
2582,2,0.140625,0.23852782885785215,0.03444618990647729,0.921875
2583,2,0.203125,0.23498754597206695,0.03431945712393874,0.921875
2584,2,0.171875,0.22867629137486026,0.03409214837469661,0.921875
2585,2,0.296875,0.23549616223737424,0.03433769873405237,0.921875
2586,2,0.234375,0.23538404601363683,0.03433367865800214,0.921875
2587,2,0.25,0.23684564141227316,0.03438604203168588,0.921875
2588,2,0.234375,0.23659857727104586,0.03437719737918492,0.921875
2589,2,0.203125,0.2332512195439413,0.03425709668471839,0.921875
2590,2,0.140625,0.22398859758954717,0.03392218287233347,0.921875
2591,2,0.15625,0.21721473783059245,0.03367490191410542,0.921875
2592,2,0.125,0.2079932640475332,0.033335152168133285,0.921875
2593,2,0.140625,0.2012564376427799,0.03308472675162926,0.921875
2594,2,0.140625,0.19519329387850193,0.03285778212137131,0.921875
2595,2,0.15625,0.19129896449065173,0.0327112518152845,0.921875
2596,2,0.1875,0.19091906804158654,0.03269692599642661,0.921875
2597,2,0.234375,0.1952646612374279,0.03286046189052743,0.921875
2598,2,0.140625,0.1898006951136851,0.03265471997912702,0.921875
2599,2,0.23437501192092897,0.19425812679440949,0.03282264908657553,0.921875
2600,2,0.078125,0.18264481411496855,0.032383533956247906,0.921875
2601,2,0.140625,0.1784428327034717,0.03222339463090514,0.921875
2602,2,0.171875,0.1777860494331245,0.03219830535362436,0.921875
2603,2,0.078125,0.16781994448981205,0.03181568288379299,0.921875
2604,2,0.109375,0.16197545004083083,0.031589669052172524,0.921875
2605,2,0.140625,0.15984040503674776,0.0315068122535975,0.921875
2606,2,0.09375,0.15323136453307298,0.031249362394229208,0.921875
2607,2,0.109375,0.14884572807976568,0.031077735606677388,0.921875
2608,2,0.125,0.1464611552717891,0.030984160716532195,0.921875
2609,2,0.1875,0.1505650397446102,0.031145092523164317,0.921875
2610,2,0.140625,0.14957103577014919,0.03110616225608176,0.921875
2611,2,0.125,0.1471139321931343,0.031009794665262765,0.921875
2612,2,0.09375,0.14177753897382087,0.03079985080714753,0.921875
2613,2,0.03125,0.13072478507643878,0.030362285266528285,0.921875
2614,2,0.1875,0.1364023065687949,0.030587501364925652,0.921875
2615,2,0.171875,0.13994957591191542,0.030727734232041566,0.921875
2616,2,0.140625,0.1400171183207239,0.030730400706311962,0.921875
2617,2,0.09375,0.1353904064886515,0.030547429908265013,0.921875
2618,2,0.28125,0.14997636583978635,0.031122040865265155,0.921875
2619,2,0.234375,0.15841622925580773,0.031451457343450125,0.921875
2620,2,0.46875,0.18944960633022695,0.03264146036934609,0.921875
2621,2,0.28125,0.19862964569720423,0.03298658506553911,0.921875
2622,2,0.390625,0.2178291811274838,0.033697413093035346,0.921875
2623,2,0.3125,0.22729626301473543,0.03404221104397192,0.921875
2624,2,0.265625,0.23112913671326188,0.03418070012969925,0.921875
2625,2,0.21875,0.2298912230419357,0.03413604247935494,0.921875
2626,2,0.171875,0.22408960073774215,0.03392585509014235,0.921875
2627,2,0.234375,0.22511814066396793,0.03396322503254217,0.921875
2628,2,0.1875,0.22135632659757112,0.03382632496702229,0.921875
2629,2,0.25,0.22422069393781402,0.033930620647531363,0.921875
2630,2,0.28125,0.22992362454403262,0.034137212221190275,0.921875
2631,2,0.1875,0.22568126208962935,0.03398366548527905,0.921875
2632,2,0.28125,0.2312381358806664,0.03418462903135036,0.921875
2633,2,0.265625,0.23467682229259976,0.034308307289819484,0.921875
2634,2,0.390625,0.2502716400633398,0.03486252275719828,0.921875
2635,2,0.28125,0.2533694760570058,0.034971288452411514,0.921875
2636,2,0.265625,0.25459502845130527,0.035014194620676085,0.921875
2637,2,0.28125,0.25726052560617474,0.03510727029528892,0.921875
2638,2,0.3125,0.26278447304555724,0.03529909472791397,0.921875
2639,2,0.15625,0.2521310257410015,0.03492785965733332,0.921875
2640,2,0.234375,0.25035542316690135,0.03486547025556017,0.921875
2641,2,0.21875,0.2471948808502112,0.034754057610854726,0.921875
2642,2,0.234375,0.2459128927651901,0.034708735090239834,0.921875
2643,2,0.171875,0.23850910348867108,0.03444552106648285,0.921875
2644,2,0.171875,0.23184569313980397,0.034206518969196395,0.921875
2645,2,0.09375,0.21803612382582357,0.0337049911839104,0.921875
2646,2,0.140625,0.21029501144324123,0.03342028811063899,0.921875
2647,2,0.140625,0.20332801029891712,0.033161928852776655,0.921875
2648,2,0.265625,0.2095577092690254,0.03339304096634801,0.921875
2649,2,0.34375,0.22297693834212284,0.033885377189894206,0.921875
2650,2,0.790624988079071,0.27974174331581764,0.03587883141434905,0.921875
2651,2,0.571874988079071,0.30895506779214293,0.03684434289920456,0.921875
2652,2,0.4375,0.3218095610129287,0.03725548820365893,0.921875
2653,2,0.6781250059604644,0.35744110550768227,0.03835019661571058,0.921875
2654,2,0.6906250238418579,0.3907594973410998,0.039313037428920915,0.921875
2655,2,0.728124988079071,0.4244960464148969,0.040227565248204394,0.921875
2656,2,0.375,0.4195464417734072,0.04009719347401045,0.921875
2657,2,0.28125,0.4057167975960665,0.03972599895673692,0.921875
2658,2,0.234375,0.38858261783645986,0.039251938280418626,0.921875
2659,2,0.234375,0.3731618560528139,0.038811871048202794,0.921875
2660,2,0.1875,0.3545956704475325,0.03826523131856106,0.921875
2661,2,0.171875,0.3363236034027792,0.03770943726609983,0.921875
2662,2,0.21875,0.3245662430625013,0.037342550230125865,0.921875
2663,2,0.203125,0.3124221187562512,0.03695607042449928,0.921875
2664,2,0.125,0.2936799068806261,0.03634482267376634,0.921875
2665,2,0.171875,0.28149941619256347,0.03593812411188855,0.921875
2666,2,0.15625,0.26897447457330714,0.03551232552022099,0.921875
2667,2,0.203125,0.2623895271159764,0.03528542777330835,0.921875
2668,2,0.265625,0.2627130744043788,0.03529662455347617,0.921875
2669,2,0.390625,0.2755042669639409,0.03573526446740363,0.921875
2670,2,0.3031249761581421,0.278266337883361,0.03582894375430825,0.921875
2671,2,0.25,0.27543970409502494,0.035733070286897615,0.921875
2672,2,0.125,0.26039573368552243,0.0352163203860303,0.921875
2673,2,0.125,0.24685616031697022,0.034742090049065665,0.921875
2674,2,0.15625,0.2377955442852732,0.03442002213634632,0.921875
2675,2,0.265625,0.24057848985674588,0.034519340595865596,0.921875
2676,2,0.171875,0.23370814087107128,0.03427352008285599,0.921875
2677,2,0.47812498807907106,0.2581498255918713,0.0351382493324782,0.921875
2678,2,0.234375,0.25577234303268415,0.03505534593580905,0.921875
2679,2,0.35937501192092897,0.2661326099215086,0.0354146574762121,0.921875
2680,2,0.328125,0.27233184892935774,0.0356272099359512,0.921875
2681,2,0.28125,0.27322366403642195,0.03565763502275432,0.921875
2682,2,0.296875,0.27558879763277977,0.035738136950590374,0.921875
2683,2,0.38437498807907106,0.2864674166774089,0.03610489055561711,0.921875
2684,2,0.29687501192092897,0.2875081762017609,0.036139672368046764,0.921875
2685,2,0.234375,0.28219485858158483,0.03596154202472268,0.921875
2686,2,0.234375,0.27741287272342635,0.0358000370791932,0.921875
2687,2,0.21875,0.27154658545108373,0.03560038810187481,0.921875
2688,2,0.23437501192092897,0.26782942809806826,0.0354730196179962,0.921875
2689,2,0.234375,0.26448398528826145,0.0353578210826513,0.921875
2690,2,0.375,0.2755355867594353,0.0357363288031498,0.921875
2691,2,0.171875,0.26516952808349176,0.035381470954275955,0.921875
2692,2,0.140625,0.2527150752751426,0.034948349439488144,0.921875
2693,2,0.25,0.25244356774762833,0.03493882631211135,0.921875
2694,2,0.171875,0.2443867109728655,0.034654681382769496,0.921875
2695,2,0.234375,0.24338553987557895,0.034619164535247236,0.921875
2696,2,0.203125,0.23935948588802108,0.0344758794359604,0.921875
2697,2,0.3125,0.24667353729921898,0.034735635487527707,0.921875
2698,2,0.09375,0.23138118356929707,0.034189784424549334,0.921875
2699,2,0.1875,0.22699306521236737,0.03403122845793629,0.921875
2700,2,0.109375,0.21523125869113063,0.03360212470485578,0.921875
2701,2,0.203125,0.21402063282201755,0.03355762326743487,0.921875
2702,2,0.15625,0.2082435695398158,0.03334442094629466,0.921875
2703,2,0.1875,0.2061692125858342,0.033267530060965805,0.921875
2704,2,0.234375,0.2089897913272508,0.03337203811236985,0.921875
2705,2,0.296875,0.2177783121945257,0.03369555003122545,0.921875
2706,2,0.203125,0.21631298097507312,0.03364183554165109,0.921875
2707,2,0.234375,0.21811918287756582,0.033708032234123095,0.921875
2708,2,0.203125,0.21661976458980925,0.03365308880194324,0.921875
2709,2,0.40625,0.23558278813082834,0.03434080443622025,0.921875
2710,2,0.140625,0.2260870093177455,0.03399838495158597,0.921875
2711,2,0.125,0.21597830838597093,0.033629554736569964,0.921875
2712,2,0.1875,0.21313047754737383,0.033524862762332366,0.921875
2713,2,0.21875,0.21369242979263645,0.03354554823244678,0.921875
2714,2,0.125,0.2048231868133728,0.03321754222732635,0.921875
2715,2,0.28125,0.21246586813203552,0.03350038142307307,0.921875
2716,2,0.265625,0.21778178131883197,0.033695677090517684,0.921875
2717,2,0.42187501192092897,0.23819110437904167,0.034434160243213566,0.921875
2718,2,0.234375,0.2378094939411375,0.03442052084443434,0.921875
2719,2,0.234375,0.23746604454702377,0.03440823979422638,0.921875
2720,2,0.23437501192092897,0.2371569412844143,0.03439718236670118,0.921875
2721,2,0.109375,0.22437874715597286,0.03393636527823889,0.921875
2722,2,0.140625,0.2160033724403756,0.033630474625541674,0.921875
2723,2,0.15625,0.21002803519633803,0.03341042455278092,0.921875
2724,2,0.125,0.20152523167670422,0.03309475377420836,0.921875
2725,2,0.125,0.19387270850903382,0.0328081594292244,0.921875
2726,2,0.265625,0.20104793765813042,0.03307694692124815,0.921875
2727,2,0.234375,0.2043806438923174,0.03320109122276654,0.921875
2728,2,0.234375,0.20738007950308565,0.03331243513626608,0.921875
2729,2,0.3125,0.2178920715527771,0.03369971628703504,0.921875
2730,2,0.390625,0.23516536439749938,0.03432583592436954,0.921875
2731,2,0.359375,0.24758632795774943,0.034767881524896016,0.921875
2732,2,0.328125,0.25564019516197445,0.035050730130295187,0.921875
2733,2,0.203125,0.250388675645777,0.034866639991213255,0.921875
2734,2,0.171875,0.2425373080811993,0.034589037540797174,0.921875
2735,2,0.09375,0.22765857727307937,0.03405532971215636,0.921875
2736,2,0.140625,0.21895521954577143,0.033738625792642515,0.921875
2737,2,0.29062498807907106,0.2261221963991014,0.03399966111098575,0.921875
2738,2,0.359375,0.23944747675919123,0.03447901882093615,0.921875
2739,2,0.540624988079071,0.2695652278911792,0.03553257961305334,0.921875
2740,2,0.390625,0.2816712051020613,0.035943911040381235,0.921875
2741,2,0.375,0.2910040845918551,0.03625611058004157,0.921875
2742,2,0.46875,0.3087786761326696,0.03683864216714549,0.921875
2743,2,0.34375,0.3122758085194027,0.036951367929662825,0.921875
2744,2,0.296875,0.3107357276674624,0.03690180236582047,0.921875
2745,2,0.15625,0.29528715490071616,0.036397935926036094,0.921875
2746,2,0.29687501192092897,0.29544594060273743,0.036403176143377056,0.921875
2747,2,0.29687501192092897,0.2955888477345566,0.036407891257460835,0.921875
2748,2,0.25,0.29102996296110095,0.03625697024272952,0.921875
2749,2,0.328125,0.29473946666499085,0.03637985151447278,0.921875
2750,2,0.3125,0.2965155199984918,0.0364384412396353,0.921875
2751,2,0.328125,0.29967646799864267,0.03654232458139748,0.921875
2752,2,0.140625,0.2837713211987784,0.036014538757822255,0.921875
2753,2,0.1875,0.27414418907890054,0.03568899916103448,0.921875
2754,2,0.203125,0.2670422701710105,0.035445962432086864,0.921875
2755,2,0.171875,0.25752554315390946,0.03511650615159579,0.921875
2756,2,0.21875,0.2536479888385185,0.034981045239409585,0.921875
2757,2,0.15625,0.24390818995466668,0.034637711405139486,0.921875
2758,2,0.15625,0.23514237095920001,0.03432501117046929,0.921875
2759,2,0.171875,0.22881563386328002,0.03409718594960417,0.921875
2760,2,0.140625,0.21999657047695204,0.03377669086474365,0.921875
2761,2,0.203125,0.21830941342925686,0.03371499606118798,0.921875
2762,2,0.140625,0.21054097208633119,0.033429372621454394,0.921875
2763,2,0.21875,0.21136187487769809,0.03345967432748767,0.921875
2764,2,0.203125,0.2105381873899283,0.03342926978325782,0.921875
2765,2,0.15625,0.2051093686509355,0.03322817645003018,0.921875
2766,2,0.234375,0.20803593178584195,0.033336732331032,0.921875
2767,2,0.28125,0.21535733860725775,0.03360675573453599,0.921875
2768,2,0.34375,0.22819660474653197,0.03407480001350678,0.921875
2769,2,0.25,0.23037694427187877,0.0341535728855393,0.921875
2770,2,0.34375,0.2417142498446909,0.0345597733957558,0.921875
2771,2,0.25,0.2425428248602218,0.03458923358817502,0.921875
2772,2,0.390625,0.2573510423741996,0.03511042517393886,0.921875
2773,2,0.265625,0.25817843813677965,0.03513924544160756,0.921875
2774,2,0.171875,0.24954809432310168,0.03483705483628893,0.921875
2775,2,0.35312498807907106,0.25990578369869866,0.03519930930704961,0.921875
2776,2,0.1875,0.2526652053288288,0.034946600507980666,0.921875
2777,2,0.296875,0.2570861847959459,0.03510119272234054,0.921875
2778,2,0.390625,0.2704400663163513,0.03556254275990974,0.921875
2779,2,0.571874988079071,0.3005835584926233,0.03657204276191845,0.921875
2780,2,0.484375,0.31896270264336096,0.03716516566542709,0.921875
2781,2,0.328125,0.31987893237902487,0.03719428064797053,0.921875
2782,2,0.25,0.3128910391411224,0.0369711344035781,0.921875
2783,2,0.296875,0.31128943522701014,0.03691963672161721,0.921875
2784,2,0.265625,0.3067229917043091,0.036772088347945264,0.921875
2785,2,0.25,0.3010506925338782,0.03658733083871192,0.921875
2786,2,0.328125,0.30375812328049034,0.03667572055400765,0.921875
2787,2,0.078125,0.2811948109524413,0.035927859531152476,0.921875
2788,2,0.125,0.2655753298571972,0.03539545974646524,0.921875
2789,2,0.15625,0.25464279687147745,0.03501586555737658,0.921875
2790,2,0.203125,0.2494910171843297,0.03483504476163727,0.921875
2791,2,0.15625,0.24016691546589675,0.03450467423340887,0.921875
2792,2,0.1875,0.23490022391930707,0.03431632414308718,0.921875
2793,2,0.296875,0.24109770152737636,0.0345378316617958,0.921875
2794,2,0.0625,0.22323793137463874,0.033894876738267715,0.921875
2795,2,0.203125,0.22122663823717487,0.03382159447399801,0.921875
2796,2,0.15625,0.2147289744134574,0.033583668701618094,0.921875
2797,2,0.234375,0.21669357697211167,0.03365579575113352,0.921875
2798,2,0.140625,0.20908671927490052,0.03337562366425433,0.921875
2799,2,0.125,0.20067804734741046,0.033063140780961404,0.921875
2800,2,0.1875,0.1993602426126694,0.033013909193172465,0.921875
2801,2,0.29062498807907106,0.20848671715930955,0.03335342219819872,0.921875
2802,2,0.171875,0.2048255454433786,0.033217629885225475,0.921875
2803,2,0.421875,0.22653049089904073,0.034014465128765624,0.921875
2804,2,0.25,0.22887744180913666,0.03409942018685957,0.921875
2805,2,0.234375,0.229427197628223,0.03411928541688145,0.921875
2806,2,0.296875,0.23617197786540067,0.03436191910978709,0.921875
2807,2,0.48437501192092897,0.2609922812709535,0.03523701721400135,0.921875
2808,2,0.21875,0.25676805314385814,0.03509009887953383,0.921875
2809,2,0.078125,0.23890374782947232,0.03445961378804254,0.921875
2810,2,0.078125,0.2228258730465251,0.03387987741682647,0.921875
2811,2,0.234375,0.22398078574187258,0.033921898835017006,0.921875
2812,2,0.21875,0.22345770716768534,0.03390287379346292,0.921875
2813,2,0.21875,0.22298693645091683,0.03388574115227387,0.921875
2814,2,0.234375,0.22412574280582515,0.03392716901667295,0.921875
2815,2,0.03125,0.20483816852524261,0.03321809901508142,0.921875
2816,2,0.203125,0.20466685167271836,0.033211731565564964,0.921875
2817,2,0.1875,0.20295016650544653,0.03314786052760243,0.921875
2818,2,0.140625,0.1967176498549019,0.03291497642800561,0.921875
2819,2,0.28125,0.20517088486941168,0.033230461893628986,0.921875
2820,2,0.4093750238418579,0.2255912987666563,0.033980400877751456,0.921875
2821,2,0.234375,0.22646966888999068,0.034012260293260384,0.921875
2822,2,0.140625,0.21788520200099162,0.03369946471620587,0.921875
2823,2,0.171875,0.21328418180089245,0.03353052193221896,0.921875
2824,2,0.203125,0.2122682636208032,0.03349309896702366,0.921875
2825,2,0.15625,0.20666643725872288,0.033285976940836716,0.921875
2826,2,0.125,0.19849979353285058,0.0329817264022172,0.921875
2827,2,0.140625,0.19271231417956552,0.032764499759338726,0.921875
2828,2,0.28125,0.20156608276160895,0.03309627741789333,0.921875
2829,2,0.1875,0.20015947448544805,0.0330437758264635,0.921875
2830,2,0.265625,0.20670602703690324,0.033287445274028285,0.921875
2831,2,0.21875,0.20791042433321294,0.033332084056785054,0.921875
2832,2,0.25,0.21211938189989166,0.03348761104914457,0.921875
2833,2,0.296875,0.2205949437099025,0.03379854256683525,0.921875
2834,2,0.21875,0.22041044933891227,0.03379180674011664,0.921875
2835,2,0.15625,0.21399440440502104,0.03355665845452085,0.921875
2836,2,0.234375,0.21603246396451894,0.03363154229551856,0.921875
2837,2,0.296875,0.22411671756806706,0.03392684091403248,0.921875
2838,2,0.34375,0.23608004581126035,0.03435862558082005,0.921875
2839,2,0.390625,0.2515345412301343,0.03490691727137731,0.921875
2840,2,0.234375,0.24981858710712088,0.034846578682176645,0.921875
2841,2,0.28125,0.2529617283964088,0.03495699782598437,0.921875
2842,2,0.234375,0.25110305555676793,0.034891757652660914,0.921875
2843,2,0.265625,0.25255525000109114,0.03494274398252328,0.921875
2844,2,0.32187498807907106,0.2594872238088891,0.03518476791373605,0.921875
2845,2,0.21875,0.2554135014280002,0.03504281001944843,0.921875
2846,2,0.25,0.25487215128520013,0.03502388687740724,0.921875
2847,2,0.265625,0.25594743615668014,0.03506146052059743,0.921875
2848,2,0.296875,0.2600401925410121,0.035203977115323117,0.921875
2849,2,0.296875,0.26372367328691093,0.035331565622934956,0.921875
2850,2,0.34375,0.27172630595821984,0.035606529351178896,0.921875
2851,2,0.5156250119209289,0.29611617655449074,0.03642528120871178,0.921875
2852,2,0.28125,0.2946295588990417,0.03637622059936826,0.921875
2853,2,0.25,0.29016660300913755,0.03622827196611784,0.921875
2854,2,0.171875,0.2783374427082238,0.03583135045312291,0.921875
2855,2,0.265625,0.27706619843740143,0.03578828514298394,0.921875
2856,2,0.26562501192092897,0.27592207978575417,0.03574945900713661,0.921875
2857,2,0.21875,0.2702048718071787,0.035554490990172286,0.921875
2858,2,0.20312501192092897,0.26349688581855374,0.035323728759802456,0.921875
2859,2,0.171875,0.2543346972366983,0.03500508637628635,0.921875
2860,2,0.1781249761581421,0.2467137251288427,0.034737056002913505,0.921875
2861,2,0.35937501192092897,0.25797985380805133,0.03513233118821083,0.921875
2862,2,0.1875,0.2509318684272462,0.03488574085150848,0.921875
2863,2,0.125,0.2383386815845216,0.03443943314591473,0.921875
2864,2,0.21875,0.23637981342606945,0.03436936356833552,0.921875
2865,2,0.21875,0.2346168320834625,0.034306154139407005,0.921875
2866,2,0.29062498807907106,0.24021764768302337,0.03450648247837298,0.921875
2867,2,0.203125,0.23650838291472104,0.03437396782925651,0.921875
2868,2,0.234375,0.23629504462324893,0.034366327469289124,0.921875
2869,2,0.1875,0.23141554016092403,0.03419102249063221,0.921875
2870,2,0.265625,0.23483648614483163,0.034314037115272554,0.921875
2871,2,0.1875,0.23010283753034846,0.034143681239237944,0.921875
2872,2,0.203125,0.22740505377731363,0.03404615074035524,0.921875
2873,2,0.125,0.21716454839958227,0.0336730624311975,0.921875
2874,2,0.1875,0.21419809355962405,0.033564150405999756,0.921875
2875,2,0.234375,0.21621578420366164,0.03363826939540163,0.921875
2876,2,0.234375,0.21803170578329548,0.0337048294174197,0.921875
2877,2,0.125,0.20872853520496593,0.033362371812290674,0.921875
2878,2,0.15625,0.20348068168446934,0.0331676116534787,0.921875
2879,2,0.215625,0.2046951135160224,0.03321278207493204,0.921875
2880,2,0.203125,0.20453810216442014,0.03320694545916747,0.921875
2881,2,0.03125,0.1872092919479781,0.03255673872230369,0.921875
2882,2,0.125,0.1809883627531803,0.03232048417132577,0.921875
2883,2,0.125,0.17538952647786227,0.03210662376367034,0.921875
2884,2,0.078125,0.16566307383007606,0.03173241164032448,0.921875
2885,2,0.0,0.14909676644706846,0.031087576332202306,0.96875
2886,2,0.125,0.14668708980236161,0.03099303447130926,0.96875
2887,2,0.28125,0.16014338082212545,0.031518579525628615,0.96875
2888,2,0.078125,0.15194154273991292,0.03119895103319187,0.96875
2889,2,0.15625,0.15237238846592163,0.031215796195813023,0.96875
2890,2,0.265625,0.16369764961932945,0.03165639108113136,0.96875
2891,2,0.234375,0.17076538465739652,0.03192913506766868,0.96875
2892,2,0.234375,0.17712634619165687,0.0321730886068145,0.96875
2893,2,0.3125,0.19066371157249118,0.03268729341523102,0.96875
2894,2,0.296875,0.20128484041524208,0.03308578641859741,0.96875
2895,2,0.25,0.20615635637371788,0.033267052965313425,0.96875
2896,2,0.34375,0.21991572073634608,0.033773737177840456,0.96875
2897,2,0.28125,0.22604914866271145,0.03399701176727413,0.96875
2898,2,0.25,0.2284442337964403,0.03408375703178309,0.96875
2899,2,0.25,0.23059981041679628,0.03416161298204315,0.96875
2900,2,0.3125,0.23878982937511667,0.03445554648778173,0.96875
2901,2,0.36874998807907106,0.25178584524551206,0.03491574249087823,0.96875
2902,2,0.28125,0.25473226072096083,0.03501899471113203,0.96875
2903,2,0.296875,0.25894653464886475,0.03516597133088622,0.96875
2904,2,0.25,0.25805188118397826,0.035134839231618996,0.96875
2905,2,0.203125,0.25255919306558045,0.03494288228957606,0.96875
2906,2,0.203125,0.24761577375902238,0.03476892111545771,0.96875
2907,2,0.296875,0.25254169638312013,0.034942268569883826,0.96875
2908,2,0.1875,0.2460375267448081,0.034713144620865784,0.96875
2909,2,0.25,0.2464337740703273,0.03472715905982459,0.96875
2910,2,0.109375,0.23272789666329455,0.03423827519392516,0.96875
2911,2,0.125,0.22195510699696508,0.03384815662463956,0.96875
2912,2,0.125,0.2122595962972686,0.033492779506822584,0.96875
2913,2,0.125,0.20353363666754176,0.03316958254623396,0.96875
2914,2,0.1875,0.20193027300078759,0.03310985783573371,0.96875
2915,2,0.140625,0.19579974570070885,0.03288054735989717,0.96875
2916,2,0.4437499761581421,0.22059476874645217,0.03379853617966964,0.96875
2917,2,0.21875,0.22041029187180697,0.03379180099042381,0.96875
2918,2,0.171875,0.21555676268462626,0.0336140793936929,0.96875
2919,2,0.28125,0.22212608641616363,0.03385438774132217,0.96875
2920,2,0.234375,0.22335097777454727,0.03389899045584017,0.96875
2921,2,0.28125,0.22914087999709254,0.03410894108678887,0.96875
2922,2,0.21875,0.22810179199738329,0.03407136982016809,0.96875
2923,2,0.3125,0.23654161279764496,0.034375157719526754,0.96875
2924,2,0.390625,0.25194995151788047,0.034921503943829424,0.96875
2925,2,0.171875,0.2439424563660924,0.034638926955377757,0.96875
2926,2,0.34375,0.25392321072948315,0.034990683188980735,0.96875
2927,2,0.203125,0.24884338965653485,0.03481222685326593,0.96875
2928,2,0.203125,0.24427155069088136,0.03465059836314003,0.96875
2929,2,0.265625,0.24640689562179321,0.03472620865289868,0.96875
2930,2,0.3125,0.2530162060596139,0.03495890759195781,0.96875
2931,2,0.390625,0.2667770854536525,0.035436840482255066,0.96875
2932,2,0.375,0.27759937690828723,0.035806356971535384,0.96875
2933,2,0.328125,0.2826519392174585,0.03597692053095418,0.96875
2934,2,0.390625,0.29344924529571265,0.03633718959645648,0.96875
2935,2,0.328125,0.29691682076614134,0.03645165770085764,0.96875
2936,2,0.28125,0.29535013868952725,0.03640001465711695,0.96875
2937,2,0.234375,0.2892526248205745,0.03619785068341739,0.96875
2938,2,0.328125,0.2931398623385171,0.03632694728375753,0.96875
2939,2,0.484375,0.31226337610466537,0.03695096829418274,0.96875
2940,2,0.28125,0.3091620384941989,0.03685102987862729,0.96875
2941,2,0.296875,0.30793333464477896,0.0368112998826627,0.96875
2942,2,0.234375,0.3005775011803011,0.03657184444950229,0.96875
2943,2,0.125,0.283019751062271,0.03598928811582582,0.96875
2944,2,0.265625,0.2812802759560439,0.03593073998896711,0.96875
2945,2,0.140625,0.26721474836043946,0.035451893610889657,0.96875
2946,2,0.234375,0.2639307735243955,0.03533872003615022,0.96875
2947,2,0.140625,0.25160019617195595,0.03490922320487155,0.96875
2948,2,0.1875,0.24519017655476036,0.03468315148610873,0.96875
2949,2,0.46875001192092897,0.2675461600913772,0.03546328619389454,0.96875
2950,2,0.296875,0.2704790440822395,0.0355638768872373,0.96875
2951,2,0.265625,0.2699936396740156,0.03554725728878517,0.96875
2952,2,0.28125,0.27111927570661404,0.03558578018966085,0.96875
2953,2,0.296875,0.27369484813595263,0.03567369434506653,0.96875
2954,2,0.328125,0.27913786332235735,0.03585842538947508,0.96875
2955,2,0.1624999761581421,0.2674740746059358,0.03546080863708314,0.96875
2956,2,0.34375,0.27510166714534223,0.03572157873233312,0.96875
2957,2,0.296875,0.277279000430808,0.03579549962781386,0.96875
2958,2,0.234375,0.2729886003877272,0.03564961934892261,0.96875
2959,2,0.265625,0.2722522403489545,0.035624492145250215,0.96875
2960,2,0.203125,0.26533951631405905,0.03538733174279901,0.96875
2961,2,0.15625,0.2544305646826531,0.03500844087204333,0.96875
2962,2,0.1875,0.2477375082143878,0.034773218554293724,0.96875
2963,2,0.3812499761581421,0.2610887550087632,0.0352403627253032,0.96875
2964,2,0.265625,0.2615423795078869,0.03525608758360386,0.96875
2965,2,0.25,0.2603881415570982,0.03521605687363373,0.96875
2966,2,0.265625,0.2609118274013884,0.035234226901955816,0.96875
2967,2,0.34375,0.26919564466124957,0.035519910345717075,0.96875
2968,2,0.28125,0.2704010801951246,0.03556120827333542,0.96875
2969,2,0.40625,0.28398597217561217,0.036021745314310516,0.96875
2970,2,0.390625,0.29464987495805095,0.03637689180670128,0.96875
2971,2,0.421875,0.3073723874622459,0.03679313612901147,0.96875
2972,2,0.5500000238418579,0.3316351511002071,0.03756399860717171,0.96875
2973,2,0.5,0.3484716359901864,0.03808091299305738,0.96875
2974,2,0.453125,0.35893697239116773,0.03839469140669225,0.96875
2975,2,0.46875,0.36991827515205095,0.03871769286534117,0.96875
2976,2,0.453125,0.37823894763684585,0.03895815944953847,0.96875
2977,2,0.28125,0.3685400528731613,0.03867750616378688,0.96875
2978,2,0.28125,0.35981104758584515,0.038420635963471894,0.96875
2979,2,0.28125,0.35195494282726064,0.03818599508585849,0.96875
2980,2,0.28125,0.3448844485445346,0.03797202783831033,0.96875
2981,2,0.3125,0.34164600369008113,0.03787314629866956,0.96875
2982,2,0.43750001192092897,0.3512314045131659,0.038164220613539114,0.96875
2983,2,0.40625,0.35673326406184935,0.038329100407427714,0.96875
2984,2,0.375,0.3585599376556644,0.03838348763718058,0.96875
2985,2,0.21875001192092897,0.3445789450821909,0.03796272327917102,0.96875
2986,2,0.203125,0.33043355057397183,0.03752653943566585,0.96875
2987,2,0.21875,0.3192651955165746,0.037174782755007275,0.96875
2988,2,0.25,0.31233867596491716,0.03695338865974232,0.96875
2989,2,0.28125001192092897,0.3092298095605183,0.036853219006713955,0.96875
2990,2,0.328125,0.31111932860446645,0.036914159429732016,0.96875
2991,2,0.296875,0.3096948957440198,0.036868235805672576,0.96875
2992,2,0.3125,0.30997540616961783,0.036877287643614386,0.96875
2993,2,0.421875,0.32116536555265607,0.0372350864105932,0.96875
2994,2,0.5,0.3390488289973905,0.037793446761949824,0.96875
2995,2,0.296875,0.3348314460976514,0.03766327430075021,0.96875
2996,2,0.5,0.35134830148788626,0.03816774043564301,0.96875
2997,2,0.390625,0.35527597133909766,0.03828558426398873,0.96875
2998,2,0.375,0.3572483742051879,0.038344455164542636,0.96875
2999,3,0.0,0.3215235367846691,0.03724643241047373,0.71875
3000,3,0.0,0.2893711831062022,0.036201799179536476,0.78125
3001,3,0.0,0.26043406479558195,0.03521765076483549,0.8125
3002,3,0.125,0.24689065831602375,0.03474330916190454,0.8125
3003,3,0.21875,0.24407659248442137,0.034643684720737054,0.8125
3004,3,0.15625,0.23529393323597925,0.0343304471380968,0.8125
3005,3,0.203125,0.23207703991238132,0.03421484997132941,0.8125
3006,3,0.203125,0.22918183592114322,0.03411042099828104,0.8125
3007,3,0.015625,0.2078261523290289,0.033328962608380114,0.8125
3008,3,0.09375,0.196418537096126,0.03290376085866296,0.8125
3009,3,0.0625,0.1830266833865134,0.03239805456421612,0.8125
3010,3,0.140625,0.17878651504786208,0.03223651705791372,0.8125
3011,3,0.140625,0.17497036354307588,0.03209056675174418,0.8125
3012,3,0.109375,0.1684108271887683,0.03183846696577145,0.8125
3013,3,0.1875,0.17031974446989145,0.03191198963234534,0.8125
3014,3,0.078125,0.1611002700229023,0.031555723763535146,0.8125
3015,3,0.078125,0.1528027430206121,0.031232616151071108,0.8125
3016,3,0.0625,0.1437724687185509,0.030878438239325984,0.8125
3017,3,0.15625,0.1450202218466958,0.030927529383706954,0.8125
3018,3,0.1875,0.1492681996620262,0.031094295377005882,0.8125
3019,3,0.234375,0.15777887969582358,0.03142666281227254,0.8125
3020,3,0.171875,0.15918849172624122,0.03148148211917931,0.8125
3021,3,0.09375,0.1526446425536171,0.031226437658701107,0.8125
3022,3,0.0,0.13738017829825538,0.030626196602829055,0.828125
3023,3,0.03125,0.12676716046842984,0.030204750175912155,0.828125
3024,3,0.078125,0.12190294442158686,0.030010535553824904,0.828125
3025,3,0.09375,0.11908764997942817,0.02989783841643394,0.828125
3026,3,0.0,0.10717888498148535,0.0294188855161544,0.84375
3027,3,0.09375,0.10583599648333682,0.029364658598743418,0.84375
3028,3,0.0,0.09525239683500314,0.028935840515927153,0.875
3029,3,0.125,0.09822715715150282,0.0290566214952397,0.875
3030,3,0.046875,0.09309194143635253,0.02884800327872285,0.875
3031,3,0.0625,0.09003274729271729,0.028723460054388195,0.875
3032,3,0.109375,0.09196697256344556,0.028802226922589765,0.875
3033,3,0.234375,0.10620777530710099,0.029379675591448412,0.875
3034,3,0.25,0.12058699777639088,0.029957883880733976,0.875
3035,3,0.296875,0.13821579799875178,0.030659240326973786,0.875
3036,3,0.25,0.1493942181988766,0.031099233870891682,0.875
3037,3,0.21875,0.15632979637898894,0.03137023942202278,0.875
3038,3,0.1875,0.15944681674109004,0.031491521064728155,0.875
3039,3,0.28125,0.17162713506698102,0.03196226977856798,0.875
3040,3,0.21875,0.17633942156028293,0.03214298808995169,0.875
3041,3,0.1875,0.17745547940425463,0.032185671511806,0.875
3042,3,0.1875,0.17845993146382916,0.032224047595918535,0.875
3043,3,0.15625,0.17623893831744625,0.03213914289647918,0.875
3044,3,0.078125,0.16642754448570163,0.031761944440992895,0.875
3045,3,0.15625,0.16540979003713147,0.03172262238206621,0.875
3046,3,0.078125,0.1566813110334183,0.03138393285705806,0.875
3047,3,0.09375,0.15038817993007647,0.031138168103318705,0.875
3048,3,0.046875,0.14003686193706885,0.03073118012905727,0.875
3049,3,0.0625,0.13228317574336199,0.030424196239270663,0.875
3050,3,0.125,0.1315548581690258,0.030395270635792726,0.875
3051,3,0.0,0.11839937235212321,0.029870254726214275,0.890625
3052,3,0.140625,0.12062193511691088,0.02995928233502304,0.890625
3053,3,0.21875,0.13043474160521978,0.030350754923247777,0.890625
3054,3,0.125,0.1298912674446978,0.03032914331466883,0.890625
3055,3,0.09375,0.12627714070022802,0.030185214325156074,0.890625
3056,3,0.15625,0.12927442663020522,0.030304604120727843,0.890625
3057,3,0.15625,0.13197198396718468,0.03041183891611093,0.890625
3058,3,0.1875,0.1375247855704662,0.0306319164347309,0.890625
3059,3,0.109375,0.13470980701341959,0.030520461137096097,0.890625
3060,3,0.203125,0.14155132631207762,0.030790931793378207,0.890625
3061,3,0.0625,0.13364619368086986,0.030478288393462602,0.890625
3062,3,0.109375,0.13121907431278287,0.03038192965282603,0.890625
3063,3,0.1875,0.13684716688150458,0.03060510838271053,0.890625
3064,3,0.1875,0.14191245019335413,0.030805169285107226,0.890625
3065,3,0.203125,0.1480337051740187,0.031045890541376797,0.890625
3066,3,0.265625,0.15979283465661684,0.031504964387202225,0.890625
3067,3,0.375,0.18131355119095516,0.03233286994389799,0.890625
3068,3,0.3781250238418579,0.20099469845604545,0.03307496010885229,0.890625
3069,3,0.28125,0.2090202286104409,0.03337316408802087,0.890625
3070,3,0.34375,0.2224932057493968,0.03386776266524474,0.890625
3071,3,0.265625,0.22680638517445711,0.03402446444300613,0.890625
3072,3,0.265625,0.2306882466570114,0.0341648027924459,0.890625
3073,3,0.25,0.23261942199131025,0.03423437234522116,0.890625
3074,3,0.21875,0.23123247979217923,0.03418442516915591,0.890625
3075,3,0.203125,0.22842173181296133,0.03408294322092264,0.890625
3076,3,0.140625,0.2196420586316652,0.033763737396080275,0.890625
3077,3,0.1875,0.21642785276849866,0.033646049668944536,0.890625
3078,3,0.078125,0.20259756749164878,0.03313472693563426,0.890625
3079,3,0.140625,0.1964003107424839,0.032903077326698726,0.890625
3080,3,0.1875,0.1955102796682355,0.032869683071631094,0.890625
3081,3,0.15625,0.19158425170141197,0.03272200626107135,0.890625
3082,3,0.1875,0.19117582653127077,0.03270660891995176,0.890625
3083,3,0.234375,0.1954957438781437,0.03286913742483404,0.890625
3084,3,0.171875,0.1931336694903293,0.03278035927293553,0.890625
3085,3,0.234375,0.19725780254129638,0.03293522108998676,0.890625
3086,3,0.078125,0.18534452228716675,0.03248607291888116,0.890625
3087,3,0.171875,0.18399757005845008,0.032434947956894104,0.890625
3088,3,0.14062501192092897,0.17966031424469797,0.032269860718222965,0.890625
3089,3,0.078125,0.16950678282022819,0.03188069384105271,0.890625
3090,3,0.03125,0.15568110453820536,0.031344958566107625,0.890625
3091,3,0.140625,0.15417549408438483,0.03128622842487709,0.890625
3092,3,0.09375,0.14813294467594634,0.031049783532809874,0.890625
3093,3,0.125,0.1458196502083517,0.03095895639218298,0.890625
3094,3,0.15625,0.14686268518751652,0.030999930010725565,0.890625
3095,3,0.1875,0.15092641666876486,0.03115923804083556,0.890625
3096,3,0.171875,0.15302127500188836,0.031241154942244914,0.890625
3097,3,0.25,0.16271914750169952,0.031618494072466204,0.890625
3098,3,0.109375,0.15738473275152956,0.03141132270498908,0.890625
3099,3,0.234375,0.1650837594763766,0.03171001823568084,0.890625
3100,3,0.296875,0.17826288352873892,0.0322165221056478,0.890625
3101,3,0.21875,0.18231159517586504,0.032370858819740736,0.890625
3102,3,0.125,0.17658043565827852,0.03215220947929232,0.890625
3103,3,0.09375,0.16829739209245068,0.03183409392735003,0.890625
3104,3,0.078125,0.1592801528832056,0.03148504448296515,0.890625
3105,3,0.21875,0.16522713759488505,0.03171556160125064,0.890625
3106,3,0.32812501192092897,0.18151692502748945,0.03234061404280985,0.890625
3107,3,0.28125,0.19149023252474048,0.03271846237756304,0.890625
3108,3,0.140625,0.18640370927226643,0.03252622722873596,0.890625
3109,3,0.296875,0.1974508383450398,0.03294245317455527,0.890625
3110,3,0.203125,0.19801825451053584,0.03296370285304238,0.890625
3111,3,0.171875,0.19540392905948226,0.032865690673313845,0.890625
3112,3,0.09375,0.18523853615353403,0.03248205259066186,0.890625
3113,3,0.09375,0.17608968253818064,0.032133430644893615,0.890625
3114,3,0.171875,0.17566821428436258,0.032117296020578105,0.890625
3115,3,0.09375,0.16747639285592633,0.031802430110851855,0.890625
3116,3,0.125,0.16322875357033367,0.03163823501369141,0.890625
3117,3,0.0625,0.15315587821330032,0.031246413577033328,0.890625
3118,3,0.03125,0.14096529039197028,0.030767818584828063,0.890625
3119,3,0.125,0.13936876135277326,0.03070479886242732,0.890625
3120,3,0.109375,0.13636938521749592,0.030586198146656775,0.890625
3121,3,0.125,0.13523244669574633,0.03054117195488002,0.890625
3122,3,0.125,0.1342092020261717,0.03050061602319884,0.890625
3123,3,0.109375,0.13172578182355454,0.030402060343305965,0.890625
3124,3,0.125,0.1310532036411991,0.03037533828084606,0.890625
3125,3,0.109375,0.12888538327707919,0.03028912166793874,0.890625
3126,3,0.21875,0.13787184494937127,0.030645641572374628,0.890625
3127,3,0.234375,0.14752216045443414,0.031025818603631107,0.890625
3128,3,0.28125,0.16089494440899071,0.03154775610723531,0.890625
3129,3,0.28125,0.17293044996809162,0.03201233247971367,0.890625
3130,3,0.25,0.18063740497128244,0.03230711248485414,0.890625
3131,3,0.21875,0.1844486644741542,0.032452077337640065,0.890625
3132,3,0.203125,0.18631629802673877,0.0325229150369954,0.890625
3133,3,0.203125,0.18799716822406487,0.03258655564023282,0.890625
3134,3,0.48437501192092897,0.2176349525937513,0.033690298930945994,0.890625
3135,3,0.15625,0.21149645733437616,0.03346463945022729,0.890625
3136,3,0.0625,0.19659681160093856,0.0329104458876878,0.890625
3137,3,0.140625,0.19099963044084473,0.03269996445532989,0.890625
3138,3,0.015625,0.17346216739676026,0.03203273922546163,0.890625
3139,3,0.15625,0.17174095065708425,0.03196664406329223,0.890625
3140,3,0.046875,0.15925435559137585,0.03148404191301083,0.890625
3141,3,0.28125,0.17145392003223825,0.03195561170281635,0.890625
3142,3,0.125,0.1668085280290144,0.03177665489015182,0.890625
3143,3,0.03125,0.15325267522611297,0.031250194847107365,0.890625
3144,3,0.140625,0.15198990770350168,0.031200842300858223,0.890625
3145,3,0.0625,0.14304091693315152,0.03084963397324645,0.890625
3146,3,0.03125,0.13186182523983636,0.03040746388389602,0.890625
3147,3,0.140625,0.1327381427158527,0.030442257821803483,0.890625
3148,3,0.140625,0.13352682844426744,0.0304735534587132,0.890625
3149,3,0.203125,0.1404866455998407,0.030748933141733454,0.890625
3150,3,0.125,0.1389379810398566,0.03068778153955797,0.890625
3151,3,0.09375,0.13441918293587093,0.030508941030025234,0.890625
3152,3,0.171875,0.13816476464228383,0.030657222861305712,0.890625
3153,3,0.171875,0.14153578817805545,0.030790319105427517,0.890625
3154,3,0.328125,0.1601947093602499,0.03152057276718228,0.890625
3155,3,0.20312501192092897,0.1644877396163178,0.03168696696340006,0.890625
3156,3,0.125,0.160538965654686,0.031533938974792196,0.890625
3157,3,0.296875,0.1741725690892174,0.032059987803768,0.890625
3158,3,0.078125,0.16456781218029568,0.03169006451051617,0.890625
3159,3,0.171875,0.1652985309622661,0.03171832158646846,0.890625
3160,3,0.21875,0.1706436778660395,0.03192445325471164,0.890625
3161,3,0.15625,0.16920431007943557,0.031869043878337826,0.890625
3162,3,0.171875,0.169471379071492,0.031879330406263215,0.890625
3163,3,0.203125,0.17283674116434283,0.032008734983648444,0.890625
3164,3,0.265625,0.18211556704790854,0.03236340027101219,0.890625
3165,3,0.25,0.18890401034311768,0.032620845372121586,0.890625
3166,3,0.21875,0.1918886093088059,0.03273347611954969,0.890625
3167,3,0.15625,0.18832474837792532,0.032598945816171086,0.890625
3168,3,0.171875,0.1866797735401328,0.03253668596307101,0.890625
3169,3,0.1875,0.18676179618611952,0.032539792843898935,0.890625
3170,3,0.0625,0.17433561656750757,0.032066239179126134,0.890625
3171,3,0.09375,0.1662770549107568,0.03175613237914534,0.890625
3172,3,0.1875,0.16839934941968113,0.031838024506652934,0.890625
3173,3,0.078125,0.159371914477713,0.03148861046740958,0.890625
3174,3,0.078125,0.1512472230299417,0.03117179197241319,0.890625
3175,3,0.125,0.14862250072694755,0.031068983393508096,0.890625
3176,3,0.09375,0.14313525065425278,0.030853349212799544,0.890625
3177,3,0.125,0.1413217255888275,0.03078187760346911,0.890625
3178,3,0.109375,0.13812705302994474,0.030655731984847084,0.890625
3179,3,0.1875,0.14306434772695026,0.030850556797221936,0.890625
3180,3,0.171875,0.14594541295425523,0.030963898544299956,0.890625
3181,3,0.078125,0.13916337165882972,0.030696685948575872,0.890625
3182,3,0.15625,0.14087203449294675,0.03076413961795371,0.890625
3183,3,0.1875,0.14553483104365206,0.030947761907167772,0.890625
3184,3,0.17187501192092897,0.14816884913137976,0.031051191924803812,0.890625
3185,3,0.38437498807907106,0.17178946302614886,0.03196850840295314,0.890625
3186,3,0.540624988079071,0.20867301553144108,0.03336031725896194,0.890625
3187,3,0.41562498807907106,0.2293682127862041,0.03411715465606623,0.890625
3188,3,0.25,0.23143139150758368,0.03419159368847266,0.890625
3189,3,0.4406250238418579,0.2523507547410111,0.034935570109529517,0.890625
3190,3,0.234375,0.25055317926690995,0.0348724260476127,0.890625
3191,3,0.14062501192092897,0.23956036253231186,0.034483045908179875,0.890625
3192,3,0.234375,0.2390418262790807,0.03446454290397575,0.890625
3193,3,0.265625,0.24170014365117262,0.034559271576827276,0.890625
3194,3,0.140625,0.23159262928605537,0.0341974032059545,0.890625
3195,3,0.28125,0.2365583663574498,0.03437575760954446,0.890625
3196,3,0.234375,0.23634002972170484,0.0343679387060108,0.890625
3197,3,0.078125,0.22051852674953437,0.03379575278641396,0.890625
3198,3,0.125,0.21096667407458092,0.03344508991056633,0.890625
3199,3,0.109375,0.20080750666712283,0.03306797346962234,0.890625
3200,3,0.109375,0.19166425600041054,0.032725021608867415,0.890625
3201,3,0.09375,0.18187283040036947,0.03235416255041292,0.890625
3202,3,0.125,0.17618554736033254,0.032137099634430163,0.890625
3203,3,0.140625,0.1726294926242993,0.03200077756013613,0.890625
3204,3,0.203125,0.17567904336186935,0.032117710659563925,0.890625
3205,3,0.234375,0.1815486390256824,0.032341821514222276,0.890625
3206,3,0.1875,0.18214377512311417,0.032364473630458857,0.890625
3207,3,0.109375,0.17486689761080274,0.03208660226853204,0.890625
3208,3,0.28125,0.18550520784972244,0.03249216732671965,0.890625
3209,3,0.21875,0.1888296870647502,0.032618036229073534,0.890625
3210,3,0.171875,0.18713421835827518,0.03255389635023336,0.890625
3211,3,0.109375,0.17935829652244764,0.032258339087678584,0.890625
3212,3,0.109375,0.17235996687020286,0.03199042666542037,0.890625
3213,3,0.0,0.15512397018318258,0.03132323481420173,0.921875
3214,3,0.1875,0.15836157316486432,0.03144933161354021,0.921875
3215,3,0.125,0.15502541584837787,0.031319390925749147,0.921875
3216,3,0.125,0.1520228742635401,0.031202131384696755,0.921875
3217,3,0.265625,0.16338308683718608,0.03164421176646185,0.921875
3218,3,0.509374988079071,0.19798227696137455,0.032962355877195586,0.921875
3219,3,0.25,0.2031840492652371,0.033156569407591166,0.921875
3220,3,0.265625,0.20942814433871337,0.03338825054437801,0.921875
3221,3,0.171875,0.20567282990484204,0.03324910433072011,0.921875
3222,3,0.203125,0.20541804691435783,0.03323964287446745,0.921875
3223,3,0.21875,0.20675124222292207,0.03328912216768071,0.921875
3224,3,0.328125,0.21888861800062986,0.03373618969591476,0.921875
3225,3,0.328125,0.2298122562005669,0.034133191466980704,0.921875
3226,3,0.296875,0.2365185305805102,0.03437433120047271,0.921875
3227,3,0.540624988079071,0.2669291763303663,0.03544207258831765,0.921875
3228,3,0.265625,0.26679875869732966,0.03543758613514559,0.921875
3229,3,0.25,0.26511888282759666,0.035379724560029004,0.921875
3230,3,0.203125,0.258919494544837,0.03516503094351247,0.921875
3231,3,0.1875,0.25177754509035327,0.034915451055309805,0.921875
3232,3,0.25,0.251599790581318,0.034909208960327266,0.921875
3233,3,0.203125,0.24675231152318616,0.03473841984277701,0.921875
3234,3,0.1875,0.24082708037086753,0.034528195354058745,0.921875
3235,3,0.265625,0.24330687233378076,0.03461637184520218,0.921875
3236,3,0.25,0.24397618510040267,0.034640123380039106,0.921875
3237,3,0.375,0.2570785665903624,0.03510092711685915,0.921875
3238,3,0.234375,0.25480820993132614,0.03502165087339832,0.921875
3239,3,0.203125,0.2496398889381935,0.03484028723403878,0.921875
3240,3,0.265625,0.25123840004437414,0.034896513712777195,0.921875
3241,3,0.359375,0.26205206003993675,0.035273743986098,0.921875
3242,3,0.3125,0.2670968540359431,0.03544783961580949,0.921875
3243,3,0.234375,0.26382466863234877,0.035335054828294375,0.921875
3244,3,0.171875,0.2546297017691139,0.03501540750202328,0.921875
3245,3,0.28125,0.25729173159220253,0.03510835799468826,0.921875
3246,3,0.125,0.2440625584329823,0.0346431869758346,0.921875
3247,3,0.21875,0.24153130258968408,0.03455326446245938,0.921875
3248,3,0.265625,0.24394067233071567,0.034638863670683674,0.921875
3249,3,0.21875,0.24142160509764413,0.034549360896044094,0.921875
3250,3,0.38437498807907106,0.2557169433957868,0.03505341097616982,0.921875
3251,3,0.44687498807907106,0.27483274786411527,0.03571243286335143,0.921875
3252,3,0.44687498807907106,0.29203697188561084,0.036290396485789404,0.921875
3253,3,0.421875,0.30502077469704975,0.03671681539767604,0.921875
3254,3,0.603124988079071,0.33483119603525185,0.03766326655479094,0.921875
3255,3,0.5468750119209289,0.35603557762381954,0.03830828086799921,0.921875
3256,3,0.453125,0.3657445198614376,0.03859568244212931,0.921875
3257,3,0.234375,0.35260756787529385,0.038205611719614334,0.921875
3258,3,0.21875,0.33922181108776445,0.03779876607256993,0.921875
3259,3,0.32812501192092897,0.3381121311710809,0.0377646154403501,0.921875
3260,3,0.1875,0.3230509180539728,0.037294741672853286,0.921875
3261,3,0.32812501192092897,0.3235583274406684,0.03731076370699836,0.921875
3262,3,0.328125,0.32401499469660155,0.037325172095576994,0.921875
3263,3,0.453125,0.3369259952269414,0.0377280404754861,0.921875
3264,3,0.1875,0.3219833957042472,0.037260989904405295,0.921875
3265,3,0.21875,0.31166005613382247,0.03693156527941257,0.921875
3266,3,0.21875,0.3023690505204402,0.03663041774075765,0.921875
3267,3,0.29687501192092897,0.3018196466604891,0.03661247267401395,0.921875
3268,3,0.125,0.2841376819944402,0.0360268373532026,0.921875
3269,3,0.1875,0.2744739137949962,0.035700223545804724,0.921875
3270,3,0.234375,0.27046402241549655,0.03556336273570612,0.921875
3271,3,0.1875,0.2621676201739469,0.03527774551819342,0.921875
3272,3,0.171875,0.2531383581565522,0.034963189246996325,0.921875
3273,3,0.26562501192092897,0.2543870235329899,0.03500691737778785,0.921875
3274,3,0.3125,0.26019832117969094,0.03520946758216511,0.921875
3275,3,0.29062498807907106,0.26324098786962896,0.035314883017448374,0.921875
3276,3,0.803124976158142,0.3172293866984802,0.0371099677676822,0.921875
3277,3,0.28125,0.31363144802863224,0.036994896949788456,0.921875
3278,3,0.32187498807907106,0.3144558020336761,0.03702132052908161,0.921875
3279,3,0.234375,0.3064477218303085,0.03676316000615584,0.921875
3280,3,0.203125,0.29611544964727765,0.03642525724678621,0.921875
3281,3,0.328125,0.29931640468254994,0.03653051664159867,0.921875
3282,3,0.375,0.30688476421429495,0.036777333618571655,0.921875
3283,3,0.359375,0.3121337877928655,0.03694680225338975,0.921875
3284,3,0.296875,0.31060790901357893,0.036897683229745105,0.921875
3285,3,0.390625,0.31860961811222105,0.03715393415659694,0.921875
3286,3,0.296875,0.3164361563009989,0.03708465552487157,0.921875
3287,3,0.359375,0.32073004067089905,0.03722128744160927,0.921875
3288,3,0.140625,0.3027195366038091,0.036641857612991,0.921875
3289,3,0.28125,0.30057258294342826,0.03657168342830278,0.921875
3290,3,0.171875,0.2877028246490855,0.03614617148873836,0.921875
3291,3,0.25,0.28393254218417696,0.036019951701920655,0.921875
3292,3,0.359375,0.29147678796575927,0.03627180821380858,0.921875
3293,3,0.328125,0.2951416091691833,0.036393131540935396,0.921875
3294,3,0.265625,0.29218994825226496,0.036295469892485444,0.921875
3295,3,0.171875,0.2801584534270385,0.03589290226663153,0.921875
3296,3,0.15625,0.26776760808433464,0.03547089573742789,0.921875
3297,3,0.26562501192092897,0.26755334846799406,0.035463533242611776,0.921875
3298,3,0.1875,0.2595480136211947,0.03518688035560439,0.921875
3299,3,0.25,0.25859321225907517,0.03515368094300535,0.921875
3300,3,0.1875,0.25148389103316765,0.03490513819801877,0.921875
3301,3,0.615624976158142,0.2878979995456651,0.03615268629963995,0.921875
3302,3,0.296875,0.2887956995910986,0.03618262658907014,0.921875
3303,3,0.42187501192092897,0.30210363082408165,0.03662175029853969,0.921875
3304,3,0.584374976158142,0.3303307653574877,0.03752333167360243,0.921875
3305,3,0.39062501192092897,0.3363601900138318,0.03771056768466261,0.921875
3306,3,0.39062501192092897,0.34178667220454145,0.03787745288077611,0.921875
3307,3,0.15625,0.3232330049840873,0.03730049281089784,0.921875
3308,3,0.203125,0.3112222044856786,0.03691747212454571,0.921875
3309,3,0.078125,0.2879124840371108,0.03615316970717887,0.921875
3310,3,0.203125,0.27943373563339974,0.03586842559685818,0.921875
3311,3,0.171875,0.2686778620700597,0.035502149774658195,0.921875
3312,3,0.234375,0.26524757586305375,0.0353841620267333,0.921875
3313,3,0.1875,0.2574728182767484,0.03511466895364492,0.921875
3314,3,0.125,0.24422553644907358,0.034648966754274584,0.921875
3315,3,0.15625,0.2354279828041662,0.03433525413680757,0.921875
3316,3,0.21875,0.2337601845237496,0.03427539013093464,0.921875
3317,3,0.25,0.23538416607137463,0.034333682963131766,0.921875
3318,3,0.234375,0.23528324946423718,0.03433006398504271,0.921875
3319,3,0.203125,0.23206742451781348,0.03421450375960552,0.921875
3320,3,0.234375,0.23229818206603214,0.0342228112827769,0.921875
3321,3,0.15625,0.22469336385942892,0.03394779717328445,0.921875
3322,3,0.2718749761581421,0.22941152508930024,0.03411871927901579,0.921875
3323,3,0.140625,0.22053287258037022,0.03379627653369057,0.921875
3324,3,0.0625,0.2047295853223332,0.033214063368272075,0.921875
3325,3,0.15625,0.19988162679009988,0.0330333957861882,0.921875
3326,3,0.15625,0.1955184641110899,0.03286999029688469,0.921875
3327,3,0.15625,0.1915916176999809,0.03272228389463007,0.921875
3328,3,0.171875,0.18961995592998282,0.03264789457481971,0.921875
3329,3,0.125,0.18315796033698456,0.03240304511751843,0.921875
3330,3,0.171875,0.1820296643032861,0.03236013136002237,0.921875
3331,3,0.140625,0.1778891978729575,0.03220224669693065,0.921875
3332,3,0.29062498807907106,0.18916277689356886,0.03263062412829145,0.921875
3333,3,0.265625,0.19680899920421197,0.032918400969187585,0.921875
3334,3,0.29062498807907106,0.20619059809169787,0.03326832366480645,0.921875
3335,3,0.234375,0.2090090382825281,0.03337275012527283,0.921875
3336,3,0.140625,0.2021706344542753,0.03311881782988299,0.921875
3337,3,0.09375,0.19132857100884776,0.03271236803626137,0.921875
3338,3,0.21875,0.194070713907963,0.03281560409557157,0.921875
3339,3,0.109375,0.1856011425171667,0.03249580542620075,0.921875
3340,3,0.32187498807907106,0.19922852707335714,0.03300898464143133,0.921875
3341,3,0.21875,0.20118067436602144,0.033081899973041756,0.921875
3342,3,0.26562501192092897,0.2076251081215122,0.0333215147193842,0.921875
3343,3,0.140625,0.20092509730936098,0.033072362519853196,0.921875
3344,3,0.1875,0.19958258757842487,0.03302222060551452,0.921875
3345,3,0.20312501192092897,0.19993683001267526,0.03303545835516447,0.921875
3346,3,0.25,0.20494314701140773,0.033222000231059354,0.921875
3347,3,0.3125,0.21569883231026696,0.033619295742276505,0.921875
3348,3,0.203125,0.2144414490792403,0.03357309905342756,0.921875
3349,3,0.203125,0.2133098041713163,0.03353146521491536,0.921875
3350,3,0.234375,0.21541632375418465,0.033608922082454716,0.921875
3351,3,0.390625,0.2329371913787662,0.03424580400895736,0.921875
3352,3,0.3125,0.24089347224088958,0.0345305597498562,0.921875
3353,3,0.265625,0.24336662501680062,0.034618493085335635,0.921875
3354,3,0.171875,0.23621746251512055,0.03436354848885342,0.921875
3355,3,0.21875,0.2344707162636085,0.0343009091240957,0.921875
3356,3,0.25,0.23602364463724765,0.03435660478301517,0.921875
3357,3,0.265625,0.23898378017352287,0.0344624708823103,0.921875
3358,3,0.296875,0.2447729021561706,0.03466836941177636,0.921875
3359,3,0.3125,0.2515456119405535,0.034907306110993346,0.921875
3360,3,0.709374976158142,0.2973285483623124,0.03646520914573025,0.921875
3361,3,0.28125,0.29572069352608116,0.036412240501992196,0.921875
3362,3,0.328125,0.2989611241734731,0.03651885914093005,0.921875
3363,3,0.42187501192092897,0.31125251294821865,0.03691844798071877,0.921875
3364,3,0.35312498807907106,0.3154397604613039,0.03705281433739561,0.921875
3365,3,0.296875,0.31358328441517347,0.03699335205058598,0.921875
3366,3,0.25,0.3072249559736562,0.03678835956244712,0.921875
3367,3,0.296875,0.30618996037629054,0.03675479605211801,0.921875
3368,3,0.125,0.28807096433866153,0.036158458171710886,0.921875
3369,3,0.125,0.2717638679047954,0.03560781268744379,0.921875
3370,3,0.125,0.25708748111431584,0.0351012379176551,0.921875
3371,3,0.125,0.24387873300288426,0.03463666642058074,0.921875
3372,3,0.21875,0.24136585970259586,0.03454737699677895,0.921875
3373,3,0.34375,0.2516042737323363,0.034909366410389546,0.921875
3374,3,0.28125,0.25456884635910265,0.03501327872731839,0.921875
3375,3,0.171875,0.2462994617231924,0.03472240951943383,0.921875
3376,3,0.203125,0.24198201555087318,0.03456929728016374,0.921875
3377,3,0.15625,0.23340881399578586,0.03426276224415585,0.921875
3378,3,0.1875,0.22881793259620728,0.034097269047336246,0.921875
3379,3,0.265625,0.23249863933658654,0.0342300260498714,0.921875
3380,3,0.21875,0.2311237754029279,0.034180506866428366,0.921875
3381,3,0.40625,0.2486363978626351,0.034804929815943075,0.921875
3382,3,0.328125,0.25658525807637156,0.03508372232673356,0.921875
3383,3,0.296875,0.2606142322687344,0.035223903005120565,0.921875
3384,3,0.35937501192092897,0.27049031023395387,0.0355642624903808,0.921875
3385,3,0.140625,0.2575037792105585,0.035115747802986375,0.921875
3386,3,0.09375,0.24112840128950266,0.034538924612914516,0.921875
3387,3,0.25,0.2420155611605524,0.03457049020036106,0.921875
3388,3,0.078125,0.22562650504449716,0.033981678492276755,0.921875
3389,3,0.09375,0.21243885454004743,0.03349938596864786,0.921875
3390,3,0.078125,0.1990074690860427,0.033000718217118565,0.921875
3391,3,0.171875,0.19629422217743842,0.03289909849057009,0.921875
3392,3,0.203125,0.1969772999596946,0.032924709430818974,0.921875
3393,3,0.203125,0.19759206996372514,0.03294774347945793,0.921875
3394,3,0.265625,0.2043953629673526,0.03320163851488615,0.921875
3395,3,0.203125,0.20426832667061734,0.033196914696781724,0.921875
3396,3,0.21875,0.20571649400355563,0.033250725546403175,0.921875
3397,3,0.296875,0.21483234460320005,0.03358746781807123,0.921875
3398,3,0.234375,0.21678661014288006,0.0336592072630306,0.921875
3399,3,0.296875,0.22479544912859206,0.033951505616269195,0.921875
3400,3,0.234375,0.22575340421573287,0.03398628313941092,0.921875
3401,3,0.45312501192092897,0.2484905649862525,0.03479978761494632,0.921875
3402,3,0.328125,0.2564540084876272,0.035079142899840786,0.921875
3403,3,0.34375,0.2651836076388645,0.03538195643613739,0.921875
3404,3,0.25,0.26366524687497805,0.03532954687508076,0.921875
3405,3,0.375,0.27479872218748025,0.035711275409230935,0.921875
3406,3,0.21875,0.26919384996873225,0.03551984880784829,0.921875
3407,3,0.203125,0.262586964971859,0.035292260961591035,0.921875
3408,3,0.203125,0.2566407684746731,0.035085658895849414,0.921875
3409,3,0.359375,0.2669141916272058,0.03544155714599456,0.921875
3410,3,0.28125,0.2683477724644852,0.03549082057611238,0.921875
3411,3,0.3125,0.2727629952180367,0.03564192369278558,0.921875
3412,3,0.265625,0.27204919569623304,0.0356175589309788,0.921875
3413,3,0.265625,0.27140677612660974,0.03559560958304911,0.921875
3414,3,0.125,0.25676609851394877,0.03509003070326847,0.921875
3415,3,0.4593749761581421,0.2770269862783681,0.03578695551814989,0.921875
3416,3,0.1781249761581421,0.2671367852663455,0.03544921279305548,0.921875
3417,3,0.21875,0.26229810673971093,0.0352822631501988,0.921875
3418,3,0.25,0.26106829606573984,0.03523965328794525,0.921875
3419,3,0.171875,0.25214896645916585,0.03492848929443401,0.921875
3420,3,0.1875,0.24568406981324925,0.034700637518041616,0.921875
3421,3,0.203125,0.2414281628319243,0.03454959426721723,0.921875
3422,3,0.140625,0.2313478465487319,0.03418858304966705,0.921875
3423,3,0.265625,0.2347755618938587,0.03431185087259751,0.921875
3424,3,0.109375,0.2222355057044728,0.03385837472129774,0.921875
3425,3,0.203125,0.22032445513402554,0.033788666623097784,0.921875
3426,3,0.32812501192092897,0.23110451081271588,0.03417981241048405,0.921875
3427,3,0.26562501192092897,0.2345565609235372,0.03430399074378608,0.921875
3428,3,0.21875,0.23297590483118347,0.03424719640856073,0.921875
3429,3,0.44687498807907106,0.25436581315597223,0.03500617519978528,0.921875
3430,3,0.203125,0.249241731840375,0.03482626396420267,0.921875
3431,3,0.171875,0.2415050586563375,0.03455233062622555,0.921875
3432,3,0.15625,0.23297955279070376,0.03424732761062179,0.921875
3433,3,0.32812501192092897,0.2424940987037263,0.03458750198010553,0.921875
3434,3,0.140625,0.23230718883335366,0.034223135488429084,0.921875
3435,3,0.09375,0.2184514699500183,0.03372019536319797,0.921875
3436,3,0.140625,0.2106688229550165,0.03343409377791847,0.921875
3437,3,0.140625,0.20366444065951486,0.03317445035701079,0.921875
3438,3,0.109375,0.19423549659356337,0.032821798473425916,0.921875
3439,3,0.265625,0.20137444693420703,0.03308912929745876,0.921875
3440,3,0.38437498807907106,0.21967450104869343,0.03376492302911714,0.921875
3441,3,0.25,0.2227070509438241,0.033875550817392214,0.921875
3442,3,0.28125,0.22856134584944168,0.03408799216963645,0.921875
3443,3,0.265625,0.2322677112644975,0.03422171443575996,0.921875
3444,3,0.21875,0.23091594013804775,0.03417301389161903,0.921875
3445,3,0.1875,0.22657434612424296,0.034016054807842595,0.921875
3446,3,0.109375,0.21485441151181867,0.03358827877465648,0.921875
3447,3,0.171875,0.2105564703606368,0.03342994496327324,0.921875
3448,3,0.17187501192092897,0.20668832451666602,0.03328678871860074,0.921875
3449,3,0.375,0.22351949206499944,0.03390512160556438,0.921875
3450,3,0.40625,0.2417925428584995,0.034562558456269425,0.921875
3451,3,0.39062501192092897,0.2566757897647424,0.035086880595254624,0.921875
3452,3,0.140625,0.2450707107882682,0.03467892018751909,0.921875
3453,3,0.09375,0.22993863970944137,0.03413775427506784,0.921875
3454,3,0.125,0.21944477573849724,0.03375652657374973,0.921875
3455,3,0.109375,0.20843779816464753,0.03335161142749037,0.921875
3456,3,0.15625,0.2032190183481828,0.033157871329292314,0.921875
3457,3,0.109375,0.1938346165133645,0.03280672705888307,0.921875
3458,3,0.203125,0.19476365486202807,0.032841645396547464,0.921875
3459,3,0.28125,0.20341228937582526,0.03316506604201141,0.921875
3460,3,0.25,0.20807106043824272,0.03333803323413569,0.921875
3461,3,0.234375,0.21070145439441845,0.033435298652266764,0.921875
3462,3,0.234375,0.21306880895497662,0.033522591935349635,0.921875
3463,3,0.1875,0.21051192805947896,0.03342830001640711,0.921875
3464,3,0.140625,0.20352323525353108,0.03316919543259024,0.921875
3465,3,0.078125,0.19098341172817798,0.0326993527771161,0.921875
3466,3,0.0625,0.17813507055536018,0.03221164001619148,0.921875
3467,3,0.140625,0.17438406349982416,0.032068096489617406,0.921875
3468,3,0.09375,0.16632065714984173,0.03175781642347413,0.921875
3469,3,0.171875,0.16687609143485757,0.031779263104587785,0.921875
3470,3,0.1875,0.16893848229137182,0.03185880265819012,0.921875
3471,3,0.21875,0.17391963406223465,0.03205028816674726,0.921875
3472,3,0.125,0.1690276706560112,0.03186223898630231,0.921875
3473,3,0.203125,0.1724374035904101,0.03199340081956204,0.921875
3474,3,0.265625,0.1817561632313691,0.03234972181728467,0.921875
3475,3,0.32812501192092897,0.19639304810032507,0.03290280495654579,0.921875
3476,3,0.35937501192092897,0.21269124448238544,0.033508685383191704,0.921875
3477,3,0.15625,0.2070471200341469,0.033300093306417165,0.921875
3478,3,0.29062498807907106,0.2154049068386393,0.033608502784760956,0.921875
3479,3,0.265625,0.22042691615477536,0.03379240799718851,0.921875
3480,3,0.171875,0.21557172453929782,0.03361462878591807,0.921875
3481,3,0.21875,0.21588955208536806,0.03362629703185945,0.921875
3482,3,0.32187498807907106,0.22648809568473838,0.034012928293001364,0.921875
3483,3,0.171875,0.22102678611626453,0.03381430328545063,0.921875
3484,3,0.140625,0.21298660750463808,0.03351956477804019,0.921875
3485,3,0.125,0.2041879467541743,0.03319392544759361,0.921875
3486,3,0.171875,0.20095665207875685,0.03307354020160523,0.921875
3487,3,0.0625,0.18711098687088118,0.03255301673597057,0.921875
3488,3,0.109375,0.17933738818379305,0.03225754133377539,0.921875
3489,3,0.32812501192092897,0.19421615055750663,0.03282107128797229,0.921875
3490,3,0.203125,0.19510703550175595,0.032854542942730526,0.921875
3491,3,0.20312501192092897,0.19590883314367324,0.03288464079135042,0.921875
3492,3,0.1468749761581421,0.19100544744512013,0.032700183837386314,0.921875
3493,3,0.15625,0.18752990270060813,0.03256887499210486,0.921875
3494,3,0.15625,0.18440191243054732,0.032450302381439526,0.921875
3495,3,0.25,0.19096172118749258,0.03269853471654476,0.921875
3496,3,0.171875,0.18905304906874332,0.03262647784145431,0.921875
3497,3,0.140625,0.18421024416186899,0.03244302477311422,0.921875
3498,3,0.296875,0.1954767197456821,0.03286842328135537,0.921875
3499,3,0.39062501192092897,0.2149915489632068,0.033593318102221124,0.921875
3500,3,0.171875,0.21067989406688611,0.033434502569582684,0.921875
3501,3,0.1875,0.2083619046601975,0.033348801981266545,0.921875
3502,3,0.203125,0.20783821419417775,0.03332940939969533,0.921875
3503,3,0.140625,0.20111689277476,0.03307952006023104,0.921875
3504,3,0.1875,0.19975520349728398,0.03302867174812738,0.921875
3505,3,0.296875,0.20946718314755558,0.0333896940047095,0.921875
3506,3,0.28125,0.2166454648328,0.033654031342759946,0.921875
3507,3,0.1875,0.21373091834952,0.033546964512557315,0.921875
3508,3,0.15625,0.20798282651456798,0.03333476561169212,0.921875
3509,3,0.15625,0.20280954386311117,0.03314262322449104,0.921875
3510,3,0.21875,0.20440358947680007,0.03320194439329877,0.921875
3511,3,0.21875,0.20583823052912006,0.033255245122290715,0.921875
3512,3,0.21875,0.20712940747620806,0.03330314388362642,0.921875
3513,3,0.41562498807907106,0.22797896553649435,0.034066925544825155,0.921875
3514,3,0.603124988079071,0.265493567790752,0.0353926418784039,0.921875
3515,3,0.265625,0.26550671101167683,0.035393094871155266,0.921875
3516,3,0.3031249761581421,0.26926853752632335,0.03552240962431295,0.921875
3517,3,0.171875,0.25952918377369105,0.035186226038320716,0.921875
3518,3,0.140625,0.24763876539632196,0.03476973281260501,0.921875
3519,3,0.20312501192092897,0.24318739004878265,0.03461212969693233,0.921875
3520,3,0.35937501192092897,0.2548061522359973,0.035021578913428386,0.921875
3521,3,0.265625,0.25588803701239754,0.03505938635047493,0.921875
3522,3,0.203125,0.25061173331115777,0.034874485256226544,0.921875
3523,3,0.21875,0.247425559980042,0.034762204872695913,0.921875
3524,3,0.559375,0.2786205039820378,0.03584092883265958,0.921875
3525,3,0.140625,0.264820953583834,0.03536944862414941,0.921875
3526,3,0.109375,0.2492763582254506,0.034827483811465415,0.921875
3527,3,0.1468749761581421,0.23903622001871974,0.03446434278876572,0.921875
3528,3,0.15625,0.23075759801684778,0.0341673039883729,0.921875
3529,3,0.15625,0.223306838215163,0.03389738429889982,0.921875
3530,3,0.26562501192092897,0.2275386555857396,0.03405098822480373,0.921875
3531,3,0.20312501192092897,0.22509729121925853,0.03396246796504365,0.921875
3532,3,0.1875,0.22133756209733269,0.03382564056061307,0.921875
3533,3,0.234375,0.22264130588759942,0.03387315661980466,0.921875
3534,3,0.125,0.21287717529883948,0.03351553438007286,0.921875
3535,3,0.203125,0.21190195776895554,0.03347959493348199,0.921875
3536,3,0.171875,0.20789926199206,0.03333167061868582,0.921875
3537,3,0.203125,0.207421835792854,0.03331398259808079,0.921875
3538,3,0.171875,0.2038671522135686,0.033181992803711646,0.921875
3539,3,0.078125,0.19129293699221175,0.03271102456318389,0.921875
3540,3,0.171875,0.18935114329299058,0.03263774085262041,0.921875
3541,3,0.234375,0.1938535289636915,0.032807438229376686,0.921875
3542,3,0.125,0.18696817606732236,0.03254760903569243,0.921875
3543,3,0.32187498807907106,0.20045885726849721,0.03305495692886514,0.921875
3544,3,0.203125,0.2007254715416475,0.03306491119405791,0.921875
3545,3,0.21875,0.20252792438748277,0.033132132278150324,0.921875
3546,3,0.21875,0.2041501319487345,0.03319251906176419,0.921875
3547,3,0.109375,0.19467261875386105,0.03283822525849527,0.921875
3548,3,0.203125,0.19551785687847495,0.03286996750285267,0.921875
3549,3,0.109375,0.18690357119062745,0.03254516244013272,0.921875
3550,3,0.203125,0.1885257140715647,0.03260654497556322,0.921875
3551,3,0.09375,0.17904814266440824,0.032246503567473744,0.921875
3552,3,0.171875,0.1783308283979674,0.032219117160633255,0.921875
3553,3,0.1875,0.17924774555817066,0.03225412085257693,0.921875
3554,3,0.234375,0.1847604710023536,0.03246391306219087,0.921875
3555,3,0.1875,0.18503442390211824,0.03247430888745684,0.921875
3556,3,0.265625,0.19309348151190642,0.032778846924891795,0.921875
3557,3,0.203125,0.19409663336071575,0.03281657850926076,0.921875
3558,3,0.265625,0.20124947002464416,0.03308446679476917,0.921875
3559,3,0.1875,0.19987452302217973,0.033033130357837996,0.921875
3560,3,0.109375,0.19082457071996176,0.03269336165346413,0.921875
3561,3,0.140625,0.18580461364796558,0.03250352044173131,0.921875
3562,3,0.109375,0.17816165228316902,0.032212655411479565,0.921875
3563,3,0.11562497615814209,0.17190798467066634,0.03197306285904002,0.921875
3564,3,0.125,0.1672171862035997,0.031792428277507306,0.921875
3565,3,0.09375,0.15987046758323975,0.03150797999071869,0.921875
3566,3,0.125,0.1563834208249158,0.031372328654528624,0.921875
3567,3,0.078125,0.14855757874242423,0.031066437660150076,0.921875
3568,3,0.28125,0.1618268208681818,0.03158390606275765,0.921875
3569,3,0.296875,0.1753316387813636,0.03210440661992225,0.921875
3570,3,0.140625,0.17186097490322724,0.031971256464883975,0.921875
3571,3,0.1875,0.17342487741290452,0.03203130840718801,0.921875
3572,3,0.125,0.1685823896716141,0.031845080014729917,0.921875
3573,3,0.171875,0.1689116507044527,0.03185776881225239,0.921875
3574,3,0.265625,0.1785829856340074,0.03222874645372683,0.921875
3575,3,0.375,0.19822468707060664,0.03297143055785345,0.921875
3576,3,0.328125,0.21121471836354597,0.03345424444995101,0.921875
3577,3,0.3968749761581421,0.22978074414300556,0.03413205368169625,0.921875
3578,3,0.48437501192092897,0.25524017092079787,0.03503675266380603,0.921875
3579,3,0.3125,0.2609661538287181,0.03523611109208895,0.921875
3580,3,0.296875,0.26455703844584627,0.03536034233912828,0.921875
3581,3,0.234375,0.26153883460126165,0.035255964737481514,0.921875
3582,3,0.1781249761581421,0.2531974487569497,0.03496526023160806,0.921875
3583,3,0.140625,0.24194020388125476,0.03456781033795166,0.921875
3584,3,0.265625,0.24430868349312929,0.03465191497656343,0.921875
3585,3,0.23437501192092897,0.24331531633590925,0.03461667161994923,0.921875
3586,3,0.1875,0.23773378470231832,0.03441781409134598,0.921875
3587,3,0.265625,0.24052290623208647,0.03451736033287774,0.921875
3588,3,0.203125,0.23678311560887783,0.034383803927973196,0.921875
3589,3,0.234375,0.23654230404799004,0.03437518247118251,0.921875
3590,3,0.234375,0.23632557364319104,0.03436742094076647,0.921875
3591,3,0.078125,0.22050551627887194,0.03379527778374842,0.921875
3592,3,0.140625,0.21251746465098476,0.033502282676895645,0.921875
3593,3,0.046875,0.1959532181858863,0.032886306175265535,0.921875
3594,3,0.1781249761581421,0.1941703939831119,0.03281935131574403,0.921875
3595,3,0.140625,0.1888158545848007,0.0326175133894511,0.921875
3596,3,0.171875,0.18712176912632064,0.032553424987279034,0.921875
3597,3,0.046875,0.1730970922136886,0.032018729123665594,0.921875
3598,3,0.078125,0.16359988299231976,0.03165260609409195,0.921875
3599,3,0.078125,0.1550523946930878,0.031320443206176815,0.921875
3600,3,0.140625,0.15360965522377903,0.03126413724477629,0.921875
3601,3,0.15625,0.15387368970140114,0.03127444684000576,0.921875
3602,3,0.109375,0.149423820731261,0.03110039388020662,0.921875
3603,3,0.09375,0.1438564386581349,0.030881743433470395,0.921875
3604,3,0.171875,0.14665829479232143,0.03099190361387428,0.921875
3605,3,0.09375,0.14136746531308927,0.030783681454576557,0.921875
3606,3,0.109375,0.13816821878178034,0.03065735941381555,0.921875
3607,3,0.20312501192092897,0.1446638980956952,0.0309135152324535,0.921875
3608,3,0.171875,0.14738500828612566,0.031020435637621357,0.921875
3609,3,0.203125,0.15295900745751312,0.03123872209462913,0.921875
3610,3,0.109375,0.1486006067117618,0.031068124896111944,0.921875
3611,3,0.28125,0.16186554604058562,0.03158540767596429,0.921875
3612,3,0.140625,0.15974149143652708,0.03150296987968442,0.921875
3613,3,0.20312501192092897,0.16407984348496726,0.03167118437650183,0.921875
3614,3,0.03125,0.15079685913647053,0.031154167202119873,0.921875
3615,3,0.09375,0.14509217322282347,0.030930358740245047,0.921875
3616,3,0.0625,0.13683295590054115,0.030604546020170816,0.921875
3617,3,0.153125,0.13846216031048703,0.030668978501201136,0.921875
3618,3,0.15625,0.1402409442794383,0.030739236039815595,0.921875
3619,3,0.078125,0.13402934985149448,0.030493484495592367,0.921875
3620,3,0.0625,0.12687641486634504,0.030209104968105888,0.921875
3621,3,0.140625,0.12825127337971054,0.03026387739403142,0.921875
3622,3,0.17187501192092897,0.1326136472338324,0.030437316108802515,0.921875
3623,3,0.09375,0.12872728251044915,0.030282828641226524,0.921875
3624,3,0.21875,0.13772955425940425,0.030640014843686666,0.921875
3625,3,0.15625,0.13958159883346383,0.030713204627463925,0.921875
3626,3,0.203125,0.14593593895011747,0.030963526257538083,0.921875
3627,3,0.078125,0.13915484505510572,0.03069634911948413,0.921875
3628,3,0.109375,0.13617686054959516,0.030578576262586463,0.921875
3629,3,0.125,0.13505917449463564,0.030534306523997714,0.921875
3630,3,0.29687501192092897,0.15124075823726496,0.031171539022080322,0.921875
3631,3,0.2718749761581421,0.16330418002935268,0.03164115610164815,0.921875
3632,3,0.26562501192092897,0.1735362632185103,0.03203558213682845,0.921875
3633,3,0.1875,0.17493263689665925,0.03208912123236922,0.921875
3634,3,0.28125,0.18556437320699332,0.03249441107671634,0.921875
3635,3,0.496875,0.21669543588629397,0.03365586392081428,0.921875
3636,3,0.234375,0.2184633922976646,0.033720631684868316,0.921875
3637,3,0.265625,0.22317955306789813,0.03389275215684207,0.921875
3638,3,0.21875,0.22273659776110832,0.03387662674513988,0.921875
3639,3,0.234375,0.2239004379849975,0.03391897725246469,0.921875
3640,3,0.25,0.22651039418649777,0.03401373662831479,0.921875
3641,3,0.328125,0.236671854767848,0.0343798209263933,0.921875
3642,3,0.359375,0.2489421692910632,0.03481570841417049,0.921875
3643,3,0.40625,0.26467295236195687,0.03536434231091178,0.921875
3644,3,0.46875,0.2850806571257612,0.036058462207010165,0.921875
3645,3,0.328125,0.289385091413185,0.03620226233961003,0.921875
3646,3,0.21875,0.2823215822718665,0.03596580668107932,0.921875
3647,3,0.42187501192092897,0.29627692523677274,0.03643057951103043,0.921875
3648,3,0.21875,0.28852423271309546,0.03617357678772231,0.921875
3649,3,0.09375,0.26904680944178594,0.035514806437088285,0.921875
3650,3,0.1468749761581421,0.2568296261134216,0.03509224641431677,0.921875
3651,3,0.15625,0.24677166350207944,0.03473910381462674,0.921875
3652,3,0.3656249761581421,0.25865699476768567,0.03515590006501903,0.921875
3653,3,0.39062501192092897,0.27185379648301,0.035610884897777285,0.921875
3654,3,0.32187498807907106,0.2768559156426161,0.03578115389522717,0.921875
3655,3,0.296875,0.27885782407835447,0.03584895637808872,0.921875
3656,3,0.171875,0.26815954167051903,0.035484357854184634,0.921875
3657,3,0.265625,0.2679060875034671,0.03547565306419185,0.921875
3658,3,0.15625,0.2567404787531204,0.03508913708550398,0.921875
3659,3,0.171875,0.24825393087780837,0.034791441594234945,0.921875
3660,3,0.2406249761581421,0.24749103540584172,0.03476451692689021,0.921875
3661,3,0.0625,0.22899193186525757,0.03410355833751338,0.921875
3662,3,0.203125,0.2264052386787318,0.03400992448241889,0.921875
3663,3,0.109375,0.2147022148108586,0.03358268514515707,0.921875
3664,3,0.20312501192092897,0.21354449452186564,0.03354010401607129,0.921875
3665,3,0.03125,0.19531504506967906,0.03286235362966335,0.921875
3666,3,0.1781249761581421,0.1935960381785254,0.03279775452487875,0.921875
3667,3,0.046875,0.17892393436067286,0.03224176276396944,0.921875
3668,3,0.15625,0.1766565409246056,0.03215512088662853,0.921875
3669,3,0.2406249761581421,0.18305338444795924,0.03239906966964525,0.921875
3670,3,0.140625,0.17881054600316332,0.032237434441525825,0.921875
3671,3,0.1875,0.17967949140284697,0.03227059219104132,0.921875
3672,3,0.23437501192092897,0.1851490434546552,0.032478657570062956,0.921875
3673,3,0.15625,0.18225913910918967,0.03236886309319221,0.921875
3674,3,0.234375,0.1874707251982707,0.0325666352061657,0.921875
3675,3,0.171875,0.18591115267844363,0.03250755945618468,0.921875
3676,3,0.203125,0.18763253741059926,0.03257275925557033,0.921875
3677,3,0.09375,0.17824428366953934,0.03221581168162592,0.921875
3678,3,0.140625,0.1744823553025854,0.03207186444280315,0.921875
3679,3,0.109375,0.16797161977232686,0.031821532560440395,0.921875
3680,3,0.140625,0.16523695779509417,0.031715941249328375,0.921875
3681,3,0.046875,0.15340076201558478,0.03125597910624177,0.921875
3682,3,0.26562501192092897,0.1646231870061192,0.03169220651474817,0.921875
3683,3,0.20312501192092897,0.16847336949760017,0.031840877842025675,0.921875
3684,3,0.140625,0.16568853254784016,0.03173339548060793,0.921875
3685,3,0.17187501192092897,0.16630718048514903,0.03175729592284775,0.921875
3686,3,0.125,0.16217646243663414,0.031597461966226904,0.921875
3687,3,0.390625,0.18502131619297074,0.032473811547395225,0.921875
3688,3,0.45312501192092897,0.21183168576576655,0.03347700368409678,0.921875
3689,3,0.203125,0.21096101718918991,0.03344488110277564,0.921875
3690,3,0.48437501192092897,0.23830241666236382,0.03443813749856892,0.921875
3691,3,0.278125,0.24228467499612744,0.034580058347402985,0.921875
3692,3,0.4906249761581421,0.2671187051123289,0.0354485910521785,0.921875
3693,3,0.26562501192092897,0.2669693357931889,0.0354434539364804,0.921875
3694,3,0.496875,0.28995990221386997,0.03622139567697465,0.921875
3695,3,0.203125,0.281276411992483,0.03593060976815386,0.921875
3696,3,0.15625,0.2687737707932347,0.03550544053265533,0.921875
3697,3,0.171875,0.2590838937139113,0.03517074780428558,0.921875
3698,3,0.15625,0.24880050434252016,0.034810715188729094,0.921875
3699,3,0.078125,0.23173295390826815,0.03420245827203465,0.921875
3700,3,0.046875,0.21324715851744136,0.03352915887851728,0.921875
3701,3,0.078125,0.19973494266569722,0.033027914605566894,0.921875
3702,3,0.20312501192092897,0.20007394959122038,0.03304058105336357,0.921875
3703,3,0.125,0.19256655463209832,0.03275901186239902,0.921875
3704,3,0.1468749761581421,0.1879973967847027,0.03258656428659198,0.921875
3705,3,0.078125,0.17701015710623244,0.03216864570147054,0.921875
3706,3,0.078125,0.1671216413956092,0.03178874096158107,0.921875
3707,3,0.2093749761581421,0.17134697487186248,0.03195150038822458,0.921875
3708,3,0.140625,0.16827477738467625,0.031833222053296834,0.921875
3709,3,0.26562501192092897,0.1780098008383015,0.03220685448959011,0.921875
3710,3,0.234375,0.18364632075447135,0.03242160468216921,0.921875
3711,3,0.26562501192092897,0.1918441898711171,0.032731802376511236,0.921875
3712,3,0.203125,0.19297227088400537,0.03277428516276457,0.921875
3713,3,0.09375,0.18305004379560483,0.03239894266812978,0.921875
3714,3,0.15625,0.18037003941604435,0.032296922639408025,0.921875
3715,3,0.125,0.1748330354744399,0.032085304695705,0.921875
3716,3,0.140625,0.17141223192699592,0.03195400912697428,0.921875
3717,3,0.15625,0.16989600873429633,0.03189568041020145,0.921875
3718,3,0.23437501192092897,0.1763439090529596,0.03214315980430609,0.921875
3719,3,0.125,0.17120951814766366,0.03194621551284776,0.921875
3720,3,0.2406249761581421,0.1781510639487115,0.03221225095085464,0.921875
3721,3,0.203125,0.18064845755384035,0.032307533664165715,0.921875
3722,3,0.265625,0.1891461117984563,0.03262999443391717,0.921875
3723,3,0.3125,0.20148150061861067,0.03309312264024827,0.921875
3724,3,0.23437501192092897,0.2047708517488425,0.03321559714935852,0.921875
3725,3,0.25,0.20929376657395823,0.0333832814434328,0.921875
3726,3,0.375,0.22586438991656238,0.03399030977850911,0.921875
3727,3,0.234375,0.22671545092490614,0.03402116905384258,0.921875
3728,3,0.21875,0.22591890583241553,0.03399228745801687,0.921875
3729,3,0.1875,0.22207701524917398,0.0338525995367996,0.921875
3730,3,0.0625,0.2061193137242566,0.033265678270118226,0.921875
3731,3,0.171875,0.20269488235183095,0.03313835221729307,0.921875
3732,3,0.140625,0.19648789411664785,0.032906361793191896,0.921875
3733,3,0.171875,0.19402660470498306,0.03281394579746382,0.921875
3734,3,0.125,0.18712394423448475,0.03255350734342104,0.921875
3735,3,0.21875,0.1902865498110363,0.03267306147136212,0.921875
3736,3,0.234375,0.19469539482993267,0.0328390809640508,0.921875
3737,3,0.109375,0.1861633553469394,0.0325171190259701,0.921875
3738,3,0.140625,0.18160951981224546,0.032344139370116175,0.921875
3739,3,0.203125,0.18376106783102092,0.03242596420988065,0.921875
3740,3,0.265625,0.19194746104791882,0.032735693559688715,0.921875
3741,3,0.3031249761581421,0.20306521255894114,0.03315214466972329,0.921875
3742,3,0.26562501192092897,0.20932119249513992,0.03338429567610204,0.921875
3743,3,0.32812501192092897,0.22120157443771882,0.03382068016741977,0.921875
3744,3,0.2093749761581421,0.22001891460976114,0.03377750711458479,0.921875
3745,3,0.17187501192092897,0.21520452434087792,0.03360114264185077,0.921875
3746,3,0.20312501192092897,0.213996573098883,0.03355673823106868,0.921875
3747,3,0.15625,0.2082219157889947,0.033343619212808644,0.921875
3748,3,0.1875,0.20614972421009523,0.03326680684224173,0.921875
3749,3,0.140625,0.19959725178908572,0.033022768694641144,0.921875
3750,3,0.21875,0.20151252661017716,0.033094279893185766,0.921875
3751,3,0.1875,0.20011127394915942,0.03304197533671586,0.921875
3752,3,0.09375,0.18947514655424347,0.032642425109951974,0.921875
3753,3,0.0625,0.17677763189881912,0.03215975278669053,0.921875
3754,3,0.125,0.17159986870893723,0.031961221779563,0.921875
3755,3,0.15625,0.17006488183804352,0.03190218095236021,0.921875
3756,3,0.234375,0.17649589365423918,0.032148975076775076,0.921875
3757,3,0.296875,0.18853380428881528,0.032606850860284455,0.921875
3758,3,0.328125,0.20249292385993375,0.033130828207427264,0.921875
3759,3,0.34375,0.21661863147394037,0.033653047244963034,0.921875
3760,3,0.125,0.2074567683265463,0.03331527712076506,0.921875
3761,3,0.434375,0.23014859149389166,0.03414533258516816,0.921875
3762,3,0.2406249761581421,0.2311962299603167,0.03418311858424269,0.921875
3763,3,0.046875,0.21276410696428505,0.033511369537114456,0.921875
3764,3,0.20312501192092897,0.21180019745994944,0.03347584249981153,0.921875
3765,3,0.309375,0.22155767771395452,0.03383366798927456,0.921875
3766,3,0.4906249761581421,0.2484644075583733,0.03479886517638745,0.921875
3767,3,0.296875,0.25330546680253596,0.034969045586190316,0.921875
3768,3,0.328125,0.2607874201222824,0.03522991158868785,0.921875
3769,3,0.296875,0.26439617811005417,0.03535479028951473,0.921875
3770,3,0.375,0.27545656029904875,0.03573364316752621,0.921875
3771,3,0.28125,0.2760359042691439,0.03575332454405502,0.921875
3772,3,0.125,0.2609323138422295,0.03523493744455712,0.921875
3773,3,0.21875,0.25671408245800653,0.03508821634999556,0.921875
3774,3,0.296875,0.2607301742122059,0.03522792565470385,0.921875
3775,3,0.328125,0.26746965679098533,0.03546065678998838,0.921875
3776,3,0.5343750238418579,0.2941601934960726,0.0363607078230817,0.921875
3777,3,0.40625,0.30536917414646536,0.036728140318976275,0.921875
3778,3,0.38437498807907106,0.3132697555397259,0.036983292369764956,0.921875
3779,3,0.453125,0.3272552799857533,0.037427096201186866,0.921875
3780,3,0.7656250119209289,0.37109225317927086,0.038751844345263825,0.921875
3781,3,0.44687498807907106,0.37867052666925083,0.038970531296129866,0.921875
3782,3,0.7343750119209289,0.4142409751944186,0.03995599874205641,0.921875
3783,3,0.41562498807907106,0.4143793764828838,0.0399597010939069,0.921875
3784,3,0.5156250119209289,0.42450394002668834,0.040227772122985735,0.921875
3785,3,0.42187501192092897,0.42424104721611244,0.04022088047777101,0.921875
3786,3,0.28125,0.4099419424945012,0.03984048694367128,0.921875
3787,3,0.26562501192092897,0.395510249437144,0.03944549862647948,0.921875
3788,3,0.09375,0.36533422449342967,0.03858363832832623,0.921875
3789,3,0.11562497615814209,0.3403632996599009,0.03783382820898658,0.921875
3790,3,0.434375,0.34976446969391084,0.038119989138421545,0.921875
3791,3,0.125,0.3272880227245198,0.037428123350757646,0.921875
3792,3,0.203125,0.31487172045206785,0.037034639004073354,0.921875
3793,3,0.203125,0.30369704840686107,0.03667373073144701,0.921875
3794,3,0.23437501192092897,0.29676484475826787,0.036446653466966565,0.921875
3795,3,0.309375,0.2980258602824411,0.03648814075221705,0.921875
3796,3,0.109375,0.279160774254197,0.03585919991061402,0.921875
3797,3,0.184375,0.2696821968287773,0.03553658792443181,0.921875
3798,3,0.2406249761581421,0.2667764747617138,0.03543681947149744,0.921875
3799,3,0.1468749761581421,0.2547863249013566,0.03502088551861628,0.921875
3800,3,0.35937501192092897,0.26524519360331383,0.035384079891176916,0.921875
3801,3,0.32812501192092897,0.2715331754350754,0.03559992980418038,0.921875
3802,3,0.3343749761581421,0.27781735550738207,0.03581374125567544,0.921875
3803,3,0.1875,0.26878561995664385,0.03550584706279714,0.921875
3804,3,0.215625,0.2634695579609795,0.03532278425370585,0.921875
3805,3,0.125,0.24962260216488152,0.03483967853824256,0.921875
3806,3,0.1468749761581421,0.23934783956420758,0.0344754638860841,0.921875
3807,3,0.109375,0.2263505556077868,0.03400794189619851,0.921875
3808,3,0.26562501192092897,0.230278001239101,0.034150002725550334,0.921875
3809,3,0.125,0.2197502011151909,0.033767689371341045,0.921875
3810,3,0.15625,0.2134001810036718,0.03353479220128981,0.921875
3811,3,0.203125,0.21237266290330464,0.03349694666929447,0.921875
3812,3,0.265625,0.21769789661297417,0.03369260460673274,0.921875
3813,3,0.1468749761581421,0.21061560456749095,0.03343212866187211,0.921875
3814,3,0.125,0.20205404411074185,0.03311447196312143,0.921875
3815,3,0.1875,0.20059863969966765,0.033060176177632586,0.921875
3816,3,0.25,0.2055387757297009,0.03324412651195018,0.921875
3817,3,0.35937501192092897,0.22092239934882368,0.0338104942705832,0.921875
3818,3,0.39062501192092897,0.23789266060603423,0.03442349391839399,0.921875
3819,3,0.47812498807907106,0.2619158933533379,0.035269028092329756,0.921875
3820,3,0.1875,0.25447430401800414,0.03500997121164428,0.921875
3821,3,0.234375,0.2524643736162037,0.034939556199287444,0.921875
3822,3,0.140625,0.24128043625458337,0.034544336624686235,0.921875
3823,3,0.09375,0.22652739262912502,0.0340143528184577,0.921875
3824,3,0.125,0.21637465336621253,0.033644098092505445,0.921875
3825,3,0.125,0.2072371880295913,0.03330713912639426,0.921875
3826,3,0.1875,0.20526346922663216,0.03323390128636687,0.921875
3827,3,0.1875,0.20348712230396893,0.03316785136825352,0.921875
3828,3,0.265625,0.20970091007357203,0.03339833474134485,0.921875
3829,3,0.34375,0.22310581906621482,0.0338900685202487,0.921875
3830,3,0.28125,0.22892023715959334,0.03410096705754231,0.921875
3831,3,0.25,0.231028213443634,0.034177061858330825,0.921875
3832,3,0.140625,0.2219878920992706,0.03384935153135373,0.921875
3833,3,0.1875,0.21853910288934356,0.03372340232113002,0.921875
3834,3,0.171875,0.2138726926004092,0.03355218090522473,0.921875
3835,3,0.171875,0.20967292334036827,0.033397300208651934,0.921875
3836,3,0.140625,0.20276813100633145,0.03314108070533032,0.921875
3837,3,0.2406249761581421,0.2065538155215125,0.03328179959643553,0.921875
3838,3,0.078125,0.19371093396936126,0.03280207584228701,0.921875
3839,3,0.2718749761581421,0.20152733818823934,0.033094832343483024,0.921875
3840,3,0.125,0.1938746043694154,0.03280823071763059,0.921875
3841,3,0.15625,0.19011214393247386,0.03266647852585853,0.921875
3842,3,0.25,0.19610092953922648,0.03289184793556588,0.921875
3843,3,0.25,0.20149083658530384,0.03309347087090197,0.921875
3844,3,0.078125,0.18915425292677346,0.03263030204961905,0.921875
3845,3,0.21875,0.19211382763409612,0.03274196126050828,0.921875
3846,3,0.3656249761581421,0.20946494248650072,0.03338961115795055,0.921875
3847,3,0.3031249761581421,0.21883094585366486,0.033734080058705714,0.921875
3848,3,0.1875,0.21569785126829838,0.03361925972442911,0.921875
3849,3,0.35937501192092897,0.23006556733356143,0.034142336020202155,0.921875
3850,3,0.140625,0.2211215106002053,0.03381775932460593,0.921875
3851,3,0.078125,0.20682185954018478,0.03329174098143669,0.921875
3852,3,0.2406249761581421,0.2102021712019805,0.03341685842116037,0.921875
3853,3,0.234375,0.21261945408178246,0.03350604050626046,0.921875
3854,3,0.140625,0.20542000867360422,0.03323971573521093,0.921875
3855,3,0.109375,0.1958155078062438,0.03288113885109883,0.921875
3856,3,0.2718749761581421,0.20342145464143363,0.033165407190862466,0.921875
3857,3,0.0625,0.18932930917729027,0.03263691600162976,0.921875
3858,3,0.15625,0.18602137825956125,0.03251173777857857,0.921875
3859,3,0.140625,0.18148174043360513,0.032339274388884696,0.921875
3860,3,0.109375,0.17427106639024462,0.032063764386656333,0.921875
3861,3,0.140625,0.17090645975122015,0.03193456128111443,0.921875
3862,3,0.153125,0.16912831377609816,0.031866116316606095,0.921875
3863,3,0.17187501192092897,0.16940298359058123,0.03187669630053843,0.921875
3864,3,0.340625,0.18652518523152312,0.03253082972005625,0.921875
3865,3,0.109375,0.1788101667083708,0.032237419962082466,0.921875
3866,3,0.20312501192092897,0.1812416512296266,0.03233013175804484,0.921875
3867,3,0.09375,0.17249248610666393,0.03199551627295965,0.921875
3868,3,0.046875,0.15993073749599754,0.031510320998524285,0.921875
3869,3,0.125,0.15643766374639778,0.03137444188628,0.921875
3870,3,0.078125,0.14860639737175801,0.031068351958113763,0.921875
3871,3,0.125,0.1462457576345822,0.03097569931678029,0.921875
3872,3,0.171875,0.14880868187112398,0.031076283222524117,0.921875
3873,3,0.109375,0.14486531368401157,0.030921437356938166,0.921875
3874,3,0.1468749761581421,0.14506627993142462,0.03092934055235898,0.921875
3875,3,0.215625,0.15212215193828216,0.031206013204558253,0.921875
3876,3,0.3031249761581421,0.16722243436026815,0.031792630807911566,0.921875
3877,3,0.434375,0.19393769092424132,0.03281060282680494,0.921875
3878,3,0.17187501192092897,0.19173142302391008,0.032727552930172696,0.921875
3879,3,0.23437501192092897,0.19599578191361197,0.03288790314811182,0.921875
3880,3,0.25,0.20139620372225078,0.03308994091184116,0.921875
3881,3,0.28125,0.20938158335002569,0.03338652886896278,0.921875
3882,3,0.09375,0.1978184250150231,0.03295622071715225,0.921875
3883,3,0.184375,0.1964740825135208,0.03290584386402464,0.921875
3884,3,0.09375,0.18620167426216871,0.03251857126688509,0.921875
3885,3,0.20312501192092897,0.18789400802804473,0.03258265292650104,0.921875
3886,3,0.171875,0.18629210722524026,0.032521998346497404,0.921875
3887,3,0.23437501192092897,0.19110039769480913,0.03270376459861759,0.921875
3888,3,0.35937501192092897,0.2079278591174211,0.03333272980747867,0.921875
3889,3,0.665624988079071,0.25369757201358606,0.03498278184516618,0.921875
3890,3,0.328125,0.26114031481222744,0.03524215053282855,0.921875
3891,3,0.4375,0.2787762833310047,0.03584619850659259,0.921875
3892,3,0.40625,0.2915236549979042,0.036273363976820856,0.921875
3893,3,0.44687498807907106,0.30705878830602096,0.036782974643880105,0.921875
3894,3,0.1875,0.29510290947541884,0.03639185390638358,0.921875
3895,3,0.203125,0.285905118527877,0.036086076427364853,0.921875
3896,3,0.328125,0.29012710667508923,0.03622695821098827,0.921875
3897,3,0.3125,0.2923643960075803,0.036301253963810245,0.921875
3898,3,0.21875,0.28500295640682227,0.03605585799380955,0.921875
3899,3,0.328125,0.28931516076614006,0.03619993348400536,0.921875
3900,3,0.15625,0.2760086446895261,0.03575239885240983,0.921875
3901,3,0.28125,0.2765327802205735,0.03577019131361017,0.921875
3902,3,0.1875,0.26762950219851617,0.035466150326917543,0.921875
3903,3,0.109375,0.25180405197866457,0.03491638175563274,0.921875
3904,3,0.09375,0.2359986467807981,0.034355709089274884,0.921875
3905,3,0.046875,0.2170862821027183,0.03367019369557742,0.921875
3906,3,0.09375,0.20475265389244646,0.03321492078414616,0.921875
3907,3,0.09375,0.19365238850320182,0.03279987396763973,0.921875
3908,3,0.125,0.18678714965288162,0.03254075313904546,0.921875
3909,3,0.109375,0.17904593468759344,0.03224641929800776,0.921875
3910,3,0.125,0.17364134121883412,0.032039613434805485,0.921875
3911,3,0.15625,0.17190220709695073,0.031972840854636676,0.921875
3912,3,0.203125,0.17502448638725565,0.03209264041135856,0.921875
3913,3,0.15625,0.1731470377485301,0.03202064611315682,0.921875
3914,3,0.15625,0.1714573339736771,0.031955742938947845,0.921875
3915,3,0.140625,0.1683741005763094,0.03183705116697916,0.921875
3916,3,0.140625,0.16559919051867847,0.031729942800537696,0.921875
3917,3,0.15625,0.16466427146681062,0.031693795671920724,0.921875
3918,3,0.015625,0.14976034432012955,0.031113578979830664,0.921875
3919,3,0.215625,0.15634680988811658,0.03137090228628985,0.921875
3920,3,0.03125,0.14383712889930492,0.030880983389050466,0.921875
3921,3,0.2093749761581421,0.15039091362518864,0.031138275140646966,0.921875
3922,3,0.0625,0.1416018222626698,0.030792922860753115,0.921875
3923,3,0.3968749761581421,0.167129137652217,0.03178903027262436,0.921875
3924,3,0.403125,0.19072872388699533,0.0326897460553474,0.921875
3925,3,0.125,0.18415585149829578,0.032440959241614796,0.921875
3926,3,0.3343749761581421,0.19917776396428039,0.03300708653647743,0.921875
3927,3,0.1781249761581421,0.19707248518366657,0.032928276787119605,0.921875
3928,3,0.29687501192092897,0.2070527378573928,0.03330030158036865,0.921875
3929,3,0.4593749761581421,0.23228496168746773,0.03422233539838043,0.921875
3930,3,0.11562497615814209,0.22061896313453516,0.033799419400628944,0.921875
3931,3,0.09375,0.20793206682108165,0.03333288565081224,0.921875
3932,3,0.0625,0.1933888601389735,0.03278996109788593,0.921875
3933,3,0.11562497615814209,0.18561247174089035,0.03249623503767598,0.921875
3934,3,0.340625,0.20111372456680132,0.03307940183911907,0.921875
3935,3,0.140625,0.1950648521101212,0.0328529587634637,0.921875
3936,3,0.109375,0.18649586689910908,0.032529718956003685,0.921875
3937,3,0.125,0.18034628020919818,0.03229601699938054,0.921875
3938,3,0.015625,0.16387415218827836,0.03166322345982821,0.921875
3939,3,0.09375,0.15686173696945052,0.03139095985214723,0.921875
3940,3,0.1875,0.15992556327250546,0.03151012002580977,0.921875
3941,3,0.15625,0.1595580069452549,0.03149584141275557,0.921875
3942,3,0.171875,0.16078970625072941,0.03154367178886583,0.921875
3943,3,0.25,0.16971073562565647,0.03188854741083214,0.921875
3944,3,0.171875,0.16992716206309083,0.03189687969149092,0.921875
3945,3,0.234375,0.17637194585678176,0.0321442326187809,0.921875
3946,3,0.3031249761581421,0.1890472488869178,0.03262625865702709,0.921875
3947,3,0.15625,0.18576752399822602,0.032502114230359556,0.921875
3948,3,0.32812501192092897,0.20000327279049632,0.03303794070810566,0.921875
3949,3,0.109375,0.19094044551144668,0.032697732284933424,0.921875
3950,3,0.496875,0.221533900960302,0.03383280097158766,0.921875
3951,3,0.246875,0.2240680108642718,0.03392507017429176,0.921875
3952,3,0.434375,0.24509870977784462,0.034679911928351285,0.921875
3953,3,0.3343749761581421,0.25402633641587435,0.034994293620454586,0.921875
3954,3,0.615624976158142,0.2901862003901011,0.03622892379929574,0.921875
3955,3,0.553124976158142,0.3164800779669052,0.037086057926541675,0.921875
3956,3,0.41562498807907106,0.32639456897812175,0.03740007545603066,0.921875
3957,3,0.728124988079071,0.36656761088821666,0.03861981706324292,0.921875
3958,3,0.5468750119209289,0.38459835099148787,0.03913945468728605,0.921875
3959,3,0.21875,0.36801351589233905,0.03866212650762427,0.921875
3960,3,0.265625,0.3577746643031051,0.03836012865372276,0.921875
3961,3,0.1875,0.3407471978727946,0.037845604712873016,0.921875
3962,3,0.171875,0.32385997808551514,0.037320282350918804,0.921875
3963,3,0.203125,0.31178648027696365,0.03693563267459079,0.921875
3964,3,0.15625,0.2962328322492673,0.03642912632826493,0.921875
3965,3,0.0625,0.2728595490243405,0.03564521755767327,0.921875
3966,3,0.109375,0.2565110941219065,0.035081134772895435,0.921875
3967,3,0.171875,0.24804748470971583,0.03478415818766017,0.921875
3968,3,0.140625,0.23730523623874425,0.03440248779760068,0.921875
3969,3,0.09375,0.22294971261486982,0.03388438606655518,0.921875
3970,3,0.0625,0.20690474135338285,0.033294814358112206,0.921875
3971,3,0.140625,0.20027676721804458,0.03304815680717322,0.921875
3972,3,0.140625,0.19431159049624014,0.03282465857484171,0.921875
3973,3,0.171875,0.19206793144661613,0.03274023227334567,0.921875
3974,3,0.3031249761581421,0.2031736359177687,0.03315618170232444,0.921875
3975,3,0.15625,0.19848127232599186,0.032981033341650465,0.921875
3976,3,0.171875,0.19582064509339267,0.032881331631611325,0.921875
3977,3,0.0625,0.1824885805840534,0.032377591590057424,0.921875
3978,3,0.015625,0.16580222252564805,0.03173778870235094,0.921875
3979,3,0.046875,0.15390950027308326,0.031275844938544795,0.921875
3980,3,0.08437497615814209,0.14695604786158917,0.03100359592002333,0.921875
3981,3,0.078125,0.14007294307543025,0.030732604481089443,0.921875
3982,3,0.125,0.13856564876788724,0.03067306863748806,0.921875
3983,3,0.09375,0.13408408389109852,0.030495654918116063,0.921875
3984,3,0.1875,0.13942567550198867,0.030707046752939456,0.921875
3985,3,0.15625,0.1411081079517898,0.030773452259253473,0.921875
3986,3,0.15625,0.14262229715661082,0.030833143754687715,0.921875
3987,3,0.140625,0.14242256744094975,0.030825274133366904,0.921875
3988,3,0.140625,0.1422428106968548,0.030818190430254546,0.921875
3989,3,0.1875,0.1467685296271693,0.030996232691233423,0.921875
3990,3,0.21875,0.15396667666445238,0.0312780771039483,0.921875
3991,3,0.4281249761581421,0.18138250661382135,0.03233549581127106,0.921875
3992,3,0.328125,0.1960567559524392,0.03289019074339257,0.921875
3993,3,0.509374988079071,0.22738857916510236,0.0340455541698766,0.921875
3994,3,0.45312501192092897,0.249962222440685,0.03485163459894635,0.921875
3995,3,0.171875,0.2421535001966165,0.0345753949333096,0.921875
3996,3,0.21875,0.23981315017695484,0.034492061770141705,0.921875
3997,3,0.32812501192092897,0.24864433635135225,0.03480520970620717,0.921875
3998,3,0.296875,0.25346740271621704,0.03497471940556154,0.921875
3999,4,0.0,0.22812066244459533,0.03407205255805085,0.609375
4000,4,0.0625,0.2115585962001358,0.033466931672097626,0.609375
4001,4,0.0,0.19040273658012224,0.03267744628625368,0.734375
4002,4,0.0,0.17136246292211002,0.03195209582373816,0.796875
4003,4,0.09375,0.16360121662989902,0.03165265772742573,0.796875
4004,4,0.0625,0.15349109496690913,0.03125950715390073,0.796875
4005,4,0.28125,0.1662669854702182,0.03175574345888459,0.796875
4006,4,0.234375,0.1730777869231964,0.03201798813173528,0.796875
4007,4,0.28125,0.18389500823087673,0.03243105231334191,0.796875
4008,4,0.234375,0.18894300740778908,0.0326223192310392,0.796875
4009,4,0.140625,0.18411120666701017,0.03243926379539335,0.796875
4010,4,0.203125,0.18601258600030918,0.03251140450723023,0.796875
4011,4,0.25,0.19241132740027825,0.032753166593927484,0.796875
4012,4,0.125,0.18567019466025042,0.032498423852491014,0.796875
4013,4,0.109375,0.17804067519422537,0.03220803399855568,0.796875
4014,4,0.15625,0.17586160767480283,0.03212470029770425,0.796875
4015,4,0.15625,0.17390044690732254,0.03204955227715827,0.796875
4016,4,0.125,0.1690104022165903,0.0318615736744977,0.796875
4017,4,0.09375,0.16148436199493127,0.03157062460443691,0.796875
4018,4,0.0,0.14533592579543814,0.030939942668516088,0.796875
4019,4,0.0,0.13080233321589432,0.030365367698388775,0.859375
4020,4,0.0,0.11772209989430489,0.029843100046279037,0.890625
4021,4,0.0625,0.1121998899048744,0.02962125380444687,0.890625
4022,4,0.0,0.10097990091438695,0.02916821531628455,0.90625
4023,4,0.078125,0.09869441082294826,0.02907557538531018,0.90625
4024,4,0.171875,0.10601246974065343,0.029371787160961046,0.90625
4025,4,0.15625,0.11103622276658809,0.02957440768843656,0.90625
4026,4,0.265625,0.1264951004899293,0.03019390465027846,0.90625
4027,4,0.078125,0.12165809044093637,0.030000742315747283,0.90625
4028,4,0.140625,0.12355478139684273,0.030076560820862398,0.90625
4029,4,0.171875,0.12838680325715845,0.0302692738610552,0.90625
4030,4,0.140625,0.1296106229314426,0.03031798003032717,0.90625
4031,4,0.171875,0.13383706063829834,0.03048585877330694,0.90625
4032,4,0.125,0.1329533545744685,0.03045079936983639,0.90625
4033,4,0.109375,0.13059551911702164,0.030357146742626975,0.90625
4034,4,0.21875,0.13941096720531948,0.03070646584098424,0.90625
4035,4,0.046875,0.13015737048478754,0.030339726122497364,0.90625
4036,4,0.15625,0.1327666334363088,0.030443388667264995,0.90625
4037,4,0.15625,0.1351149700926779,0.03053651736585125,0.90625
4038,4,0.171875,0.1387909730834101,0.030681972939941734,0.90625
4039,4,0.296875,0.15459937577506908,0.031302770527881385,0.90625
4040,4,0.140625,0.15320193819756217,0.031248212898272204,0.90625
4041,4,0.171875,0.15506924437780595,0.031321100397624334,0.90625
4042,4,0.15625,0.15518731994002535,0.03132570545926645,0.90625
4043,4,0.1875,0.15841858794602282,0.0314515490773322,0.90625
4044,4,0.359375,0.1785142291514205,0.03222612103694083,0.90625
4045,4,0.328125,0.19347530623627845,0.032793213149171906,0.90625
4046,4,0.328125,0.2069402756126506,0.03329613193320789,0.90625
4047,4,0.359375,0.22218374805138552,0.03385648885908627,0.90625
4048,4,0.265625,0.22652787324624696,0.03401437024054917,0.90625
4049,4,0.421875,0.24606258592162225,0.03471403112468014,0.90625
4050,4,0.21875,0.24333132732946003,0.03461724002533536,0.90625
4051,4,0.0625,0.22524819459651405,0.03396794701567599,0.90625
4052,4,0.125,0.21522337513686263,0.03360183511250626,0.90625
4053,4,0.0625,0.19995103762317637,0.03303598917720243,0.90625
4054,4,0.015625,0.18151843386085872,0.03234067149063085,0.90625
4055,4,0.03125,0.16649159047477285,0.03176441772365846,0.90625
4056,4,0.0625,0.1560924314272956,0.03136099043437206,0.90625
4057,4,0.109375,0.15142068828456604,0.03117857870892428,0.90625
4058,4,0.15625,0.15190361945610945,0.031197468024979594,0.90625
4059,4,0.1875,0.1554632575104985,0.03133646550399461,0.90625
4060,4,0.171875,0.15710443175944866,0.031400410309653036,0.90625
4061,4,0.3125,0.1726439885835038,0.03200133419068294,0.90625
4062,4,0.140625,0.16944208972515343,0.031878202409933776,0.90625
4063,4,0.171875,0.1696853807526381,0.03188757115586293,0.90625
4064,4,0.21875,0.1745918426773743,0.03207606115992382,0.90625
4065,4,0.34375,0.19150765840963685,0.03271911924079739,0.90625
4066,4,0.125,0.18485689256867316,0.03246757234216902,0.90625
4067,4,0.140625,0.18043370331180586,0.03229934924062217,0.90625
4068,4,0.125,0.17489033298062528,0.03208750027082021,0.90625
4069,4,0.15625,0.17302629968256275,0.03201601183961863,0.90625
4070,4,0.09375,0.16509866971430648,0.031710594736836455,0.90625
4071,4,0.1875,0.16733880274287583,0.031797121305978795,0.90625
4072,4,0.21875,0.17247992246858826,0.031995033773870904,0.90625
4073,4,0.0625,0.16148193022172944,0.03157053027960011,0.90625
4074,4,0.125,0.1578337371995565,0.03142879744312846,0.90625
4075,4,0.140625,0.15611286347960088,0.03136178664793414,0.90625
4076,4,0.140625,0.1545640771316408,0.03130139321302231,0.90625
4077,4,0.171875,0.1562951694184767,0.031368890289519065,0.90625
4078,4,0.0625,0.14691565247662905,0.031002009818507478,0.90625
4079,4,0.0625,0.13847408722896615,0.030669449900735307,0.90625
4080,4,0.0625,0.13087667850606954,0.030368322660847526,0.90625
4081,4,0.0625,0.12403901065546258,0.030095901912816133,0.90625
4082,4,0.109375,0.12257260958991632,0.03003731145139937,0.90625
4083,4,0.03125,0.1134403486309247,0.02967115436201842,0.90625
4084,4,0.078125,0.10990881376783224,0.02952898950249095,0.90625
4085,4,0.109375,0.10985543239104902,0.029526838240139987,0.90625
4086,4,0.15625,0.11449488915194411,0.029713545603019115,0.90625
4087,4,0.125,0.1155454002367497,0.02975574694121122,0.90625
4088,4,0.21875,0.12586586021307472,0.03016881250030048,0.90625
4089,4,0.1875,0.13202927419176724,0.03041411410069267,0.90625
4090,4,0.15625,0.13445134677259052,0.030510216100026258,0.90625
4091,4,0.15625,0.13663121209533147,0.03059656189087181,0.90625
4092,4,0.140625,0.13703059088579833,0.03061236637346437,0.90625
4093,4,0.203125,0.14364003179721851,0.03087322486344245,0.90625
4094,4,0.21875,0.15115102861749669,0.03116802799914541,0.90625
4095,4,0.140625,0.15009842575574703,0.031126821474841374,0.90625
4096,4,0.109375,0.14602608318017232,0.03096706841632242,0.90625
4097,4,0.046875,0.1361109748621551,0.030575967654794336,0.90625
4098,4,0.03125,0.12562487737593958,0.03015919996755035,0.90625
4099,4,0.078125,0.12087488963834563,0.02996940650710026,0.90625
4100,4,0.0,0.10878740067451106,0.02948378217880254,0.90625
4101,4,0.078125,0.10572116060705997,0.029360019459042846,0.90625
4102,4,0.046875,0.09983654454635398,0.02912188511681392,0.90625
4103,4,0.015625,0.09141539009171858,0.028779772799074718,0.90625
4104,4,0.078125,0.09008635108254671,0.02872564397181659,0.90625
4105,4,0.046875,0.08576521597429204,0.028549409187729177,0.90625
4106,4,0.203125,0.09750119437686283,0.02902716371538709,0.90625
4107,4,0.140625,0.10181357493917655,0.029201978272770754,0.90625
4108,4,0.0625,0.09788221744525888,0.029042626129395857,0.90625
4109,4,0.1875,0.106843995700733,0.02940536641258984,0.90625
4110,4,0.140625,0.1102220961306597,0.029541613341155487,0.90625
4111,4,0.15625,0.11482488651759373,0.02972680533555528,0.90625
4112,4,0.234375,0.12677989786583435,0.03020525789530906,0.90625
4113,4,0.203125,0.13441440807925092,0.03050875173796132,0.90625
4114,4,0.125,0.13347296727132585,0.03047141677913805,0.90625
4115,4,0.1875,0.13887567054419325,0.030685319597281935,0.90625
4116,4,0.203125,0.14530060348977392,0.0309385539712937,0.90625
4117,4,0.046875,0.13545804314079654,0.030550109271812526,0.90625
4118,4,0.09375,0.1312872388267169,0.03038463814821865,0.90625
4119,4,0.046875,0.1228460149440452,0.03004823983527474,0.90625
4120,4,0.046875,0.11524891344964068,0.029743839252042065,0.90625
4121,4,0.09375,0.11309902210467661,0.029657427474947602,0.90625
4122,4,0.109375,0.11272661989420896,0.029642447520064247,0.90625
4123,4,0.296875,0.13114145790478804,0.030378845428099585,0.90625
4124,4,0.1875,0.13677731211430924,0.03060234400486392,0.90625
4125,4,0.203125,0.14341208090287832,0.030864250316513676,0.90625
4126,4,0.21875,0.1509458728125905,0.031159999501249987,0.90625
4127,4,0.15625,0.15147628553133147,0.03118075371667626,0.90625
4128,4,0.109375,0.1472661569781983,0.031015770466801797,0.90625
4129,4,0.046875,0.1372270412803785,0.03062013870677018,0.90625
4130,4,0.125,0.13600433715234064,0.03057174528404079,0.90625
4131,4,0.171875,0.13959140343710658,0.03071359181589004,0.90625
4132,4,0.21875,0.14750726309339593,0.03102523393878744,0.90625
4133,4,0.0625,0.13900653678405633,0.03069049010266426,0.90625
4134,4,0.171875,0.1422933831056507,0.030820183445268098,0.90625
4135,4,0.09375,0.13743904479508565,0.030628525097758305,0.90625
4136,4,0.046875,0.12838264031557708,0.030269108110587015,0.90625
4137,4,0.0625,0.12179437628401937,0.03000619343425357,0.90625
4138,4,0.0625,0.11586493865561745,0.029768577938105934,0.90625
4139,4,0.15625,0.11990344479005571,0.029930516478386928,0.90625
4140,4,0.28125,0.13603810031105013,0.030573082188541434,0.90625
4141,4,0.265625,0.1489967902799451,0.03108365749796147,0.90625
4142,4,0.203125,0.15440961125195063,0.031295365641214726,0.90625
4143,4,0.296875,0.16865615012675556,0.031847922867656316,0.90625
4144,4,0.34375,0.18616553511408,0.03251720163802586,0.90625
4145,4,0.25,0.19254898160267198,0.03275835017590346,0.90625
4146,4,0.203125,0.19360658344240478,0.032798151161731785,0.90625
4147,4,0.296875,0.2039334250981643,0.03318445830885452,0.90625
4148,4,0.390625,0.2226025825883479,0.03387174636989874,0.90625
4149,4,0.25,0.2253423243295131,0.033971364209109095,0.90625
4150,4,0.3125,0.2340580918965618,0.03428609231083853,0.90625
4151,4,0.34375,0.2450272827069056,0.03467738186819953,0.90625
4152,4,0.21875,0.24239955443621505,0.03458414180109503,0.90625
4153,4,0.296875,0.24784709899259355,0.034777086717078194,0.90625
4154,4,0.296875,0.2527498890933342,0.034949570286280866,0.90625
4155,4,0.171875,0.24466240018400076,0.03466445351296501,0.90625
4156,4,0.15625,0.2358211601656007,0.0343493487949282,0.90625
4157,4,0.015625,0.21380154414904062,0.033549563199134685,0.90625
4158,4,0.09375,0.20179638973413655,0.03310486603670052,0.90625
4159,4,0.109375,0.19255425076072288,0.03275854857953833,0.90625
4160,4,0.21875,0.1951738256846506,0.0328570510764099,0.90625
4161,4,0.21875,0.19753144311618556,0.032945472594098905,0.90625
4162,4,0.203125,0.19809079880456698,0.03296641870734804,0.90625
4163,4,0.171875,0.1954692189241103,0.032868141705448814,0.90625
4164,4,0.09375,0.18529729703169925,0.03248428159529645,0.90625
4165,4,0.125,0.17926756732852933,0.03225487721465522,0.90625
4166,4,0.109375,0.1722783105956764,0.031987290216033935,0.90625
4167,4,0.0625,0.16130047953610877,0.031563491512798296,0.90625
4168,4,0.15625,0.1607954315824979,0.031543894000024636,0.90625
4169,4,0.203125,0.1650283884242481,0.03170787725850679,0.90625
4170,4,0.234375,0.1719630495818233,0.031975178679203076,0.90625
4171,4,0.109375,0.16570424462364094,0.03173400265523368,0.90625
4172,4,0.234375,0.17257132016127685,0.03199854371913335,0.90625
4173,4,0.09375,0.16468918814514916,0.031694759426859676,0.90625
4174,4,0.109375,0.15915776933063425,0.0314802880459034,0.90625
4175,4,0.1875,0.1619919923975708,0.03159031042364428,0.90625
4176,4,0.234375,0.16923029315781374,0.031870044762731635,0.90625
4177,4,0.265625,0.17886976384203235,0.03223969499638334,0.90625
4178,4,0.28125,0.1891077874578291,0.03262854629956601,0.90625
4179,4,0.109375,0.1811345087120462,0.03232605106330357,0.90625
4180,4,0.109375,0.17395855784084158,0.03205178097905872,0.90625
4181,4,0.109375,0.16750020205675742,0.031803348702669675,0.90625
4182,4,0.0625,0.1570001818510817,0.03139635109119853,0.90625
4183,4,0.015625,0.14286266366597353,0.030842612899860584,0.90625
4184,4,0.109375,0.13951389729937616,0.030710530983008234,0.90625
4185,4,0.140625,0.13962500756943855,0.030714918836995467,0.90625
4186,4,0.09375,0.13503750681249468,0.030533447940355552,0.90625
4187,4,0.140625,0.1355962561312452,0.030555584034787305,0.90625
4188,4,0.1875,0.14078663051812068,0.030760770179988652,0.90625
4189,4,0.109375,0.1376454674663086,0.03063668944094666,0.90625
4190,4,0.234375,0.14731842071967774,0.031017821986465827,0.90625
4191,4,0.15625,0.14821157864770998,0.031052867984194134,0.90625
4192,4,0.234375,0.15682792078293897,0.03138964290545364,0.90625
4193,4,0.21875,0.16302012870464508,0.03163015445173261,0.90625
4194,4,0.171875,0.16390561583418056,0.03166444129870791,0.90625
4195,4,0.09375,0.1568900542507625,0.0313920626187993,0.90625
4196,4,0.09375,0.15057604882568623,0.031145523517818303,0.90625
4197,4,0.09375,0.1448934439431176,0.030922543682574594,0.90625
4198,4,0.078125,0.13821659954880583,0.030659272013466826,0.90625
4199,4,0.03125,0.12751993959392524,0.030234748631202825,0.90625
4200,4,0.234375,0.13820544563453271,0.030658831080544947,0.90625
4201,4,0.125,0.13688490107107942,0.03060660158594697,0.90625
4202,4,0.21875,0.14507141096397147,0.03092954231883129,0.90625
4203,4,0.1875,0.14931426986757432,0.03109610086393713,0.90625
4204,4,0.09375,0.1437578428808169,0.03087786252018575,0.90625
4205,4,0.078125,0.13719455859273522,0.03061885364560268,0.90625
4206,4,0.046875,0.1281626027334617,0.030260346468738954,0.90625
4207,4,0.078125,0.12315884246011553,0.030060741509554623,0.90625
4208,4,0.046875,0.11553045821410397,0.029755146883801965,0.90625
4209,4,0.125,0.11647741239269357,0.029793164398361206,0.90625
4210,4,0.15625,0.12045467115342422,0.029952586884483247,0.90625
4211,4,0.171875,0.1255967040380818,0.030158076060878572,0.90625
4212,4,0.125,0.1255370336342736,0.03015569558360052,0.90625
4213,4,0.125,0.12548333027084624,0.030153553070561098,0.90625
4214,4,0.09375,0.12230999724376161,0.03002681258899328,0.90625
4215,4,0.125,0.12257899751938545,0.03003756680854219,0.90625
4216,4,0.15625,0.1259460977674469,0.030172012731466597,0.90625
4217,4,0.109375,0.1242889879907022,0.03010588402245203,0.90625
4218,4,0.046875,0.11654758919163198,0.02979598088370556,0.90625
4219,4,0.03125,0.10801783027246879,0.029452741066821244,0.90625
4220,4,0.140625,0.1112785472452219,0.029584165774094996,0.90625
4221,4,0.09375,0.10952569252069971,0.029513548232140537,0.90625
4222,4,0.0,0.09857312326862974,0.029070655883457766,0.90625
4223,4,0.015625,0.09027831094176676,0.028733464293888095,0.90625
4224,4,0.09375,0.09062547984759008,0.028747605834586104,0.90625
4225,4,0.125,0.09406293186283107,0.028887492836785683,0.90625
4226,4,0.125,0.09715663867654796,0.029013178470415832,0.90625
4227,4,0.234375,0.11087847480889315,0.02956805461194975,0.90625
4228,4,0.171875,0.11697812732800383,0.029813257391930137,0.90625
4229,4,0.1875,0.12403031459520344,0.030095554630690975,0.90625
4230,4,0.09375,0.12100228313568309,0.029974504622078554,0.90625
4231,4,0.109375,0.1198395548221148,0.029927957886977302,0.90625
4232,4,0.140625,0.1219180993399033,0.030011141640933464,0.90625
4233,4,0.0625,0.11597628940591298,0.02977304859158868,0.90625
4234,4,0.109375,0.11531616046532168,0.029746540265069593,0.90625
4235,4,0.0625,0.11003454441878951,0.029534056156854328,0.90625
4236,4,0.15625,0.11465608997691057,0.0297200232103601,0.90625
4237,4,0.3499999761581421,0.13819047859503372,0.030658239402562733,0.90625
4238,4,0.21875,0.14624643073553034,0.030975725760262713,0.90625
4239,4,0.25,0.15662178766197732,0.031381614381263134,0.90625
4240,4,0.25,0.1659596088957796,0.031743869704771416,0.90625
4241,4,0.203125,0.16967614800620162,0.03188721565584775,0.90625
4242,4,0.09375,0.16208353320558147,0.031593859426687014,0.90625
4243,4,0.125,0.1583751798850233,0.031449860826699906,0.90625
4244,4,0.15625,0.15816266189652098,0.031441594548684504,0.90625
4245,4,0.265625,0.16890889570686887,0.03185766265820352,0.90625
4246,4,0.15625,0.167643006136182,0.031808857864656856,0.90625
4247,4,0.046875,0.1555662055225638,0.03134047926693656,0.90625
4248,4,0.078125,0.14782208497030744,0.031037588012356815,0.90625
4249,4,0.078125,0.1408523764732767,0.030763364070856482,0.90625
4250,4,0.015625,0.12832963882594903,0.030266997776359196,0.90625
4251,4,0.1312499761581421,0.12862167255916834,0.03027862456305934,0.90625
4252,4,0.015625,0.1173220053032515,0.029827052998802346,0.90625
4253,4,0.015625,0.10715230477292635,0.029417812600380545,0.90625
4254,4,0.09375,0.10581207429563372,0.029363692215764764,0.90625
4255,4,0.171875,0.11241836686607035,0.029630045366283247,0.90625
4256,4,0.171875,0.11836403017946331,0.029868838005728995,0.90625
4257,4,0.171875,0.12371512716151697,0.030082966056909938,0.90625
4258,4,0.140625,0.12540611444536529,0.03015047238169162,0.90625
4259,4,0.1875,0.13161550300082875,0.030397679764086777,0.90625
4260,4,0.109375,0.12939145270074587,0.030309260482496842,0.90625
4261,4,0.125,0.12895230743067126,0.030291785298781106,0.90625
4262,4,0.15625,0.13168207668760412,0.03040032429628356,0.90625
4263,4,0.046875,0.12320136901884371,0.03006244081497461,0.90625
4264,4,0.046875,0.11556873211695934,0.029756683915945416,0.90625
4265,4,0.078125,0.1118243589052634,0.029606139588467886,0.90625
4266,4,0.09375,0.11001692301473706,0.02953334607823186,0.90625
4267,4,0.03125,0.10214023071326336,0.02921520320939195,0.90625
4268,4,0.0625,0.09817620764193702,0.029054554466144536,0.90625
4269,4,0.0,0.08835858687774333,0.028655222577469927,0.921875
4270,4,0.09375,0.088897728189969,0.02867720368641228,0.921875
4271,4,0.125,0.09250795537097209,0.028824243451136423,0.921875
4272,4,0.0625,0.08950715983387489,0.02870204357666416,0.921875
4273,4,0.109375,0.09149394385048741,0.028782970990858737,0.921875
4274,4,0.078125,0.09015704946543868,0.02872852426561569,0.921875
4275,4,0.140625,0.0952038445188948,0.028933867618705533,0.921875
4276,4,0.296875,0.11537096006700531,0.029748741235931277,0.921875
4277,4,0.25,0.12883386406030478,0.030287071079340228,0.921875
4278,4,0.171875,0.13313797765427432,0.03045812581468306,0.921875
4279,4,0.125,0.13232417988884687,0.03042582429318537,0.921875
4280,4,0.21875,0.14096676189996218,0.030767876634046055,0.921875
4281,4,0.078125,0.13468258570996597,0.03051938221081681,0.921875
4282,4,0.21875,0.14308932713896938,0.030851540595092816,0.921875
4283,4,0.125,0.14128039442507245,0.030780247559365856,0.921875
4284,4,0.1875,0.1459023549825652,0.030962206532491515,0.921875
4285,4,0.234375,0.15474961948430868,0.03130863241766357,0.921875
4286,4,0.203125,0.15958715753587782,0.03149697400393102,0.921875
4287,4,0.32187498807907106,0.17581594059019712,0.03212295200613115,0.921875
4288,4,0.15625,0.1738593465311774,0.032047975899838224,0.921875
4289,4,0.203125,0.17678591187805964,0.03216006948798772,0.921875
4290,4,0.21875,0.1809823206902537,0.03232025400409592,0.921875
4291,4,0.09375,0.17225908862122832,0.03198655185779115,0.921875
4292,4,0.09375,0.1644081797591055,0.03168388903093113,0.921875
4293,4,0.109375,0.15890486178319493,0.031470457200096676,0.921875
4294,4,0.09375,0.15238937560487545,0.031216460234116335,0.921875
4295,4,0.1875,0.15590043804438788,0.031353507999437334,0.921875
4296,4,0.09375,0.1496853942399491,0.03111064272499637,0.921875
4297,4,0.265625,0.16127935481595418,0.03156267197793083,0.921875
4298,4,0.171875,0.16233891933435876,0.03160375914146451,0.921875
4299,4,0.171875,0.16329252740092287,0.03164070483571184,0.921875
4300,4,0.21875,0.1688382746608306,0.031854941435697136,0.921875
4301,4,0.296875,0.18164194719474752,0.03234537389040405,0.921875
4302,4,0.140625,0.17754025247527278,0.03218891178067865,0.921875
4303,4,0.25,0.1847862272277455,0.03246489056710239,0.921875
4304,4,0.234375,0.18974510450497095,0.03265262079869562,0.921875
4305,4,0.234375,0.19420809405447387,0.03282076845303993,0.921875
4306,4,0.21875,0.1966622846490265,0.032912900714182895,0.921875
4307,4,0.109375,0.18793355618412383,0.03258414914405543,0.921875
4308,4,0.125,0.18164020056571145,0.03234530739670582,0.921875
4309,4,0.125,0.17597618050914032,0.032129086202252216,0.921875
4310,4,0.171875,0.17556606245822629,0.03211338447779974,0.921875
4311,4,0.15625,0.17363445621240367,0.032039349304981556,0.921875
4312,4,0.1875,0.1750210105911633,0.03209250724309099,0.921875
4313,4,0.1875,0.17626890953204696,0.032140289843810996,0.921875
4314,4,0.09375,0.16801701857884227,0.031823283304124275,0.921875
4315,4,0.171875,0.16840281672095805,0.031838158168922784,0.921875
4316,4,0.15625,0.16718753504886225,0.031791283998547054,0.921875
4317,4,0.23437501192092897,0.17390628273606892,0.03204977610151292,0.921875
4318,4,0.234375,0.17995315446246204,0.032281029017210985,0.921875
4319,4,0.171875,0.17914533901621585,0.03225021297747291,0.921875
4320,4,0.25,0.18623080511459425,0.03251967525391886,0.921875
4321,4,0.34375,0.20198272460313482,0.03311181328163417,0.921875
4322,4,0.3125,0.21303445214282135,0.03352132674297327,0.921875
4323,4,0.265625,0.21829350692853922,0.03371441382608559,0.921875
4324,4,0.390625,0.2355266562356853,0.03433879203979123,0.921875
4325,4,0.25,0.23697399061211677,0.03439063572732936,0.921875
4326,4,0.328125,0.24608909155090508,0.034714968767484186,0.921875
4327,4,0.265625,0.24804268239581456,0.03478398873900457,0.921875
4328,4,0.296875,0.2529259141562331,0.03495574224869182,0.921875
4329,4,0.1875,0.24638332274060978,0.0347253751017199,0.921875
4330,4,0.125,0.23424499046654879,0.03429280453800836,0.921875
4331,4,0.109375,0.2217579914198939,0.03384097145067264,0.921875
4332,4,0.09375,0.20895719227790452,0.03337083212341833,0.921875
4333,4,0.09375,0.19743647305011405,0.0329419150298144,0.921875
4334,4,0.078125,0.18550532574510264,0.03249217179784217,0.921875
4335,4,0.140625,0.1810172931705924,0.03232158623207236,0.921875
4336,4,0.0625,0.16916556385353318,0.03186755130529555,0.921875
4337,4,0.203125,0.1725615074681799,0.031998166896657264,0.921875
4338,4,0.078125,0.1631178567213619,0.03163393988748965,0.921875
4339,4,0.125,0.15930607104922573,0.03148605172797835,0.921875
4340,4,0.09375,0.15275046394430317,0.031230573198990492,0.921875
4341,4,0.015625,0.13903791754987285,0.030691729875690122,0.921875
4342,4,0.03125,0.12825912579488555,0.030264190071941966,0.921875
4343,4,0.203125,0.135745713215397,0.030561503557480014,0.921875
4344,4,0.015625,0.1237336418938573,0.030083705609004238,0.921875
4345,4,0.109375,0.12229777770447157,0.030026324024431707,0.921875
4346,4,0.15625,0.1256929999340244,0.030161917461014338,0.921875
4347,4,0.25,0.13812369994062196,0.030655599423043613,0.921875
4348,4,0.375,0.16181132994655975,0.031583305370117006,0.921875
4349,4,0.234375,0.16906769695190377,0.03186378106364216,0.921875
4350,4,0.296875,0.1818484272567134,0.03235323372914619,0.921875
4351,4,0.203125,0.18397608453104208,0.03243413189700687,0.921875
4352,4,0.25,0.19057847607793788,0.03268407759232147,0.921875
4353,4,0.046875,0.1762081284701441,0.03213796382199426,0.921875
4354,4,0.0625,0.1648373156231297,0.031700488423271354,0.921875
4355,4,0.140625,0.16241608406081673,0.03160674989507976,0.921875
4356,4,0.171875,0.16336197565473506,0.03164339425719944,0.921875
4357,4,0.109375,0.15796327808926156,0.03143383777681893,0.921875
4358,4,0.125,0.1546669502803354,0.03130540709795633,0.921875
4359,4,0.171875,0.15638775525230186,0.031372497521609435,0.921875
4360,4,0.234375,0.16418647972707168,0.0316753109699003,0.921875
4361,4,0.125,0.1602678317543645,0.03152341217610837,0.921875
4362,4,0.15625,0.15986604857892805,0.03150780834265265,0.921875
4363,4,0.03125,0.14700444372103524,0.031005496088030146,0.921875
4364,4,0.03125,0.1354289993489317,0.03054895874523015,0.921875
4365,4,0.046875,0.12657359941403853,0.030197034177858004,0.921875
4366,4,0.078125,0.12172873947263468,0.030003568175478997,0.921875
4367,4,0.0625,0.11580586552537123,0.029766206065392438,0.921875
4368,4,0.0625,0.1104752789728341,0.02955181369617368,0.921875
4369,4,0.125,0.1119277510755507,0.02961030122191018,0.921875
4370,4,0.046875,0.10542247596799563,0.029347951747463186,0.921875
4371,4,0.09375,0.10425522837119607,0.02930077162390815,0.921875
4372,4,0.21875,0.11570470553407645,0.029762144136778124,0.921875
4373,4,0.140625,0.11819673498066881,0.029862131397123223,0.921875
4374,4,0.234375,0.12981456148260193,0.03032609237855885,0.921875
4375,4,0.1875,0.13558310533434173,0.030555063141909616,0.921875
4376,4,0.125,0.13452479480090757,0.03051312768500763,0.921875
4377,4,0.3125,0.1523223153208168,0.031213838749632628,0.921875
4378,4,0.234375,0.16052758378873513,0.03153349712276709,0.921875
4379,4,0.21875,0.16634982540986162,0.03175894294893623,0.921875
4380,4,0.203125,0.17002734286887544,0.031900736027709105,0.921875
4381,4,0.234375,0.1764621085819879,0.03214768245676727,0.921875
4382,4,0.234375,0.18225339772378912,0.032368644652054405,0.921875
4383,4,0.171875,0.1812155579514102,0.03232913799301731,0.921875
4384,4,0.171875,0.18028150215626917,0.03229354771981622,0.921875
4385,4,0.078125,0.17006585194064225,0.031902218292232706,0.921875
4386,4,0.125,0.165559266746578,0.031728399831242975,0.921875
4387,4,0.25,0.1740033400719202,0.032053498408290505,0.921875
4388,4,0.234375,0.18004050606472818,0.03228435980578801,0.921875
4389,4,0.328125,0.19484895545825537,0.03284484976158945,0.921875
4390,4,0.234375,0.19880155991242984,0.032993016526219575,0.921875
4391,4,0.25,0.20392140392118685,0.03318401110640334,0.921875
4392,4,0.234375,0.20696676352906818,0.03329711404519212,0.921875
4393,4,0.21875,0.20814508717616137,0.033340774465671505,0.921875
4394,4,0.1875,0.20608057845854522,0.0332642406999659,0.921875
4395,4,0.265625,0.2120350206126907,0.03348450100363586,0.921875
4396,4,0.171875,0.20801901855142163,0.03333610597294334,0.921875
4397,4,0.125,0.19971711669627945,0.033027248439660005,0.921875
4398,4,0.046875,0.18443290502665152,0.032451479034416225,0.921875
4399,4,0.046875,0.17067711452398637,0.031925739547427466,0.921875
4400,4,0.078125,0.16142190307158774,0.0315682018527424,0.921875
4401,4,0.140625,0.15934221276442898,0.03148745624809319,0.921875
4402,4,0.125,0.15590799148798606,0.03135380239795599,0.921875
4403,4,0.1875,0.15906719233918745,0.03147676744700463,0.921875
4404,4,0.1875,0.1619104731052687,0.03158714971071509,0.921875
4405,4,0.125,0.15821942579474185,0.031443802632667495,0.921875
4406,4,0.140625,0.1564599832152677,0.03137531139467879,0.921875
4407,4,0.1875,0.1595639848937409,0.03149607367699124,0.921875
4408,4,0.21875,0.16548258640436683,0.03172543614330916,0.921875
4409,4,0.109375,0.15987182776393014,0.03150803282429456,0.921875
4410,4,0.109375,0.1548221449875371,0.03131146179857358,0.921875
4411,4,0.15625,0.1549649304887834,0.0313170316733082,0.921875
4412,4,0.109375,0.15040593743990505,0.031138863391068358,0.921875
4413,4,0.125,0.14786534369591453,0.031039285303877492,0.921875
4414,4,0.171875,0.15026630932632307,0.031133396039031782,0.921875
4415,4,0.09375,0.14461467839369077,0.030911579120396666,0.921875
4416,4,0.15625,0.1457782105543217,0.030957327812281096,0.921875
4417,4,0.109375,0.1421378894988895,0.030814055326971686,0.921875
4418,4,0.15625,0.14354910054900055,0.03086964504417298,0.921875
4419,4,0.15625,0.1448191904941005,0.030919623340119474,0.921875
4420,4,0.15625,0.14596227144469046,0.030964561002011916,0.921875
4421,4,0.171875,0.1485535443002214,0.031066279456413094,0.921875
4422,4,0.21875,0.15557318987019927,0.031340751561784806,0.921875
4423,4,0.140625,0.15407837088317936,0.03128243733623815,0.921875
4424,4,0.171875,0.1558580337948614,0.03135185524169457,0.921875
4425,4,0.296875,0.16995973041537527,0.031898133408916354,0.921875
4426,4,0.615624976158142,0.21452625498965194,0.03357621694407488,0.921875
4427,4,0.32187498807907106,0.22526112829859385,0.03396841657089777,0.921875
4428,4,0.4375,0.24648501546873444,0.034728970835261504,0.921875
4429,4,0.5468750119209289,0.27652401511395386,0.035769893880712895,0.921875
4430,4,0.47812498807907106,0.29668411241046555,0.03644399465712504,0.921875
4431,4,0.21875,0.288890701169419,0.03618579276020283,0.921875
4432,4,0.234375,0.2834391310524771,0.03600338153662848,0.921875
4433,4,0.265625,0.2816577179472294,0.03594345676083276,0.921875
4434,4,0.046875,0.2581794461525065,0.035139280533682316,0.921875
4435,4,0.125,0.24486150153725583,0.034671508737561973,0.921875
4436,4,0.03125,0.22350035138353025,0.0339044252611795,0.921875
4437,4,0.109375,0.21208781624517722,0.033486447391100765,0.921875
4438,4,0.125,0.20337903462065948,0.03316382820734766,0.921875
4439,4,0.15625,0.19866613115859355,0.032987950116917866,0.921875
4440,4,0.15625,0.1944245180427342,0.032828902704491895,0.921875
4441,4,0.296875,0.20466956623846078,0.03321183246898426,0.921875
4442,4,0.234375,0.2076401096146147,0.03332207052247096,0.921875
4443,4,0.140625,0.20093859865315325,0.033072866419612504,0.921875
4444,4,0.28125,0.20896973878783792,0.03337129628179094,0.921875
4445,4,0.15625,0.20369776490905414,0.033175690392823275,0.921875
4446,4,0.42187501192092897,0.22551548961024162,0.03397764962648046,0.921875
4447,4,0.140625,0.21702644064921747,0.0336680001202966,0.921875
4448,4,0.140625,0.20938629658429572,0.033386703153265446,0.921875
4449,4,0.21875,0.21032266692586615,0.03342130968599895,0.921875
4450,4,0.140625,0.20335290023327954,0.033162855381172064,0.921875
4451,4,0.171875,0.20020511020995158,0.03304548042408682,0.921875
4452,4,0.15625,0.19580959918895643,0.0328809171245637,0.921875
4453,4,0.171875,0.1934161392700608,0.03279098735427599,0.921875
4454,4,0.21875,0.19594952534305474,0.03288616761801329,0.921875
4455,4,0.34375,0.21072957280874927,0.03343633685344269,0.921875
4456,4,0.3125,0.22090661552787436,0.03380991828710997,0.921875
4457,4,0.25,0.2238159539750869,0.03391590496754768,0.921875
4458,4,0.25,0.2264343585775782,0.03401098019862602,0.921875
4459,4,0.203125,0.22410342271982037,0.0339263575879558,0.921875
4460,4,0.140625,0.21575558044783835,0.03362137911691054,0.921875
4461,4,0.078125,0.20199252240305451,0.03311217854069042,0.921875
4462,4,0.125,0.19429327016274905,0.03282396999887135,0.921875
4463,4,0.078125,0.18267644314647416,0.03238473686006982,0.921875
4464,4,0.140625,0.17847129883182675,0.03222448168538967,0.921875
4465,4,0.203125,0.18093666894864407,0.03231851489609653,0.921875
4466,4,0.25,0.18784300205377966,0.03258072313924664,0.921875
4467,4,0.1875,0.18780870184840168,0.03257942535101817,0.921875
4468,4,0.078125,0.1768403316635615,0.03216215093050191,0.921875
4469,4,0.109375,0.17009379849720535,0.0319032939588423,0.921875
4470,4,0.078125,0.16089691864748482,0.03154783272432359,0.921875
4471,4,0.140625,0.15886972678273634,0.03146909128708491,0.921875
4472,4,0.125,0.15548275410446272,0.031337225668898884,0.921875
4473,4,0.109375,0.15087197869401645,0.03115710742230888,0.921875
4474,4,0.109375,0.1467222808246148,0.03099441648200242,0.921875
4475,4,0.21875,0.15392505274215335,0.03127645211726373,0.921875
4476,4,0.171875,0.15572004746793802,0.03134647664424372,0.921875
4477,4,0.140625,0.15421054272114423,0.03128759643095783,0.921875
4478,4,0.21875,0.1606644884490298,0.03153881156712301,0.921875
4479,4,0.171875,0.16178553960412684,0.0315823052779368,0.921875
4480,4,0.203125,0.16591948564371417,0.03174231952774862,0.921875
4481,4,0.140625,0.16339003707934277,0.03164448090423896,0.921875
4482,4,0.109375,0.15798853337140847,0.03143482037466835,0.921875
4483,4,0.234375,0.16562718003426763,0.03173102450311717,0.921875
4484,4,0.046875,0.15375196203084088,0.03126969409566902,0.921875
4485,4,0.109375,0.14931426582775678,0.031096100705620036,0.921875
4486,4,0.078125,0.1421953392449811,0.030816319550131633,0.921875
4487,4,0.140625,0.142038305320483,0.030810130252590592,0.921875
4488,4,0.0625,0.13408447478843472,0.030495670418438276,0.921875
4489,4,0.046875,0.12536352730959124,0.03014877320782547,0.921875
4490,4,0.03125,0.11595217457863212,0.029772080425278222,0.921875
4491,4,0.140625,0.1184194571207689,0.029871059826438548,0.921875
4492,4,0.109375,0.11751501140869201,0.029834794630275215,0.921875
4493,4,0.171875,0.1229510102678228,0.03005243610697618,0.921875
4494,4,0.25,0.13565590924104054,0.030557946784536036,0.921875
4495,4,0.1875,0.1408403183169365,0.030762888347346806,0.921875
4496,4,0.078125,0.13456878648524284,0.03051487150308098,0.921875
4497,4,0.203125,0.14142440783671856,0.03078592702490327,0.921875
4498,4,0.171875,0.1444694670530467,0.030905866632196483,0.921875
4499,4,0.25,0.15502252034774203,0.031319277988481824,0.921875
4500,4,0.15625,0.15514526831296782,0.03132406545751935,0.921875
4501,4,0.203125,0.15994324148167105,0.03151080666379666,0.921875
4502,4,0.21875,0.16582391733350396,0.03173862698474389,0.921875
4503,4,0.109375,0.16017902560015357,0.03151996372903013,0.921875
4504,4,0.15625,0.15978612304013823,0.03150470366903075,0.921875
4505,4,0.1875,0.1625575107361244,0.03161223078814763,0.921875
4506,4,0.046875,0.15098925966251198,0.031161697500420544,0.921875
4507,4,0.15625,0.15151533369626077,0.031182281251839968,0.921875
4508,4,0.109375,0.1473013003266347,0.03101714996554147,0.921875
4509,4,0.25,0.15757117029397122,0.031418579455675555,0.921875
4510,4,0.046875,0.14650155326457412,0.030985747496697615,0.921875
4511,4,0.203125,0.1521638979381167,0.031207645404325725,0.921875
4512,4,0.171875,0.15413500814430503,0.03128464814185996,0.921875
4513,4,0.25,0.16372150732987453,0.03165731467085763,0.921875
4514,4,0.265625,0.17391185659688707,0.03204998987733892,0.921875
4515,4,0.234375,0.17995817093719838,0.032281220307172585,0.921875
4516,4,0.296875,0.19164985384347855,0.032724478812470995,0.921875
4517,4,0.1875,0.19123486845913068,0.032708835158899975,0.921875
4518,4,0.21875,0.19398638161321763,0.032812433532384624,0.921875
4519,4,0.234375,0.19802524345189587,0.03296396450845503,0.921875
4520,4,0.17187501192092897,0.19541022029879918,0.032865926858622864,0.921875
4521,4,0.203125,0.19618169826891924,0.03289487781196137,0.921875
4522,4,0.15625,0.19218852844202733,0.03274477519137546,0.921875
4523,4,0.203125,0.19328217559782462,0.032785947285710375,0.921875
4524,4,0.203125,0.19426645803804216,0.03282296223231435,0.921875
4525,4,0.109375,0.18577731223423793,0.03250248534512735,0.921875
4526,4,0.25,0.19219958101081414,0.03274519151602389,0.921875
4527,4,0.25,0.19797962290973273,0.032962256509204854,0.921875
4528,4,0.21875,0.20005666061875946,0.033039935190084614,0.921875
4529,4,0.125,0.19255099455688351,0.032758425971334375,0.921875
4530,4,0.265625,0.19985839510119516,0.033032527739513935,0.921875
4531,4,0.171875,0.19706005559107564,0.032927810970636205,0.921875
4532,4,0.203125,0.1976665500319681,0.032950533061891385,0.921875
4533,4,0.21875,0.1997748950287713,0.033029407600339816,0.921875
4534,4,0.109375,0.19073490552589417,0.032689979253970956,0.921875
4535,4,0.15625,0.18728641497330475,0.03255965846447584,0.921875
4536,4,0.21875,0.1904327734759743,0.032678579774807016,0.921875
4537,4,0.15625,0.18701449612837687,0.032549363084869457,0.921875
4538,4,0.078125,0.1761255465155392,0.03213480328931378,0.921875
4539,4,0.125,0.17101299186398528,0.03193865838857508,0.921875
4540,4,0.078125,0.16172419267758675,0.03157992628946329,0.921875
4541,4,0.03125,0.14867677340982807,0.031071111441772034,0.921875
4542,4,0.109375,0.14474659606884527,0.030916768080583384,0.921875
4543,4,0.09375,0.13964693646196075,0.030715784786672043,0.921875
4544,4,0.171875,0.14286974281576467,0.03084289175334992,0.921875
4545,4,0.203125,0.14889526853418822,0.031079677755395264,0.921875
4546,4,0.234375,0.1574432416807694,0.03141360018587977,0.921875
4547,4,0.21875,0.16357391751269246,0.03165160079810391,0.921875
4548,4,0.1875,0.1659665257614232,0.031744136934840995,0.921875
4549,4,0.3125,0.1806198731852809,0.03230644439408537,0.921875
4550,4,0.15625,0.1781828858667528,0.032213466494384835,0.921875
4551,4,0.0625,0.16661459728007752,0.031769167512663274,0.921875
4552,4,0.09375,0.15932813755206976,0.03148690926989588,0.921875
4553,4,0.0625,0.1496453237968628,0.031109072846145287,0.921875
4554,4,0.125,0.1471807914171765,0.031012419409487443,0.921875
4555,4,0.203125,0.15277521227545887,0.03123154032076202,0.921875
4556,4,0.265625,0.16406019104791297,0.0316704238266997,0.921875
4557,4,0.296875,0.17734167194312167,0.03218132105181087,0.921875
4558,4,0.328125,0.1924200047488095,0.03275349337470151,0.921875
4559,4,0.234375,0.19661550427392854,0.03291114676236015,0.921875
4560,4,0.296875,0.2066414538465357,0.03328505030563916,0.921875
4561,4,0.234375,0.20941480846188215,0.03338775743576137,0.921875
4562,4,0.171875,0.20566082761569393,0.03324865868096003,0.921875
4563,4,0.1875,0.20384474485412454,0.03318115915760052,0.921875
4564,4,0.171875,0.2006477703687121,0.03306201045076942,0.921875
4565,4,0.109375,0.19152049333184087,0.032719603041607245,0.921875
4566,4,0.140625,0.18643094399865678,0.03252725914913606,0.921875
4567,4,0.0625,0.17403784959879112,0.0320548218229361,0.921875
4568,4,0.0625,0.16288406463891203,0.031624883547629365,0.921875
4569,4,0.078125,0.15440815817502082,0.03129530893549507,0.921875
4570,4,0.09375,0.14834234235751872,0.031057996813551564,0.921875
4571,4,0.078125,0.14132060812176686,0.030781833532792287,0.921875
4572,4,0.09375,0.13656354730959017,0.03059388374805984,0.921875
4573,4,0.046875,0.12759469257863115,0.030237726699484175,0.921875
4574,4,0.09375,0.12421022332076803,0.030102738970168765,0.921875
4575,4,0.109375,0.12272670098869123,0.030043470941262276,0.921875
4576,4,0.109375,0.12139153088982212,0.02999007911872861,0.921875
4577,4,0.171875,0.1264398778008399,0.030191702977667365,0.921875
4578,4,0.140625,0.1278583900207559,0.03024823084383407,0.921875
4579,4,0.125,0.1275725510186803,0.03023684462278066,0.921875
4580,4,0.234375,0.13825279591681228,0.030660702890984895,0.921875
4581,4,0.296875,0.15411501632513103,0.031283867783720234,0.921875
4582,4,0.1875,0.15745351469261792,0.03141400005476263,0.921875
4583,4,0.15625,0.15733316322335614,0.03140931524830453,0.921875
4584,4,0.0625,0.14784984690102054,0.031038677281235973,0.921875
4585,4,0.09375,0.14243986221091848,0.030825955619032303,0.921875
4586,4,0.078125,0.13600837598982662,0.03057190520982502,0.921875
4587,4,0.15625,0.13803253839084395,0.030651995292987035,0.921875
4588,4,0.109375,0.13516678455175957,0.030538570377718767,0.921875
4589,4,0.09375,0.1310251060965836,0.03037422166243178,0.921875
4590,4,0.1875,0.13667259548692523,0.030598199760889278,0.921875
4591,4,0.21875,0.1448803359382327,0.030922028165252653,0.921875
4592,4,0.15625,0.14601730234440943,0.030966723390267677,0.921875
4593,4,0.171875,0.14860307210996848,0.031068221568858318,0.921875
4594,4,0.171875,0.15093026489897163,0.0311593886510374,0.921875
4595,4,0.0,0.13583723840907447,0.03056512825727304,0.921875
4596,4,0.046875,0.12694101456816703,0.030211679704687716,0.921875
4597,4,0.046875,0.11893441311135033,0.029891698304630055,0.921875
4598,4,0.109375,0.11797847180021531,0.029853380466664095,0.921875
4599,4,0.1875,0.12493062462019378,0.03013149811125291,0.921875
4600,4,0.140625,0.1265000621581744,0.030194102462837793,0.921875
4601,4,0.046875,0.11853755594235695,0.029875793618585857,0.921875
4602,4,0.3343749761581421,0.14012129796393546,0.03073451329451074,0.921875
4603,4,0.15625,0.14173416816754192,0.030798140922805785,0.921875
4604,4,0.1875,0.14631075135078772,0.030978252598204595,0.921875
4605,4,0.1875,0.15042967621570894,0.031139792856959843,0.921875
4606,4,0.125,0.14788670859413805,0.03104012355134408,0.921875
4607,4,0.046875,0.13778553773472427,0.03064222872046147,0.921875
4608,4,0.0625,0.13025698396125185,0.030343687193739345,0.921875
4609,4,0.109375,0.12816878556512667,0.030260592680414495,0.921875
4610,4,0.125,0.127851907008614,0.030247972622249986,0.921875
4611,4,0.140625,0.12912921630775262,0.03029882579719766,0.921875
4612,4,0.234375,0.13965379467697736,0.03071605560764151,0.921875
4613,4,0.171875,0.1428759152092796,0.030843134887714285,0.921875
4614,4,0.15625,0.14421332368835166,0.030895788582321927,0.921875
4615,4,0.328125,0.1626044913195165,0.03161405133700966,0.921875
4616,4,0.21875,0.16821904218756484,0.0318310731948172,0.921875
4617,4,0.171875,0.16858463796880835,0.03184516667074172,0.921875
4618,4,0.140625,0.16578867417192752,0.03173726518878714,0.921875
4619,4,0.1781249761581421,0.167022304370549,0.031784906956258914,0.921875
4620,4,0.140625,0.1643825739334941,0.031682898371840976,0.921875
4621,4,0.296875,0.1776318165401447,0.03219241132496284,0.921875
4622,4,0.09375,0.16924363488613023,0.03187055868517621,0.921875
4623,4,0.203125,0.17263177139751723,0.03200086506328078,0.921875
4624,4,0.09375,0.1647435942577655,0.03169686373236255,0.921875
4625,4,0.171875,0.16545673483198894,0.031724436936557125,0.921875
4626,4,0.09375,0.15828606134879006,0.03144639458114916,0.921875
4627,4,0.09375,0.15183245521391106,0.03119468498771394,0.921875
4628,4,0.09375,0.14602420969251995,0.030966994801430326,0.921875
4629,4,0.078125,0.13923428872326796,0.030699487323002674,0.921875
4630,4,0.1875,0.14406085985094116,0.03088978887583442,0.921875
4631,4,0.125,0.14215477386584707,0.03081472078815317,0.921875
4632,4,0.140625,0.14200179647926237,0.03080869119394807,0.921875
4633,4,0.278125,0.15561411683133614,0.031342347125971746,0.921875
4634,4,0.015625,0.14161520514820253,0.0307934505381047,0.921875
4635,4,0.0625,0.13370368463338228,0.030480568775397312,0.921875
4636,4,0.078125,0.12814581617004406,0.03025967799166873,0.921875
4637,4,0.125,0.12783123455303966,0.030247149220284576,0.921875
4638,4,0.125,0.12754811109773567,0.030235870968009337,0.921875
4639,4,0.140625,0.1288557999879621,0.030287944191066105,0.921875
4640,4,0.078125,0.12378271998916589,0.030085665938539542,0.921875
4641,4,0.15625,0.1270294479902493,0.030215204189375768,0.921875
4642,4,0.17187501192092897,0.13151400438331726,0.030393647651582523,0.921875
4643,4,0.015625,0.11992510394498553,0.029931383834740297,0.921875
4644,4,0.140625,0.12199509355048696,0.030014220757607346,0.921875
4645,4,0.234375,0.13323308419543825,0.03046189956779964,0.921875
4646,4,0.140625,0.13397227577589443,0.03049122118865268,0.921875
4647,4,0.125,0.13307504819830498,0.0304556286795176,0.921875
4648,4,0.171875,0.13695504337847447,0.030609377119176568,0.921875
4649,4,0.23437501192092897,0.14669704023271993,0.030993425245403567,0.921875
4650,4,0.203125,0.1523398362094479,0.031214523680826903,0.921875
4651,4,0.171875,0.15429335258850313,0.03129082847692502,0.921875
4652,4,0.046875,0.14355151732965282,0.03086974019229695,0.921875
4653,4,0.171875,0.14638386559668753,0.03098112473695008,0.921875
4654,4,0.109375,0.14268297903701876,0.03083553446092592,0.921875
4655,4,0.0625,0.1346646811333169,0.03051867254461479,0.921875
4656,4,0.1875,0.1399482130199852,0.03072768042567067,0.921875
4657,4,0.078125,0.13376589171798667,0.030483036115071693,0.921875
4658,4,0.25,0.14538930254618798,0.030942041102932662,0.921875
4659,4,0.171875,0.14803787229156917,0.031046054016347965,0.921875
4660,4,0.1875,0.15198408506241226,0.031200614615807615,0.921875
4661,4,0.234375,0.16022317655617105,0.03152167819569781,0.921875
4662,4,0.171875,0.16138835890055395,0.03156690063572642,0.921875
4663,4,0.046875,0.14993702301049858,0.031120499858970786,0.921875
4664,4,0.0625,0.14119332070944873,0.03077681332218797,0.921875
4665,4,0.0625,0.13332398863850387,0.03046550634065435,0.921875
4666,4,0.078125,0.12780408977465346,0.030246068001962174,0.921875
4667,4,0.2093749761581421,0.13596117841300231,0.030570036298161758,0.921875
4668,4,0.109375,0.1333025605717021,0.030464656170837403,0.921875
4669,4,0.09375,0.12934730451453189,0.030307503911290546,0.921875
4670,4,0.0,0.1164125740630787,0.02979056205560935,0.9375
4671,4,0.125,0.11727131665677083,0.02982501967655665,0.9375
4672,4,0.15625,0.12116918499109375,0.02998118315604874,0.9375
4673,4,0.140625,0.12311476649198437,0.03005898024031018,0.9375
4674,4,0.15625,0.12642828984278592,0.03019124096684682,0.9375
4675,4,0.1875,0.13253546085850734,0.03043421235746828,0.9375
4676,4,0.15625,0.1349069147726566,0.030528272929717423,0.9375
4677,4,0.203125,0.14172872329539093,0.030797926255887544,0.9375
4678,4,0.203125,0.14786835096585182,0.031039403294378206,0.9375
4679,4,0.265625,0.15964401586926663,0.03149918304485218,0.9375
4680,4,0.234375,0.16711711428233997,0.03178856624090931,0.9375
4681,4,0.296875,0.18009290285410595,0.03228635760296732,0.9375
4682,4,0.40625,0.20270861256869535,0.03313886367982628,0.9375
4683,4,0.34375,0.2168127513118258,0.03366016578968831,0.9375
4684,4,0.28125,0.22325647618064323,0.03389555161486984,0.9375
4685,4,0.15625,0.2165558285625789,0.03365074386569673,0.9375
4686,4,0.09375,0.20427524570632102,0.03319717199656782,0.9375
4687,4,0.140625,0.19791022113568893,0.032959657999633976,0.9375
4688,4,0.140625,0.19218169902212004,0.03274451794058171,0.9375
4689,4,0.15625,0.18858852911990803,0.032608919896988685,0.9375
4690,4,0.046875,0.17441717620791725,0.032069365883028875,0.9375
4691,4,0.1875,0.17572545858712552,0.032119487822865105,0.9375
4692,4,0.234375,0.18159041272841298,0.0323434119392845,0.9375
4693,4,0.171875,0.18061887145557168,0.03230640622042678,0.9375
4694,4,0.234375,0.1859944843100145,0.03251071835185152,0.9375
4695,4,0.125,0.17989503587901307,0.03227881275123513,0.9375
4696,4,0.078125,0.16971803229111176,0.03188882835481851,0.9375
4697,4,0.046875,0.1574337290620006,0.0314132299115653,0.9375
4698,4,0.15625,0.15731535615580053,0.03140862204869962,0.9375
4699,4,0.1875,0.16033382054022047,0.03152597442553647,0.9375
4700,4,0.078125,0.15211293848619842,0.031205652966176303,0.9375
4701,4,0.09375,0.14627664463757858,0.030976912730743697,0.9375
4702,4,0.15625,0.14727398017382073,0.031016077557822985,0.9375
4703,4,0.1875,0.15129658215643865,0.031173723220838945,0.9375
4704,4,0.21875,0.1580419239407948,0.03143689755156679,0.9375
4705,4,0.171875,0.1594252315467153,0.03149068231357854,0.9375
4706,4,0.1875,0.16223270839204376,0.03159964228110273,0.9375
4707,4,0.21875,0.16788443755283938,0.03181817029314162,0.9375
4708,4,0.234375,0.17453349379755545,0.03207382466610119,0.9375
4709,4,0.171875,0.1742676444177999,0.0320636331872839,0.9375
4710,4,0.15625,0.17246587997601992,0.031994494473558864,0.9375
4711,4,0.34375,0.18959429197841793,0.032646925303622586,0.9375
4712,4,0.203125,0.1909473627805761,0.03269799317799756,0.9375
4713,4,0.328125,0.2046651265025185,0.03321166743891942,0.9375
4714,4,0.234375,0.20763611385226666,0.03332192248097458,0.9375
4715,4,0.265625,0.21343500246703997,0.033536073970957044,0.9375
4716,4,0.296875,0.22177900222033597,0.033841737407039184,0.9375
4717,4,0.1875,0.21835110199830238,0.03371652196160182,0.9375
4718,4,0.21875,0.21839099179847216,0.03371798195359953,0.9375
4719,4,0.203125,0.21686439261862495,0.033662059253075235,0.9375
4720,4,0.25,0.22017795335676246,0.03378331631617143,0.9375
4721,4,0.09375,0.2075351580210862,0.0333181818875267,0.9375
4722,4,0.171875,0.20396914221897758,0.03318578699471843,0.9375
4723,4,0.15625,0.1991972279970798,0.03300781433654878,0.9375
4724,4,0.171875,0.19646500519737184,0.03290550346447304,0.9375
4725,4,0.43750001192092897,0.22056850586972754,0.03379757741974457,0.9375
4726,4,0.09375,0.2078866552827548,0.03333120367696868,0.9375
4727,4,0.171875,0.20428548975447933,0.03319755294079054,0.9375
4728,4,0.203125,0.20416944077903137,0.03319323719159436,0.9375
4729,4,0.2249999761581421,0.20625249431694245,0.033270620492729316,0.9375
4730,4,0.140625,0.1996897448852482,0.03302622551586095,0.9375
4731,4,0.125,0.19222077039672342,0.032745989657790305,0.9375
4732,4,0.09375,0.1823736933570511,0.032373221254070335,0.9375
4733,4,0.109375,0.17507382402134597,0.03209453063822973,0.9375
4734,4,0.0625,0.16381644161921138,0.03166098961321771,0.9375
4735,4,0.109375,0.15837229745729023,0.03144974871947374,0.9375
4736,4,0.046875,0.14722256771156123,0.031014059382350342,0.9375
4737,4,0.109375,0.14343781094040509,0.030865263401794553,0.9375
4738,4,0.0,0.1290940298463646,0.030297425540556457,0.953125
4739,4,0.109375,0.12712212686172814,0.03021889764245709,0.953125
4740,4,0.09375,0.12378491417555532,0.03008575357954507,0.953125
4741,4,0.09375,0.12078142275799979,0.029965665815599393,0.953125
4742,4,0.078125,0.11651578048219981,0.029794704284222873,0.953125
4743,4,0.171875,0.12205170243397982,0.03001648453265825,0.953125
4744,4,0.234375,0.13328403219058182,0.030463921036873478,0.953125
4745,4,0.203125,0.14026812897152363,0.030740309028693954,0.953125
4746,4,0.47812498807907106,0.1740538148822784,0.032055434065129604,0.953125
4747,4,0.328125,0.18946093339405054,0.0326418882339387,0.953125
4748,4,0.34375,0.20488984005464547,0.033220019291246135,0.953125
4749,4,0.265625,0.21096335604918093,0.03344496743528302,0.953125
4750,4,0.328125,0.22267952044426284,0.03387454827865854,0.953125
4751,4,0.25,0.22541156839983656,0.0339738777322644,0.953125
4752,4,0.171875,0.2200579115598529,0.03377893165461994,0.953125
4753,4,0.15625,0.21367712040386763,0.03354498486896567,0.953125
4754,4,0.203125,0.21262190836348088,0.03350613092960744,0.953125
4755,4,0.1875,0.21010971752713278,0.03341344265702848,0.953125
4756,4,0.15625,0.2047237457744195,0.03321384631969398,0.953125
4757,4,0.171875,0.20143887119697756,0.03309153252236885,0.953125
4758,4,0.28125,0.2094199840772798,0.03338794881066886,0.953125
4759,4,0.328125,0.2212904856695518,0.03382392345348944,0.953125
4760,4,0.125,0.2116614371025966,0.03347072498583146,0.953125
4761,4,0.171875,0.20768279339233695,0.03332365189946966,0.953125
4762,4,0.1875,0.20566451405310324,0.03324879556047024,0.953125
4763,4,0.171875,0.2022855626477929,0.03312310120376478,0.953125
4764,4,0.203125,0.2023695063830136,0.03312622944995012,0.953125
4765,4,0.15625,0.19775755574471224,0.03295394129816759,0.953125
4766,4,0.09375,0.187356800170241,0.032562322926225455,0.953125
4767,4,0.234375,0.1920586201532169,0.03273988149115001,0.953125
4768,4,0.15625,0.18847775813789522,0.03260473174807659,0.953125
4769,4,0.1875,0.1883799823241057,0.03260103454362759,0.953125
4770,4,0.125,0.18204198409169514,0.032360600189583116,0.953125
4771,4,0.171875,0.18102528568252563,0.03232189068930868,0.953125
4772,4,0.328125,0.19573525711427306,0.03287812724923777,0.953125
4773,4,0.1875,0.19491173140284573,0.032847207792766696,0.953125
4774,4,0.1875,0.19417055826256116,0.03281935749109282,0.953125
4775,4,0.21875,0.19662850243630506,0.03291163411537476,0.953125
4776,4,0.265625,0.20352815219267453,0.0331693784288551,0.953125
4777,4,0.34375,0.21755033697340706,0.03368719914691146,0.953125
4778,4,0.25,0.22079530327606636,0.0338058559752572,0.953125
4779,4,0.1875,0.21746577294845973,0.03368410094946173,0.953125
4780,4,0.125,0.20821919565361374,0.033343518498008366,0.953125
4781,4,0.28125,0.21552227608825236,0.03361281302623007,0.953125
4782,4,0.15625,0.20959504847942714,0.03339442138519896,0.953125
4783,4,0.109375,0.19957304363148443,0.03302186388660279,0.953125
4784,4,0.03125,0.18274073926833598,0.03238718203130704,0.953125
4785,4,0.078125,0.1722791653415024,0.03198732304839077,0.953125
4786,4,0.28125,0.18317624880735214,0.032403740310773574,0.953125
4787,4,0.25,0.18985862392661693,0.03265690732675592,0.953125
4788,4,0.375,0.20837276153395523,0.03334920389849879,0.953125
4789,4,0.359375,0.2234729853805597,0.033903429649365234,0.953125
4790,4,0.3125,0.23237568684250373,0.03422560101047202,0.953125
4791,4,0.234375,0.23257561815825337,0.0342327961638066,0.953125
4792,4,0.1875,0.22806805634242802,0.03407014921621869,0.953125
4793,4,0.21875,0.22713625070818522,0.034036415496250916,0.953125
4794,4,0.203125,0.2247351256373667,0.03394931430447985,0.953125
4795,4,0.28125,0.23038661307363,0.03415392174164982,0.953125
4796,4,0.171875,0.22453545176626702,0.03394205982426617,0.953125
4797,4,0.140625,0.21614440658964032,0.03363565029890528,0.953125
4798,4,0.21875,0.2164049659306763,0.03364521009873849,0.953125
4799,4,0.171875,0.21195196933760865,0.03348143896281488,0.953125
4800,4,0.109375,0.20169427240384777,0.033101058135891766,0.953125
4801,4,0.0625,0.187774845163463,0.03257814429978436,0.953125
4802,4,0.015625,0.1705598606471167,0.031921228670673076,0.953125
4803,4,0.171875,0.17069137458240502,0.031926288113177416,0.953125
4804,4,0.203125,0.17393473712416452,0.03205086740879547,0.953125
4805,4,0.1875,0.17529126341174806,0.03210286013992512,0.953125
4806,4,0.078125,0.16557463707057327,0.031728993868277926,0.953125
4807,4,0.046875,0.15370467336351595,0.03126784762292101,0.953125
4808,4,0.125,0.15083420602716435,0.03115562900231858,0.953125
4809,4,0.171875,0.15293828542444793,0.03123791243865951,0.953125
4810,4,0.28125,0.16576945688200312,0.03173652261443459,0.953125
4811,4,0.140625,0.1632550111938028,0.03163925193133546,0.953125
4812,4,0.078125,0.15474201007442254,0.0313083355476822,0.953125
4813,4,0.140625,0.15333030906698028,0.031253227308298125,0.953125
4814,4,0.125,0.15049727816028224,0.03114243963844649,0.953125
4815,4,0.1875,0.154197550344254,0.03128708932175404,0.953125
4816,4,0.3125,0.17002779530982862,0.03190075344305789,0.953125
4817,4,0.171875,0.17021251577884575,0.031907863094041346,0.953125
4818,4,0.234375,0.17662876420096119,0.03215405831242101,0.953125
4819,4,0.21875,0.18084088778086507,0.0323148658504498,0.953125
4820,4,0.140625,0.17681929900277857,0.032161346488217966,0.953125
4821,4,0.25,0.1841373691025007,0.03244025735741967,0.953125
4822,4,0.1875,0.18447363219225063,0.03245302521122333,0.953125
4823,4,0.25,0.19102626897302558,0.03270096908816627,0.953125
4824,4,0.21875,0.19379864207572303,0.032805374262764635,0.953125
4825,4,0.15625,0.19004377786815074,0.03266389773021957,0.953125
4826,4,0.09375,0.18041440008133566,0.03229861349815893,0.953125
4827,4,0.09375,0.1717479600732021,0.03196691344169287,0.953125
4828,4,0.09375,0.1639481640658819,0.03166608812587721,0.953125
4829,4,0.078125,0.1553658476592937,0.03133266734280244,0.953125
4830,4,0.21875,0.16170426289336434,0.03157915339960251,0.953125
4831,4,0.28125,0.1736588366040279,0.03204028460340687,0.953125
4832,4,0.23437501192092897,0.179730454135718,0.03227253599242029,0.953125
4833,4,0.15625,0.1773824087221462,0.03218287833045719,0.953125
4834,4,0.109375,0.17058166784993156,0.03192206765306154,0.953125
4835,4,0.203125,0.1738360010649384,0.03204708047304699,0.953125
4836,4,0.125,0.16895240095844455,0.031859338947353204,0.953125
4837,4,0.125,0.16455716086260008,0.031689652485030466,0.953125
4838,4,0.078125,0.15591394477634007,0.03135403442844944,0.953125
4839,4,0.125,0.15282255029870606,0.03123339015304117,0.953125
4840,4,0.340625,0.17160279526883546,0.031961334264937934,0.953125
4841,4,0.09375,0.1638175157419519,0.031661031191144176,0.953125
4842,4,0.15625,0.16306076416775672,0.03163172848160744,0.953125
4843,4,0.078125,0.15456718775098105,0.03130151458766335,0.953125
4844,4,0.078125,0.14692296897588294,0.031002297100437955,0.953125
4845,4,0.140625,0.14629317207829465,0.030977562008644613,0.953125
4846,4,0.09375,0.1410388548704652,0.030770720534443165,0.953125
4847,4,0.109375,0.13787246938341866,0.030645666263603856,0.953125
4848,4,0.09375,0.1334602224450768,0.030470911177976408,0.953125
4849,4,0.09375,0.12948920020056912,0.03031314947169422,0.953125
4850,4,0.09375,0.1259152801805122,0.03017078360973077,0.953125
4851,4,0.046875,0.11801125216246099,0.02985469482439373,0.953125
4852,4,0.09375,0.11558512694621488,0.029757342300401737,0.953125
4853,4,0.046875,0.10871411425159339,0.02948082673794672,0.953125
4854,4,0.109375,0.10878020282643405,0.029483491915022555,0.953125
4855,4,0.171875,0.11508968254379065,0.029737443197959946,0.953125
4856,4,0.1875,0.12233071428941159,0.03002764089375693,0.953125
4857,4,0.203125,0.13041014286047042,0.030349776918721073,0.953125
4858,4,0.28125,0.14549412857442337,0.030946161937485367,0.953125
4859,4,0.171875,0.14813221571698104,0.031049754938165332,0.953125
4860,4,0.234375,0.15675649414528295,0.03138686112250265,0.953125
4861,4,0.21875,0.16295584473075467,0.031627664272464905,0.953125
4862,4,0.21875,0.1685352602576792,0.031843263467042235,0.953125
4863,4,0.234375,0.17511923423191128,0.03209627031941631,0.953125
4864,4,0.1875,0.17635731080872014,0.03214367261945682,0.953125
4865,4,0.15625,0.17434657972784812,0.03206665948132765,0.953125
4866,4,0.15625,0.1725369217550633,0.03199722275238637,0.953125
4867,4,0.125,0.167783229579557,0.031814266774730024,0.953125
4868,4,0.109375,0.16194240662160128,0.031588387882360444,0.953125
4869,4,0.125,0.15824816595944113,0.031444920567983745,0.953125
4870,4,0.203125,0.162735849363497,0.031619141204198606,0.953125
4871,4,0.171875,0.1636497644271473,0.03165453727041345,0.953125
4872,4,0.1875,0.16603478798443255,0.031746774126727224,0.953125
4873,4,0.21875,0.1713063091859893,0.03194993696201701,0.953125
4874,4,0.265625,0.18073817826739036,0.03231095247174281,0.953125
4875,4,0.203125,0.1829768604406513,0.032396160352941995,0.953125
4876,4,0.109375,0.17561667439658618,0.03211532253029978,0.953125
4877,4,0.140625,0.17211750695692757,0.03198111298795005,0.953125
4878,4,0.203125,0.17521825626123483,0.03210006362906811,0.953125
4879,4,0.09375,0.16707143063511135,0.031786803073428065,0.953125
4880,4,0.11562497615814209,0.16192678518741443,0.031587782190268726,0.953125
4881,4,0.1781249761581421,0.16354660428448722,0.03165054329684252,0.953125
4882,4,0.15625,0.1628169438560385,0.03162228316256971,0.953125
4883,4,0.125,0.15903524947043468,0.031475525807413134,0.953125
4884,4,0.234375,0.1665692245233912,0.03176741554883965,0.953125
4885,4,0.3031249761581421,0.18022479968686628,0.03229138614636093,0.953125
4886,4,0.171875,0.17938981971817966,0.0322595418190301,0.953125
4887,4,0.234375,0.1848883377463617,0.0324687656372971,0.953125
4888,4,0.26562501192092897,0.19296200516381842,0.0327738987860408,0.953125
4889,4,0.234375,0.19710330464743658,0.032929431763515614,0.953125
4890,4,0.171875,0.19458047418269292,0.032834763145186394,0.953125
4891,4,0.1875,0.19387242676442362,0.03280814883501231,0.953125
4892,4,0.09375,0.18386018408798127,0.032429729485096176,0.953125
4893,4,0.171875,0.18266166567918315,0.032384174853471,0.953125
4894,4,0.171875,0.18158299911126483,0.03234312968984469,0.953125
4895,4,0.203125,0.18373719920013837,0.03242505742183422,0.953125
4896,4,0.125,0.17786347928012453,0.03220126401569773,0.953125
4897,4,0.09375,0.16945213135211207,0.03187858913820687,0.953125
4898,4,0.140625,0.16656941821690088,0.03176742302801799,0.953125
4899,4,0.109375,0.1608499763952108,0.031546010933648075,0.953125
4900,4,0.125,0.15726497875568973,0.03140666088294319,0.953125
4901,4,0.203125,0.1618509808801208,0.03158484290106487,0.953125
4902,4,0.09375,0.1550408827921087,0.03131999419995455,0.953125
4903,4,0.109375,0.15047429451289782,0.03114153978887087,0.953125
4904,4,0.109375,0.14636436506160802,0.030980358715984216,0.953125
4905,4,0.078125,0.1395404285554472,0.03071157876218645,0.953125
4906,4,0.0625,0.1318363856999025,0.0304064534850719,0.953125
4907,4,0.09375,0.12802774712991224,0.030254976006195106,0.953125
4908,4,0.078125,0.12303747241692102,0.03005589145394513,0.953125
4909,4,0.078125,0.11854622517522892,0.02987614109585475,0.953125
4910,4,0.078125,0.11450410265770603,0.029713915851275464,0.953125
4911,4,0.0625,0.10930369239193544,0.029504599136895234,0.953125
4912,4,0.078125,0.1061858231527419,0.029378788984436313,0.953125
4913,4,0.215625,0.11712974083746772,0.02981934015890624,0.953125
4914,4,0.09375,0.11479176675372094,0.02972547466381232,0.953125
4915,4,0.109375,0.11425009007834885,0.0297037074737955,0.953125
4916,4,0.15625,0.11845008107051397,0.029872287370715234,0.953125
4917,4,0.1875,0.12535507296346257,0.030148435883996506,0.953125
4918,4,0.21875,0.13469456566711632,0.030519857043446025,0.953125
4919,4,0.265625,0.1477876091004047,0.031036235281046133,0.953125
4920,4,0.171875,0.15019634819036423,0.03113065636909182,0.953125
4921,4,0.171875,0.1523642133713278,0.031215476622719365,0.953125
4922,4,0.125,0.14962779203419502,0.031108385971056602,0.953125
4923,4,0.046875,0.13935251283077554,0.03070415709029581,0.953125
4924,4,0.234375,0.148854761547698,0.031078089754138383,0.953125
4925,4,0.1875,0.1527192853929282,0.031229354767083835,0.953125
4926,4,0.21875,0.15932235685363538,0.0314866846236824,0.953125
4927,4,0.21875,0.16526512116827186,0.031717030024345366,0.953125
4928,4,0.21875,0.17061360905144468,0.031923296487455254,0.953125
4929,4,0.265625,0.1801147481463002,0.032287190495399236,0.953125
4930,4,0.265625,0.18866577333167017,0.03261184015105328,0.953125
4931,4,0.28125,0.19792419599850314,0.032960181255465425,0.953125
4932,4,0.28125,0.2062567763986528,0.03327077938522978,0.953125
4933,4,0.265625,0.21219359875878752,0.03349034686679595,0.953125
4934,4,0.171875,0.20816173888290876,0.03334139105210525,0.953125
4935,4,0.203125,0.20765806499461786,0.03332273575446408,0.953125
4936,4,0.15625,0.2025172584951561,0.033131734887156365,0.953125
4937,4,0.15625,0.1978905326456405,0.03295892079731601,0.953125
4938,4,0.21875,0.19997647938107646,0.03303693970712498,0.953125
4939,4,0.21875,0.2018538314429688,0.033107007822754046,0.953125
4940,4,0.25,0.20666844829867193,0.03328605152923159,0.953125
4941,4,0.21875,0.20787660346880474,0.03333083136170214,0.953125
4942,4,0.296875,0.21677644312192423,0.033658834457785926,0.953125
4943,4,0.1875,0.21384879880973182,0.033551301824439925,0.953125
4944,4,0.1875,0.21121391892875863,0.033454214949421655,0.953125
4945,4,0.28125,0.21821752703588276,0.03371163254044749,0.953125
4946,4,0.375,0.23389577433229447,0.034280261619146594,0.953125
4947,4,0.453125,0.255818696899065,0.035056964840693795,0.953125
4948,4,0.46875,0.2771118272091585,0.03578983225101568,0.953125
4949,4,0.3125,0.2806506444882426,0.035909510881588745,0.953125
4950,4,0.421875,0.2947730800394184,0.03638096184567217,0.953125
4951,4,0.390625,0.30435827203547655,0.03669526336636729,0.953125
4952,4,0.421875,0.3161099448319289,0.03707423661407969,0.953125
4953,4,0.771874976158142,0.3616864479645502,0.03847616529903353,0.953125
4954,4,0.3125,0.3567678031680952,0.03833013041274305,0.953125
4955,4,0.296875,0.3507785228512857,0.0381505773175786,0.953125
4956,4,0.171875,0.33288817056615716,0.03760298050154038,0.953125
4957,4,0.125,0.3120993535095415,0.03694569510591641,0.953125
4958,4,0.078125,0.28870191815858737,0.036179500642511235,0.953125
4959,4,0.09375,0.2692067263427287,0.035520290319944324,0.953125
4960,4,0.09375,0.2516610537084558,0.03491136046521996,0.953125
4961,4,0.125,0.23899494833761026,0.0344628695544023,0.953125
4962,4,0.046875,0.21978295350384924,0.0337688861810243,0.953125
4963,4,0.03125,0.2009296581534643,0.03307253274137627,0.953125
4964,4,0.15625,0.1964616923381179,0.032905379231368236,0.953125
4965,4,0.078125,0.1846280231043061,0.03245888598001993,0.953125
4966,4,0.15625,0.1817902207938755,0.03235101821172722,0.953125
4967,4,0.140625,0.17767369871448796,0.032194011943575525,0.953125
4968,4,0.1875,0.17865632884303917,0.0322315468195823,0.953125
4969,4,0.140625,0.17485319595873527,0.03208607723603276,0.953125
4970,4,0.15625,0.17299287636286176,0.03201472886414857,0.953125
4971,4,0.32812501192092897,0.1885060899186685,0.032605802991421906,0.953125
4972,4,0.265625,0.19621798092680162,0.032896238799031134,0.953125
4973,4,0.265625,0.20315868283412145,0.03315562496787721,0.953125
4974,4,0.25,0.2078428145507093,0.033329579802887754,0.953125
4975,4,0.265625,0.21362103309563837,0.033542920852773626,0.953125
4976,4,0.140625,0.20632142978607454,0.03327317834643276,0.953125
4977,4,0.1875,0.2044392868074671,0.03320327166103669,0.953125
4978,4,0.125,0.19649535812672037,0.03290664168721537,0.953125
4979,4,0.078125,0.18465832231404833,0.03246003605003529,0.953125
4980,4,0.1875,0.1849424900826435,0.032470820545859896,0.953125
4981,4,0.140625,0.18051074107437914,0.03230228539661105,0.953125
4982,4,0.25,0.18745966696694122,0.032566216652700666,0.953125
4983,4,0.09375,0.1780887002702471,0.03220986865577679,0.953125
4984,4,0.171875,0.1774673302432224,0.03218612450054202,0.953125
4985,4,0.125,0.17222059721890015,0.03198507327877102,0.953125
4986,4,0.25,0.17999853749701014,0.032282759544977564,0.953125
4987,4,0.234375,0.18543618374730914,0.032489549532235984,0.953125
4988,4,0.1468749761581421,0.18158006298839244,0.03234301790591813,0.953125
4989,4,0.121875,0.1756095566895532,0.032115049981850066,0.953125
4990,4,0.0625,0.16429860102059787,0.03167964940062272,0.953125
4991,4,0.140625,0.16193124091853808,0.03158795495381316,0.953125
4992,4,0.046875,0.1504256168266843,0.031139633917287503,0.953125
4993,4,0.015625,0.13694555514401585,0.030609001677965805,0.953125
4994,4,0.03125,0.12637599962961427,0.030189156114777863,0.953125
4995,4,0.21875,0.13561339966665284,0.030556263069325042,0.953125
4996,4,0.203125,0.14236455969998757,0.030822988320951636,0.953125
4997,4,0.203125,0.1484406037299888,0.031061850476034016,0.953125
4998,4,0.203125,0.1539090433569899,0.031275827100117636,0.953125
