step,gap,gap_ema,mu
6,-0.01827716827392578,-0.0018277168273925777,0.024954307130194933
7,0.08194112777709961,0.006549167633056639,0.02516372684999777
8,0.12331652641296387,0.01822590351104736,0.02545559714160004
9,-0.07787823677062988,0.008615489482879638,0.025215381908071877
10,-0.04673206806182861,0.0030807337284088137,0.025077018099552824
11,0.009016156196594238,0.003674275975227356,0.025091856486017562
12,0.011285543441772461,0.0044354027218818665,0.02511088434091295
13,-0.06295120716094971,-0.002303258266401289,0.024942418645162938
14,-0.237493634223938,-0.025822295862154954,0.0243545860491331
15,-0.0530548095703125,-0.02854554723297071,0.024286555091765277
16,-0.06591916084289551,-0.03228290859396319,0.024193207541664895
17,0.04423022270202637,-0.024631595464364234,0.024384334619597027
18,-0.1263335943222046,-0.03480179535014827,0.02413030620211694
19,0.14770841598510742,-0.016550774216622703,0.024586268421466717
20,-0.23040103912353516,-0.03793580070731394,0.024052059673561405
21,-0.6699916124343872,-0.10114138188002125,0.022480052266988952
22,0.0275418758392334,-0.08827305610809578,0.022798887748984278
23,0.1303178071975708,-0.06641396977752913,0.0233420876208889
24,0.03095996379852295,-0.05667657641992392,0.0235846007963487
25,0.11911040544509888,-0.039097878233421646,0.024023050795980813
26,-0.19705939292907715,-0.05489402970298719,0.02362902605769477
27,0.07863342761993408,-0.041541283970695064,0.023962064879418918
28,0.5410906076431274,0.01672190519068717,0.02541800866900434
29,-0.8871939182281494,-0.07366967715119647,0.023161582701033533
30,0.039250850677490234,-0.062377624368327805,0.02344257882567487
31,-0.3250417709350586,-0.08864403902500087,0.022789685371994342
32,0.012442708015441895,-0.0785353643209566,0.02304064254711188
33,-0.29266536235809326,-0.09994836412467026,0.0225095782144416
34,0.5036501288414001,-0.03958851482806323,0.024010803848035653
35,-0.03485238552093506,-0.03911490189735041,0.02402262585458098
36,0.5370903611183167,0.018505624404216277,0.02546258780565861
37,-0.44317424297332764,-0.027662362333538106,0.024308617282800555
38,-0.3273624777793884,-0.05763237387812313,0.02356078374802889
39,0.5211591720581055,0.00024678071549971703,0.02500616951776225
40,0.5604694038629532,0.05626904303024505,0.026405243292505893
41,-0.35786837339401245,0.014855301387819306,0.02537135521821007
42,0.17816445231437683,0.03118621648047505,0.02577940275119214
43,0.06335851550102234,0.03440344638252978,0.025859746988304528
44,0.03298953175544739,0.034262054919821545,0.025856216365057083
45,0.030135363340377808,0.03384938576187717,0.025845911592269417
46,-0.027810215950012207,0.027683425590688232,0.025691908895583662
47,-0.03216385841369629,0.02169869719024978,0.02554238230851513
48,-0.23768752813339233,-0.004239925342114422,0.024894002501617555
49,-0.24804073572158813,-0.02862000638006179,0.024284695133042735
50,-0.07120692729949951,-0.032878698472005564,0.0241783285948747
51,-0.39120879769325256,-0.06871170839413025,0.02328490559871304
52,-0.07986393570899963,-0.06982693112561719,0.023257158384110382
53,0.14054712653160095,-0.04878952535989538,0.023781228774137263
54,0.13962233066558838,-0.02994833975734701,0.024251515265435467
55,0.048548728227615356,-0.022098632958850773,0.02444762409061566
56,-0.2053598165512085,-0.04042475131808654,0.023989931361878977
57,-0.05798742175102234,-0.04218101836138012,0.0239460995135444
58,-0.03876757621765137,-0.04183967414700725,0.023954618075826654
59,-0.13920244574546814,-0.051575951306853336,0.023711743302897766
60,0.15413150191307068,-0.03100520598486094,0.024225118138333095
61,-0.21297630667686462,-0.04920231605406131,0.023770933740970435
62,0.15969577431678772,-0.028312507016976407,0.024292376391041343
63,0.4122940003871918,0.0157481437234404,0.025393671049621702
64,0.7336712181568146,0.0875404511667778,0.02718293793422239
65,0.4147372841835022,0.12026013446845024,0.027992092869107917
66,0.035778701305389404,0.11181199115214416,0.02778370886615042
67,0.07131227850914001,0.10776201988784374,0.027683670353135098
68,-0.6761572957038879,0.029370088328670593,0.025734041158541145
69,0.24759971350431442,0.051193050846234975,0.026278709416221936
70,0.2361939251422882,0.0696931382758403,0.02673951301943326
71,0.08878582715988159,0.07160240716424442,0.02678700728372594
72,-0.3012983798980713,0.03431232845801285,0.025857471727115097
73,0.15276214480400085,0.04615731009261165,0.026153113966548444
74,0.04797884821891785,0.04633946390524227,0.02615765808544367
75,-0.23300117254257202,0.018405400260460846,0.025460083055296526
76,-0.04296025633811951,0.012268834600602813,0.025306705476293535
77,0.16748884320259094,0.027790835460801626,0.02569459207750274
78,0.1916329264640808,0.04417504456112954,0.026103658301755723
79,0.13936510682106018,0.0536940507871226,0.0263410627331939
80,0.5014347657561302,0.09846812228402335,0.02745377759313863
81,-0.29594045877456665,0.059027264178164354,0.026473970124254172
82,0.20516957342624664,0.07364149510297258,0.026837716556271676
83,-0.5298787653446198,0.013289469058213363,0.025332217169062206
84,0.2592734694480896,0.03788786909720098,0.02594674375684826
85,-0.02814061939716339,0.03128502024776454,0.02578187043695745
86,-0.20039355754852295,0.008117162468135798,0.02520292460493543
87,0.09988860785961151,0.017294307007283367,0.02543231457527914
88,-0.06624853610992432,0.0089400226955626,0.02522349461322587
89,0.08399423956871033,0.016445444382877372,0.025411099049298943
90,-0.21652525663375854,-0.006851625718786215,0.02482871203738024
91,-0.04731699824333191,-0.010898162971240783,0.02472755671165938
92,0.055564433336257935,-0.004251903340490914,0.0248937030570565
93,-0.05065906047821045,-0.008892619054262866,0.02477769038359574
94,-0.24825096130371094,-0.032828453279207664,0.024179583369856313
95,0.10430586338043213,-0.019115021613243688,0.024522182653863942
96,0.14357519149780273,-0.0028460003021390477,0.02492885018454423
97,0.06738904118537903,0.004177503846612758,0.02510443698863732
98,-0.022076338529586792,0.001552119608992804,0.025038802959065073
99,-0.11012622714042664,-0.009615715065949139,0.024759614532144078
100,-0.017741620540618896,-0.010428305613416115,0.024739301809867068
101,0.20387135446071625,0.011001660393997118,0.025275030413697025
102,-0.04360577464103699,0.005540916890493708,0.02513852150464725
103,0.20541498064994812,0.025528323266439144,0.025638069478724924
104,0.11307618021965027,0.034283108961760254,0.025856742098332216
105,0.23790863156318665,0.05464566122190288,0.026364783319120844
106,-0.012613236904144287,0.047919771409298165,0.02619707814016964
107,-0.15223869681358337,0.02790392458701002,0.025697417114338702
108,-0.27330799400806427,-0.0022172672724974016,0.024944568409026504
109,-0.024231523275375366,-0.0044186928727851975,0.024889533397127267
110,-0.231103777885437,-0.027087201374050376,0.02432298553643943
111,0.12343770265579224,-0.012034710971066119,0.024699146750203186
112,0.24517562985420227,0.013686323111460714,0.025342136715556775
113,-0.11076432466506958,0.0012412583338076884,0.025031031442408255
114,0.0626225471496582,0.007379387215392739,0.025184481331731463
115,-0.2446199208498001,-0.017820543591126538,0.024554533565078827
116,-0.4081970304250717,-0.05685819227452105,0.02358007500020991
117,-0.21851736307144165,-0.07302410935421311,0.0231776353807579
118,0.07422466576099396,-0.05829923184269241,0.023544168190925027
119,-0.26890698075294495,-0.07936000673371765,0.023020154450380005
120,-0.15544229745864868,-0.08696823580621076,0.02283125908835033
121,-0.4525253623723984,-0.12352394846282952,0.021927512258202064
122,-0.18358242511749268,-0.12952979612829585,0.021779744764283685
123,-0.3143153488636017,-0.14800835140182644,0.02132657604180841
124,0.11163739860057831,-0.122043776401586,0.02196396424049825
125,0.1416253000497818,-0.09567686875644922,0.02261535025587569
126,0.17872318625450134,-0.06823686325535416,0.023296721239996696
127,-0.12391829490661621,-0.07380500642048037,0.023158217798124752
128,-0.07453593611717224,-0.07387809939014955,0.0231564004013995
129,-0.02522432804107666,-0.06901272225524226,0.023277415824958972
130,-0.21385639905929565,-0.0834970899356476,0.022917410278352174
131,-0.045504093170166016,-0.07969779025909944,0.02301176304863548
132,0.0758638083934784,-0.06414163039384166,0.023398654695656534
133,0.046171724796295166,-0.053110294874827976,0.023673489624439492
134,0.08015203475952148,-0.03978406191139303,0.024005922862564096
135,0.06664851307868958,-0.029140804412384775,0.024271686036144418
136,0.2545425072312355,-0.0007724732480227543,0.024980688172640653
137,0.0376419723033905,0.0030689713071185704,0.02507672404180082
138,0.08323448896408081,0.011085523072814792,0.0252771267249878
139,-0.33618810772895813,-0.023641840007362497,0.024409064094282062
140,-0.007780104875564575,-0.022055666494182703,0.02444869772885531
141,0.14763377606868744,-0.005086722237895695,0.02487283304085485
142,-0.0762283205986023,-0.012200882073966354,0.02469499308259877
143,-0.33869601786136627,-0.044850395652706335,0.023879491330668655
144,-0.40651383996009827,-0.08101674008344552,0.02297900131547202
145,-0.20724952220916748,-0.09364001829601772,0.02266581794637167
146,0.06050670146942139,-0.07822534631947381,0.02304834557668954
147,-0.17239204049110413,-0.08764201573663684,0.022814542332978468
148,0.17127658426761627,-0.06175015573621153,0.02345820527172355
149,-0.3784526586532593,-0.09342040602791629,0.022671260503113425
150,-0.37475958466529846,-0.12155432389165449,0.021976020807526322
151,-0.07172501087188721,-0.11657139258967777,0.022098844456494408
152,0.2631543278694153,-0.07859882054376847,0.0230390658939297
153,0.40522658824920654,-0.030216279664470977,0.024244822825916498
154,0.10842421650886536,-0.016352230047137345,0.024591230682520896
155,0.041943103075027466,-0.010522696734920865,0.024736942290765153
156,0.27939778566360474,0.01846935150493169,0.02546168129304632
157,0.05576819181442261,0.022199235535880782,0.025554889740382936
158,0.030145764350891113,0.022993888417381817,0.025574745920993486
159,-0.225458025932312,-0.001851303017587562,0.024953717477435352
160,0.29819411039352417,0.028153238323523604,0.02570364506375232
161,-0.047483235597610474,0.0205895909314102,0.02551466704752487
162,0.3170526996254921,0.05023590180081838,0.02625484213020425
163,0.32863715291023254,0.0780760269117598,0.026947944144931343
164,-0.15895548462867737,0.05437287575771609,0.026357983905403694
165,0.24330970644950867,0.07326655882689534,0.0268283935422782
166,-0.14090630412101746,0.051849272532104064,0.026295071487367795
167,-0.532353401184082,-0.006570994839514531,0.024835727493323297
168,-0.18409347534179688,-0.02432324288974276,0.02439203881705559
169,0.589378833770752,0.037046964776306694,0.02592575063415183
170,0.06607222557067871,0.03994949085574389,0.025998206294840683
171,0.47815489768981934,0.08377003153915143,0.027089365755626378
172,-0.3585383892059326,0.039539189464643035,0.02598796494608943
173,-0.21168166399002075,0.014417104119176662,0.025360402633082327
174,-0.42117375135421753,-0.029141981428162746,0.02427165663572449
175,0.041324228048324585,-0.022095360480514015,0.02444770586264016
176,0.04679571092128754,-0.015206253340333861,0.024619872964982602
177,0.22052191197872162,0.008366563191571683,0.025209159199473998
178,0.03436765819787979,0.010966672692202493,0.025274155826677094
179,-0.25900426506996155,-0.016030421084013907,0.024599273797770098
180,-0.18151570856571198,-0.03257894983218371,0.024185814289454974
181,0.04672884941101074,-0.024648169907864264,0.02438392050997623
182,0.04477688670158386,-0.017705664246919453,0.024557404642680587
183,0.101457878947258,-0.00578930992750171,0.024855268868750325
184,-0.09142713248729706,-0.014353092183481242,0.02464119733420377
185,-0.23898667097091675,-0.03681645006222479,0.02408000438054722
186,-0.1615869253873825,-0.049293497594740554,0.023768659722221083
187,-0.07112288475036621,-0.051476436310303124,0.023714224584302734
188,-0.15846747159957886,-0.062175539839230694,0.023447611395458173
189,0.3645443320274353,-0.0195035526525641,0.024512472998683983
190,-0.26548147201538086,-0.04410134458884577,0.02389818061268672
191,-1.0192811489105225,-0.1416193250210134,0.021482997867280047
192,0.05359870195388794,-0.12209752232352326,0.021962640417241316
193,-0.005240440368652344,-0.11041181412803618,0.022250866926645758
194,0.041007399559020996,-0.09526989275933045,0.02262543247499091
195,-0.13728517293930054,-0.09947142077732747,0.022521384034209488
196,-0.0621492862701416,-0.09573920732660889,0.02261380598047313
197,0.0029718875885009766,-0.0858680978350979,0.022858558154752222
198,-0.1816132664680481,-0.09544261469839292,0.022621153452953
199,-0.4722125232219696,-0.13311960555075059,0.021691529757872682
200,0.3954996392130852,-0.08025768107436702,0.022997854930870955
201,0.1705417037010193,-0.055177742596828394,0.02362195467588335
202,-0.7098767161369324,-0.12064763995083877,0.02199835870471733
203,-0.3242522180080414,-0.14100809775655904,0.021497977416846108
204,-0.026680439710617065,-0.12957533195196486,0.02177862526359855
205,0.24892306327819824,-0.09172549242894856,0.022713272273164855
206,-0.14828388392925262,-0.09738133157897896,0.022573133290731205
207,-0.2829170525074005,-0.1159349036718211,0.02211454355134969
208,-0.04491940140724182,-0.10883335344536318,0.02228985799588761
209,0.12701961398124695,-0.08524805670270218,0.022873946263652568
210,0.16011673212051392,-0.06071157782038058,0.02348407261371709
211,-0.16811664402484894,-0.0714520844408274,0.023216731622912767
212,0.006274282932281494,-0.06367944770351651,0.023410162195641463
213,0.2044748216867447,-0.0368640207644904,0.024078816725608937
214,-0.4804608225822449,-0.08122370094626583,0.022973861192706103
215,-0.28873521089553833,-0.10197485194119307,0.022459428958790176
216,0.13431447744369507,-0.07834591900270425,0.023045349658059752
217,-0.18510809540748596,-0.08902213664318241,0.022780307133184702
218,-0.060913294553756714,-0.08621125243423984,0.02285004248558226
219,0.016181200742721558,-0.0759720071165437,0.02310434549820088
220,-0.010798946022987366,-0.06945470100718806,0.023266419151042703
221,0.07976946234703064,-0.0545322846717662,0.023638042664953094
222,-0.1393117904663086,-0.06301023525122043,0.023426825553979357
223,0.2597351372241974,-0.03073569800367866,0.024231849420973898
224,-0.10496708750724792,-0.03815883695403559,0.024046491831306274
225,-0.36192117631435394,-0.07053507089006741,0.023239541801515474
226,0.02277657389640808,-0.06120390641141987,0.02347181002156154
227,0.12087810039520264,-0.04299570573075763,0.02392576922716433
228,0.1341996043920517,-0.0252761747184767,0.024368230169065856
229,-0.06986755132675171,-0.029735312379304202,0.024256836209974555
230,-0.08676198124885559,-0.03543797926625934,0.024114421205463043
231,0.16980767250061035,-0.01491341408957238,0.024627192286062145
232,-0.594617024064064,-0.07288377508702153,0.023181125131037626
233,0.020794153213500977,-0.06351598225696928,0.023414232347172024
234,0.17520800232887268,-0.03964358379838509,0.024009429282193503
235,-0.04416266083717346,-0.04009549150226393,0.0239981495293602
236,-0.7421820163726807,-0.11030414398930559,0.022253526161904107
237,0.0462687611579895,-0.09464685347457608,0.02264086884655732
238,0.05308111011981964,-0.07987405711513651,0.023007384310585716
239,0.16135232150554657,-0.055751419253068216,0.023607656789858388
240,0.10740049183368683,-0.03943622814439271,0.024014605077447147
241,-0.05097556114196777,-0.040590161444150216,0.02398580288666791
242,-0.16778984665870667,-0.05331012996560586,0.023668507865490657
243,-0.15608063340187073,-0.06358718030923234,0.023412459565427632
244,0.09197458624839783,-0.04803100365346932,0.023800147444329237
245,0.15257403254508972,-0.027970500033613423,0.02430091979785436
246,-0.20828378200531006,-0.04600182823078308,0.023850764838188987
247,-0.256237268447876,-0.06702537225249236,0.02332687039973963
248,-0.5298503637313843,-0.11330787140038154,0.02217936397105487
249,0.10498878359794617,-0.09147820590054877,0.02271940285124409
250,0.22226738184690475,-0.06010364712580342,0.023499215555571582
251,-0.031222641468048096,-0.05721554656002789,0.023571170143912728
252,0.04605935513973236,-0.04688805639005186,0.02382865685979134
253,-0.16178828477859497,-0.05837807922890617,0.023542203699805697
254,0.07195180654525757,-0.0453450906514898,0.023867149074731312
255,0.16368312388658524,-0.0244422691976823,0.024389064927744092
256,-0.065341055393219,-0.028532147817235967,0.02428688980447256
257,-0.18107911944389343,-0.04378684497990171,0.023906027939246358
258,0.08878357708454132,-0.030529802773457404,0.02423699197460734
259,0.3114077989012003,0.0036639573940083596,0.025091598524959888
260,0.02157197892665863,0.005454759547273386,0.025136367636172042
261,-0.051677390933036804,-0.000258455500757631,0.024993538612624933
262,-0.3573513925075531,-0.03596774920143717,0.024101193825426317
263,0.09832116961479187,-0.022538857319814275,0.024436623962133152
264,-0.2420472502708435,-0.044489696614917196,0.023888490836836865
265,-0.15077096223831177,-0.05511782317725665,0.02362344811480301
266,0.14021050184965134,-0.03558499067456586,0.024110750551143863
267,-0.0010157674551010132,-0.03212806835261938,0.024197074535483115
268,0.21805281192064285,-0.007109980325293162,0.024822253486994166
269,0.3541012518107891,0.029011142888315057,0.025725075164650574
270,0.058435797691345215,0.031953608368618075,0.02579856843944747
271,-0.0029629170894622803,0.02846195582281004,0.025711356819937678
272,-0.3474210202693939,-0.00912634178641035,0.024771847789579138
273,-0.23507386445999146,-0.03172109405376845,0.024207238530365743
274,-0.09166324138641357,-0.03771530878703296,0.02405756409221808
275,0.4310985207557678,0.009166074167247101,0.02522914543685284
276,0.2707855999469757,0.035328026745219954,0.025882833420038887
277,0.008081793785095215,0.03260340344920748,0.025814796402073632
278,-0.2371571660041809,0.0056273465038686465,0.025140682177604335
279,-0.3107978105545044,-0.02601516920196865,0.024349767453417184
280,-0.019092261791229248,-0.02532287846089471,0.024367063322523832
281,-0.5203141868114471,-0.07482200929594995,0.023132932622946953
282,0.015447065234184265,-0.06579510184293653,0.023357491906862163
283,-0.08488729596138,-0.06770432125478087,0.023309973470034127
284,0.3365025669336319,-0.027283632435939606,0.02431807838741469
285,-0.3200029730796814,-0.05655556650031378,0.023587616367951553
286,0.31935521960258484,-0.018964487890023925,0.02452594463300897
287,0.3002299442887306,0.012954955327851524,0.025323855765734295
288,-0.22130277752876282,-0.010470817957809903,0.024738239117300553
289,0.014425113797187805,-0.007981224782310134,0.02480047361703107
290,-0.010178357362747192,-0.00820093804035384,0.024794981145177867
291,0.05370967090129852,-0.002009877146188605,0.02494975313900444
292,0.029727190732955933,0.0011638296417258484,0.02502909572790643
293,-0.09756036102771759,-0.008708589425218493,0.02478229076799697
294,-0.1995999664068222,-0.02779772712337886,0.02430523576396336
295,0.02986113727092743,-0.022031840683948232,0.02444929308476473
296,0.05791276693344116,-0.014037379922209294,0.02464908855044587
297,0.1662210375070572,0.00398846182071735,0.02509971101678994
298,-0.07229714095592499,-0.003640098456946882,0.024908997940511348
299,0.1981913298368454,0.01654304437243234,0.025413538385329695
300,-0.28154897689819336,-0.01326615775463022,0.024668365510794665
301,0.08878776431083679,-0.0030607655480835213,0.02492348110024807
302,0.14118406176567078,0.011363717183291907,0.025284080701522008
303,-0.5196412801742554,-0.04173678255246281,0.02395718587903547
304,-0.4695682227611542,-0.08451992657333193,0.022892018983816736
305,0.26790323853492737,-0.049277610062506014,0.02376905594729062
306,0.4378141537308693,-0.0005684336831684941,0.024985789159451377
307,-0.11525130271911621,-0.012036720586763262,0.024699096517087807
308,0.2804514840245247,0.017212099874365526,0.025430260008607125
309,-0.20728737115859985,-0.005237847228931008,0.02486905501676831
310,-0.18949362635612488,-0.02366342514165039,0.024408524767705806
311,-0.12105110287666321,-0.033402192915151674,0.02416525559728239
312,-0.31451472640037537,-0.06151344626367404,0.023464100586911583
313,0.001985311508178711,-0.05516357048648876,0.023622307902399203
314,0.057552188634872437,-0.043891994574352645,0.02390340424508265
315,-0.04833883047103882,-0.04433667816402126,0.023892308762171948
316,-0.20989936590194702,-0.06089294693781383,0.02347955510722224
317,-0.3582112193107605,-0.09062477417510849,0.022740562734463673
318,0.2863534912467003,-0.05292694763292762,0.02367806044497228
319,-0.13645434379577637,-0.06127968724921249,0.023469922588398966
320,-0.014979571104049683,-0.056649675634696216,0.0235852711613274
321,-0.00988680124282837,-0.05197338819550944,0.023701833967681538
322,0.07486756145954132,-0.039289293230004366,0.02401827276455147
323,-0.296135812997818,-0.06497394520678572,0.023377933307256737
324,-0.0655151903629303,-0.06502806972240018,0.02337658589538075
325,-0.13138943910598755,-0.07166420666075891,0.023211455629661357
326,-0.21845977008342743,-0.08634376300302576,0.022846754259089306
327,-0.03858606517314911,-0.0815679932200381,0.02296531066086363
328,0.005199238657951355,-0.07289127003223916,0.02318093874933165
329,0.0987296849489212,-0.055729174534123134,0.02360821118355682
330,-0.15757346153259277,-0.0659136032339701,0.023354542182943194
331,0.017330557107925415,-0.057589187199780546,0.023561859839484486
332,-0.336056113243103,-0.0854358798041128,0.022869284719832163
333,0.2419869601726532,-0.05269359580643621,0.02368387800079382
334,-0.06006723642349243,-0.053430959868141836,0.023665495705960934
335,0.1921456828713417,-0.028873295594193486,0.024278368132606573
336,-0.006018713116645813,-0.026587837346438718,0.024335460649482762
337,-0.04107889533042908,-0.028036943144837755,0.024299260022024826
338,-0.12314054369926453,-0.03754730320028043,0.02406175828960623
339,-0.27109017968177795,-0.06090159084843018,0.02347933980887336
340,-0.14186757802963257,-0.06899818956655042,0.023277777417626624
341,0.02113601565361023,-0.059984769044534356,0.02350217681850153
342,0.045491233468055725,-0.04943716879327535,0.023765076681001543
343,0.07810645550489426,-0.036682806363458394,0.02408334096480808
344,-0.11146093159914017,-0.04416061888702657,0.023896701637471637
345,0.12572117149829865,-0.02717243984849405,0.024320856142256153
346,0.04142541438341141,-0.020312654425303504,0.024492253470184452
347,-0.6723859459161758,-0.08551998357439072,0.02286719741361046
348,0.1241860929876566,-0.06454937591818599,0.023388503146629734
349,0.07513324916362762,-0.05058111341000464,0.023736549472274857
350,-0.21446813642978668,-0.06696981571198284,0.0233282530974758
351,-0.06697738170623779,-0.06697057231140834,0.023328234267070994
352,-0.48545077443122864,-0.10881859252339035,0.022290222682838534
353,-0.2541031837463379,-0.1233470516456851,0.021931867975762517
354,-0.46360114216804504,-0.15737246069792107,0.021097849095869495
355,0.2786421477794647,-0.1137709998501825,0.022167933743655277
356,-2.183552920818329,-0.3207491919469971,0.017245395312632368
357,-0.10660421848297119,-0.29933469460059453,0.017732408776120086
358,0.4124297946691513,-0.22815824567361997,0.019393000871416807
359,0.04522852599620819,-0.20081956850663715,0.020045929169480035
360,-0.44981086254119873,-0.2257186979100933,0.019450953335783904
361,0.11531828343868256,-0.1916149997752157,0.02026740486331851
362,0.013258039951324463,-0.1711276958025617,0.02076308598601856
363,0.12428168952465057,-0.1415867572698405,0.021483795951099022
364,-0.04736253619194031,-0.13216433516205048,0.021714996222422428
365,0.0184260755777359,-0.11710529408807184,0.02208567748369923
366,-0.03795906901359558,-0.10919067158062422,0.02228103036302847
367,-0.04884454607963562,-0.10315605903052537,0.022430207266953512
368,0.1729959398508072,-0.07554085914239211,0.023115062573943402
369,0.10922204703092575,-0.057064568525060325,0.023574932298024473
370,-0.2785016596317291,-0.0792082776357272,0.023023923933256644
371,-0.18381556868553162,-0.08966900674070763,0.02276426379052079
372,0.020259588956832886,-0.07867614717095359,0.023037144633554316
373,0.04486021399497986,-0.06632251105436025,0.02334436404716222
374,-0.1391179859638214,-0.07360205854530637,0.02316326403310305
375,0.09824921935796738,-0.056416930754979,0.023591071226446162
376,-0.12582078576087952,-0.06335731625556905,0.02341818307729935
377,0.06605678796768188,-0.05041590583324396,0.023740669147170643
378,0.10586845874786377,-0.03478746937513319,0.024130663918242604
379,0.3463885933160782,0.0033301368939879367,0.025083253114596138
380,-0.31404513120651245,-0.0284073899160621,0.024290006225369767
381,0.23942574113607407,-0.0016240768108484877,0.024959398115426305
382,0.16893774271011353,0.01543210514124771,0.02538577200516654
383,-0.1692880392074585,-0.0030399092936229076,0.024924002501758136
384,-0.9107897579669952,-0.09381489416096012,0.022661484232339286
385,0.01511162519454956,-0.08292224222540914,0.02293168242426606
386,-0.08698916435241699,-0.08332893443810993,0.022921585051405218
387,-0.12849366664886475,-0.0878454076591854,0.022809496482525605
388,0.13327038288116455,-0.06573382860515041,0.023359017131746845
389,-0.8571906089782715,-0.14487950664246252,0.02140314328148285
390,0.16449207067489624,-0.11394234891072666,0.022163705072151343
391,-0.23631539940834045,-0.12617965396048803,0.02186214392328929
392,0.0002038329839706421,-0.11354130526604216,0.022173602564135482
393,-0.4987262487411499,-0.15205979961355293,0.02122753615433681
394,-0.05844831466674805,-0.14269865111887245,0.021456552761024122
395,-0.026271790266036987,-0.1310559650335889,0.02174223100299706
396,-0.40977707505226135,-0.15892807603545614,0.021059915434300972
397,-0.05906170606613159,-0.1489414390385237,0.021303755631316812
398,-0.04048347473144531,-0.13809564260781587,0.021569388975201526
399,-1.1861386895179749,-0.24289994729883174,0.019044175154142695
400,-0.07260078191757202,-0.22587003076070578,0.019447356528517652
401,-0.4116531014442444,-0.24444833782905964,0.019007675854874242
402,-0.049845799803733826,-0.22498808402652706,0.01946832161623184
403,-0.41626858711242676,-0.24411613433511703,0.01901550441545816
404,-0.04615412652492523,-0.22431993355409785,0.019484209922701726
405,-0.14737802743911743,-0.2166257429425998,0.019667508731764483
406,0.06109584867954254,-0.18885358378038558,0.0203340009589846
407,0.012575089931488037,-0.1687107164091982,0.02082179887611938
408,0.14352943003177643,-0.13748670176510078,0.02158432707544197
409,0.058102816343307495,-0.11792774995425995,0.02206539744976496
410,-0.18763184547424316,-0.12489815950625827,0.02189368162909764
411,-0.38403546810150146,-0.15081189036578257,0.021258029227789785
412,-0.036817967891693115,-0.1394124981183736,0.021537093369821635
413,0.3630715310573578,-0.08916409520080049,0.022776786191045836
414,-1.1785653829574585,-0.19810422397646626,0.020111182045411746
415,-0.6028831005096436,-0.238582111629784,0.01914609879160449
416,0.3648691549897194,-0.17823698496783366,0.020590669278484894
417,0.11114105582237244,-0.14929918088881305,0.021295008050059554
418,0.05284619331359863,-0.12908464346857187,0.021790689557527696
419,-0.21499958634376526,-0.1376761377560912,0.021579679700642326
420,-0.18556278944015503,-0.1424648029244976,0.0214622817075772
421,-0.7476305961608887,-0.20298138224813667,0.019994028420645397
422,-0.18093731999397278,-0.20077697602272027,0.020046952176628892
423,0.11914226412773132,-0.16878505200767513,0.02081999241674936
424,-0.05062727630138397,-0.15696927443704603,0.02110768380160686
425,-0.05365389585494995,-0.14663773657883641,0.021360108339142068
426,0.08552156575024128,-0.12342180634592866,0.02193002727308483
427,-0.9218975901603699,-0.20326938472737277,0.019987117448228345
428,0.06417976319789886,-0.1765244699348456,0.02063216284432465
429,0.17154046893119812,-0.14171797604824124,0.021480580434938723
430,-0.5917339324951172,-0.18671957169292883,0.020385513270130506
431,-0.26588791608810425,-0.19463640613244637,0.020194618429799305
432,-0.2198612540960312,-0.19715889092880487,0.020133915808600023
433,0.12235144525766373,-0.165207857310158,0.020906973841326226
434,0.025739576667547226,-0.1461131139123875,0.021372946860198944
435,0.030400700867176056,-0.12846173243443113,0.021806006925035922
436,-0.2869472950696945,-0.14431028869795745,0.021417080302459666
437,0.08785488456487656,-0.12109377137167404,0.02198736679180376
438,-0.12179818749427795,-0.12116421298393443,0.021985631339238625
439,-0.4496147334575653,-0.15400926503129753,0.021179923336938307
440,0.13227938674390316,-0.12538039985377747,0.02188181246213551
441,-0.24302228540182114,-0.13714458840858185,0.021592720646339963
442,0.05842621624469757,-0.1175875079432539,0.02207378662967202
443,-0.08975228667259216,-0.11480398581618773,0.02214244349308503
444,0.019881069660186768,-0.10133548026855028,0.02247524920335766
445,0.3811216950416565,-0.05308976273752962,0.02367400148327112
446,0.4201376587152481,-0.005767020592251863,0.024855826083527502
447,-0.02983972430229187,-0.008174290963255863,0.02479564727744875
448,0.010549470782279968,-0.00630191478870228,0.024842454215874842
449,-0.26909296959638596,-0.03258102026947064,0.02418576258342587
450,-0.7647366523742676,-0.10579658347995032,0.02236490953432942
451,-1.2974003553390503,-0.2249569606658603,0.019469061611015963
452,-0.983280748128891,-0.30078933941216335,0.01769913000224882
453,0.22623175382614136,-0.24808723008833292,0.018922005256128086
454,0.31831444799900055,-0.19144706227959957,0.020271452974453555
455,-0.27586305141448975,-0.1998886611930886,0.020068292087630793
456,-0.5559538006782532,-0.23549517514160503,0.019219093388998357
457,0.21511050313711166,-0.19043460731373335,0.02029586350923875
458,-0.3829975128173828,-0.20969089786409828,0.01983323452237085
459,-0.09045113623142242,-0.1977669217008307,0.020119292668700176
460,0.22934669628739357,-0.15505555990200828,0.021154380800800933
461,0.1141483336687088,-0.1281351705449366,0.021814038049014706
462,0.1091812252998352,-0.10440353096045941,0.022399353964957805
463,-0.7707542926073074,-0.1710386071251442,0.02076524926480723
464,0.03617067635059357,-0.15031767877757043,0.021270108605207998
465,-0.20315039157867432,-0.15560095005768082,0.0211410697913039
466,-0.38784627616405487,-0.17882548266831821,0.020576415984581042
467,-0.0266646146774292,-0.16360939586922932,0.020945874372326437
468,-0.1782902032136917,-0.16507747660367555,0.02091014605667938
469,0.028989657759666443,-0.14567076316734134,0.0213837735488801
470,-0.2226037234067917,-0.15336405919128637,0.021195678414852346
471,0.021250680088996887,-0.13590258526325805,0.021623199104480392
472,-0.3303878903388977,-0.155351115770822,0.02114716706876632
473,-0.05236007273197174,-0.14505201146693697,0.02139892003613622
474,-0.025873444974422455,-0.13313415481768553,0.021691172397124096
475,0.09425980597734451,-0.11039475873818254,0.022251288156178998
476,-0.17478126287460327,-0.11683340915182461,0.022092382451701035
477,0.05327402241528034,-0.09982266599511412,0.0225126895224219
478,-0.15986357629299164,-0.10582675702490187,0.02236416357872219
479,-0.12762290239334106,-0.10800637156174578,0.022310291407199114
480,-0.04407432675361633,-0.10161316708093283,0.02246837802901869
481,-0.5734555721282959,-0.14879740758566912,0.02130727778102821
482,-0.37263137102127075,-0.17118080392922927,0.020761796429154586
483,0.04355895519256592,-0.14970682801704976,0.021285041304848578
484,0.034220002591609955,-0.1313141449561838,0.02173588632167959
485,-0.7262902557849884,-0.19081175603906425,0.020286769272380573
486,-0.6495639979839325,-0.23668698023355106,0.01919089919675888
487,-0.06519588828086853,-0.2195378710382828,0.019598061171893985
488,-0.27844446897506714,-0.2254285308319612,0.019457850564721463
489,-0.23534396290779114,-0.2264200740395442,0.019434285398799794
490,-0.298765167593956,-0.23365458339498538,0.019262666257895453
491,-0.10391196608543396,-0.22068032166403023,0.01957084014928695
492,0.14297426119446754,-0.18431486337818045,0.020443608467055382
493,-0.043098434805870056,-0.1701932205209494,0.020785780448521054
494,0.17043205350637436,-0.13613069311821702,0.021617600623284862
495,0.015202492475509644,-0.12099737455884435,0.02198974174396512
496,-0.12583747506141663,-0.12148138460910159,0.02197781762585435
497,0.19259867072105408,-0.09007337907608602,0.022754235695796824
498,0.02178405225276947,-0.07888763594320047,0.023031890094545177
499,-0.11006143689155579,-0.082005016038036,0.022954457847411718
500,0.0860915258526802,-0.06519536184896438,0.023372421273255034
501,0.10640424210578203,-0.04803540145348974,0.023800037752602917
502,0.0568787157535553,-0.037543989732785235,0.02406184100963041
503,-0.20421981811523438,-0.05421157257103015,0.023646036810958487
504,-0.026801005005836487,-0.05147051581451079,0.02371437220522758
505,-0.2729693651199341,-0.07362040074505312,0.02316280795389312
506,0.042698927223682404,-0.061988467948179575,0.0234522702137388
507,0.010068774223327637,-0.05478274373102886,0.023631799857121265
508,-0.202198326587677,-0.06952430201669367,0.023264687501049108
509,-0.26711246371269226,-0.08928311818629352,0.022773834179367625
510,0.33855491876602173,-0.046499314491062,0.0238383542485546
511,1.7704007625579834,0.1351906932138425,0.02835932661902628
512,0.5581929087638855,0.1774909147688468,0.02939125680136805
513,-0.6490284204483032,0.09483898124713182,0.02736389148990905
514,0.5924902111291885,0.14460410423533748,0.028590113910741583
515,-0.014947950839996338,0.1286488987278041,0.028198595746419464
516,-0.24711021780967712,0.09107298707405599,0.027270550610990915
517,-0.14494508504867554,0.06747117986178285,0.02668422453964472
518,-0.14669360220432281,0.04605470165517229,0.026150554200928572
519,-0.16419368982315063,0.025029862507340003,0.025625615919929574
520,0.2855301648378372,0.051079892740389723,0.026275887848239688
521,0.4850047081708908,0.09447237428343983,0.027354807945083638
522,-0.5244171023368835,0.0325834266214075,0.025814297511553064
523,-0.25869837403297424,0.0034552465559693317,0.025086380820140447
524,0.031443700194358826,0.006254091919808281,0.025156350259523265
525,-0.01698686182498932,0.003929996545328521,0.0250982494078172
526,-0.3710291385650635,-0.03356591696571067,0.024161167081710736
527,-0.32647618651390076,-0.06285694392052968,0.02343064269894484
528,0.058860644698143005,-0.05068518505866241,0.023733954339930113
529,-0.008065670728683472,-0.046423233625664515,0.023840252170291086
530,-0.13086074590682983,-0.05486698485378104,0.023629700146617503
531,0.009369060397148132,-0.04844338032868812,0.023789861978657924
532,-0.09514448046684265,-0.05311349034250357,0.023673409962674717
533,0.0537690669298172,-0.04242523461527149,0.023940005020162854
534,-0.021218523383140564,-0.0403045634920584,0.023992931167271414
535,-0.1574041098356247,-0.05201451812641503,0.023700808494143667
536,0.09300409257411957,-0.03751265705636157,0.02406262322437193
537,-0.09753689169883728,-0.043515080520609144,0.023912809121569276
538,0.11450262367725372,-0.02771331010082286,0.024307344564554585
539,-0.018514394760131836,-0.026793418566753758,0.024330324778602953
540,-0.32076384872198105,-0.05619046158227648,0.023596715045320557
541,-0.2521404027938843,-0.07578545570343725,0.02310898253412304
542,0.10452727228403091,-0.05775418290469044,0.023557748635996106
543,-0.19429510831832886,-0.07140827544605428,0.023217821278601565
544,-0.10996350646018982,-0.07526379854746783,0.02312194985678243
545,-0.37107571214437485,-0.10484498990715851,0.022388437423149075
546,-0.41449877619743347,-0.135810368536186,0.02162546248974542
547,-0.008301794528961182,-0.12305951113546353,0.02193894846843684
548,-0.08900310099124908,-0.11965387012104209,0.022022847715668654
549,-0.3580873906612396,-0.14349722217506183,0.021436991777754644
550,-0.22451721131801605,-0.15159922108935725,0.021238789210114396
551,0.24695633724331856,-0.11174366525608968,0.0222179781156923
552,0.013059049844741821,-0.09926339374600654,0.02252653369525734
553,0.048681408166885376,-0.08446891355471736,0.02289328524750242
554,0.09591371193528175,-0.06643065100571746,0.023341672424693507
555,0.008998990058898926,-0.058887686899255824,0.023529507206555555
556,0.3416914641857147,-0.018829771790758773,0.024529311333088694
557,0.3602217733860016,0.019075382726917254,0.025476826735225166
558,-0.39591747522354126,-0.022423903068128585,0.024439496366428632
559,0.20651650428771973,0.00047013766745623853,0.02501175344082045
560,-0.005506306886672974,-0.00012750678795668254,0.024996812330318363
561,0.1134071946144104,0.011225963352280023,0.02528063729505796
562,-0.01914563775062561,0.008188803241989461,0.0252047155052352
563,-0.0038344860076904297,0.006986474317021473,0.025174659016184653
564,0.028402701020240784,0.009128096987343404,0.025228196086788918
565,0.06280578672885895,0.014495865961494957,0.025362371267685743
566,-0.47037020325660706,-0.03399074096031523,0.024150558590637465
567,-0.005040757358074188,-0.031095742600091125,0.024222856903783094
568,-0.04509781301021576,-0.03249594964110359,0.02418788709900258
569,0.10069908946752548,-0.019176445730240684,0.02452064761369123
570,0.0412796251475811,-0.013130838642458505,0.024671747899346296
571,0.07016176730394363,-0.0048015780478182935,0.02487996147130529
572,0.0889337807893753,0.004571957835901064,0.025114298149514908
573,0.07645197957754135,0.011759960010065091,0.025293985447974784
574,0.12429065629839897,0.023013029638898477,0.025575224198401893
575,-0.11955150961875916,0.008756575713132715,0.025218908797721845
576,-0.43507249653339386,-0.03562633151151993,0.024109718339373244
577,-0.03487560153007507,-0.03555125851337544,0.02411159278921593
578,-0.05986061692237854,-0.03798219435427575,0.02405090150198186
579,0.01320435106754303,-0.032863539812093875,0.024178707152189994
580,0.09276774898171425,-0.020300410932713064,0.024492559431317184
581,-0.9422385096549988,-0.11249422080494162,0.02219944813948305
582,0.17986147850751877,-0.08325865087369558,0.022923330006246596
583,-0.09335558116436005,-0.08426834390276203,0.02289826396577682
584,0.002083703875541687,-0.07563313912493166,0.023112768705137315
585,0.03566364198923111,-0.06450346101351538,0.02338964625313167
586,0.0026646554470062256,-0.05778664936746322,0.023556939677267533
587,-0.3492346256971359,-0.08693144700043048,0.022832171890054136
588,0.13553058356046677,-0.06468524394434076,0.023385120589168473
589,-0.09313803911209106,-0.0675305234611158,0.023314298609669378
590,-0.3110135793685913,-0.09187882905186334,0.022709470983583748
591,0.3561285138130188,-0.04707809476537513,0.023823916372320876
592,0.10949182510375977,-0.03142110277846165,0.02421473084186733
593,0.17679142951965332,-0.010599849548650158,0.02473501368554844
594,-0.3726188987493515,-0.046801754468720286,0.023830809680120427
595,0.1526472121477127,-0.026856857807076993,0.024328739938301102
596,-0.23875513672828674,-0.04804668569919796,0.023799756296544322
597,0.08416005969047546,-0.034826011160230624,0.02412970154001625
598,0.21907639503479004,-0.009435770540728566,0.024764112737084
599,0.10534962639212608,0.0020427691525568975,0.02505106915777835
600,-0.17987023293972015,-0.016148531056670804,0.024596321812707087
601,-0.4329657554626465,-0.057830253497268364,0.023555853208847535
602,0.2105494737625122,-0.030992280771290313,0.024225440958368077
603,-1.0084615647792816,-0.12873920917208942,0.021799183476839273
604,-0.3592583239078522,-0.1517911206456657,0.021234100446502313
605,-0.436133936047554,-0.1802254021858545,0.02054252216485707
606,0.13138341903686523,-0.14906452006358253,0.021300745922888373
607,0.7287687808275223,-0.06128118997447206,0.023469885160994342
608,-0.8464076519012451,-0.13979383616714935,0.02152774332893864
609,-0.6235078275203705,-0.18816523530247145,0.020350612345978125
610,-0.462055042386055,-0.2155542160108298,0.01969308396606967
611,0.213686715811491,-0.17263012282859772,0.020726613453837875
612,0.39112982153892517,-0.11625412839184546,0.02210666953652886
613,0.1664496660232544,-0.08798374895033548,0.022806064544020944
614,0.6522490382194519,-0.013960470233356753,0.024651010915915855
615,0.4173319339752197,0.029168770187500883,0.02572901251429618
616,0.27999165654182434,0.054251058822933226,0.026354947447760083
617,0.22356583923101425,0.07118253686374132,0.02677656384586316
618,0.014473959803581238,0.06551167915772531,0.026635452979904536
619,0.1664983406662941,0.07561034530858218,0.02688666469581562
620,0.08279111981391907,0.07632842275911587,0.02690451342180048
621,-0.7002496123313904,-0.0013293807499347304,0.02496676550082956
622,-0.231740802526474,-0.024370522927588654,0.024390857516488403
623,0.24761319905519485,0.0028278492706896897,0.025070696043321586
624,-0.04751446843147278,-0.002206382499526556,0.024944840527019525
625,0.1629125066101551,0.014305506411441606,0.025357613265730296
626,-0.4700920283794403,-0.034134247067646575,0.02414697509732923
627,0.10242903232574463,-0.02047791912830746,0.024488123570761813
628,-1.0021780133247375,-0.11864792854795045,0.022047642572959932
629,-0.5807592272758484,-0.16485905842074022,0.02091546056265558
630,0.05298152565956116,-0.1430750000127101,0.021447333548637412
631,0.16225576400756836,-0.11254192361068224,0.022198270541130567
632,0.003301262855529785,-0.10095760496406103,0.022484600093741553
633,-0.0944085419178009,-0.10030269865943502,0.02250080806716108
634,-0.2295783907175064,-0.11323026786524215,0.022181279379689604
635,-0.17954018712043762,-0.1198612597907617,0.022017736627628928
636,-0.049397967755794525,-0.112814930587265,0.022191531293858292
637,-0.045607782900333405,-0.10609421581857184,0.0223575516237178
638,0.11062470823526382,-0.08442232341318828,0.022894441734437956
639,-0.2981497049331665,-0.1057950615651861,0.022364947159495677
640,0.03892645984888077,-0.09132290942377942,0.0227232530090313
641,-0.0472191721200943,-0.08691253569341091,0.022832641118567643
642,-0.13909505307674408,-0.09213078743174423,0.022703225044623812
643,-0.0641808807849884,-0.08933579676706864,0.022772527663588598
644,-0.05582273006439209,-0.08598449009680098,0.022855669726960466
645,0.17776164785027504,-0.059609876302093384,0.023511515703895956
646,0.02365235984325409,-0.05128365268755864,0.023719031473934934
647,-0.4935373514890671,-0.09550902256770948,0.02261950829846679
648,-0.22493168711662292,-0.10845128902260082,0.022299297748436767
649,0.1915442943572998,-0.07845173068461075,0.02304272055858221
650,-0.16872647404670715,-0.0874792050208204,0.022818581553501104
651,-0.6789888441562653,-0.14663016893436487,0.021360293519966142
652,0.05860131233930588,-0.1261070208069978,0.021863931162166634
653,0.13028396666049957,-0.10046792206024806,0.022496718828872112
654,-0.030110180377960205,-0.09343214789201927,0.022670969503887292
655,-0.23648813366889954,-0.1077377464697073,0.02231692949111085
656,0.0035042166709899902,-0.09661355015563756,0.02259214836027402
657,-0.08096666634082794,-0.0950488617741566,0.02263090851254016
658,0.08444235473871231,-0.07709974012286971,0.023076316682328762
659,0.06456592679023743,-0.062933173431559,0.023428744480028893
660,0.06885688006877899,-0.04975416808152521,0.02375717116025905
661,-0.37354332208633423,-0.0821330834820061,0.022951277629265077
662,-0.10559937357902527,-0.084479712491708,0.022893017191455613
663,-0.28488075733184814,-0.10451981697572202,0.022396478308741728
664,-0.1974608302116394,-0.11381391829931375,0.022166874556844615
665,-0.6530106663703918,-0.16773359310642155,0.020845548509645807
666,-0.43593619763851166,-0.19455385355963056,0.020196606024510545
667,0.1765464898198843,-0.15744381922167908,0.02109610861459059
668,-0.2061770260334015,-0.16231713990285132,0.020977337770019176
669,0.026725508272647858,-0.1434128750853014,0.021439057648282675
670,0.045094266533851624,-0.1245621609233861,0.021901952253759596
671,0.06304055452346802,-0.10580188937870069,0.022364778360637168
672,-0.3052964210510254,-0.12575134254593318,0.021872683586033278
673,-0.1345190703868866,-0.12662811533002852,0.021851109635442456
674,0.05201917514204979,-0.1087633862828207,0.022291586632072147
675,-0.3219574987888336,-0.130082797533422,0.021766150084871955
676,-0.06881169974803925,-0.12395568775488373,0.021916882368470093
677,-0.22108125686645508,-0.13366824466604085,0.021678054975304947
678,0.2317388653755188,-0.0971275336618849,0.0225794186018158
679,-0.08889645338058472,-0.09630442563375488,0.022599805011977073
680,-0.3665195107460022,-0.12332593414497961,0.021932387963099636
681,-0.4189499244093895,-0.1528883331714206,0.021207297000876875
682,-0.17306971549987793,-0.1549064714042663,0.021158019903153247
683,-0.36204302310943604,-0.17562012657478326,0.020654084763478516
684,-0.5843233168125153,-0.21649044559855646,0.019670737368815198
685,0.10638011991977692,-0.18420338904672312,0.020446302808648058
686,-0.33192989230155945,-0.19897603937220673,0.020090223713311775
687,0.19153021275997162,-0.1599254141589889,0.02103560512816903
688,0.14745937287807465,-0.12918693545528254,0.021788174433858627
689,-0.3621973395347595,-0.1524879758632302,0.021217076167894863
690,-0.3145488500595093,-0.1686940632828581,0.020822203576616263
691,-0.14473973959684372,-0.16629863091425665,0.02088044019343066
692,0.03468286991119385,-0.14620048083171158,0.0213708086885943
693,-0.010661192238330841,-0.13264655197237352,0.021703149702600583
694,0.08616933971643448,-0.11076496280349271,0.02224214530894922
695,-0.013095870614051819,-0.10099805358454864,0.022483599119423475
696,-0.15942132472991943,-0.1068403806990857,0.022339107364640044
697,-0.35713621973991394,-0.13186996460316852,0.02172222870089066
698,-0.538349986076355,-0.17251796675048717,0.02072933548094362
699,-0.9030926823616028,-0.2455754383115987,0.01898112440179349
700,0.0624271621927619,-0.21477517826116263,0.01971168536943551
701,0.0035361796617507935,-0.19294404246887129,0.020235377559723388
702,-0.16495883464813232,-0.19014552168679738,0.020302835143067823
703,-0.5578685402870178,-0.2269178235468194,0.019422459727559613
704,0.19080263376235962,-0.18514577781590152,0.02042352866633669
705,-0.8297716975212097,-0.2496083697864323,0.01888623777769409
706,0.06780354678630829,-0.21786717812915823,0.019637892740939685
707,0.05213703215122223,-0.1908667571011202,0.02028544313252195
708,-0.29751012474298477,-0.20153109386530665,0.02002884196114638
709,-0.050853073596954346,-0.1864632918384714,0.02039170227544318
710,0.12747493386268616,-0.15506946926835563,0.02115404129547494
711,-0.23349440097808838,-0.16291196243932893,0.020962853606850865
712,-0.2546480894088745,-0.1720855751362835,0.020739830597572825
713,-0.42617206275463104,-0.19749422389811824,0.020125850622048965
714,0.06701788306236267,-0.17104301320207016,0.02076514227355109
715,-0.09918835759162903,-0.16385754764102606,0.0209398339654825
716,0.002375170588493347,-0.14723427581807413,0.021345512265045653
717,-0.25970883667469025,-0.15848173190373574,0.02107079763577553
718,0.13910436630249023,-0.12872312208311315,0.02179957906224366
719,-0.8750839605927467,-0.2033592059340765,0.019984962241536466
720,0.08772928267717361,-0.1742503570729515,0.020687302057495544
721,-0.005399107933044434,-0.1573652321589608,0.021098025406847045
722,-0.35129162669181824,-0.17675787161224654,0.020626506146664843
723,-0.018733665347099304,-0.16095545098573183,0.021010505855996172
724,0.16631294414401054,-0.1282286114727576,0.02181173999152922
725,-0.10381880030035973,-0.12578763035551782,0.021871790590795463
726,0.015073578804731369,-0.1117015094394929,0.022219018965145873
727,-0.03079502284526825,-0.10361086078007045,0.02241895788732015
728,-0.19111299514770508,-0.11236107421683392,0.022202735081961442
729,0.021216005086898804,-0.09900336628646064,0.022532970912919923
730,0.0038945525884628296,-0.08871357439896829,0.022787960586828644
731,0.04592441953718662,-0.0752497750053528,0.023122298467220637
732,0.14604169130325317,-0.05312062837449221,0.023673232014414493
733,0.08192253112792969,-0.039616312424250025,0.02401010999690227
734,0.0703878402709961,-0.028615897154725414,0.024284797779586986
735,-0.6873979568481445,-0.09449410312406731,0.022644653654564247
736,-1.0469765067100525,-0.1897423434826658,0.02031255951568546
737,-0.16620345413684845,-0.18738845454808406,0.020369362909072868
738,-0.3245781809091568,-0.20110742718419133,0.02003901569161985
739,0.03724445402622223,-0.17727223906314998,0.020614041624567328
740,0.10397442802786827,-0.14914757235404819,0.02129871510168742
741,-1.5041464269161224,-0.2846474578102556,0.018069976765242777
742,0.26626215875148773,-0.22955649615408127,0.019359813391123335
743,-0.6291671693325043,-0.26951756347192357,0.018420603243040613
744,-0.4021669626235962,-0.2827825033870908,0.01811304024428779
745,-0.11859700083732605,-0.26636395313211436,0.018494043612599403
746,-0.015178501605987549,-0.24124540797950167,0.019083206403500388
747,0.14056133292615414,-0.20306473388893612,0.019992028213870038
748,0.11295211315155029,-0.17146304918488747,0.020754943417594488
749,0.15172210335731506,-0.13914453393066722,0.02154366418416323
750,-0.09832549095153809,-0.1350626296327543,0.021643817216297392
751,0.10502640902996063,-0.11105372576648283,0.022235014312728646
752,-0.14563929289579391,-0.11451228247941393,0.02214964103863205
753,-0.29286301136016846,-0.13234735536748937,0.021710499826140314
754,0.12943776696920395,-0.10616884313382005,0.022355706798900827
755,-0.2800600379705429,-0.12355796261749233,0.02192667475182782
756,-0.12837724387645721,-0.12403989074338881,0.02191480933133479
757,-0.11463657021522522,-0.12309955869057246,0.021937962294277445
758,-0.01620318740606308,-0.11240992156212153,0.022201529193536428
759,0.016994088888168335,-0.09946952051709254,0.02252143107375145
760,0.09876260161399841,-0.07964630830398345,0.023013041962244345
761,-0.39241209626197815,-0.1109228870997829,0.022238245314904925
762,0.145198255777359,-0.08531077281206871,0.022872389708557053
763,0.4646639935672283,-0.030313296174139012,0.024242399633395535
764,0.05722750723361969,-0.021559215833363142,0.024461103094634538
765,-0.04502856731414795,-0.02390615098144162,0.024402460053294633
766,-0.07206479460000992,-0.02872201534329845,0.02428214700416842
767,-0.12541016191244125,-0.038390830000212726,0.024040700493416535
768,0.003066711127758026,-0.03424507588741565,0.02414420761310203
769,0.05905069410800934,-0.02491549888787315,0.02437724138826676
770,0.024704573675990105,-0.01995349163148683,0.02450122890133497
771,0.018588699400424957,-0.01609927252829565,0.02459755295581563
772,0.016857638955116272,-0.01280358137995446,0.024679927955294393
773,0.2435208037495613,0.012828857132997112,0.025320703834750987
774,-0.023003190755844116,0.009245652344112992,0.025231134722680845
775,0.03946983814239502,0.012268070923941193,0.025306686387250327
776,0.11217106878757477,0.02225837071030455,0.025556367389487317
777,-0.30682072043418884,-0.01064953840414478,0.02473377160437785
778,-0.6934910118579865,-0.07893368574952893,0.023030745988412493
779,-0.03235861659049988,-0.07427617883362603,0.023146502827031845
780,-0.10853561758995056,-0.07770212270925848,0.023061346979407454
781,-0.07134822010993958,-0.07706673244932659,0.023077136990378735
782,0.07020236551761627,-0.062339822652632305,0.023443520203169425
783,-0.08291438221931458,-0.06439727860930053,0.023392289817053276
784,-0.2317504584789276,-0.08113259659626323,0.022976123857953248
785,-0.037258222699165344,-0.07674515920655345,0.023085128959419145
786,-0.15501317381858826,-0.08457196066775693,0.022890727385838836
787,0.16834486555308104,-0.05928027804567314,0.023519726611015868
788,-0.12490206956863403,-0.06584245719796923,0.02335631313692796
789,-0.2637760788202286,-0.08563581936019517,0.022864322624157517
790,-1.0750367641448975,-0.1845759138386654,0.020437299289515643
791,0.0943322479724884,-0.15668509765755,0.021114616315077724
792,0.0875408872961998,-0.13226249916217506,0.021712584526024904
793,-0.5227440446615219,-0.17131065371210974,0.02075864355039645
794,-0.02634386718273163,-0.1568139750591719,0.02111147226542251
795,-0.004985302686691284,-0.14163110782192387,0.02148270912753777
796,0.015786051750183105,-0.12588939186471318,0.021869286417240535
797,-0.06539532542228699,-0.11983998522047055,0.022018260924665096
798,0.05163910239934921,-0.10269207645848857,0.02244168481526776
799,0.09394170343875885,-0.08302869846876385,0.02292903925799826
800,0.09464891999959946,-0.06526093662192753,0.023370788859238035
801,-0.1597762405872345,-0.07471246701845823,0.023135655927837617
802,-0.0293540358543396,-0.07017662390204636,0.023248458764765702
803,-0.014045439660549164,-0.06456350547789663,0.023388151375692015
804,-0.3706435561180115,-0.09517151054190812,0.022627869863790603
805,0.01173003762960434,-0.08448135572475687,0.02289297640243225
806,-0.06214338541030884,-0.08224755869331207,0.022948434994966297
807,0.1354990229010582,-0.06047290053387505,0.023490017692249805
808,-0.20198041200637817,-0.07462365168112536,0.02313786397779096
809,-0.7258762195706367,-0.13974890847007648,0.0215288448612878
810,0.057730965316295624,-0.12000092109143927,0.022014294837792277
811,-0.20632107183337212,-0.12863293616563257,0.021801796785908104
812,-0.13962942361831665,-0.12973258491090098,0.021774759292155915
813,-0.297031968832016,-0.14646252330301246,0.021364395925666215
814,0.24920251220464706,-0.10689601975224652,0.022337732154214366
815,0.017600834369659424,-0.09444633434005593,0.022645837279298486
816,-0.01723342388868332,-0.08672504329491867,0.02283729327468846
817,-0.42452728748321533,-0.12050526771374834,0.022001866760484982
818,-0.2817050367593765,-0.13662524461831116,0.021605463967986602
819,-0.09270435571670532,-0.1322331557281506,0.021713305429959338
820,0.08111665770411491,-0.11089817438492404,0.022238855594801675
821,0.07877321541309357,-0.09193103540512229,0.022708176787017545
822,-0.023308508098125458,-0.08506878267442261,0.022878395768654764
823,-0.2938501536846161,-0.10594691977544196,0.022361192941479223
824,-0.04545271396636963,-0.09989749919453474,0.022510837225093158
825,-0.19307460635900497,-0.10921520991098176,0.02228042416266217
826,-0.0965065211057663,-0.1079443410304602,0.022311824230233663
827,0.06082788109779358,-0.09106711881763482,0.022729594885368777
828,-0.31448331475257874,-0.1134087384111292,0.022176874423994075
829,0.2419484257698059,-0.0778730219930357,0.02305710024578201
830,-0.2551710903644562,-0.09560282883017773,0.022617184425699967
831,-0.36933600902557373,-0.12297614684971733,0.021941001351474178
832,0.08587567508220673,-0.10209096465652492,0.022456556152804542
833,-0.8198165744543076,-0.17386352563630317,0.020696685676385725
834,-0.6031888723373413,-0.21679606030640697,0.01966344466747523
835,-0.025631144642829895,-0.19767956874004924,0.0201213932940804
836,0.003969445824623108,-0.177514667283582,0.020608167709083858
837,-0.06364902853965759,-0.16612810340918957,0.020884587738219704
838,-1.0089293122291565,-0.25040822429118625,0.01886744097712735
839,-1.0466440916061401,-0.33003181102268164,0.01703626599417304
840,-0.09139102697372437,-0.30616773261778596,0.017576331548768444
841,-0.14053701609373093,-0.28960466096538046,0.017955727448207427
842,-0.5104241371154785,-0.31168660858039027,0.017450732756234908
843,0.010770618915557861,-0.27944088583079546,0.01819031178186357
844,-0.4392537474632263,-0.29542217199403853,0.017822057302370797
845,-0.25696926563978195,-0.29157688135861287,0.017910361810655834
846,-0.03783950209617615,-0.2662031434323692,0.018497791745215597
847,-0.01053231954574585,-0.24063606104370688,0.019097588857700524
848,0.0899522416293621,-0.20757723077639997,0.01988384121779603
849,-0.16874989867210388,-0.20369449756597038,0.019976917803588092
850,-0.14414897561073303,-0.19773994537044665,0.020119941375921335
851,-0.16561901569366455,-0.19452785240276846,0.02019723205999437
852,-0.24669808149337769,-0.19974487531182936,0.02007174694770384
853,0.16249971091747284,-0.16352041668889913,0.020948040384843478
854,-0.007153823971748352,-0.14788375741718407,0.021329623696137185
855,0.06835096329450607,-0.12626028534601505,0.021860159915053204
856,-0.10356462001800537,-0.12399071881321408,0.021916019915407356
857,-0.029624581336975098,-0.11455410506559019,0.022148609070480413
858,0.1290715467184782,-0.09019153988718336,0.022751305544195247
859,-0.05196566879749298,-0.08636895277821433,0.022846129187728548
860,-0.32141685485839844,-0.10987374298623273,0.02226415682634701
861,-0.05974110960960388,-0.10486047964856984,0.022388054405995575
862,-0.3243522681295872,-0.12680965849667158,0.021846643162184733
863,-0.3010452464222908,-0.1442332172892335,0.02141896753292606
864,0.3945651575922966,-0.09035337980108049,0.022747292339365194
865,0.07732617855072021,-0.07358542396590043,0.02316367765335764
866,-0.31009727716445923,-0.09723660928575631,0.02257671730365652
867,0.30470913648605347,-0.05704203470857534,0.0235754938136746
868,-0.10754084587097168,-0.06209191582481498,0.023449693945572517
869,-0.07406136393547058,-0.06328886063588055,0.02341988762373707
870,0.02446671575307846,-0.05451330299698465,0.0236385157989264
871,-0.6023535877466202,-0.10929733147194819,0.02227839543691327
872,-0.26993536949157715,-0.12536113527391107,0.021882286585318874
873,0.15034174919128418,-0.09779084682739156,0.022562992289812536
874,-0.6087521463632584,-0.14888697678097823,0.021305087435459055
875,0.05695663020014763,-0.12830261608286567,0.021809919983736818
876,0.0239852461963892,-0.11307382985494017,0.022185140680858903
877,-0.2589466944336891,-0.12766111631281507,0.021825697635609653
878,0.07285785675048828,-0.10760921900648474,0.022320105711400112
879,0.11998912412673235,-0.08484938469316304,0.022883841317282348
880,-0.5469189807772636,-0.1310563443015731,0.021742221682305652
881,0.15381192229688168,-0.10256951764172763,0.02244471673791382
882,0.008351579308509827,-0.09147740794670388,0.0227194226340814
883,0.1717514549382031,-0.06515452165821319,0.02337343795327937
884,-0.29951801896095276,-0.08859087138848713,0.02279100417910538
885,-0.4971286654472351,-0.1294446507943619,0.02178183810215221
886,-0.2564615309238434,-0.14214633880731006,0.021470084232988917
887,-0.15837744623422623,-0.1437694495500017,0.021430324589580423
888,-0.09982556104660034,-0.13937506069966157,0.021538011352484183
889,-0.008241847157478333,-0.12626173934544324,0.021860124138449732
890,0.2816244550049305,-0.08547311991040588,0.022868360482833975
891,-0.024124696850776672,-0.07933827760444295,0.023020694272597165
892,0.027751803398132324,-0.06862926950418542,0.023286956882637565
893,-0.7405324093997478,-0.13581958349374165,0.021625236313502286
894,-0.07309889793395996,-0.12954751493776348,0.02177930914483448
895,0.026089198887348175,-0.11398384355525232,0.022162681063120564
896,-0.033475711941719055,-0.105933030393899,0.022361536307882453
897,-0.07514962553977966,-0.10285468990848706,0.022437662118042486
898,0.0024495720863342285,-0.09232426370900494,0.022698429047850646
899,-0.1000785231590271,-0.09309968965400715,0.022679209079498663
900,0.05302014946937561,-0.07848770574166887,0.02304182669740918
901,0.2601073831319809,-0.0446281968543039,0.023885035196572677
902,-0.5627436637878418,-0.09643974354765769,0.02259645329000767
903,-0.6805820465087891,-0.1548539738437708,0.02115930135624007
904,-0.07156890630722046,-0.1465254670901158,0.021362855623764675
905,0.04484773427248001,-0.1273881469538562,0.021832412082431103
906,-0.6147369146347046,-0.17612302372194102,0.020641893329945232
907,-0.6232339143753052,-0.22083411278727744,0.01956717681809575
908,0.05274796485900879,-0.19347590502264883,0.020222565261617677
909,-0.5245614051818848,-0.22658445503857244,0.019430379699177283
910,0.6409620642662048,-0.13982980310809473,0.02152686150533295
911,0.27894842624664307,-0.09795198017262097,0.022559002297768343
912,0.3178556226193905,-0.056371219893419824,0.02359221037132973
913,-0.3882950693368912,-0.08956360483776696,0.02276687778859865
914,-0.17105042934417725,-0.09771228728840799,0.0225649376305558
915,-0.3231973350048065,-0.12026079206004783,0.022007890926590126
916,-0.2624034881591797,-0.134475061669961,0.021658242817841376
917,0.25510406494140625,-0.0955171490088243,0.022619306979612095
918,0.0903095155954361,-0.07693448254839827,0.02308042371207237
919,0.05227042734622955,-0.0640139915589355,0.023401832600288486
920,0.06468121707439423,-0.05114447069560253,0.023722501913220992
921,-1.153847336769104,-0.16141475730295266,0.020999316432933287
922,0.024568259716033936,-0.142816455601054,0.021453666863379333
923,-0.12296611070632935,-0.14083142111158153,0.021502307768456422
924,-0.16266852617263794,-0.14301513161768717,0.02144880004597612
925,-0.06050346791744232,-0.13476396524766268,0.021651149553914083
926,-0.06695735454559326,-0.12798330417745574,0.021817773120567256
927,0.09526694938540459,-0.10565827882116971,0.02236832878677024
928,0.020274214446544647,-0.09306502949439828,0.022680068118970026
929,-0.0343686044216156,-0.08719538698712001,0.022825623155634224
930,0.03724239766597748,-0.07475160852181026,0.023134682834983034
931,-0.0637168288230896,-0.0736481305519382,0.02316211845395476
932,0.008240513503551483,-0.06545926614638922,0.023365851742274478
933,0.1682293936610222,-0.04209040016564808,0.023948360951062633
934,0.04745598882436752,-0.03313576126664652,0.02417190902156315
935,0.01737242192029953,-0.028084942947951913,0.02429806097134736
936,-0.08665832877159119,-0.03394228153031584,0.024151768679741517
937,0.06582409143447876,-0.023965644233836382,0.024400973573792388
938,-1.0679521411657333,-0.12836429392702606,0.021808403156428492
939,-0.03694570064544678,-0.11922243459886814,0.02203348118934874
940,0.050442174077034,-0.10225597373127793,0.022452473692959492
941,-0.2868713438510895,-0.12071751074325907,0.021996637130367716
942,0.031181424856185913,-0.10552761718331458,0.022371559175232508
943,0.028982698917388916,-0.09207658557324423,0.022704568660803656
944,-1.0827807784080505,-0.19114700485672484,0.020278686459092615
945,-0.19626080989837646,-0.19165838536089,0.02026635910133732
946,0.07339565083384514,-0.1651529817414165,0.02090830896962289
947,-0.1571408212184906,-0.16435176568912388,0.020927805367083788
948,-0.42631256580352783,-0.19054784570056427,0.020293132841401593
949,0.2541019767522812,-0.14608286345527974,0.021373687206462585
950,0.14602768421173096,-0.11687180868857867,0.022091435453067677
951,0.3702132273465395,-0.06816330508506686,0.02329855166726741
952,0.34831108432263136,-0.026515866144297053,0.02433725866163755
953,-0.4150737076997757,-0.0653716502998449,0.02336803279200727
954,0.08429363556206226,-0.05040512171365419,0.023740938066198924
955,0.07576407119631767,-0.037788202422657007,0.02405574434605382
956,0.20699448138475418,-0.01330993404191589,0.024667271296831796
957,-0.3377121239900589,-0.04575015303673019,0.023857043494633273
958,-0.04470929503440857,-0.04564606723649803,0.02385964021308887
959,0.1715119630098343,-0.023930264211864803,0.024401857567270414
960,-0.00373193621635437,-0.02191043141231376,0.024452326851823344
961,-0.05019459128379822,-0.024738847399462208,0.024381654954435027
962,-0.011763155460357666,-0.023441278205551752,0.024414075361528065
963,0.0319790244102478,-0.0178992479439718,0.02455256658374502
964,0.027469009160995483,-0.013362422233475075,0.024665959325395854
965,-0.10790413618087769,-0.022816593628215334,0.024429684124094138
966,-0.12797391414642334,-0.033332325680036134,0.024167000334893052
967,-0.09836295247077942,-0.03983538835911046,0.024004641732796914
968,0.08183823525905609,-0.027668025997293812,0.024308475799520363
969,0.07555338740348816,-0.017345884657215618,0.024566396370209458
970,-0.14655625820159912,-0.030266922011653964,0.02424355792441115
971,-0.003189772367477417,-0.02755920704723631,0.024311194199929775
972,-0.07929319888353348,-0.032732606230866025,0.024181976973063846
973,0.015069961547851562,-0.027952349452994265,0.024301373207782834
974,0.08157433569431305,-0.016999680938263536,0.024575048911173045
975,0.010662302374839783,-0.014233482606953205,0.024644186962796476
976,-0.1415913999080658,-0.02696927433706446,0.024325931559691025
977,-0.4411919414997101,-0.06839154105332902,0.023292872285432295
978,0.026317507028579712,-0.05892063624513815,0.023528686324419196
979,-0.016920089721679688,-0.054720581592792306,0.0236333492612159
980,0.05167539417743683,-0.044080984015769396,0.023898688638755147
981,-0.07608175277709961,-0.04728106089190242,0.023818853497056793
982,-0.008624494075775146,-0.04341540421028969,0.023915296327468097
983,0.0959446132183075,-0.02947940246742998,0.02426322835277477
984,0.13651035726070404,-0.01288042649461658,0.02467800714422072
985,0.0064976513385772705,-0.010942618711297196,0.024726445450686783
986,0.12299555540084839,0.00245119869991736,0.02506127984476722
987,-0.3745032399892807,-0.03524424516900244,0.024119258513593714
988,-0.08468636870384216,-0.04018845752248641,0.023995829119922072
989,-0.06384438276290894,-0.042554050046528666,0.023936790441382333
990,-0.030660629272460938,-0.041364707969121894,0.02396647170263991
991,-0.10104736685752869,-0.047332973857962576,0.023817558573048295
992,-0.21927064657211304,-0.06452674112937762,0.0233890666659407
993,-0.2354152798652649,-0.08161559500296633,0.022964128503651666
994,0.3021191954612732,-0.043242115956542385,0.02391962041076579
995,0.005952760577201843,-0.03832262830316797,0.024042403029776022
996,0.18131208419799805,-0.016359157053051368,0.024591057553690645
997,0.06311627104878426,-0.008411614242867807,0.0247897146035038
998,-0.012970320880413055,-0.008867484906622331,0.024778318687740292
999,-7.763302236795425,-0.7843109600955025,0.008620646832827412
1000,-7.73089887201786,-1.478969751287738,0.0024681303565501577
1001,-5.762726329267025,-1.9073454090856665,0.0010784524812184422
1002,-5.649479299783707,-2.2815587981554706,0.0005160920839292288
1003,-5.960571229457855,-2.6494600412857086,0.0002486070799651552
1004,-10.286435648798943,-3.413157602037032,5.418362928735441e-05
1005,-13.781100988388062,-4.449951940672134,6.819171682711155e-06
1006,-12.042155742645264,-5.209172320869447,1.4939203377227452e-06
1007,-6.757267117500305,-5.3639818005325335,1.0961376353630915e-06
1008,-8.835076928138733,-5.711091313293153,5.474876952409019e-07
1009,-6.526559755206108,-5.792638157484448,4.6509791179497483e-07
1010,-5.174022428691387,-5.730776584605142,5.263518298025294e-07
1011,-2.7995734214782715,-5.4376562682924545,9.459617240460628e-07
1012,-3.126928359270096,-5.206583477390219,1.5016752161032826e-06
1013,-2.897051751613617,-4.975630304812559,2.3832616923097723e-06
1014,-5.457203850150108,-5.023787659346313,2.1644356896928244e-06
1015,-3.8116003274917603,-4.902568926160858,2.7582192333381986e-06
1016,-6.1591750383377075,-5.028229537378543,2.145293349849315e-06
1017,-3.9464070200920105,-4.92004728564989,2.663471753417058e-06
1018,-2.904624283313751,-4.718504985416276,3.9856029207139675e-06
1019,-1.9389649033546448,-4.440550977210113,6.948580184654675e-06
1020,-1.7629169821739197,-4.172787577706494,1.1869424362964522e-05
1021,-3.991329550743103,-4.1546417750101545,1.2307988760987775e-05
1022,-2.839794158935547,-4.0231570134026935,1.6008887368976184e-05
1023,-1.1758353114128113,-3.7384248432037053,2.828587943789239e-05
1024,-1.5976498425006866,-3.5243473431334036,4.338941134748736e-05
1025,-1.149988055229187,-3.2869114143429816,6.972507303892446e-05
1026,-4.630136013031006,-3.421233874211784,5.331638204634872e-05
1027,-3.449155777692795,-3.424026064559885,5.301978771142339e-05
1028,-4.434312641620636,-3.5250547222659603,4.33281223783193e-05
1029,-2.273213267326355,-3.399870576772,5.5641186281779286e-05
1030,-1.617902934551239,-3.2216738125499242,7.942719788880439e-05
1031,-1.9409998208284378,-3.093606413377776,0.00010256656674606968
1032,-2.1541761457920074,-2.9996633866191993,0.00012371421165050826
1033,-1.972633183002472,-2.8969603662575265,0.00015183830405114543
1034,-2.1944901943206787,-2.826713349063842,0.00017466192218745856
1035,-1.5762986987829208,-2.70167188403575,0.00022406655181370278
1036,-1.5651494860649109,-2.5880196442386665,0.0002809297274215738
1037,-2.082655668258667,-2.5374832466406665,0.0003106229985504105
1038,-2.9183961153030396,-2.575574533506904,0.0002879691009980825
1039,-2.430494546890259,-2.5610665348452395,0.0002963969595822357
1040,-2.648375689983368,-2.5697974503590526,0.00029129614320521274
1041,-3.0364385545253754,-2.6164615607756847,0.0002654778632986288
1042,-2.6979533433914185,-2.624610739037258,0.00026120850095119223
1043,-4.090402364730835,-2.7711899016066157,0.00019509545270250575
1044,-2.4059157371520996,-2.734662485161164,0.0002098195955327327
1045,-2.7826428413391113,-2.739460520778959,0.00020782411031256812
1046,-2.4237430095672607,-2.707888769657789,0.00022131006321412123
1047,-1.6773963272571564,-2.604839525417726,0.0002716870023549073
1048,-1.619642749428749,-2.5063198478188284,0.00033046716570852473
1049,-1.7371990084648132,-2.4294077638834266,0.0003849960361321049
1050,-1.6737598180770874,-2.353842969302793,0.00044724529126224043
1051,-2.4053739309310913,-2.3589960654656226,0.00044270016856662146
1052,-1.6606553792953491,-2.2891619968485952,0.0005083827415814369
1053,-1.5321680903434753,-2.213462606198083,0.0005905018348110647
1054,-2.6872220635414124,-2.260838551932416,0.0005376936992269793
1055,-1.1740156710147858,-2.152156263840653,0.0006665039293634995
1056,-0.23849159479141235,-1.960789796935729,0.0009712487087325011
1057,-0.31876540184020996,-1.7965873574261773,0.0013387134772488076
1058,-0.311825692653656,-1.6481111909489252,0.0017850505697550785
1059,0.042972683906555176,-1.4790028034633773,0.0024679752607287956
1060,-0.45765894651412964,-1.3768684177684527,0.0029937977170340804
1061,-1.0272761583328247,-1.3419091918248898,0.003196748780904325
1062,-0.7445016503334045,-1.2821684376757412,0.0035734602953481076
1063,-1.473950982093811,-1.301346692117548,0.0034482639872544575
1064,-1.7928279042243958,-1.3504948133282326,0.003145749285066602
1065,-1.6684445440769196,-1.3822897864031014,0.0029634256237581202
1066,-2.401910275220871,-1.4842518352848784,0.0024434613497230527
1067,-2.7628298103809357,-1.6121096327944842,0.001913220631513913
1068,-2.767366588115692,-1.727635328326605,0.0015306032626743054
1069,-2.617909789085388,-1.8166627744024835,0.001287384314520747
1070,-2.1625035405158997,-1.8512468510138251,0.0012034188527506146
1071,-1.5770005881786346,-1.823822224730306,0.0012695464550211086
1072,-1.6669804453849792,-1.8081380467957733,0.001308942163618989
1073,-1.9871168434619904,-1.8260359264623949,0.0012640798736193546
1074,-1.163431465625763,-1.7597754803787318,0.0014380518331374745
1075,-1.7164599001407623,-1.7554439223549347,0.0014502010597641445
1076,-1.604315996170044,-1.7403311297364459,0.0014933742291447284
1077,-1.5010643601417542,-1.7164044527769766,0.001564284543398635
1078,-0.8652066588401794,-1.6312846733832969,0.0018438921454907128
1079,-1.43253755569458,-1.611409961614425,0.0019157971030686009
1080,-0.9594407677650452,-1.546213042229487,0.002171037744431437
1081,-0.963240772485733,-1.4879158152551115,0.0024264869859948533
1082,-0.7240762710571289,-1.4115318608353131,0.002804525300484746
1083,-0.41015422344207764,-1.3113940970959896,0.003384306656824543
1084,-0.45776522159576416,-1.2260312095459671,0.0039643929611143545
1085,-0.517693817615509,-1.1551974703529215,0.004513285389430824
1086,-0.881748378276825,-1.1278525611453118,0.004742924378503327
1087,-0.8991973400115967,-1.1049870390319405,0.004942919121013671
1088,-1.444301187992096,-1.138918453927956,0.004648760395719599
1089,-1.011931300163269,-1.1262197385514874,0.004756962411765986
1090,-1.7519936263561249,-1.1887971273319513,0.004244864044644711
1091,-2.2931948006153107,-1.2992368946602872,0.0034618354640582184
1092,-1.947458654642105,-1.364059070658469,0.003066720837203751
1093,-2.2359346747398376,-1.451246631066606,0.0026015224882401933
1094,-2.5188724398612976,-1.5580092119460751,0.002122566262027051
1095,-1.9935614168643951,-1.6015644324379072,0.0019524073851363032
1096,-2.058318629860878,-1.6472398521802043,0.001788052708079763
1097,-1.9603936225175858,-1.6785552292139423,0.0016831546597044147
1098,-1.5909382104873657,-1.6697935273412845,0.0017118904671837372
1099,-1.4801172614097595,-1.650825900748132,0.001775728311001425
1100,-1.2338801622390747,-1.6091313268972263,0.001924211066257969
1101,-0.6355623006820679,-1.5117744242757105,0.0023186640800661215
1102,-0.8476041555404663,-1.4453573974021863,0.002630723861932873
1103,-0.9945107698440552,-1.4002727346463733,0.0028647353441564644
1104,-0.7195753455162048,-1.3322029957333563,0.0032553318079635817
1105,-0.8473584651947021,-1.283718542679491,0.0035631872442999676
1106,-0.8101235926151276,-1.2363590476730546,0.003889650581458133
1107,-0.6383922100067139,-1.1765623639064204,0.004340886135036143
1108,-1.2657591104507446,-1.1854820385608529,0.0042706898639937
1109,-0.989034116268158,-1.1658372463315834,0.00442667232378906
1110,-1.3402769565582275,-1.183281217354248,0.004287913704123644
1111,-1.56539785861969,-1.2214928814807922,0.00399765011293377
1112,-1.4835776090621948,-1.2477013542389324,0.003809054816495929
1113,-1.468344897031784,-1.2697657085182175,0.0036566464866867572
1114,-1.6129823625087738,-1.3040873739172731,0.003430707847431032
1115,-1.8047857880592346,-1.3541572153314692,0.003124225979440419
1116,-1.1437382698059082,-1.333115320778913,0.003249783094182073
1117,-1.3119589984416962,-1.3309996885451914,0.0032626637397405395
1118,-1.3937090635299683,-1.337270626043669,0.0032246219010665144
1119,-2.114037334918976,-1.4149472969311996,0.00278649722869625
1120,-1.929960936307907,-1.4664486608688703,0.0025275542402398436
1121,-2.10265052318573,-1.5300688471005561,0.002239090630904779
1122,-2.3362221121788025,-1.6106841736083808,0.0019184732674355526
1123,-2.4375994503498077,-1.6933757012825235,0.0016356045783062424
1124,-1.72540944814682,-1.6965790759689532,0.0016254987460903815
1125,-1.5204568803310394,-1.6789668564051619,0.001681816154952184
1126,-1.808077871799469,-1.6918779579445926,0.00164035037877633
1127,-1.7067819386720657,-1.69336835601734,0.0016356278203616945
1128,-0.8982772827148438,-1.6138592486870904,0.0019067923945405786
1129,-0.9315336644649506,-1.5456266902648763,0.0021734744847863563
1130,-1.118026852607727,-1.5028667064991614,0.002358376389514919
1131,-1.148405373096466,-1.4674205731588918,0.0025228935551045418
1132,-0.3486189842224121,-1.355540414265244,0.0031161329722805852
1133,-0.2633402347564697,-1.2463203963143668,0.003818785041774924
1134,-0.9883829951286316,-1.2205266561957933,0.004004763488199576
1135,-1.6404653787612915,-1.262520528452343,0.0037060623758682987
1136,-1.5953201055526733,-1.2958004861623762,0.0034840463762495
1137,0.2775192856788635,-1.1384685089782522,0.004652556208378802
1138,-0.9698973894119263,-1.1216113970216197,0.004796782904326626
1139,-1.6608400344848633,-1.175534260767944,0.004349043906301044
1140,-0.15531551837921143,-1.0735123865290708,0.005230478714914699
1141,-0.9924747943878174,-1.0654086273149455,0.005306871595304504
1142,-1.8671311736106873,-1.1455808819445197,0.00459287949434292
1143,-0.9217532873153687,-1.1231981224816046,0.004783038551483017
1144,-0.6203530728816986,-1.072913617521614,0.005236089825487717
1145,-2.2061020731925964,-1.1862324630887122,0.0042648313230838125
1146,-1.3722599148750305,-1.204835208267344,0.00412191225546445
1147,-1.3044501543045044,-1.21479670287106,0.004047185467560141
1148,-1.188923418521881,-1.2122093744361422,0.004066474861522017
1149,-2.2245908975601196,-1.31344752674854,0.0033713715302717594
1150,-0.826977014541626,-1.2648004755278486,0.003690446070699231
1151,-1.3498404026031494,-1.2733044682353787,0.0036327315300898238
1152,-1.3667289018630981,-1.2826469115981505,0.00357028637920453
1153,-1.7867403030395508,-1.3330562507422905,0.0032501420884843697
1154,-1.5141119807958603,-1.3511618237476475,0.003141819104590318
1155,-1.0806399285793304,-1.3241096342308158,0.003304942438962224
1156,-1.5548473596572876,-1.3471834067734632,0.003165328848158173
1157,-0.7670748829841614,-1.2891725543945332,0.003527258130523485
1158,-1.4505492448806763,-1.3053102234431475,0.0034229013142354375
1159,-0.21386075019836426,-1.1961652761186692,0.004187970147690777
1160,-0.029043197631835938,-1.0794530682699859,0.005175095311424325
1161,-0.18189847469329834,-0.9896976089123172,0.006069166139360577
1162,-1.1041051745414734,-1.0011383654752328,0.005948204352157652
1163,-0.5848603248596191,-0.9595105614136714,0.006398538180256751
1164,-0.43416476249694824,-0.9069759815219991,0.007008058662141945
1165,-0.9618860483169556,-0.9124669882014947,0.006942144375305464
1166,-1.807352900505066,-1.0019555794318518,0.005939644332102583
1167,-1.7652243375778198,-1.0782824552464485,0.005185967430767442
1168,-1.124070167541504,-1.082861226475954,0.0051435566234292966
1169,-1.032362461090088,-1.0778113499373674,0.005190348538726678
1170,-2.139666795730591,-1.1839968945166897,0.004282305849752845
1171,-1.3314603567123413,-1.1987432407362548,0.004168228288394006
1172,-0.801990807056427,-1.159067997368272,0.004481602119736367
1173,-0.5922248363494873,-1.1023836812663934,0.004966159727020596
1174,-1.485054612159729,-1.140650774355727,0.004634172182553652
1175,-2.145366132259369,-1.241122310146091,0.0038556154889706155
1176,-1.0730512738227844,-1.2243152065137606,0.003976938106857911
1177,-0.13419818878173828,-1.1153035047405584,0.004851772103439187
1178,-0.9441666901111603,-1.0981898232776186,0.005003803473756964
1179,-1.0301970839500427,-1.091390549344861,0.00506537219822948
1180,-0.4878556728363037,-1.0310370616940052,0.005641901594611046
1181,-0.2848778963088989,-0.9564211451554947,0.006433093611290002
1182,-0.16292256116867065,-0.8770712867568122,0.007376272993972821
1183,-0.02322310209274292,-0.7916864682904053,0.008515916111810946
1184,-0.22870361804962158,-0.7353881832663269,0.009341231937984017
1185,-0.021619796752929688,-0.6640113446149872,0.01047433118463223
1186,-0.37020719051361084,-0.6346309292048495,0.010969181797016262
1187,-1.4626614153385162,-0.7174339778182162,0.009617066666336861
1188,-1.806494489312172,-0.8263400289676117,0.008037353049680684
1189,-2.2721664905548096,-0.9709226751263315,0.006272263273696191
1190,-1.0084975361824036,-0.9746801612319387,0.006231156263174315
1191,-0.78236323595047,-0.9554484687037917,0.006444005971424662
1192,-0.6292665004730225,-0.9228302718807149,0.006819160220680483
1193,-0.6730013787746429,-0.8978473825701077,0.007118797340623258
1194,-0.26624202728271484,-0.8346868470413684,0.007925384977328075
1195,-0.19946753978729248,-0.7711649163159608,0.008809842044051004
1196,-0.1908433437347412,-0.7131327590578389,0.00968406133750365
1197,-0.6869285702705383,-0.7105123401791089,0.009725049814812918
1198,-0.9649074375629425,-0.7359518499174922,0.009332671670102738
1199,-0.4331386089324951,-0.7056705258189925,0.009801131174004253
1200,-0.6873644590377808,-0.7038399191408713,0.00983001323553613
1201,-1.2688347697257996,-0.7603394041993642,0.008968079158449155
1202,-1.082138180732727,-0.7925192818527005,0.008504154085645239
1203,-1.178222894668579,-0.8310896431342883,0.007973483528076602
1204,-1.7378013730049133,-0.9217608161213509,0.006831766372393739
1205,-1.9271102249622345,-1.0222957570054392,0.005730001024848257
1206,-1.5285473465919495,-1.0729209159640902,0.005236021399231566
1207,-2.1575605869293213,-1.1813848830606133,0.004302805061859877
1208,-1.536436676979065,-1.2168900624524586,0.0040316398805293335
1209,-1.8413718938827515,-1.2793382455954878,0.00359228745228269
1210,-0.8072129487991333,-1.2321257159158523,0.003920129807993696
1211,-0.4425394535064697,-1.153167089674914,0.004529986195267312
1212,-0.7655340433120728,-1.11440378503863,0.004859661126617577
1213,0.19111114740371704,-0.9838522917943953,0.006131782546479825
1214,-0.19964462518692017,-0.9054315251336478,0.007026692532580122
1215,-1.1768925189971924,-0.9325776245200023,0.006705164824989692
1216,-0.34036028385162354,-0.8733558904531644,0.007423120935906466
1217,-1.425384759902954,-0.9285587773981433,0.006751968915216904
1218,-1.7180284261703491,-1.007505742275364,0.005881790002541309
1219,-1.040101170539856,-1.0107652851018132,0.005848040968788867
1220,-0.37577688694000244,-0.9472664452856321,0.006536424775560399
1221,-1.455499529838562,-0.9980897537409251,0.005980231658168202
1222,0.06961745023727417,-0.8913190333431052,0.007198884593560977
1223,-2.9747554659843445,-1.099662676607229,0.004990554449215829
1224,-0.3090922236442566,-1.0206056313109317,0.005747172552698226
1225,-1.0942453145980835,-1.027969599639647,0.00567268162323
1226,-2.506357967853546,-1.1758084364610368,0.004346867027487873
1227,-1.3625242710113525,-1.1944800199160683,0.004200921596248161
1228,-1.3000862896442413,-1.2050406468888855,0.004120358539515631
1229,-0.7824893891811371,-1.1627855211181108,0.004451360228139427
1230,-1.413842260837555,-1.1878911950900553,0.0042519075035345475
1231,-0.7734335660934448,-1.1464454321903943,0.004585672523704795
1232,-0.6784190535545349,-1.0996427943268083,0.004990733092032898
1233,-1.5613167881965637,-1.145810193713784,0.0045909669388003345
1234,-1.1111222505569458,-1.1423413993981002,0.004619974738498812
1235,-1.3944036960601807,-1.1675476290643083,0.004412889756060596
1236,-1.9274718165397644,-1.243540047811854,0.003838444562395094
1237,-1.4162168502807617,-1.2608077280587446,0.0037178340225226822
1238,-2.5953415632247925,-1.3942611115753494,0.002897378696099528
1239,-1.5605969429016113,-1.4108946947079755,0.0028079006447758914
1240,-1.0091586112976074,-1.3707210863669386,0.0030285893778706063
1241,-1.8325697183609009,-1.416905949566335,0.002776207912067768
1242,-0.9176271259784698,-1.3669780672075484,0.003049958417486282
1243,-0.3446287512779236,-1.2647431356145862,0.003690838072182566
1244,-0.35452088713645935,-1.1737209107667737,0.0043634662498721385
1245,-0.1689382791519165,-1.0732426476052879,0.005233005801588936
1246,-1.3038162589073181,-1.0963000087354908,0.005020849049306801
1247,-0.5542075634002686,-1.0420907642019686,0.005532191325396363
1248,-0.8579668998718262,-1.0236783777689542,0.00571598695075007
1249,-1.4072551131248474,-1.0620360513045435,0.005338953100113065
1250,-0.2495020627975464,-0.9807826524538438,0.006164887274606381
1251,-0.989215612411499,-0.9816259484496094,0.006155777421883546
1252,-0.19074857234954834,-0.9025382108396033,0.00706171191124696
1253,-0.09567725658416748,-0.8218521154140598,0.008098082863195048
1254,0.6353453397750854,-0.6761323698951452,0.010275018059688546
1255,-0.7174251675605774,-0.6802616496616885,0.010207763279805509
1256,0.18551963567733765,-0.5936835211277858,0.01168650844265774
1257,-0.7789945602416992,-0.6122146250391771,0.011357896212930022
1258,-0.9941806495189667,-0.6504112274871561,0.010701331583617989
1259,-0.5449472069740295,-0.6398648254358434,0.0108798123246854
1260,-0.9034984111785889,-0.666228184010118,0.010437667170603364
1261,-0.47919440269470215,-0.6475248058785763,0.010749966902395311
1262,-1.1914374828338623,-0.7019160735741048,0.009860435584211581
1263,-0.8045959770679474,-0.7121840639234891,0.00969888560795326
1264,-0.7589981555938721,-0.7168654730905274,0.009625901257596527
1265,-0.8085754811763763,-0.7260364738991123,0.0094841371165062
1266,-0.7633690536022186,-0.729769731869423,0.009426888657009984
1267,-0.9285564422607422,-0.7496484029085548,0.009126521307297705
1268,-1.1729925572872162,-0.7919828183464209,0.008511729207679375
1269,-0.5838278830051422,-0.7711673248122931,0.008809807084416588
1270,-1.6200121343135834,-0.8560518057624221,0.007644553335917424
1271,-1.546104907989502,-0.9250571159851301,0.006792974271268547
1272,-1.1417301893234253,-0.9467244233189597,0.0065425867009757804
1273,-0.6369929313659668,-0.9157512741236604,0.006902968710050354
1274,-0.950241208076477,-0.919200267518942,0.00686202841567134
1275,-0.6948230266571045,-0.8967625434327583,0.007132054053948041
1276,-0.6398290991783142,-0.8710691990073138,0.007452076094255754
1277,-0.0923382043838501,-0.7931960995449675,0.00849460474328943
1278,-0.33232659101486206,-0.747109148691957,0.009164471403241177
1279,-0.9346586465835571,-0.765864098481117,0.008887048532174069
1280,0.5576367080211639,-0.6335140178308889,0.010988321391658654
1281,0.40404069423675537,-0.5297585466241246,0.012870087480993088
1282,-0.5565134286880493,-0.5324340348305171,0.012819012993910221
1283,-0.4341001510620117,-0.5226006464536666,0.01300738242214771
1284,-1.248271882534027,-0.5951677700617026,0.011659946502923535
1285,-0.02507948875427246,-0.5381589419309597,0.012710172758907548
1286,0.06640088558197021,-0.4777029591796667,0.01388994743738822
1287,-0.376872718334198,-0.46761993509511984,0.014093143433286773
1288,-0.7760504484176636,-0.4984629864273742,0.013477312045250461
1289,-0.5098562836647034,-0.49960231615110706,0.013454891444323991
1290,-1.0600082278251648,-0.5556429073185128,0.012381562534379534
1291,-0.1402936577796936,-0.5141079823646308,0.013171506138719619
1292,-0.05735078454017639,-0.46843226258218545,0.014076706438479886
1293,-0.33534371852874756,-0.4551234081768417,0.014347466682144408
1294,-1.1443543434143066,-0.5240465017005882,0.012979573230768024
1295,-0.9658811390399933,-0.5682299654345287,0.012148545735392082
1296,-1.0623011589050293,-0.6176370847815787,0.011262982801374999
1297,-0.4597143530845642,-0.6018448116118773,0.011540975171822166
1298,-1.0658600330352783,-0.6482463337542175,0.010737794351238289
1299,-1.3770327270030975,-0.7211249730791054,0.00955985866469462
1300,-0.2103031873703003,-0.6700427945082249,0.010374799191477352
1301,-1.8502002954483032,-0.7880585446022328,0.00856730500123906
1302,-0.586716890335083,-0.7679243791755178,0.008856977684811104
1303,-0.9481028318405151,-0.7859422244420176,0.008597395728111206
1304,-1.7972111105918884,-0.8870691130570045,0.0072514227315254465
1305,-1.6936317086219788,-0.967725372613502,0.006307424576232655
1306,-0.8051521182060242,-0.9514680471727542,0.006488826359447095
1307,-0.8101913928985596,-0.9373403817453347,0.006650052380589139
1308,-0.32295721769332886,-0.8759020653401343,0.007390989444312872
1309,-0.25042635202407837,-0.8133544940085287,0.00821408478952921
1310,-0.1144898533821106,-0.7434680299458869,0.009219102674842274
1311,-0.10981208086013794,-0.680102435037312,0.010210350377332183
1312,-0.584452748298645,-0.6705374663634454,0.010366667092197312
1313,-0.5109626054763794,-0.6545799802747387,0.010631372353504856
1314,-0.6603186130523682,-0.6551538435525017,0.01062176807454619
1315,-0.3104243576526642,-0.620680894962518,0.011209951771926394
1316,-0.14639097452163696,-0.57325190291843,0.012056412823225442
1317,-0.078910231590271,-0.5238177357856141,0.012983970680742236
1318,-1.1227434873580933,-0.583710310942862,0.011866076770265915
1319,0.12689092755317688,-0.512650187093258,0.013199811928150083
1320,0.019671857357025146,-0.4594179826482297,0.014259756687572107
1321,-0.4639649987220764,-0.45987268425561434,0.014250489003038356
1322,-1.2097575664520264,-0.5348611724752554,0.01277279450356652
1323,-0.4402787983417511,-0.5254029350619049,0.012953519083182687
1324,-0.13303861021995544,-0.48616650257771,0.013720786455380258
1325,-0.5074745416641235,-0.48829730648635133,0.013678400460689497
1326,-0.48902446031570435,-0.48837002186928663,0.01367695544598949
1327,-0.7969440817832947,-0.5192274278606874,0.013072412027877196
1328,-0.7956410348415375,-0.5468687885587724,0.012545756092116481
1329,-0.28500914573669434,-0.5206828242765645,0.013044328853488689
1330,-0.6879199743270874,-0.5374065392816169,0.012724442389000605
1331,-1.250741332769394,-0.6087400186303945,0.011419011060853836
1332,-1.519327998161316,-0.6997988165834865,0.009893998437227124
1333,-1.0223073959350586,-0.7320496745186437,0.009392057051619046
1334,-1.5421901643276215,-0.8130637234995415,0.008218077650911189
1335,-1.1682775020599365,-0.8485851013555811,0.007741760717962069
1336,-0.8197019696235657,-0.8456967881823795,0.007779632958872015
1337,-1.009096622467041,-0.8620367716108456,0.007567360466285281
1338,-1.5562117099761963,-0.9314542654473806,0.00671821995256748
1339,-1.165708214044571,-0.9548796603070997,0.0064503946818169275
1340,-1.275230348110199,-0.9869147290874096,0.006098907986889533
1341,-1.4698887467384338,-1.035212130852512,0.005600241732327663
1342,-0.5910072028636932,-0.9907916380536301,0.00605750804555452
1343,-0.19993695616722107,-0.9117061698649893,0.006951246140955613
1344,-0.9979719519615173,-0.9203327480746422,0.006848630226462856
1345,-0.3950503468513489,-0.8678045079523129,0.0074935765183665876
1346,-0.5004030466079712,-0.8310643618178788,0.007973822402387821
1347,-0.2741759419441223,-0.7753755198305032,0.008748891058660576
1348,-0.551480233669281,-0.752985991214381,0.009076825625555802
1349,-0.20994067192077637,-0.6986814592850206,0.00991174549643657
1350,-0.8476215600967407,-0.7135754693661926,0.009677149458436056
1351,0.21871867775917053,-0.6203460546536563,0.011215776853259954
1352,0.6774255335330963,-0.4905688958349811,0.013633303963419892
1353,0.045543670654296875,-0.43695763918605335,0.014722013380663718
1354,0.2681835889816284,-0.3664435163692852,0.016228075398067393
1355,0.6430458724498749,-0.26549457748736915,0.018514310645113524
1356,-0.3668464422225952,-0.2756297639608918,0.018278611914231652
1357,0.2600809335708618,-0.22205869420771643,0.019538015826042008
1358,-0.609099268913269,-0.2607627516782717,0.018624779461313114
1359,-0.14585739374160767,-0.2492722158846053,0.018894139682919062
1360,-0.4414932131767273,-0.2684943156138175,0.018444419051611066
1361,-0.44074761867523193,-0.2857196459199589,0.01804523910717826
1362,-0.9559078216552734,-0.35273846349349036,0.016529952158650902
1363,-0.9970828294754028,-0.41717290009168156,0.015136347923351069
1364,-0.9141610860824585,-0.4668717186907593,0.014108293487386096
1365,-0.9145977199077606,-0.5116443188124594,0.01321936544958563
1366,-0.814674437046051,-0.5419473306358186,0.012638484799019604
1367,-0.5541904866695404,-0.5431716462391908,0.012615374273655841
1368,-1.245002567768097,-0.6133547383920814,0.011337893155348819
1369,-2.5439449548721313,-0.8064137600400865,0.008309820979743197
1370,-0.5239676833152771,-0.7781691523676055,0.008708635225127093
1371,-1.9339953660964966,-0.8937517737404946,0.007168953432856282
1372,-1.6991901397705078,-0.974295610343496,0.006235352624786523
1373,-1.7161087393760681,-1.0484769232467532,0.005469662196146459
1374,-0.13381165266036987,-0.9570103961881149,0.006426490526540655
1375,-0.2333584427833557,-0.884645200847639,0.0072815298304517925
1376,0.17974776029586792,-0.7782059047332883,0.008708106604352901
1377,-0.48840320110321045,-0.7492256343702806,0.009132831259852694
1378,-0.28628653287887573,-0.70293172422114,0.009844365952927312
1379,0.10664486885070801,-0.6219740649139552,0.011187475217335973
1380,-0.34646445512771606,-0.5944231039353314,0.011673267704064866
1381,0.30214613676071167,-0.5047661798657271,0.01335356893433572
1382,-0.6827042698860168,-0.5225599888677561,0.013008164977419641
1383,-2.3770777583122253,-0.7080117658122029,0.00976428626860093
1384,-1.8236331343650818,-0.8195739026674908,0.008129052710384714
1385,-1.8761088848114014,-0.9252274008818817,0.006790975345793273
1386,-1.2587224841117859,-0.9585769092048722,0.006408964441811047
1387,-1.1236426532268524,-0.9750834836070701,0.006226757662692119
1388,-0.590367466211319,-0.936611881867495,0.00665845733433621
1389,-1.7570106089115143,-1.018651754571897,0.00576707955373305
1390,-2.0144248008728027,-1.1182290592019875,0.004826198891704603
1391,-0.9348841607570648,-1.0998945693574953,0.004988471306530997
1392,-1.4112807512283325,-1.131033187544579,0.004715685698940571
1393,-0.45578789710998535,-1.0635086585011195,0.005324924028660158
1394,-0.8329552412033081,-1.0404533167713383,0.005548324655167046
1395,-0.7618069648742676,-1.0125886815816312,0.005829235040316288
1396,-0.40783047676086426,-0.9521128610995545,0.0064815476566644666
1397,-0.5727999210357666,-0.9141815670931757,0.006921669297908658
1398,-0.30487948656082153,-0.8532513590399403,0.007680893986012694
1399,-0.911045253276825,-0.8590307484636287,0.007606051181512832
1400,-0.10136538743972778,-0.7832642123612387,0.008635592776988566
1401,-0.5619987845420837,-0.7611376695793232,0.008956335424262633
1402,-1.154954195022583,-0.8005193221236492,0.008391825003167088
1403,-0.06368499994277954,-0.7268358899055621,0.009471855932572742
1404,-0.42556148767471313,-0.6967084496824772,0.009943141427618415
1405,0.03220862150192261,-0.6238167425640373,0.011155503134644841
1406,-0.4871343970298767,-0.6101485080106213,0.011394209274715454
1407,-0.21796700358390808,-0.57093035756795,0.012098944763912533
1408,-0.8982262015342712,-0.6036599419645821,0.011508780505713218
1409,-0.13650229573249817,-0.5569441773413737,0.012357334497358066
1410,-1.3953269720077515,-0.6407824568080115,0.010864197920184122
1411,-2.2889422178268433,-0.8055984329098946,0.008321125540059978
1412,-3.080094873905182,-1.0330480770094232,0.005621801529494568
1413,-1.5577596426010132,-1.0855192335685822,0.005119077967044208
1414,-1.8349734842777252,-1.1604646586394964,0.004470218679755962
1415,-0.7224810123443604,-1.116666294009983,0.00483984451073163
1416,-0.8801232576370239,-1.0930119903726871,0.005050628985297917
1417,-0.4798719882965088,-1.0316979901650694,0.00563528871505937
1418,-0.1829395294189453,-0.946822144090457,0.006541475407143451
1419,-0.15423882007598877,-0.8675638116890102,0.007496643747695109
1420,0.36077606678009033,-0.7447298238421001,0.0092001422598214
1421,0.31139427423477173,-0.6391174140344129,0.010892542234761105
1422,-0.8779270648956299,-0.6629983791205346,0.010491115966715096
1423,-0.7206234931945801,-0.6687608905279392,0.01039589480861983
1424,-0.49979954957962036,-0.6518647564331074,0.010676900758787019
1425,-0.333352267742157,-0.6200135075640124,0.01122156416959411
1426,-0.46885132789611816,-0.604897289597223,0.01148686999081279
1427,-0.5934562683105469,-0.6037531874685554,0.01150712832702544
1428,-1.2281549274921417,-0.666193361470914,0.010438242364902373
1429,-1.1416468620300293,-0.7137387115268256,0.009674601762783513
1430,-0.6328820586204529,-0.7056530462361883,0.009801406651231732
1431,-1.9120646715164185,-0.8262942087642113,0.008037971217548212
1432,-1.5559669733047485,-0.899261485218265,0.007101547893244452
1433,-1.100898027420044,-0.919425139438443,0.006859366240710427
1434,-0.12540143728256226,-0.8400227692228549,0.00785447194694061
1435,-0.06061679124832153,-0.7620821714254016,0.0089424558548367
1436,0.6337791383266449,-0.622496040450197,0.011178411865215168
1437,-0.031008243560791016,-0.5633472607612564,0.012238581550016635
1438,0.5548904240131378,-0.451523492283817,0.014421237190165038
1439,0.5559326410293579,-0.3507778789524995,0.01657336932885486
1440,-0.34070098400115967,-0.3497701894573655,0.01659570698097659
1441,0.43741828203201294,-0.2710513423084277,0.01838492899719527
1442,0.17484748363494873,-0.22646145971409007,0.01943330204645493
1443,-0.2678755521774292,-0.23060286896042398,0.01933499141585631
1444,-1.1626046299934387,-0.3238030450637254,0.017176460101535795
1445,-0.793554812669754,-0.3707782218243283,0.016133194309675303
1446,-1.6106488406658173,-0.49476528370847717,0.013550240467310504
1447,-1.2171158194541931,-0.5670003372830488,0.012171177323852783
1448,-1.6479755640029907,-0.6750978599550429,0.010291918791645975
1449,-1.107735812664032,-0.7183616552259418,0.009602663780972992
1450,-1.6102139949798584,-0.8075468892013333,0.008294130499491644
1451,-1.1901279091835022,-0.8458049911995502,0.00777821145480977
1452,-0.6238407492637634,-0.8236085670059715,0.008074270833067618
1453,-0.9626018702983856,-0.8375078973352129,0.007887829418924864
1454,-1.383017748594284,-0.8920588824611201,0.007189770895370483
1455,-1.3008989095687866,-0.9329428851718867,0.00670092456641387
1456,-0.6307280659675598,-0.902721403251454,0.007059490315138733
1457,-0.6101982295513153,-0.8734690858814401,0.007421690018144688
1458,-0.4266843795776367,-0.8287906152510598,0.00800434776184305
1459,-0.5697463750839233,-0.8028861912343461,0.008358819514121096
1460,-0.8783555030822754,-0.8104331224191391,0.008254271954260815
1461,-0.8798614740371704,-0.8173759575809423,0.008159021796746194
1462,-0.2852605879306793,-0.7641644206159159,0.008911916392386504
1463,0.09946730732917786,-0.6778012478214066,0.01024779707862615
1464,-0.3462262451648712,-0.644643747555753,0.0107986717041439
1465,-0.3272091746330261,-0.6129002902634804,0.011345863370175286
1466,-0.2705991864204407,-0.5786701798791763,0.011957544574872393
1467,0.27808627486228943,-0.4929945344050298,0.01358525196075266
1468,0.18883007764816284,-0.4248120731997106,0.01497558536696578
1469,0.17675399780273438,-0.3646554660994661,0.01626729784067789
1470,0.237002432346344,-0.3044896762548851,0.01761460282752278
1471,0.5444720536470413,-0.21959350326469249,0.019596735318206375
1472,0.4330528676509857,-0.15432886617312466,0.02117212024712612
1473,0.4714055359363556,-0.09175542596217666,0.022712530197912084
1474,-0.020254671573638916,-0.08460535052332288,0.02288989858388489
1475,-0.3782956600189209,-0.11397438147288268,0.022162914568496676
1476,-0.9003113508224487,-0.19260807840783928,0.020243472102003623
1477,-1.8362502455711365,-0.35697229512416895,0.016436390827042718
1478,-1.1511329412460327,-0.4363883597363553,0.014733842655040855
1479,-1.2798362970352173,-0.5207331534662415,0.013043358405399719
1480,-0.6473733186721802,-0.5333971699868354,0.012800659496360778
1481,-0.8497753143310547,-0.5650349844212573,0.012207409431715568
1482,-0.3876064121723175,-0.5472921271963633,0.01253780083598741
1483,-0.4079276919364929,-0.5333556836703763,0.012801449704037985
1484,-0.20393455028533936,-0.5004135703318726,0.013438941336452874
1485,-0.4739818572998047,-0.4977703990286658,0.013490952824509876
1486,-0.5287736058235168,-0.5008707197081509,0.013429958569944615
1487,-0.5012755990028381,-0.5009112076376196,0.013429163184669966
1488,0.09763631224632263,-0.44105645564922547,0.014637006159531396
1489,-0.31828224658966064,-0.428779034743269,0.014892489363930624
1490,-0.08750301599502563,-0.3946514328684447,0.015615918862949217
1491,0.35071247816085815,-0.3201150417655144,0.017259726527458327
1492,-0.13245677947998047,-0.30134921553696103,0.017686328909913118
1493,-0.5366437435150146,-0.3248786683347664,0.01715221115183682
1494,0.6419897079467773,-0.22819183070661203,0.01939220348603932
1495,0.10572421550750732,-0.19480022608520012,0.020190674370404962
1496,-0.4390847682952881,-0.21922868030620893,0.01960543053321554
1497,-0.5422136783599854,-0.2515271801115866,0.018841157587077162
1498,-0.6333141326904297,-0.2897058753694709,0.01795339805208444
1499,0.22887173295021057,-0.23784811453750276,0.01916344558801471
1500,-0.4907033145427704,-0.2631336345380295,0.018569395411687176
1501,-0.4235959053039551,-0.27917986161462205,0.01819635364963609
1502,-0.14434057474136353,-0.2656959329272962,0.018509615798373513
1503,-1.0790653824806213,-0.3470328778826287,0.0166564618385311
1504,-0.4095969796180725,-0.3532892880561731,0.016517764504132653
1505,-0.9016286730766296,-0.40812322655821875,0.01532805070538037
1506,-1.0052905082702637,-0.46783995472942325,0.014088690307156702
1507,-0.5387988090515137,-0.47493584016163226,0.013945531441644725
1508,-0.24515300989151,-0.45195755713462005,0.014412330257195986
1509,-0.8131789565086365,-0.48807969707202165,0.013682725407248582
1510,-0.06414332985877991,-0.4456860603506975,0.014541337553439053
1511,-0.2266991138458252,-0.4237873657002103,0.014997093015351749
1512,-0.9900995492935181,-0.4804185840595411,0.013835530559185329
1513,-1.048016905784607,-0.5371784162320477,0.012728770921778959
1514,-1.1652559638023376,-0.5999861709890766,0.011574006837292495
1515,-0.6008268892765045,-0.6000702428178194,0.011572511291509876
1516,-1.159167468547821,-0.6559799653908195,0.010607953079729938
1517,-1.4446493983268738,-0.7348469086844249,0.009349457834015877
1518,-0.38251590728759766,-0.6996138085447422,0.00989693527759882
1519,-0.4622664153575897,-0.6758790692260269,0.010279154315785282
1520,-0.31382453441619873,-0.6396736157450441,0.010883067985284765
1521,-1.376311182975769,-0.7133373724681166,0.009680866314794647
1522,0.06201779842376709,-0.6358018553789282,0.010949142342822585
1523,-0.21236616373062134,-0.5934582862140976,0.011690542892303717
1524,-0.18723607063293457,-0.5528360646559813,0.012433930877746815
1525,-0.31304651498794556,-0.5288571096891778,0.012887325630294664
1526,0.19229716062545776,-0.45674168265771425,0.014314378107967197
1527,-0.028561413288116455,-0.41392365572075446,0.015205021857784887
1528,-0.05914181470870972,-0.37844547161955,0.01596608281755662
1529,-0.1708328127861023,-0.35768420573620524,0.01642068522441737
1530,-0.2509995698928833,-0.34701574215187303,0.016656842518075424
1531,-0.2981814742088318,-0.34213231535756894,0.01676550734127141
1532,-0.3510453701019287,-0.3430236208320049,0.01674564800528641
1533,-0.4104797840118408,-0.3497692371499885,0.01659572809812741
1534,0.04997384548187256,-0.3097949288868024,0.017493736880921675
1535,-0.12579113245010376,-0.2913945492431325,0.017914553748104346
1536,0.04244828224182129,-0.2580102660946371,0.018689161809838296
1537,-0.3009026050567627,-0.26229949999084967,0.018588873202189944
1538,-0.6411287784576416,-0.30018242783752885,0.01771301124912312
1539,-1.3388088941574097,-0.40404507446951693,0.015414881131690518
1540,-1.1923751831054688,-0.4828780853331121,0.013786359752420286
1541,-1.922643780708313,-0.6268546548706322,0.011102935003315164
1542,-0.7570211887359619,-0.6398713082571652,0.010879701956275285
1543,-0.039816975593566895,-0.5798658749908054,0.011935801550025223
1544,-0.662363201379776,-0.5881156076297025,0.011786525513863312
1545,-0.7695858776569366,-0.6062626346324259,0.0114627269334675
1546,-1.5886564254760742,-0.7045020137167907,0.0098195597456686
1547,-1.587244987487793,-0.7927763110938909,0.008500526609124632
1548,-1.5578299164772034,-0.869281671632222,0.00747477542924372
1549,-1.206040382385254,-0.9029575427075253,0.007056627485565091
1550,-1.568073034286499,-0.9694690918654226,0.006288227726413196
1551,-1.0564874410629272,-0.978170926785173,0.006193174426594394
1552,-1.1303685307502747,-0.9933906871816832,0.006029889692878032
1553,-1.2786787748336792,-1.0219194959468827,0.005733819934893138
1554,-1.1752400398254395,-1.0372515503347384,0.005579989794985793
1555,-1.9085063338279724,-1.1243770286840618,0.004772849577368705
1556,-0.7628990411758423,-1.08822922993324,0.005094226832696201
1557,-0.7629564106464386,-1.0557019480045597,0.005399667695289801
1558,-1.3239792585372925,-1.0825296790578331,0.005146617236060627
1559,-0.9126178622245789,-1.0655384973745077,0.005305639614513038
1560,-1.1610054075717926,-1.0750851883942363,0.00521576515627812
1561,-0.5113696455955505,-1.0187136341143677,0.005766448177881575
1562,-0.5502240657806396,-0.9718646772809949,0.006261935976371702
1563,-0.6621588468551636,-0.9408940942384117,0.006609180675724516
1564,-0.2659025192260742,-0.873394936737178,0.0074226273211461195
1565,-0.37383151054382324,-0.8234385941178426,0.008076572664723069
1566,-0.3585658669471741,-0.7769513214007757,0.008726165992305518
1567,0.10708543658256531,-0.6885476456024416,0.010073795694446191
1568,-0.09645122289657593,-0.6293380033318551,0.011060094724861294
1569,0.06417834758758545,-0.559986368239911,0.012300817034455968
1570,0.08032512664794922,-0.49595521875112497,0.013526744783238868
1571,-0.17910990118980408,-0.46427068699499285,0.014161036588901377
1572,-0.41283348202705383,-0.45912696649819895,0.014265690051547054
1573,-0.09740161895751953,-0.422954431744131,0.015014588517774591
1574,-0.2881905138492584,-0.40947803995464377,0.015299265003680305
1575,-0.181440532207489,-0.3866742891799283,0.01578775935346146
1576,-0.6284986734390259,-0.4108567276058381,0.015270003100438407
1577,-0.8209965229034424,-0.4518707071355985,0.014414112141652405
1578,-0.27067145705223083,-0.43375078212726176,0.014788722015700482
1579,-0.006566047668457031,-0.3910323086813813,0.015693754221325105
1580,-0.4623284637928009,-0.3981619241925233,0.015540621601148592
1581,-0.5492687821388245,-0.41327260998715337,0.015218803019773864
1582,-0.08781588077545166,-0.3807269370659832,0.01591653488307105
1583,0.048786461353302,-0.3377755972240547,0.016862747603871405
1584,0.06944853067398071,-0.29705318443425116,0.0177846609140903
1585,-0.15835684537887573,-0.28318355052871363,0.0181037759598413
1586,-0.133122980594635,-0.2681774935353058,0.018451795590872483
1587,0.2568996250629425,-0.21566978167548098,0.019690325080832825
1588,-0.0877077579498291,-0.20287357930291577,0.01999661548951072
1589,0.3214057385921478,-0.15044564751340944,0.021266980659050902
1590,-0.31839537620544434,-0.16724062038261292,0.020857533470731153
1591,-0.4280490279197693,-0.19332146113632853,0.020226285468177948
1592,0.1543833613395691,-0.15855097888873879,0.02106910924267522
1593,-1.3049705028533936,-0.2731929312852043,0.018335166113774778
1594,0.008958816528320312,-0.24497775650385184,0.018995202385571043
1595,-1.6074066162109375,-0.38122064247456033,0.015905823582411563
1596,-0.6095104217529297,-0.4040496204023973,0.015414784189750567
1597,0.4051436483860016,-0.3231302935235574,0.01719163497750915
1598,0.1787041425704956,-0.2729468499141521,0.018340881285386173
1599,-0.5337437391281128,-0.29902653883554814,0.01773946225649203
1600,-0.05279511213302612,-0.27440339616529597,0.018307064328515487
1601,-0.8662363290786743,-0.3335866894566338,0.01695650285967048
1602,-0.4288250207901001,-0.3431105225899804,0.016743712356592177
1603,-0.6571420431137085,-0.3745136746423532,0.01605166367358337
1604,-0.8685017824172974,-0.4239124854198476,0.014994465923790857
1605,-1.4863789081573486,-0.5301591276935977,0.012862432018850052
1606,-0.5053631067276001,-0.527679525596998,0.012909867224658709
1607,-0.34711790084838867,-0.5096233631221371,0.013258707754898109
1608,-0.3834038972854614,-0.4970014165384695,0.013506108428575523
1609,-0.3498525023460388,-0.48228652511922643,0.013798176445070165
1610,-0.7709941267967224,-0.511157285286976,0.013228839775578517
1611,-0.4538203477859497,-0.5054235915368733,0.013340704420139302
1612,0.10769528150558472,-0.4441117042326275,0.014573829478719439
1613,-0.1814495325088501,-0.41784548706024977,0.015122154501097796
1614,-1.0062991678714752,-0.47669085514137227,0.013910262076193136
1615,-0.0515977144241333,-0.43418154106964835,0.014779751233860428
1616,0.04020369052886963,-0.3867430179097966,0.01578627448040757
1617,0.10199511051177979,-0.33786920506763896,0.01686065540080636
1618,-0.02961444854736328,-0.30704372941561137,0.017556367904199937
1619,-0.7298456430435181,-0.349323920778402,0.016605604345632154
1620,0.06121748685836792,-0.308269780014725,0.01752844415053151
1621,-0.7904176712036133,-0.3564845691336138,0.016447155071046902
1622,-0.04854375123977661,-0.3256904873442301,0.017133920267396432
1623,-0.719032883644104,-0.3650247269742175,0.016259193759146383
1624,-0.8659332394599915,-0.4151155782227949,0.015179809778992331
1625,-1.2569479048252106,-0.4992988108830364,0.013460861749640422
1626,-1.4201825857162476,-0.5913871883663575,0.011727686132326706
1627,-0.9456108808517456,-0.6268095576148963,0.011103714071776544
1628,-0.66019406914711,-0.6301480087681177,0.011046146932937907
1629,-0.9445338547229767,-0.6615865933636036,0.010514542117195741
1630,-0.16621536016464233,-0.6120494700437075,0.011360795889114848
1631,-0.3561563491821289,-0.5864601579575496,0.011816376457522763
1632,0.3238224983215332,-0.49543189232964135,0.013537074888626321
1633,0.36127668619155884,-0.4097610344775213,0.01529325604021459
1634,0.4894653856754303,-0.31983839246222623,0.017265980312861456
1635,1.269510179758072,-0.16090353524019646,0.02101177070834019
1636,0.7465619444847107,-0.07015698726770578,0.023248947271569606
1637,0.6501064896583557,0.0018693604249003515,0.02504673395618512
1638,0.2998623847961426,0.03166866286202456,0.02579145200572354
1639,-0.003875553607940674,0.028114241215028042,0.02570267090729547
1640,-0.3681706190109253,-0.01151424480756728,0.024712156600249835
1641,-0.023748159408569336,-0.012737636267667485,0.024681576314258047
1642,-0.2957577705383301,-0.04103964969473374,0.023974584379394738
1643,-1.2077994346618652,-0.15771562819144685,0.02108947937063309
1644,-0.13248535990715027,-0.15519260136301719,0.02115103590188758
1645,-0.2574913501739502,-0.16542247624411047,0.020901752370792785
1646,-0.3301435708999634,-0.18189458570969577,0.020502131242726374
1647,0.43350180983543396,-0.12035494615518282,0.022005570817761007
1648,0.2749537229537964,-0.0808240792442849,0.022983786434486345
1649,0.6211248636245728,-0.010629184957399153,0.024734280382952598
1650,0.4073218107223511,0.031165914610575864,0.02577889569743378
1651,0.1387314796447754,0.041922471113995816,0.02604744822189104
1652,0.04147946834564209,0.041878170837160444,0.026046342657076865
1653,0.2595696449279785,0.06364731824624224,0.026589037814688795
1654,-0.6718120574951172,-0.009898619327893689,0.024752542598928375
1655,-1.166312575340271,-0.1255400149291314,0.02187788424158177
1656,-0.5640681982040405,-0.1693928332566223,0.02080522416553668
1657,-0.8082163631916046,-0.23327518625012053,0.01927165242389403
1658,-1.3008495569229126,-0.3400326233173997,0.016812337018918072
1659,-1.0946881175041199,-0.4154981727360717,0.015171721969500122
1660,-0.016808748245239258,-0.37562923028698847,0.016027357520993154
1661,-0.5831820964813232,-0.39638451690642196,0.015578720681068789
1662,-0.09284478425979614,-0.3660305436417594,0.0162371299528672
1663,-0.24673014879226685,-0.35410050415681016,0.016499823668926255
1664,-0.20082765817642212,-0.3387732195587714,0.01684045658874183
1665,-0.6822999715805054,-0.37312589476094477,0.01608192825203781
1666,-1.4399138987064362,-0.4798046951554939,0.01384782041292585
1667,-0.3067721724510193,-0.4625014428850464,0.014196980972758736
1668,-0.19353145360946655,-0.43560444395748843,0.0147501409924414
1669,-0.5653360486030579,-0.44857760442204536,0.014481772673688843
1670,-0.17715352773666382,-0.4214351967535072,0.015046529527822912
1671,-1.511623203754425,-0.5304539974535989,0.012856798696565608
1672,-0.5891152620315552,-0.5363201239113945,0.012745065319027589
1673,-0.4874131977558136,-0.5314294312958364,0.012838175075312508
1674,-0.8352296054363251,-0.5618094487098853,0.012267031620293115
1675,-0.8683832585811615,-0.5924668296970129,0.011708313549618522
1676,-1.3320688605308533,-0.6664270327803969,0.010434383058819724
1677,-0.4373072683811188,-0.6435150563404691,0.010817795962971711
1678,-0.614872932434082,-0.6406508439498304,0.010866436448219552
1679,0.45419027656316757,-0.5311667318985306,0.012843188966324007
1680,-0.15030741691589355,-0.4930808004002669,0.013583544984306745
1681,-0.21802431344985962,-0.4655751517052262,0.014134570058388458
1682,-0.4968752861022949,-0.46870516514493304,0.014071187023937165
1683,-3.171456038951874,-0.738980252525627,0.00928678353061341
1684,-1.1483912467956543,-0.7799213519526297,0.008683460957155923
1685,-1.222162127494812,-0.8241454295068479,0.008067003933935703
1686,-1.2926104068756104,-0.8709919272437241,0.007453056170867916
1687,-1.415590524673462,-0.9254517869866978,0.006788342098854936
1688,-0.5807189345359802,-0.8909785017416261,0.0072030825991406065
1689,-0.41998475790023804,-0.8438791273574873,0.007803543949143139
1690,-0.4098880887031555,-0.800480023492054,0.008392373891303139
1691,0.14006447792053223,-0.7064255733507955,0.009789237256425665
1692,0.5052005350589752,-0.5852629625098185,0.011837996700512974
1693,0.031215548515319824,-0.5236151114073047,0.012987866433037324
1694,-0.2749471664428711,-0.4987483169108613,0.013471694881846717
1695,0.08995354175567627,-0.43987813104420753,0.014661414496805395
1696,0.4880821406841278,-0.347082103871374,0.016655368280736996
1697,0.19144201278686523,-0.29322969220555006,0.017872382382784657
1698,-0.13621807098388672,-0.27752853008338374,0.018234596510329344
1699,0.3566914200782776,-0.2141065350672176,0.019727655727461258
1700,-0.22436612844467163,-0.21513249440496302,0.019703152823141112
1701,-0.29785656929016113,-0.22340490189348283,0.01950597654775503
1702,-0.6717037558555603,-0.2682347872896906,0.018450461534946488
1703,-0.42560875415802,-0.2839721839765235,0.018085564319465088
1704,-0.5425759553909302,-0.30983256111796414,0.01749288089881111
1705,-0.578130304813385,-0.33666233548750624,0.016887639577210973
1706,-0.7288568615913391,-0.3758817880978895,0.01602185739452563
1707,-1.3908009976148605,-0.47737370904958665,0.013896554040294924
1708,-1.038086175918579,-0.5334449557364859,0.012799749340325165
1709,-0.350275456905365,-0.5151280058533738,0.01315172369838805
1710,-0.4740152955055237,-0.5110167348185888,0.013231574730149501
1711,-0.488635778427124,-0.5087786391794423,0.0132751743060328
1712,-0.4387575387954712,-0.5017765291410452,0.013412171073987032
1713,0.29722076654434204,-0.42187679957250646,0.015037241102497682
1714,-0.6539889872074127,-0.4450880183359971,0.014553675049015414
1715,-0.1960938572883606,-0.42018860223123344,0.015072767316286232
1716,0.20876449346542358,-0.35729329266156773,0.016429308286956774
1717,-1.0508679747581482,-0.4266507608712258,0.014937037346178659
1718,-0.2203148603439331,-0.40601717081849653,0.015372857966560658
1719,0.3817196488380432,-0.3272434888528426,0.01709895603456141
1720,-0.6011510491371155,-0.3546342448812699,0.016488024867822415
1721,-0.3294736444950104,-0.3521181848426439,0.016543682014457994
1722,-0.20512935519218445,-0.337419301877598,0.01687071222876282
1723,-1.1059651374816895,-0.41427388543800714,0.015197611195978228
1724,-0.6041840314865112,-0.43326490004285756,0.014798844555076638
1725,-0.5881796479225159,-0.4487563748308234,0.01447809480715929
1726,-0.27367085218429565,-0.43124782256617067,0.014840909885748816
1727,-1.0292396545410156,-0.4910470057636552,0.01362382418278118
1728,-0.4214128851890564,-0.4840835937061953,0.013762298566345595
1729,-0.49463319778442383,-0.48513855411401813,0.013741263605406596
1730,-0.8488453924655914,-0.5215092379491755,0.013028399849752431
1731,0.12872296571731567,-0.4564860175825264,0.01431960260640023
1732,-0.5502063035964966,-0.4658580461839234,0.014128834315152434
1733,-1.1145672798156738,-0.5307289695470985,0.012851546961906997
1734,-0.11671829223632812,-0.4893279018160214,0.01365792915038108
1735,-1.2237863540649414,-0.5627737470409134,0.012249186540947367
1736,-0.4376256465911865,-0.5502589369959408,0.012482143649692823
1737,-1.2245628535747528,-0.617689328653822,0.011262071079279628
1738,-0.3643600344657898,-0.5923563992350187,0.011710294042182934
1739,-0.5017942190170288,-0.5833001812132197,0.011873501718762995
1740,-0.6003220081329346,-0.5850023639051911,0.011842706485012858
1741,-0.1594526767730713,-0.5424473951919792,0.012629042056482973
1742,-0.08339852094650269,-0.49654250776743153,0.013515158007420609
1743,-0.4575473666191101,-0.4926429936525994,0.013592209415214107
1744,0.19141054153442383,-0.4242376401338971,0.014987640003262881
1745,-0.03437188267707825,-0.3852510643882152,0.015818524786833807
1746,0.6312940120697021,-0.2835965567424235,0.018094237560153104
1747,0.9719538986682892,-0.15804151120135224,0.0210815320391374
1748,0.5434020161628723,-0.08789715846492979,0.02280821265085193
1749,0.9116001129150391,0.012052568673067074,0.025301299627596925
1750,0.40676558017730713,0.05152386982349107,0.026286958113922516
1751,0.213451087474823,0.06771659158862425,0.026690331886202623
1752,-0.1053309440612793,0.0504118380236339,0.02625922941561621
1753,0.44546692073345184,0.08991734629461569,0.02724189490824927
1754,0.03926411271095276,0.0848520229362494,0.027116224166204624
1755,-0.2743968963623047,0.048927131006393995,0.026222203167985472
1756,-0.3548240661621094,0.008552011289543665,0.025213795070161322
1757,-0.9467087984085083,-0.0869740696802615,0.022831114339142717
1758,-0.37982824444770813,-0.11625948715700615,0.02210653736188816
1759,0.07757881283760071,-0.09687565715754548,0.022585656634485717
1760,0.0859622061252594,-0.078591870829265,0.02303923856794733
1761,-0.06031984090805054,-0.07676466783714354,0.02308464410569505
1762,0.19832229614257812,-0.04925597143917139,0.02376959560195506
1763,0.3007470369338989,-0.014255670601864365,0.024643632375461518
1764,-0.15138554573059082,-0.027968658114737005,0.024300965809821842
1765,-1.062172532081604,-0.1313890455114237,0.021734045746734865
1766,-0.6741719245910645,-0.18566733341938776,0.020410927920750156
1767,0.05163782835006714,-0.16193681724244227,0.020986600230529173
1768,0.09750828146934509,-0.13599230737126353,0.02162099700174707
1769,-0.11411130428314209,-0.13380420706245139,0.021674715991273907
1770,-0.5057309865951538,-0.17099688501572163,0.020766262396408885
1771,-1.7810702919960022,-0.33200422571374966,0.01699198721034836
1772,-0.7599295377731323,-0.37479675691968795,0.016045493928713135
1773,-0.26647400856018066,-0.3639644820837372,0.016282468320252975
1774,-1.004098653793335,-0.427977899254697,0.014909249359290846
1775,-1.1340572834014893,-0.4985858376693762,0.01347489335103006
1776,-0.7866220474243164,-0.5273894586448702,0.01291542369909543
1777,-0.914412647485733,-0.5660917775289565,0.012187917935064973
1778,-0.32274413108825684,-0.5417570128848865,0.012642079805231542
1779,0.00013339519500732422,-0.48756797207689717,0.01369289920412273
1780,-0.37100785970687866,-0.4759119608398953,0.013925908228349935
1781,-0.7776156663894653,-0.5060823313948523,0.013327821825386145
1782,-0.035083770751953125,-0.45898247533056236,0.014268636551358148
1783,-0.19705629348754883,-0.432789857146261,0.014808745159439847
1784,-0.06819933652877808,-0.39633080508451274,0.01557987280040053
1785,0.06258684396743774,-0.3504390401793177,0.016580878743592885
1786,-0.34621182084083557,-0.35001631824546947,0.016590249597068625
1787,-0.1876823902130127,-0.33378292544222377,0.016952105079574523
1788,-0.42528852820396423,-0.3429334857183978,0.016747655791061754
1789,0.259376585483551,-0.2827024785982029,0.018114889081047175
1790,-0.43800508975982666,-0.29823273971436526,0.01775763760298987
1791,0.27158957719802856,-0.2412505080231259,0.01908308604433923
1792,-0.5190788507461548,-0.26903334229542875,0.018431871759985605
1793,-0.10152047872543335,-0.25228205593842923,0.018823434328765813
1794,-0.7896189093589783,-0.30601574128048414,0.01757979643366455
1795,-0.9382686614990234,-0.36924103330233804,0.01616680815703944
1796,0.13984549045562744,-0.31833238092654154,0.017300043158566134
1797,-0.15956354141235352,-0.30245549697512275,0.01766104705671302
1798,0.11089158058166504,-0.261120789219444,0.01861641136222042
1799,0.12422770261764526,-0.22258594003573506,0.019525465305937517
1800,-0.050651878118515015,-0.20539253384401307,0.01993619457975218
1801,0.16332459449768066,-0.16852082100984372,0.020826413804581913
1802,0.18174266815185547,-0.1334944720936738,0.021682322682685714
1803,-0.3002837002277374,-0.15017339490708015,0.021273635486260663
1804,-0.6810771524906158,-0.20326377066543372,0.01998725215689988
1805,-0.6735667586326599,-0.2502940694621563,0.01887012319627844
1806,-0.939261794090271,-0.31919084192496777,0.017280622676520273
1807,-0.2580283284187317,-0.31307459057434417,0.017419210561996523
1808,-0.447928249835968,-0.3265599565005065,0.017114340843294166
1809,-0.019962400197982788,-0.29590020087025415,0.017811093262741887
1810,-0.5688544511795044,-0.3231956259011792,0.017190161032224677
1811,-0.10802185535430908,-0.30167824884649214,0.017678807798247778
1812,0.14764106273651123,-0.25674631768819184,0.018718756392093357
1813,-0.8780364990234375,-0.3188753358217164,0.017287758999058305
1814,-1.6209895610809326,-0.449086758347638,0.014471299241240108
1815,-0.5684088468551636,-0.4610189671983906,0.014227141657969719
1816,-0.9976096153259277,-0.5146780320111443,0.013160448181567459
1817,-1.821916103363037,-0.6454018391463335,0.010785840549902555
1818,-0.2901477813720703,-0.6098764333689072,0.011398997218050181
1819,0.2355060577392578,-0.5253381842580908,0.012954762032541957
1820,0.8162186145782471,-0.391182504374457,0.015690519825051052
1821,0.030597209930419922,-0.3490045329439693,0.01661268956331786
1822,0.2956317663192749,-0.2845409030176449,0.018072436014984854
1823,-1.0477439165115356,-0.36086120436703395,0.016350690480405477
1824,0.19971120357513428,-0.30480396357281714,0.017607432011236112
1825,0.1274203062057495,-0.2615815365949605,0.018605644967228437
1826,0.5002655982971191,-0.18539682310575253,0.02041746312957049
1827,0.38639768958091736,-0.12821737183708554,0.02181201641278052
1828,-0.2719414234161377,-0.14258977699499076,0.021459219974250134
1829,-0.46695661544799805,-0.17502646084029147,0.020668479388590927
1830,-1.140652596950531,-0.2715890744513154,0.018372428701807254
1831,-1.6748157143592834,-0.4119117384421122,0.015247632258394797
1832,-0.3053669333457947,-0.40125725793248046,0.015474394832445951
1833,-0.19793200492858887,-0.3809247326320913,0.01591224310166371
1834,-0.9696472883224487,-0.439796988201127,0.014663096201816467
1835,-0.020090490579605103,-0.3978263384389748,0.015547811031234648
1836,-0.2436133325099945,-0.38240503784607677,0.01588014294599105
1837,0.31734800338745117,-0.312429733722724,0.017433852489506792
1838,-0.3507745862007141,-0.316264218970523,0.01734687217241605
1839,0.02815490961074829,-0.2818223061123959,0.018135229344139706
1840,0.015305697917938232,-0.25210950570936247,0.0188274849457354
1841,0.008173644542694092,-0.2260811906841568,0.019442338183904867
1842,-0.32547318935394287,-0.2360203905511354,0.019206666598578115
1843,-0.5996471047401428,-0.27238306197003614,0.01835397792797373
1844,-1.075770378112793,-0.3527217935843118,0.016530321071351984
1845,-1.037025809288025,-0.4211521951546831,0.01505248374196063
1846,-0.6123958230018616,-0.4402765579394009,0.014653158641019588
1847,0.136493980884552,-0.3825995040570056,0.0158759285538758
1848,-1.3020200729370117,-0.4745415609450062,0.01395346254745255
1849,-0.16574764251708984,-0.4436621691022146,0.01458311492793951
1850,-0.07745170593261719,-0.4070411227852549,0.01535106383970025
1851,-0.527041882276535,-0.4190411987343829,0.01509694034462187
1852,-0.10987332463264465,-0.38812441132420905,0.01575644566097206
1853,-0.6277261078357697,-0.4120845809753651,0.015243968995079023
1854,0.051918208599090576,-0.36568430201791957,0.016244723428156027
1855,0.18291443586349487,-0.3108244282297781,0.01747032688569123
1856,-0.1753748059272766,-0.297279465999528,0.017779475432551917
1857,-0.1398133635520935,-0.28153285575478454,0.018141920519904688
1858,0.0429457426071167,-0.2490849959185944,0.01889854118940649
1859,-0.39957761764526367,-0.26413425809126134,0.018546040980159995
1860,0.24851948022842407,-0.21286888425929282,0.01975722855186339
1861,0.057260751724243164,-0.18585592066093923,0.020406372260214738
1862,-0.22987663745880127,-0.19025799234072543,0.020300122693260512
1863,-0.6504925489425659,-0.23628144800090944,0.019200491007909864
1864,-0.5030335187911987,-0.2629566550799384,0.018573527343232765
1865,-1.5066604614257812,-0.38732703571452265,0.015773659906692425
1866,-0.7887831330299377,-0.42747264544606417,0.014919824996991508
1867,-0.29417896270751953,-0.41414327717220967,0.015200374554771821
1868,-0.9224492311477661,-0.4649738725697653,0.014146765800280332
1869,-2.244345188140869,-0.6429110041268756,0.010828040938191027
1870,-0.8946095705032349,-0.6680808607645115,0.010407098534764833
1871,-0.420295387506485,-0.6433023134387088,0.010821403369839291
1872,-0.20902013778686523,-0.5998740958735245,0.011576000740908575
1873,-0.6020163297653198,-0.600088319262704,0.011572189748988496
1874,-0.46187782287597656,-0.5862672696240313,0.011819857999078818
1875,-0.7591733038425446,-0.6035578730458826,0.011510589213482495
1876,0.08959665894508362,-0.534242419846786,0.012784566626873817
1877,-0.028874725103378296,-0.48370565037244523,0.01376983927334157
1878,-0.6234287619590759,-0.49767796153110827,0.013492774075387287
1879,-0.33433812856674194,-0.4813439782346716,0.013817017205212737
1880,-0.2801591753959656,-0.461225497950801,0.014222937516112545
1881,-0.5120027363300323,-0.46630322178872413,0.014119811146427911
1882,-0.8408224582672119,-0.5037551454365728,0.013373368671571618
1883,-0.08889704942703247,-0.4622693358356188,0.014201700598108317
1884,0.07060208916664124,-0.40898219333539276,0.015309796743480892
1885,0.30371206998825073,-0.33771276700302844,0.01686415197630232
1886,0.7746191620826721,-0.2264795740944584,0.01943287164190993
1887,-0.5557022094726562,-0.2594018376322782,0.018656600847306193
1888,-0.11363577842712402,-0.2448252317117628,0.01899879564990193
1889,0.4083184599876404,-0.1795108625418225,0.020559819966151832
1890,-0.18918895721435547,-0.1804786720090758,0.020536391986058333
1891,-0.3574641942977905,-0.19817722423794729,0.020109426853763584
1892,-0.7117313146591187,-0.24953263328006442,0.018888017987888323
1893,0.17868030071258545,-0.20671133988079946,0.01990458557036788
1894,-0.05976831912994385,-0.1920170378057139,0.020257714835735897
1895,-0.30608078837394714,-0.20342341286253723,0.019983421681890032
1896,0.12274336814880371,-0.17080673476140312,0.02077087996721685
1897,0.24759000539779663,-0.12896706074548314,0.021793580726685635
1898,-0.4673891067504883,-0.16280926534598367,0.020965354123092052
1899,-0.255664587020874,-0.1720947975134727,0.020739606733587847
1900,-0.3718451261520386,-0.19206983037732928,0.020256442524840875
1901,-0.8194410502910614,-0.2548069523687025,0.01876420198172999
1902,-0.250326007604599,-0.2543588578922921,0.018774708547926372
1903,-0.5629074573516846,-0.28521371783823135,0.018056910107527493
1904,-0.8347252607345581,-0.340164872127864,0.01680938555341355
1905,-0.33208101987838745,-0.33935648690291637,0.016827430700723452
1906,-0.3974367380142212,-0.34516451201404685,0.016697994210607376
1907,-0.9459542036056519,-0.40524348117320735,0.015389336834134949
1908,-1.5986155271530151,-0.5245806857711881,0.012969308650734377
1909,0.14302563667297363,-0.4578200535267719,0.014292354240001602
1910,-0.08765336871147156,-0.4208033850452419,0.015059824379836629
1911,-0.15397292375564575,-0.3941203389162823,0.01562732773894577
1912,-0.20961865782737732,-0.3756701708073918,0.01602646586317473
1913,-0.445393443107605,-0.3826424980374131,0.015874996886669417
1914,-0.8661240339279175,-0.43099065162646355,0.014846278045323603
1915,-0.8947994112968445,-0.47737152759350165,0.013896597818974976
1916,-1.201906681060791,-0.5498250429402306,0.012490273175625014
1917,-0.7857385873794556,-0.5734163973841531,0.012053403070684627
1918,-1.5708366632461548,-0.6731584239703532,0.010323658721837464
1919,-0.7125242948532104,-0.677095011058639,0.010259309932279734
1920,-2.0632412433624268,-0.8157096342890178,0.008181801420476352
1921,-1.2609756588935852,-0.8602362367494745,0.007590515804828188
1922,-0.19164103269577026,-0.7933767163441041,0.008492057830506617
1923,-0.38505253195762634,-0.7525442979054563,0.009083390195584188
1924,0.06806489825248718,-0.670483378289662,0.010367556037426354
1925,-0.06793597340583801,-0.6102286378012797,0.011392799428627358
1926,-0.09363186359405518,-0.5585689603805571,0.012327127784994956
1927,0.20549342036247253,-0.48216272230625423,0.013800650257317955
1928,0.42796698212623596,-0.3911497518630052,0.01569122510472092
1929,-0.5829257369041443,-0.4103273503671191,0.01528123513867618
1930,0.25926706194877625,-0.34336790913552956,0.01673797998373634
1931,-0.2915639877319336,-0.33818751699516997,0.01685354185305451
1932,-0.6594498753547668,-0.37031375283112966,0.016143347039670332
1933,-0.07869020104408264,-0.34115139765242497,0.01678737682444607
1934,0.305748850107193,-0.27646137287646316,0.018259328792920783
1935,0.3030311167240143,-0.21851212391641545,0.01962251297014819
1936,0.42890191078186035,-0.15377072044658788,0.021185747920645
1937,0.34324562549591064,-0.10406908585233803,0.022407624901202076
1938,-0.6538182497024536,-0.15904400223734957,0.02105708931767004
1939,-0.035066306591033936,-0.146646232672718,0.021359900439577986
1940,-0.28186237812042236,-0.16016784721748845,0.021029696936212646
1941,0.19654127955436707,-0.12449693454030292,0.02190355788486101
1942,0.07796761393547058,-0.10425047969272558,0.02240313890125099
1943,-0.10455101728439331,-0.10428053345189235,0.022402395666518773
1944,0.5907706022262573,-0.0347754198840774,0.02413096479139124
1945,0.9375682473182678,0.06245894683615709,0.02655944633565334
1946,0.9729261696338654,0.1535056691159279,0.028807779778679335
1947,0.8719357848167419,0.22534868068600927,0.030540251253264768
1948,1.1470388919115067,0.317517701808559,0.03268151731205891
1949,0.03646814823150635,0.28941274645085374,0.032039855375681124
1950,0.533010259270668,0.31377249773283516,0.03259662945877957
1951,0.07300513982772827,0.2896957619423245,0.032046369198700214
1952,0.10484108328819275,0.27121029407691133,0.03161876641769735
1953,-0.23262766003608704,0.22082649866561152,0.030432641817967468
1954,-0.051777273416519165,0.19356612145739846,0.029779607748209303
1955,0.18156981468200684,0.19236649077985932,0.02975070657236308
1956,-0.011122286319732666,0.17201761306990013,0.029258519669523777
1957,-0.3318501114845276,0.12163084061445738,0.028025864104960142
1958,0.07863110303878784,0.11733086685689043,0.027919885055087298
1959,-0.25708991289138794,0.0798887888820626,0.0269929816434483
1960,0.40399694442749023,0.11229960443660536,0.027795747402378952
1961,-0.89981609582901,0.011088034410043843,0.025277189500702027
1962,-0.4868743419647217,-0.0387082032274327,0.024032777942063627
1963,-0.9647355675697327,-0.13131093966166268,0.021735965088051097
1964,-0.41310828924179077,-0.15949067461967548,0.021046201044373845
1965,-0.114434152841568,-0.15498502244186474,0.02115610252944411
1966,-0.1846488118171692,-0.15795140137939517,0.021083729472458117
1967,-0.6052793264389038,-0.20268419388534603,0.020001160655274658
1968,-0.06765469908714294,-0.18918124440552572,0.020326095274256422
1969,0.09994423389434814,-0.16026869657553833,0.021027239330404318
1970,-0.306557834148407,-0.1748976103328252,0.020671604020923134
1971,-0.1550278663635254,-0.17291063593589523,0.020719805860091648
1972,-0.7330402433872223,-0.22892359668102794,0.01937483267604777
1973,-0.3433966040611267,-0.2403708974190378,0.019103848824406133
1974,-0.9333636164665222,-0.3096701693237862,0.01749657479824531
1975,-0.31210213899612427,-0.30991336629102,0.017491042971044538
1976,-0.7133002877235413,-0.35025205843427215,0.016585023405524636
1977,-0.5004357397556305,-0.36527042656640796,0.01625380260717411
1978,-0.17447632551193237,-0.3461910164609604,0.016675169390980904
1979,0.2961365580558777,-0.28195825900927657,0.018132086910673324
1980,-0.27600982785224915,-0.28136341589357383,0.018145837926161274
1981,-0.43281394243240356,-0.2965084685474568,0.017797146432178387
1982,0.2708877623081207,-0.23976884546189908,0.01911806493639799
1983,0.5560270398855209,-0.1601892569271571,0.02102917519475755
1984,0.23151364922523499,-0.1210189663119179,0.0219892097778019
1985,-0.40541666746139526,-0.14945873642686563,0.02129110686242282
1986,-0.22140520811080933,-0.15665338359526,0.021115390019967012
1987,-0.2131531536579132,-0.1623033606015253,0.02097767333433409
1988,-0.2334192395210266,-0.16941494849347544,0.020804686852325224
1989,-0.2994058132171631,-0.18241403496584419,0.02048956654215253
1990,-0.4251660704612732,-0.2066892385153871,0.01990511515395924
1991,-0.7374261021614075,-0.2597629248799891,0.018648155627680827
1992,-0.5248931646347046,-0.28627594885546065,0.018032409826521278
1993,-0.5416989326477051,-0.3118182472346851,0.017447741999817638
1994,-0.3824755549430847,-0.3188839780055251,0.017287563506005212
1995,-1.3152634501457214,-0.4185219252195447,0.015107887414865918
1996,-0.5877532362937927,-0.4354450563269695,0.014753456091721531
1997,-0.4573221206665039,-0.43763276276092294,0.014707991906577497
1998,-0.3340471088886261,-0.42727419737369327,0.014923979959433729
1999,-7.931014358997345,-1.1776482135360582,0.004332285196185213
2000,-8.09010162949562,-1.8688935551320143,0.0011626572637428558
2001,-7.973084270954132,-2.479312626714226,0.000348680140455989
2002,-8.522523701190948,-3.083633734161898,0.00010462850757438964
2003,-8.081287562847137,-3.5833991170304214,3.8559733490153565e-05
2004,-6.840993255376816,-3.909158530865061,2.010681888259939e-05
2005,-8.25370317697525,-4.34361299547608,8.43494824522576e-06
2006,-8.217084765434265,-4.730960172471898,3.887554067170143e-06
2007,-7.535413205623627,-5.011405475787071,2.218703370225119e-06
2008,-7.728697657585144,-5.283134693966878,1.2885056370986154e-06
2009,-5.485667884349823,-5.303388013005173,1.2373568239601773e-06
2010,-5.754088282585144,-5.3484580399631705,1.1307030305158888e-06
2011,-8.64034354686737,-5.67764659065359,5.853609554381481e-07
2012,-6.808493673801422,-5.790731298968373,4.668750336263583e-07
2013,-5.197890639305115,-5.731447233002047,5.256463164600269e-07
2014,-3.0516257286071777,-5.463465082562561,8.983730728581628e-07
2015,-3.8138670921325684,-5.298505283519562,1.2494990701032439e-06
2016,-2.2343714237213135,-4.992091897539738,2.306078278163604e-06
2017,-2.491942286491394,-4.742076936434904,3.8020803104056864e-06
2018,-2.3322222232818604,-4.5010914651195995,6.1562770574621775e-06
2019,-2.2299716472625732,-4.273979483333896,9.695146466544101e-06
2020,-1.5790712237358093,-4.004488657374088,1.6617702791749076e-05
2021,-0.7559304237365723,-3.679632834010336,3.181303632676856e-05
2022,-0.5776151418685913,-3.369431064796162,5.912967193177473e-05
2023,-1.3050894737243652,-3.162996905688982,8.92995889161397e-05
2024,-1.0311534404754639,-2.9498125591676305,0.00013664911587311595
2025,-0.5642410516738892,-2.7112554084182565,0.00021983145626413596
2026,-1.0221110582351685,-2.5423409733999476,0.00030763824591688554
2027,-1.2835334539413452,-2.4164602214540873,0.0003950159522741255
2028,-1.3742395043373108,-2.3122381497424094,0.0004856756373748529
2029,-0.7241024374961853,-2.153424578517787,0.0006648378504110988
2030,-1.6666815280914307,-2.104750273475151,0.0007318189807193721
2031,-1.4532657861709595,-2.039601824744732,0.0008319690694263929
2032,-1.250731647014618,-1.9607148069717204,0.0009713915572462173
2033,-1.894866704940796,-1.954129996768628,0.0009840155923017443
2034,-1.5955058336257935,-1.9182675804543448,0.0010556418225741362
2035,-1.7168322801589966,-1.8981240504248098,0.0010980857548378666
2036,-0.9736464023590088,-1.8056762856182296,0.0013152327196285388
2037,-1.520706295967102,-1.7771792866531169,0.0013902256278270795
2038,-1.3420990705490112,-1.7336712650427062,0.0015127927780364274
2039,-0.8014535903930664,-1.6404494975777422,0.0018116155397144798
2040,-0.9664549827575684,-1.5730500460957246,0.002062261037285399
2041,-1.6648297905921936,-1.5822280205453714,0.0020262716794826386
2042,-1.3157203197479248,-1.5555772504656267,0.002132474023381761
2043,-1.1845937669277191,-1.518478902111836,0.002289194695395419
2044,-1.6166387796401978,-1.5282948898646722,0.002246691249265535
2045,-0.629679799079895,-1.4384333807861944,0.0026654520498697624
2046,-2.022437572479248,-1.4968337999554997,0.0023856385559082195
2047,-1.0981264114379883,-1.4569630611037485,0.0025734711516516625
2048,-2.010157346725464,-1.51228248966592,0.00231641830800283
2049,-0.7319067716598511,-1.4342449178653132,0.0026866693128181746
2050,-2.8333899974823,-1.5741594258270117,0.0020578785628223416
2051,-2.52577543258667,-1.6693210265029776,0.001713453506542854
2052,-1.4967726469039917,-1.6520661885430792,0.001771484809766158
2053,-1.6958470344543457,-1.6564442731342057,0.0017565836649114854
2054,-1.2298129200935364,-1.6137811378301388,0.0019070789375939517
2055,-1.1009409427642822,-1.562497118323553,0.002104398013679535
2056,-1.6224431991577148,-1.568491726406969,0.0020803620591677225
2057,-2.104935050010681,-1.6221360587673403,0.0018766628536402562
2058,-1.0132273435592651,-1.5612451872465327,0.0021094511606414602
2059,-1.8340532779693604,-1.5885259963188156,0.0020019244151005897
2060,-1.5499380826950073,-1.584667204956435,0.0020168085989121765
2061,-1.0314971208572388,-1.5293501965465155,0.002242166771540608
2062,-0.2602804899215698,-1.402443225884021,0.002853034586403377
2063,-0.5404360294342041,-1.3162425062390393,0.0033538388682399682
2064,-0.024625182151794434,-1.1870807738303149,0.0042582173634808625
2065,-0.9883423447608948,-1.167206930923373,0.004415632067290168
2066,0.006585180759429932,-1.0498277197550927,0.005456515758083518
2067,-1.5281828045845032,-1.0976632282380339,0.0050085480313829065
2068,-1.7108696103096008,-1.1589838664451906,0.0044822886598185376
2069,-0.5294231176376343,-1.096027791564435,0.005023308614873597
2070,0.017129182815551758,-0.9847120941264363,0.006122537406190026
2071,-0.6747089624404907,-0.9537117809578417,0.006463528916900259
2072,0.6409173607826233,-0.7942488667837952,0.008479768014111653
2073,-0.48790132999420166,-0.7636141131048358,0.008919979569577205
2074,0.7708232402801514,-0.6101703777663372,0.011393824474418834
2075,0.2887634038925171,-0.5202769996004518,0.013052155677082351
2076,-1.0613083839416504,-0.5743801380345717,0.012035779826760455
2077,-1.0924772024154663,-0.6261898444726611,0.011114423756164223
2078,-0.8322552442550659,-0.6467963844509016,0.010762265911944572
2079,-1.0963184833526611,-0.6917485943410775,0.010022396158674595
2080,-1.317588210105896,-0.7543325559175593,0.009056835388555177
2081,-1.4214797019958496,-0.8210472705253883,0.008109012974330719
2082,-1.8334989547729492,-0.9222924389501443,0.006825497446995965
2083,-1.8797942399978638,-1.0180426190549163,0.005773297958432654
2084,-2.252646028995514,-1.1415029600489761,0.004627010851669413
2085,-2.0491363406181335,-1.2322662981058918,0.003919114142937659
2086,-1.4675370454788208,-1.255793372843185,0.0037524943710485386
2087,-1.43995401263237,-1.2742094368221035,0.0036266389336924334
2088,-1.0174384415149689,-1.2485323372913901,0.0038032106802477813
2089,-1.5088529586791992,-1.274564399430171,0.003624251761767794
2090,-1.620102047920227,-1.3091181642791765,0.0033986971605413432
2091,-1.4500203132629395,-1.3232083791775526,0.0033105102206840253
2092,-1.7079943418502808,-1.3616869754448255,0.003080406038594826
2093,-0.7836467027664185,-1.303882948176985,0.003432014486205073
2094,-0.8085291981697083,-1.2543475731762572,0.0037625430773939868
2095,-0.8446159362792969,-1.213374409486561,0.0040577787881938025
2096,-1.1072980165481567,-1.2027667701927207,0.004137585423655097
2097,-1.0414526760578156,-1.1866353607792302,0.004261688920755384
2098,-1.2159029245376587,-1.1895621171550732,0.004238924632437116
2099,-1.3022116422653198,-1.200827069666098,0.004152332351967442
2100,-1.2338563203811646,-1.2041299947376047,0.00412724978700319
2101,-0.8552670478820801,-1.1692437000520524,0.004399260800002117
2102,-1.3923981189727783,-1.191559141944125,0.004223455172812429
2103,-0.6735923290252686,-1.1397624606522392,0.0046416477064777995
2104,-0.2701578140258789,-1.0528019959896033,0.0054276667421481566
2105,-2.090863347053528,-1.1566081310959957,0.0045017147356337444
2106,-0.3637300729751587,-1.077320325283912,0.005194918371953288
2107,-1.177249550819397,-1.0873132478374605,0.005102614557496809
2108,-0.8839665651321411,-1.0669785795669287,0.005291995510080907
2109,-1.2000465393066406,-1.0802853755408999,0.005167377489384094
2110,-1.0675634145736694,-1.0790131794441769,0.005179178431411222
2111,-1.0611196756362915,-1.0772238290633882,0.005195816854189376
2112,-1.6887664794921875,-1.138378094106268,0.004653319299256593
2113,-1.214161992073059,-1.1459564839029472,0.004589747191834901
2114,-1.943615972995758,-1.2257224328122283,0.003966647656970881
2115,-0.9624974727630615,-1.1993999368073116,0.0041632128961249645
2116,-1.256756067276001,-1.2051355498541807,0.004119640975957433
2117,-2.322738289833069,-1.3168958238520696,0.0033497528829496597
2118,-1.7277977764606476,-1.3579860191129274,0.003101871771654002
2119,-2.8601893186569214,-1.5082063490673268,0.002334494285371648
2120,-2.1007344126701355,-1.5674591554276076,0.002084483447359083
2121,-1.20374795794487,-1.531088035679334,0.0022347349520516163
2122,-1.5896218419075012,-1.5369414163021506,0.002209875512733904
2123,-1.2756180167198181,-1.5108090763439173,0.002322936859790476
2124,-1.247304379940033,-1.4844586067035288,0.0024425004342456193
2125,-0.8773454427719116,-1.423747290310367,0.0027405485057336483
2126,-0.7695287466049194,-1.3583254359398222,0.003099897333222292
2127,-0.46741849184036255,-1.2692347415298764,0.0036602472520036403
2128,-0.933097243309021,-1.2356209917077907,0.0038949487888841235
2129,-0.7457975149154663,-1.1866386440285583,0.004261663321664514
2130,-0.549905002117157,-1.1229652798374183,0.0047850532475800945
2131,-1.112439751625061,-1.1219127270161826,0.004794170045134292
2132,-1.139186978340149,-1.123640152148579,0.004779215928891917
2133,-1.1733923554420471,-1.1286153724779258,0.0047363789003131715
2134,-1.0666711330413818,-1.1224209485342713,0.004789766093615719
2135,-2.2908131778240204,-1.2392601714632463,0.003868888474353483
2136,-1.4402849674224854,-1.2593626510591702,0.0037277924080896317
2137,-1.9790834784507751,-1.3313347337983306,0.0032606207169219407
2138,-1.4418054223060608,-1.3423818026491037,0.0031939214985401304
2139,-1.7331132888793945,-1.3814549512721326,0.002968083736849046
2140,-1.1642515659332275,-1.3597346127382421,0.0030917124872628914
2141,-1.1981840133666992,-1.3435795528010879,0.003186766673314681
2142,-1.6687231063842773,-1.3760939081594068,0.0029981604689565235
2143,-1.5958847999572754,-1.3980729973391937,0.0028766397370937227
2144,-1.8178685307502747,-1.440052550680302,0.002657292365280467
2145,-2.202311098575592,-1.5162784054698308,0.0022988274057439673
2146,-2.6550896167755127,-1.630159526600399,0.0018478925943615381
2147,-2.121456503868103,-1.6792892243271693,0.0016807686155845478
2148,-1.8691924810409546,-1.6982795499985477,0.0016201587274169698
2149,-1.363269567489624,-1.6647785517476554,0.0017285504644441695
2150,-0.5405806303024292,-1.552358759603133,0.0021456540391223866
2151,-1.1644665598869324,-1.513569539631513,0.002310738493584925
2152,-1.0592725276947021,-1.468139838437832,0.002519449648037968
2153,0.021850228309631348,-1.3191408317630855,0.0033357473279972197
2154,-0.21076679229736328,-1.2083034278165132,0.004095753756568433
2155,0.18712371587753296,-1.0687607134471087,0.0052751534619911306
2156,-0.24224507808685303,-0.9861091499110831,0.006107540954713145
2157,-0.36751723289489746,-0.9242499582094645,0.006802456011278101
2158,-0.05618584156036377,-0.8374435465445544,0.007888684481985054
2159,0.01768803596496582,-0.7519303882936025,0.009092520426510256
2160,-0.5315161943435669,-0.7298889688985989,0.009425064569917423
2161,-0.9956629276275635,-0.7564663647714953,0.009025228470728187
2162,-0.8473632335662842,-0.7655560516509742,0.008891551503312134
2163,-0.37340956926345825,-0.7263414034122226,0.009479451139290081
2164,-0.9646139740943909,-0.7501686604804394,0.009118760948559552
2165,-0.9054602384567261,-0.765697818278068,0.008889478963124014
2166,-1.435541570186615,-0.8326821934689227,0.007952160273287046
2167,-2.35213965177536,-0.9846279392995665,0.006123441762495924
2168,-1.6128601431846619,-1.047451159688076,0.005479663848556622
2169,-1.4808024168014526,-1.0907862853994137,0.00507087632513438
2170,-1.236310064792633,-1.1053386633387356,0.004939787545272329
2171,-0.22558343410491943,-1.017363140415354,0.005780241343754256
2172,-1.0509614944458008,-1.0207229758183987,0.005745978897834866
2173,-1.0731854438781738,-1.0259692226243762,0.005692832933127969
2174,-1.1537678837776184,-1.0387490887397004,0.0055651596711186885
2175,-0.5159556865692139,-0.9864697485226518,0.006103675309498389
2176,-1.2809893488883972,-1.0159217085592263,0.005794994932730917
2177,-1.5155543088912964,-1.0658849685924332,0.0053023541325315695
2178,-1.082219660282135,-1.0675184377614033,0.005286888583530186
2179,-1.2674405574798584,-1.0875106497332487,0.005100805897669629
2180,-0.9366177916526794,-1.0724213639251918,0.005240706752387109
2181,-0.4819716215133667,-1.0133763896840093,0.005821127120405574
2182,-0.781349778175354,-0.9901737285331439,0.006064090182049857
2183,-2.2551206052303314,-1.1166684162028626,0.004839825957014158
2184,-2.0002997517585754,-1.2050315497584339,0.004120427329108218
2185,-0.34667450189590454,-1.119195844972181,0.004817774408398657
2186,-1.1636532545089722,-1.1236415859258602,0.004779203534194671
2187,-0.5064324140548706,-1.0619206687387612,0.005340053687666334
2188,-0.4940915107727051,-1.0051377529421557,0.005906413712186534
2189,-0.6449258327484131,-0.9691165609227814,0.00629210475050367
2190,-0.04415285587310791,-0.876620190417814,0.007381947862376732
2191,-0.41054654121398926,-0.8300128254974315,0.007987927681643714
2192,0.12425094842910767,-0.7345864481047776,0.009353418111102095
2193,-0.6612275242805481,-0.7272505557223546,0.009465490349946846
2194,-0.6001322269439697,-0.7145387228445161,0.0096621234790219
2195,-1.498912900686264,-0.7929761406286909,0.008497707247348723
2196,-1.7032762169837952,-0.8840061482642013,0.00728948467317008
2197,-1.1149505972862244,-0.9071005931664036,0.007006557026889239
2198,-0.5977441072463989,-0.8761649445744031,0.007387678591406351
2199,-0.9061083793640137,-0.8791592880533642,0.00735005256786348
2200,-0.9265250563621521,-0.883895864884243,0.0072908581951938445
2201,-1.1933326721191406,-0.9148395456077327,0.00691382534889406
2202,-0.6638073027133942,-0.8897363213182988,0.007218413212799191
2203,-0.9772135317325592,-0.8984840423597249,0.007111026943386527
2204,-1.223657488822937,-0.9310013870060461,0.006723489153900661
2205,-1.4821070432662964,-0.9861119526320711,0.006107510901200628
2206,-1.0513017177581787,-0.9926309291446819,0.006037951874537474
2207,-1.427480399608612,-1.036115876191075,0.005591259405363908
2208,-1.125093698501587,-1.0450136584221261,0.005503494926287234
2209,-1.609656810760498,-1.1014779736559632,0.0049742678976274915
2210,-0.9388109445571899,-1.085211270746086,0.005121908825511833
2211,-0.8636961579322815,-1.0630597594647055,0.005329197106536329
2212,-0.7100161910057068,-1.0277554026188056,0.00567483641447401
2213,-0.9610025882720947,-1.0210801211841345,0.00574234726179776
2214,-1.5040998458862305,-1.0693820936543441,0.00526929223634438
2215,-0.152099609375,-0.9776538452264097,0.0061987880472923855
2216,-0.8237281441688538,-0.9622612751206542,0.006367904572516108
2217,-1.4490006566047668,-1.0109352132690654,0.0058462861623753476
2218,-0.5558830499649048,-0.9654299969386494,0.006332771118095698
2219,-0.16741621494293213,-0.8856286187390777,0.007269302442574463
2220,-0.7475775480270386,-0.8718235116678739,0.007442514351003646
2221,-0.3424956798553467,-0.8188907284866211,0.008138358310038092
2222,0.5367950797080994,-0.6833221476671492,0.01015812760357511
2223,-0.5970208048820496,-0.6746920133886392,0.01029855470648749
2224,-0.3632376194000244,-0.6435465739897777,0.010817261603277289
2225,-0.49950850009918213,-0.6291427666007181,0.011063458465731093
2226,-0.32473015785217285,-0.5987015057258637,0.01159687642311163
2227,0.0677264928817749,-0.5320587058650998,0.01282616992743905
2228,-0.2774296998977661,-0.5065958052683665,0.013317785607406008
2229,-0.3069237470626831,-0.4866285994477981,0.01371158748283578
2230,-0.5458661317825317,-0.49255235268127145,0.013594003681453483
2231,-1.048346757888794,-0.5481317932020237,0.012522032010255557
2232,-1.1987292766571045,-0.6131915415475317,0.011340754883367051
2233,-0.9717177152633667,-0.6490441589191152,0.010724346286800149
2234,-0.8679158687591553,-0.6709313299031191,0.010360195585804581
2235,-0.21799331903457642,-0.6256375288162648,0.011123974914396158
2236,-1.2521082162857056,-0.6882845975632089,0.010078028364602032
2237,-0.04958134889602661,-0.6244142726964906,0.011145149454853237
2238,-1.4803200960159302,-0.7100048550284346,0.009733003068275604
2239,-1.1184418201446533,-0.7508485515400565,0.009108627165469627
2240,-0.24870169162750244,-0.700633865548801,0.009880750936263212
2241,-1.4928238987922668,-0.7798528688731476,0.008684443789577027
2242,-0.5667237639427185,-0.7585399583801047,0.008994595952670865
2243,-1.157030165195465,-0.7983889790616407,0.008421621076459492
2244,-1.5125864148139954,-0.8698087226368763,0.00746807663044658
2245,-1.398621380329132,-0.9226899884061018,0.006820812687660079
2246,-1.0388517081737518,-0.9343061603828668,0.0066851185124524445
2247,-0.8804190754890442,-0.9289174518934846,0.006747780559510097
2248,-1.2162141799926758,-0.9576471247034037,0.006419361910078986
2249,-1.8242884874343872,-1.0443112609765022,0.005510378996234671
2250,-0.8665891289710999,-1.026539047775962,0.005687086307525221
2251,-1.3678608536720276,-1.0606712283655686,0.00535198439106885
2252,-1.5634172558784485,-1.1109458311168565,0.004890088172779778
2253,-1.1857816576957703,-1.118429413774748,0.004824451940052119
2254,-2.345936894416809,-1.241180161838954,0.0038552038017488667
2255,-2.287337064743042,-1.345795852129363,0.0031735668663587487
2256,-0.2791796922683716,-1.2391342361432638,0.003869787627980079
2257,-2.0944643020629883,-1.3246672427352362,0.0033015019984850543
2258,-0.8553950786590576,-1.2777400263276184,0.003602959604128894
2259,-1.0576756596565247,-1.255733589660509,0.0037529093914565066
2260,-1.0207876563072205,-1.2322389963251803,0.003919311371448381
2261,-1.1470606327056885,-1.2237211599632312,0.0039812894342852135
2262,-0.11214655637741089,-1.112563699604649,0.004875831221339513
2263,-0.4321807622909546,-1.0445254058732796,0.0055082794018948104
2264,0.1901174783706665,-0.9210611174488851,0.0068400246436953185
2265,-1.2351112365722656,-0.9524661293612231,0.006477562887901788
2266,-0.039206087589263916,-0.8611401251840273,0.00757888430545552
2267,-0.3189420700073242,-0.806920319666357,0.008302803694850905
2268,-0.5518381595611572,-0.781412103655837,0.008662088255136846
2269,-1.6903694868087769,-0.872307841971131,0.007436380269472515
2270,-0.575709342956543,-0.8426479920696722,0.007819773307353879
2271,-1.4724328517913818,-0.9056264780418433,0.007024338141684881
2272,-0.8625418543815613,-0.901318015675815,0.007076524269260475
2273,-2.3376688957214355,-1.044953103680377,0.0055040881153411445
2274,-0.9159000515937805,-1.0320477984717173,0.005631791468405756
2275,-1.969887614250183,-1.1258317800495639,0.004760303309395923
2276,-1.9038179814815521,-1.2036304001927627,0.004131034860910514
2277,-2.1365073919296265,-1.2969180993664489,0.003476808358213271
2278,-1.6883965730667114,-1.336065946736475,0.0032318977433994783
2279,-1.8534015417099,-1.3877995062338175,0.0029328545456352357
2280,-1.1867198944091797,-1.3676915450513536,0.0030458742989688654
2281,-1.196194350719452,-1.3505418256181634,0.0031454721275554157
2282,-2.0524206161499023,-1.4207297046713372,0.0027562236978788904
2283,-1.2958261370658875,-1.4082393479107922,0.0028220083422938183
2284,-3.180437922477722,-1.5854592053674852,0.0020137450626619697
2285,-2.9403364062309265,-1.7209469254538292,0.0015505761863240535
2286,-2.241427719593048,-1.7729950048677512,0.0014015811425033865
2287,-1.2872557640075684,-1.724421080781733,0.0015401703669534338
2288,-1.1467448472976685,-1.6666534574333265,0.001722303716075701
2289,-0.7800316214561462,-1.5779912738356083,0.0020428097634250077
2290,-1.5878642201423645,-1.578978568466284,0.002038944360964406
2291,-0.8637888431549072,-1.5074595959351464,0.002337820330289036
2292,-0.6047263145446777,-1.4171862677960996,0.0027747382551626234
2293,-0.8904745578765869,-1.3645150968041482,0.003064096430570026
2294,-0.9372767210006714,-1.3217912592238004,0.0033192825444589647
2295,-0.46773630380630493,-1.236385763682051,0.003889458921769893
2296,0.11196154356002808,-1.101551032957843,0.004973613412100078
2297,-0.4743006229400635,-1.0388259919560652,0.005564399030025044
2298,-0.7304157614707947,-1.0079849689075382,0.0058768175668925
2299,-0.18607860803604126,-0.9257943328203885,0.006784323867331965
2300,-0.12137448787689209,-0.8453523483260388,0.007784159406882116
2301,-1.1923316717147827,-0.8800502806649132,0.007338887282626889
2302,-0.4725074768066406,-0.8392960002790859,0.007864100062385955
2303,-1.2450146675109863,-0.8798678670022759,0.00734117201699884
2304,-0.5107049345970154,-0.8429515737617499,0.007815768809796605
2305,-0.813431441783905,-0.8399995605639654,0.00785477926313179
2306,0.04548710584640503,-0.7514508939229284,0.00909965656061329
2307,-0.1501626968383789,-0.6913220742144734,0.010029233681815207
2308,-0.9562638998031616,-0.7178162567733423,0.009611129506989223
2309,0.027192652225494385,-0.6433153658734586,0.01082118201920615
2310,0.14583826065063477,-0.5644000032210493,0.012219131172377048
2311,-1.569324254989624,-0.6648924283979067,0.010459747732420109
2312,-0.6658347249031067,-0.6649866580484267,0.010458188953888569
2313,-1.1121555864810944,-0.7097035508916935,0.009737727407697606
2314,-0.883240818977356,-0.7270572777002596,0.009468456975005483
2315,-0.08401370048522949,-0.6627529199787566,0.010495186183263299
2316,-1.0000258088111877,-0.6964802088619998,0.009946778178151872
2317,-1.2343549728393555,-0.7502676852597354,0.009117284438414763
2318,-1.490017056465149,-0.8242426223802767,0.0080656889090093
2319,-1.685408592224121,-0.910359219364661,0.006967384417106872
2320,-0.32750415802001953,-0.852073713230197,0.007696218164176522
2321,-1.877238154411316,-0.9545901573483089,0.00645364837649822
2322,-0.9190764427185059,-0.9510387858853286,0.00649367574483143
2323,-0.6854655742645264,-0.9244814647232484,0.006799735347856591
2324,-0.41346561908721924,-0.8733798801596455,0.00742281765996431
2325,-1.0163027048110962,-0.8876721626247907,0.007243948407124507
2326,-1.7322375774383545,-0.972128704106147,0.006259044029715562
2327,-0.9677637815475464,-0.971692211850287,0.006263825648105153
2328,-0.7255518436431885,-0.9470781750295771,0.0065385645490644495
2329,-0.708818793296814,-0.9232522368563009,0.006814191722915513
2330,-0.696942150592804,-0.9006212282299512,0.007084994439287873
2331,-0.6121491193771362,-0.8717740173446697,0.007443141435580378
2332,-1.0562855005264282,-0.8902251656628456,0.007212376810119306
2333,-0.48557722568511963,-0.849760371665073,0.007726393456245481
2334,-0.37673938274383545,-0.8024582727729492,0.008364779053477593
2335,-0.8474634289741516,-0.8069587883930694,0.008302270988016187
2336,-0.600738525390625,-0.786336762092825,0.008591779682917097
2337,-0.8151155710220337,-0.7892146429857458,0.008550902423574125
2338,-0.3409160375595093,-0.7443847824431221,0.009205324041201423
2339,-0.8336660861968994,-0.7533129128184999,0.009071969202838887
2340,-0.4120253324508667,-0.7191841547817366,0.009589907617629423
2341,-0.48263633251190186,-0.6955293725547531,0.009961939400671992
2342,-1.3497517704963684,-0.7609516123489146,0.008959071542598507
2343,-0.3726320266723633,-0.7221196537812595,0.009544486289961318
2344,-0.9900703430175781,-0.7489147227048915,0.009137473875036642
2345,-1.0352741479873657,-0.7775506652331389,0.00871753491794242
2346,-0.272483766078949,-0.7270439753177199,0.009468661179530184
2347,-1.2582053542137146,-0.7801601132073194,0.008680035070776367
2348,-0.3816525936126709,-0.7403093612478546,0.009266699155225312
2349,-1.481339931488037,-0.8144124182718729,0.008199570521964126
2350,-1.3106367886066437,-0.8640348553053501,0.007541732574042441
2351,-1.0092018842697144,-0.8785515582017864,0.007357676268410454
2352,-1.4489670991897583,-0.9355931123005836,0.006670226306009302
2353,-0.6253912448883057,-0.9045729255593559,0.007037069452051324
2354,-1.2146477699279785,-0.935580409996218,0.006670373155870525
2355,-0.4987308979034424,-0.8918954587869404,0.007191783174055297
2356,-0.606088399887085,-0.8633147528969549,0.0075509605408710465
2357,-0.643621563911438,-0.8413454339984032,0.007836974114890694
2358,-1.6437711715698242,-0.9215880077555454,0.006833805181567994
2359,-0.7804551720619202,-0.9074747241861829,0.007002050171264282
2360,-0.9255915880203247,-0.9092864105695971,0.006980260562244937
2361,-0.36783576011657715,-0.8551413455242951,0.007656352651645904
2362,-0.9013595581054688,-0.8597631667824125,0.007596609247249711
2363,-0.9666288495063782,-0.870449735054809,0.007459936057359232
2364,-0.47875499725341797,-0.8312802612746699,0.00797092883146705
2365,-0.8546488881111145,-0.8336171239583144,0.007939663692306228
2366,-1.437523901462555,-0.8940078017087385,0.007165809432850197
2367,-1.1932148933410645,-0.923928510871971,0.006806235179602921
2368,-0.10963916778564453,-0.8424995765633384,0.00782173164077588
2369,-0.47847282886505127,-0.8060969017935097,0.00831421277715244
2370,-1.0566726326942444,-0.8311544748835832,0.00797261456754767
2371,-1.0177407562732697,-0.8498131030225519,0.007725704551397853
2372,-1.0781390070915222,-0.8726456934294489,0.007432103824904492
2373,-1.4890832304954529,-0.9342894471360492,0.006685312097752898
2374,-1.8811184167861938,-1.0289723441010636,0.0056626036443122845
2375,-1.9523984789848328,-1.1213149575894406,0.0047993545990378805
2376,-1.5189802050590515,-1.1610814823364015,0.004465199585032577
2377,-1.3866496086120605,-1.1836382949639674,0.0042851149083362435
2378,-1.186410665512085,-1.1839155320187793,0.004282943049430467
2379,-1.551349699497223,-1.2206589487666235,0.004003788864592758
2380,-0.44011157751083374,-1.1426042116410444,0.004617771219127136
2381,-0.9657052755355835,-1.1249143180304984,0.00476821237126304
2382,-1.7995660305023193,-1.1923794892776804,0.004217115416281396
2383,-2.4132925271987915,-1.3144707930697916,0.0033649428255691756
2384,-2.894570469856262,-1.4724807607484387,0.0024987592537475418
2385,-2.409432053565979,-1.5661758900301928,0.0020896163379703053
2386,-1.7966561317443848,-1.589223914201612,0.001999243660821886
2387,-0.6469827890396118,-1.494999801685412,0.002393985396557283
2388,-1.7050073146820068,-1.5160005529850713,0.0023000464494421823
2389,-1.2981692552566528,-1.4942174232122296,0.0023975545685097008
2390,-0.6669149994850159,-1.4114871808395082,0.002804761865251967
2391,-0.449062705039978,-1.3152447332595552,0.0033600880771678166
2392,-0.7426162362098694,-1.2579818835545866,0.003737330527501909
2393,-1.3744688034057617,-1.2696305755397042,0.0036575625845658407
2394,-0.7836496829986572,-1.2210324862855995,0.004001038114071389
2395,-0.3802313804626465,-1.1369523757033042,0.004665367051645608
2396,-0.35539811849594116,-1.058796949982568,0.005369925561839239
2397,-0.2870674133300781,-0.981623996317319,0.006155798496765843
2398,-0.6959429979324341,-0.9530558964788305,0.006470915123588473
2399,-0.7788681387901306,-0.9356371207099605,0.006669717551068948
2400,-0.21334218978881836,-0.8634076276178464,0.0075497698488906405
2401,-1.2233081459999084,-0.8993976794560526,0.007099888417076353
2402,-0.0192757248878479,-0.8113854839992323,0.008241153713917487
2403,-0.23343634605407715,-0.7535905702047168,0.009067846188857724
2404,-0.9575526118278503,-0.7739867743670301,0.008768957170878404
2405,-1.1145972609519958,-0.8080478230255267,0.008287201620057747
2406,-0.39703965187072754,-0.7669470059100468,0.008871232980313224
2407,-1.9667714834213257,-0.8869294536611747,0.007253154612729998
2408,-0.15261900424957275,-0.8134984087200144,0.008212109129032473
2409,-1.2055139541625977,-0.8526999632642727,0.007688065941147947
2410,-0.670651912689209,-0.8344951582067662,0.007927942115428549
2411,-3.1502448320388794,-1.0660701255899774,0.00530059907990588
2412,-0.8228985667228699,-1.0417529697032666,0.005535516157511906
2413,-0.6684313714504242,-1.0044208098779823,0.005913886484307719
2414,-1.5282361507415771,-1.056802343964342,0.005389076635589393
2415,-0.446529746055603,-0.995775084173468,0.006004647934655412
2416,-0.745604008436203,-0.9707579765997415,0.006274070383597863
2417,-1.8958420753479004,-1.0632663864745573,0.005327229845385285
2418,-1.0641944408416748,-1.063359191911269,0.005326346468538059
2419,-1.3763003647327423,-1.0946533091934163,0.005035743835818427
2420,-0.9050832688808441,-1.075696305162159,0.005210058031835739
2421,-0.5622712075710297,-1.0243537954030462,0.005709151859531746
2422,-1.76133993268013,-1.0980524091307546,0.005005041173269258
2423,-1.0400747060775757,-1.0922546388254368,0.005057510579433498
2424,-0.8856751322746277,-1.071596688170356,0.005248449575977272
2425,-1.5969930589199066,-1.1241363252453112,0.004774928334908314
2426,-0.640279233455658,-1.075750616066346,0.005209551097843625
2427,-0.9998375177383423,-1.0681593062335455,0.005280831766176582
2428,-0.6452821493148804,-1.025871590541679,0.005693818049898206
2429,-1.2283661365509033,-1.0461210451426015,0.00549265693745972
2430,-0.948451042175293,-1.0363540448458706,0.005588894344121968
2431,-0.2758169174194336,-0.9603003321032269,0.006389729971543379
2432,0.3924221396446228,-0.8250280849284419,0.008055067910225838
2433,-2.0677812099456787,-0.9493033974301656,0.006513311947898697
2434,-0.23011243343353271,-0.8773843010305022,0.007372337341865415
2435,-0.3576977252960205,-0.8254156434570541,0.008049831521228583
2436,-0.9722839593887329,-0.840102475050222,0.007853416601064183
2437,-1.8548424243927002,-0.9415764699844698,0.00660135699661097
2438,-1.4507601261138916,-0.9924948355974119,0.006039397014528658
2439,-1.4422494173049927,-1.03747029376817,0.00557782142554229
2440,-0.8934376835823059,-1.0230670327495834,0.005722179783650394
2441,-1.6111377477645874,-1.0818741042510838,0.005152673787586283
2442,-2.2907732725143433,-1.2027640210774098,0.004137606290550221
2443,-1.2884779572486877,-1.2113354146945376,0.0040730094329659355
2444,-0.3894011974334717,-1.1291419929684312,0.0047318648323026935
2445,0.3035740852355957,-0.9858703851480286,0.006110101691179166
2446,-0.555976152420044,-0.9428809618752301,0.0065864223909171404
2447,-0.506766676902771,-0.8992695333779842,0.007101449820412148
2448,-0.2738628387451172,-0.8367288639146975,0.007898185913300822
2449,0.22551047801971436,-0.7305049297212562,0.00941564592177
2450,-0.5106836259365082,-0.7085227993427814,0.009756257918032443
2451,-0.46869027614593506,-0.6845395470230968,0.010138433669471326
2452,-1.6216084361076355,-0.7782464359315507,0.008707523660807476
2453,-0.8358889818191528,-0.7840106905203109,0.008624932123696775
2454,-1.3823539912700653,-0.8438450205952863,0.007803993189259862
2455,-0.5428222119808197,-0.8137427397338397,0.008208755828376898
2456,-1.5209075212478638,-0.8844592178852422,0.007283844178763765
2457,-0.8045531511306763,-0.8764686112097856,0.007383855564600041
2458,-1.2858116626739502,-0.9174029163562021,0.006883337823787372
2459,-1.584149956703186,-0.9840776203909005,0.006129358509854302
2460,-0.9133967161178589,-0.9770095299635964,0.006205789074345402
2461,0.08663475513458252,-0.8706451014537785,0.007457456446234078
2462,-0.3839613199234009,-0.8219767233007407,0.008096391701846489
2463,-1.0840981602668762,-0.8481888669973543,0.007746947309554313
2464,-0.4196746349334717,-0.8053374437909661,0.0083247467696902
2465,-0.9879113435745239,-0.8235948337693219,0.008074456793638355
2466,-0.7820473909378052,-0.8194400894861702,0.008130874720695205
2467,0.029846608638763428,-0.7345114196736768,0.00935455915046846
2468,-0.7857379615306854,-0.7396340738593776,0.009276899335292948
2469,-1.0132488012313843,-0.7669955465965783,0.008870524574721674
2470,-0.3855135440826416,-0.7288473463451847,0.00944100846022773
2471,-1.229359209537506,-0.7788985326644168,0.00869814905483769
2472,-0.7207983434200287,-0.7730885137399779,0.008781955509776012
2473,-0.3774556517601013,-0.7335252275419902,0.00936956721424373
2474,-0.6891564726829529,-0.7290883520560865,0.009437317599006434
2475,-0.44382500648498535,-0.7005620174989764,0.009881890232319262
2476,-0.8366432785987854,-0.7141701436089574,0.00966787092198159
2477,-0.039076387882232666,-0.6466607680362849,0.010764556850435543
2478,-0.592977374792099,-0.6412924287118663,0.010855527245368398
2479,-1.1667876839637756,-0.6938419542370573,0.009988888255042868
2480,-0.6892601251602173,-0.6933837713293733,0.009996215085045338
2481,-0.8631809949874878,-0.7103634936951848,0.009727382010100273
2482,-0.27374938130378723,-0.6667020824560451,0.010429841695527318
2483,-0.6408007144927979,-0.6641119456597203,0.010472665308809914
2484,-0.828276515007019,-0.6805284025944502,0.01020342987177189
2485,-0.2146499752998352,-0.6339405598649888,0.010981009260369984
2486,-0.6368298530578613,-0.634229489184276,0.010976058185148812
2487,-0.8423471450805664,-0.6550412547739051,0.010623651880855005
2488,-0.5723673105239868,-0.6467738603489133,0.010762646382178479
2489,-0.29057028889656067,-0.6111535032036781,0.01137653575693746
2490,-2.1633368730545044,-0.7663718401887607,0.008879630360124395
2491,-0.17226070165634155,-0.7069607263355188,0.009780813851416922
2492,-0.996863603591919,-0.7359510140611588,0.009332684359572806
2493,-0.7541548609733582,-0.7377713987523787,0.009305079877639613
2494,-0.11252295970916748,-0.6752465548480576,0.010289488304646889
2495,-0.7444654703140259,-0.6821684463946545,0.010176817381229877
2496,-0.8907234072685242,-0.7030239424820415,0.00984290785438175
2497,-0.745963990688324,-0.7073179473026697,0.009775194182198155
2498,-0.5927108526229858,-0.6958572378347014,0.009956709581293204
2499,-1.4682166874408722,-0.7730931827953185,0.008781887906722354
2500,-0.5454782247543335,-0.75033168699122,0.009116330238672185
2501,-1.5383015871047974,-0.8291286770025776,0.007999803257819542
2502,-1.705851674079895,-0.9168009767103094,0.006890486845037106
2503,-1.531449317932129,-0.9782658108324913,0.006192144805839312
2504,-1.2981244325637817,-1.0102516730056204,0.005853347692720692
2505,-1.5276762247085571,-1.061994128175914,0.005339352964752544
2506,-1.7003443241119385,-1.1258291477695164,0.0047603259843971134
2507,-0.02130448818206787,-1.0153766818107715,0.005800582003121966
2508,-0.20115888118743896,-0.9339549017484382,0.006689188049391022
2509,-0.6200844049453735,-0.9025678520681317,0.007061352408944757
2510,-0.6342513561248779,-0.8757362024738063,0.0073930790479975654
2511,0.00760263204574585,-0.7874023190218512,0.00857662654549624
2512,-0.20819956064224243,-0.7294820431838903,0.009431290831854658
2513,-0.5047613978385925,-0.7070099786493605,0.009780038886790285
2514,-0.5157651901245117,-0.6878854997968757,0.010084452730830112
2515,-0.7207156419754028,-0.6911685140147285,0.010031696253148016
2516,-0.20488834381103516,-0.6425404969943591,0.010834328365120553
2517,-0.6102457642555237,-0.6393110237204755,0.010889243643846146
2518,-1.100481629371643,-0.6854280842855922,0.010124077736829303
2519,-1.6355351209640503,-0.780438787953438,0.008676037832666336
2520,-1.2849465012550354,-0.8308895592835978,0.007976165799373594
2521,-1.9755111932754517,-0.9453517226827831,0.00655821419262359
2522,-1.061464548110962,-0.956963005225601,0.006427021370919897
2523,-1.292273998260498,-0.9904941045290907,0.006060676682529852
2524,-0.8795146942138672,-0.9793961634975683,0.006179890246322173
2525,0.6775634288787842,-0.8137002042599331,0.008209339523833485
2526,-1.4996111392974854,-0.8822912977636883,0.00731086652842812
2527,0.2735828161239624,-0.7667038863749233,0.00887478174855967
2528,-0.679465651512146,-0.7579800628886455,0.009002859097667643
2529,-0.3569074869155884,-0.7178728052913398,0.009610251491376143
2530,-0.9955352544784546,-0.7456390502100513,0.00918649845179443
2531,-0.9884613156318665,-0.7699212767522329,0.00882790820159123
2532,-0.5663855671882629,-0.7495677057958359,0.009127725475384247
2533,-0.7308577299118042,-0.7476967082074326,0.00915567923874198
2534,-1.010331928730011,-0.7739602302596904,0.008769341061823794
2535,0.05759614706039429,-0.6908045925276819,0.010037534096011859
2536,-0.8695529103279114,-0.7086794243077048,0.009753798337027622
2537,-0.7191430330276489,-0.7097257851796992,0.009737378722732908
2538,-0.9454530477523804,-0.7332985114369673,0.00937302004188172
2539,-1.2589767575263977,-0.7858663360459104,0.008598476294776877
2540,-0.9074975252151489,-0.7980294549628342,0.008426657877342215
2541,-0.1818612813949585,-0.7364126376060466,0.009325678291140381
2542,-0.24476706981658936,-0.6872480808271009,0.01009471975376304
2543,-1.8019243478775024,-0.7987157075321409,0.008417045812876773
2544,-0.8781676292419434,-0.8066608997031212,0.008306396802700766
2545,-1.4491534233093262,-0.8709101520637417,0.007454093482363595
2546,0.0886087417602539,-0.774958262681342,0.008754916241097891
2547,-1.0122263431549072,-0.7986850707286985,0.008417474743741474
2548,-0.29080092906951904,-0.7478966565627806,0.009152688730263836
2549,-0.2585405111312866,-0.6989610420196312,0.00990730261890243
2550,-1.8289148807525635,-0.8119564258929244,0.008233297339471073
2551,-1.3198768496513367,-0.8627484682687656,0.0075582238825170935
2552,-1.02163165807724,-0.878636787249613,0.007356606713600916
2553,-0.7122917175292969,-0.8620022802775814,0.00756780348787246
2554,-0.8371211886405945,-0.8595141711138826,0.007599818082599078
2555,-0.7969752550125122,-0.8532602795037456,0.007680778003370412
2556,-0.7432119846343994,-0.8422554500168109,0.007824953744412215
2557,-0.23813599348068237,-0.781843504363198,0.008655911085429712
2558,-0.907235860824585,-0.7943827400093367,0.008477882807124687
2559,-0.15404635667800903,-0.730349101676204,0.009418028002938441
2560,-1.0203391015529633,-0.7593481016638799,0.00898267951681534
2561,-0.18615663051605225,-0.7020289545490972,0.009858648603724688
2562,0.0020788908004760742,-0.6316181700141399,0.01102086387144552
2563,-0.17778921127319336,-0.5862352741400453,0.011820435570637795
2564,0.247281014919281,-0.5028836452341127,0.013390450770200697
2565,-0.38598811626434326,-0.49119409233713573,0.013620908635943264
2566,-0.379269003868103,-0.4800015834902325,0.01384387803969035
2567,-0.1404610276222229,-0.44604752790343155,0.01453388353731156
2568,-0.3435933589935303,-0.43580211101244143,0.014746030322205159
2569,-0.14556670188903809,-0.4067785701001011,0.01535665045593738
2570,-0.9128724336624146,-0.45738795645633246,0.01430117663824172
2571,-0.7731722593307495,-0.4889663867437742,0.013665107955156892
2572,-0.19113147258758545,-0.45918289532815526,0.01426454963508029
2573,-0.13654488325119019,-0.42691909412045875,0.014931416513709599
2574,-0.4845457077026367,-0.43268175547867654,0.01481099869561716
2575,-0.49328410625457764,-0.4387419905562666,0.014684971550591645
2576,-0.8060808777809143,-0.47547587927873136,0.01393467279649889
2577,-0.43710970878601074,-0.4716392622294593,0.014011928593935824
2578,-0.8064242005348206,-0.5051177560599954,0.013346688159476514
2579,-1.0305211544036865,-0.5576580958943645,0.012344055753591956
2580,-0.456027626991272,-0.5474950490040553,0.012533988778734904
2581,-1.1019909977912903,-0.6029446438827788,0.011521460107956674
2582,-0.3104756474494934,-0.5736977442394502,0.012048256460355048
2583,-1.417017549276352,-0.6580297247431404,0.010573732274087196
2584,-0.4856056571006775,-0.6407873179788941,0.010864115245681021
2585,-0.48172998428344727,-0.6248815846093494,0.01113705690298081
2586,-1.853142499923706,-0.747707676140785,0.009155515178245104
2587,-0.6753968000411987,-0.7404765885308264,0.009264174534831483
2588,-0.96058189868927,-0.7624871195466708,0.008936510248037806
2589,-0.7792185544967651,-0.7641602630416802,0.008911977288300758
2590,-0.3563321828842163,-0.7233774550259338,0.009525074549064278
2591,-0.5541825294494629,-0.7064579624682867,0.009788727289848965
2592,-0.6641604900360107,-0.7022282152250592,0.009855494771745646
2593,-0.6040822267532349,-0.6924136163778767,0.010011742192998198
2594,-0.4730703830718994,-0.670479293047279,0.010367623181255397
2595,-1.0733449459075928,-0.7107658583333104,0.009721078552026495
2596,-1.1639990210533142,-0.7560891746053108,0.009030809313205894
2597,-1.0298664569854736,-0.783466902843327,0.008632697069537537
2598,-0.12127956748008728,-0.717248169307003,0.009619953459943396
2599,-0.47479259967803955,-0.6930026123441066,0.01000231329209441
2600,-0.8103039562702179,-0.7047327467367177,0.009815918788255584
2601,-0.15592610836029053,-0.649852082899075,0.010710740478963214
2602,-0.21365490555763245,-0.6062323651649307,0.01146326179432653
2603,-1.316274344921112,-0.6772365631405488,0.010257001625337693
2604,-0.6023152470588684,-0.6697444315323808,0.010379706370415234
2605,0.23703336715698242,-0.5790666516634445,0.011950331956011723
2606,-0.6941596865653992,-0.5905759551536399,0.011742257145609636
2607,-0.09404903650283813,-0.5409232632885598,0.01265783688633395
2608,-0.8511207103729248,-0.5719430079969963,0.012080379920110428
2609,-0.4622788429260254,-0.5609765914898992,0.012282458395975956
2610,-0.48207366466522217,-0.5530862988074315,0.012429256151927082
2611,-0.381086140871048,-0.5358862830137932,0.012753306865201486
2612,-0.6966706216335297,-0.5519647168757669,0.012450218056583157
2613,-0.7217632532119751,-0.5689445705093876,0.012135406400915571
2614,-0.16463953256607056,-0.528514066715056,0.012893889587563928
2615,-0.3435664176940918,-0.5100193018129596,0.013250994054166645
2616,-0.5171675086021423,-0.5107341224918779,0.013237075144736533
2617,-0.5343372821807861,-0.5130944384607687,0.013191181835463512
2618,-0.5196313858032227,-0.5137481331950141,0.01317848964974553
2619,-1.6993082761764526,-0.6323041474931579,0.011009081001707706
2620,-0.450356125831604,-0.6141093453270025,0.01132466742938404
2621,-1.2572957277297974,-0.678427983567282,0.01023758825895336
2622,-0.83849036693573,-0.6944342219041268,0.009979423239739438
2623,-0.633150577545166,-0.6883058574682308,0.010077686224990175
2624,-1.0524187088012695,-0.7247171426015346,0.009504432267033422
2625,-0.6914088726043701,-0.7213863156018182,0.009555817894943383
2626,-1.09115868806839,-0.7583635528484753,0.008997198771812065
2627,-0.07227957248687744,-0.6897551548123155,0.010054382884274888
2628,-1.1761322021484375,-0.7383928595459278,0.009295670420481204
2629,-1.2743537425994873,-0.7919889478512837,0.008511642625849119
2630,-0.8113321363925934,-0.7939232667054147,0.008484354517006507
2631,-0.5145288109779358,-0.7659838211326668,0.008885298931194767
2632,-0.5813776552677155,-0.7475232045461717,0.009158274843947191
2633,-1.1019271612167358,-0.7829636002132282,0.008639888842848314
2634,-0.8745073080062866,-0.792117970992534,0.008509820282246453
2635,-0.7337656021118164,-0.7862827341044623,0.008592548572339416
2636,-0.9577605128288269,-0.8034305119768987,0.008351243766709841
2637,-1.2230327725410461,-0.8453907380333135,0.007783654803132996
2638,-0.4375641345977783,-0.80460807768976,0.008334873426714911
2639,-1.29031503200531,-0.853178773121315,0.007681837791423208
2640,-1.2010787725448608,-0.8879687730636695,0.007240274502565797
2641,-1.566861867904663,-0.9558580825477688,0.006439408633389159
2642,-2.127168893814087,-1.0729891636744004,0.005235381583760699
2643,-0.762039065361023,-1.0418941538430626,0.005534126302356927
2644,-0.9838900566101074,-1.036093744119767,0.0055914792255711745
2645,-0.5774997472763062,-0.9902343444354209,0.006063444212716108
2646,-0.2901601791381836,-0.9202269279056972,0.006849881234539285
2647,-0.06852799654006958,-0.8350570347691344,0.007920448550350357
2648,-0.4017503261566162,-0.7917263639078825,0.008515352361705043
2649,-0.5558130741119385,-0.7681350349282882,0.008853907560366556
2650,0.0924573540687561,-0.6820757960285838,0.010178319412364531
2651,-0.38759100437164307,-0.6526273168628898,0.010664099949690033
2652,-2.102769672870636,-0.7976415524636644,0.008432094942569407
2653,-0.007265448570251465,-0.7186039420743232,0.009598904805657709
2654,-0.16378521919250488,-0.6631220697861414,0.010489065360866943
2655,0.13573360443115234,-0.583236502364412,0.011874654841283973
2656,-2.391616106033325,-0.7640744627313034,0.00891323407663903
2657,-2.021864175796509,-0.8898534340378239,0.007216966685916801
2658,-0.9495298862457275,-0.8958210792586142,0.007143575401790782
2659,-2.130361795425415,-1.0192751508752942,0.005760721598270847
2660,-1.116053819656372,-1.0289530177534019,0.005662797734071701
2661,-0.7832630276679993,-1.0043840187448616,0.005914270182852576
2662,-1.158503770828247,-1.0197959939532002,0.005755414248266905
2663,-1.1085622310638428,-1.0286726176642644,0.005665614376160915
2664,-1.807081699371338,-1.1065135258349716,0.00492933699610079
2665,-0.7965638637542725,-1.0755185596269017,0.005211717400400886
2666,-0.8986454010009766,-1.0578312437643091,0.005379190237083754
2667,-1.0828998684883118,-1.0603381062367094,0.005355169279141855
2668,-0.9042640924453735,-1.0447307048575758,0.005506267195899563
2669,-0.4856950044631958,-0.9888271348181378,0.0060784558153304975
2670,0.08958303928375244,-0.8809861174079487,0.007327175167600526
2671,-0.6150557994842529,-0.8543930856155793,0.007666061061033374
2672,-0.13991579413414001,-0.7829453564674353,0.008640149619701751
2673,-0.18731600046157837,-0.7233824208668497,0.009524997970732745
2674,-0.3426927924156189,-0.6853134580217266,0.010125928879796409
2675,-0.1540433168411255,-0.6321864439036665,0.011011102125170208
2676,-0.0987204909324646,-0.5788398486065464,0.011954457594286703
2677,0.5451606810092926,-0.4664397956449625,0.014117043660914359
2678,0.13582712411880493,-0.4062131036685858,0.015368686336983664
2679,0.4212994873523712,-0.32346184456649013,0.017184155570406468
2680,0.37186968326568604,-0.25392869178327254,0.01878479695000242
2681,0.4169933795928955,-0.18683648464565575,0.02038269008662994
2682,-0.0910869836807251,-0.17726153454916269,0.020614301001152736
2683,0.4969062805175781,-0.10984475304248861,0.02226487289781098
2684,-0.008401751518249512,-0.09970045289006471,0.022515714642918114
2685,-0.5824918746948242,-0.14797959507054065,0.02132727943149494
2686,-1.5817216634750366,-0.29135380191099025,0.017915490615800056
2687,-1.0780290365219116,-0.3700213253720824,0.016149740864422175
2688,0.36008143424987793,-0.2970110494098863,0.017785626557582562
2689,-1.6511540412902832,-0.43242534859792603,0.014816344663298415
2690,-1.9794331789016724,-0.5871261316283006,0.011804361397391718
2691,-0.40537405014038086,-0.5689509234795087,0.012135289633139404
2692,-0.21733009815216064,-0.5337888409467739,0.012793200748425302
2693,-0.3821800947189331,-0.5186279663239899,0.013083990524131948
2694,-1.8278852701187134,-0.6495536967034622,0.010715763975656245
2695,-0.7604103088378906,-0.660639357916905,0.01053028135772719
2696,-0.8332589864730835,-0.6779013207725229,0.010246166496153482
2697,-0.8338828682899475,-0.6934994755242653,0.009994364472024902
2698,-0.4520881474018097,-0.6693583427120198,0.010386058919420375
2699,0.3489294648170471,-0.5675295619591131,0.012161433318254151
2700,-0.28697651624679565,-0.5394742573878814,0.012685252602391409
2701,-0.35043710470199585,-0.5205705421192928,0.013046494047868654
2702,-0.5094372034072876,-0.5194572082480923,0.01306797561454619
2703,0.010069012641906738,-0.4665045861590924,0.014115730883360048
2704,-1.1821731328964233,-0.5380714408328255,0.012711831711594275
2705,-0.30810922384262085,-0.515075219133805,0.013152746980501607
2706,0.13358032703399658,-0.45020966451702493,0.014448216637638473
2707,-0.09038639068603516,-0.41422733713392595,0.015198596014401558
2708,-0.20816946029663086,-0.39362154945019645,0.015638046793131844
2709,-0.1623823642730713,-0.37049763093248395,0.01613932728718517
2710,-1.1339948177337646,-0.446847349612612,0.014517398003937077
2711,-0.898510754108429,-0.4920136900621937,0.01360466973689467
2712,-1.3255174458026886,-0.5753640656362432,0.012017805601605357
2713,-1.2299881279468536,-0.6408264718673042,0.010863449367483145
2714,-1.0700459480285645,-0.6837484194834302,0.010151228540793616
2715,-0.8762345910072327,-0.7029970366358105,0.00984333325626497
2716,-1.1502822041511536,-0.7477255533873447,0.009155247771775638
2717,-0.4070262908935547,-0.7136556271379657,0.009675898384533145
2718,-1.180513858795166,-0.7603414503036857,0.008968049041673396
2719,-0.4673517346382141,-0.7310424787371386,0.00940743217570485
2720,-1.1672988533973694,-0.7746681162031617,0.008759107875120482
2721,-1.0848236680030823,-0.8056836713831538,0.00831994312755893
2722,-0.9634957313537598,-0.8214648773802143,0.008103340224209455
2723,-1.0877964496612549,-0.8480980346083183,0.007748136678637935
2724,-0.40925782918930054,-0.8042140140664166,0.00834034877975897
2725,-0.9411157369613647,-0.8179041863559113,0.00815181126290932
2726,-0.0860643982887268,-0.7447202075491929,0.009200286645296277
2727,-0.5432019233703613,-0.7245683791313097,0.009506722765512015
2728,-0.34808942675590515,-0.6869204838937693,0.010099999454037749
2729,-0.47058844566345215,-0.6652872800707376,0.010453217105517339
2730,-1.97115159034729,-0.7958737110983928,0.008456909444530253
2731,-2.340258300304413,-0.9503121700189947,0.006501891385646392
2732,-1.2442524433135986,-0.9797061973484551,0.006176532700372302
2733,-0.36288824677467346,-0.918024402291077,0.006875963199347664
2734,-1.113555669784546,-0.9375775290404239,0.006647318269145443
2735,-0.7640929222106934,-0.9202290683574508,0.006849855928172598
2736,-0.7319093942642212,-0.9013971009481277,0.007075563440789522
2737,-0.35002076625823975,-0.8462594674791389,0.007772243141568432
2738,-0.4907430410385132,-0.8107078248350763,0.008250486366071492
2739,-0.9596419632434845,-0.8256012386759171,0.008047324877424307
2740,-0.2897859215736389,-0.7720197069656892,0.00879744149590723
2741,0.36810511350631714,-0.6580072249184886,0.010574107470554074
2742,0.5106014013290405,-0.5411463622937357,0.01265361925365672
2743,0.8089083433151245,-0.4061408917328497,0.015370223736615285
2744,-0.30275750160217285,-0.395802552719782,0.015591206305215223
2745,-0.01660442352294922,-0.3578827398000987,0.016416306692341353
2746,1.0575454533100128,-0.21633992048908757,0.019674329609003487
2747,0.8735305070877075,-0.10735287773140807,0.02232644077720442
2748,-0.9352625012397766,-0.19014384008224489,0.020302875699120735
2749,-0.5435031652450562,-0.22547977259852603,0.01945663249089122
2750,-0.5718307197093964,-0.26011486730961303,0.018639925780929465
2751,-0.11281192302703857,-0.2453845728813556,0.018985619665825227
2752,-1.2940066158771515,-0.35024677718093516,0.016585140478057408
2753,-0.8172000646591187,-0.39694210592875345,0.015566763144669852
2754,-0.8982815742492676,-0.44707605276080487,0.014512686118476979
2755,-1.151572048664093,-0.5175256523511337,0.01310529880138895
2756,-1.5240103602409363,-0.6181741231401139,0.011253613294899344
2757,-1.4610199928283691,-0.7024587101089393,0.00985184752471501
2758,-1.069351077079773,-0.7391479468060227,0.009284247624318022
2759,-1.111757516860962,-0.7764089038115166,0.0087339830869049
2760,-1.635970115661621,-0.8623650249965271,0.007563145304345487
2761,-0.21964144706726074,-0.7980926672036005,0.008425772123023386
2762,-2.1401230096817017,-0.9322957014514106,0.006708439179895592
2763,-1.1361370980739594,-0.9526798411136655,0.006475153290564209
2764,-1.5440592169761658,-1.0118177786999156,0.0058371794726747705
2765,-1.4528575241565704,-1.0559217532455811,0.005397550658914682
2766,-1.5967317819595337,-1.1100027561169763,0.004898415858873028
2767,-1.2590134143829346,-1.124903821943572,0.004768302921677263
2768,-0.6472489833831787,-1.0771383380875328,0.0051966129806812
2769,-0.9682149887084961,-1.0662460031496293,0.00529893245873705
2770,-1.2598706483840942,-1.0856084676730757,0.005118257967601764
2771,-0.6296094059944153,-1.0400085615052097,0.00555271381478011
2772,-1.1024229526519775,-1.0462500006198865,0.005491396067702801
2773,-1.061653345823288,-1.0477903351402267,0.005476354963055417
2774,-0.7926062047481537,-1.0222719221010195,0.005730242874572435
2775,0.001846015453338623,-0.9198601283455837,0.006854219034118388
2776,-0.5209590792655945,-0.8799700234375849,0.0073398924332880346
2777,-0.9021212458610535,-0.8821851456799317,0.007312191807466527
2778,-1.4477077722549438,-0.9387374083374329,0.006633959532140201
2779,0.2774602770805359,-0.8171176397956361,0.00816254980662416
2780,-1.2983978986740112,-0.8652456656834736,0.00752623719337477
2781,-1.523654580116272,-0.9310865571267534,0.006722497940510962
2782,-0.1511583924293518,-0.8530937406570132,0.007682943554972385
2783,-0.8164311051368713,-0.849427477104999,0.007730743691053094
2784,-0.16321158409118652,-0.7808058878036177,0.008670774467727509
2785,-1.4154541492462158,-0.8442707139478776,0.007798387643240133
2786,0.06098061800003052,-0.7537455807530867,0.00906554502744619
2787,-0.35784390568733215,-0.7141554132465112,0.009668100674002145
2788,-0.9495263695716858,-0.7376925088790287,0.009306274864321186
2789,-1.2071623802185059,-0.7846394960129763,0.008615960070700361
2790,-1.245883822441101,-0.8307639286557887,0.007977850344002642
2791,-1.5637142658233643,-0.9040589623725462,0.007043287271570458
2792,-0.8406778573989868,-0.8977208518751904,0.007120342483964941
2793,-1.265424370765686,-0.9344912037642399,0.006682975518656812
2794,-1.4394886493682861,-0.9849909483246445,0.006119541565723759
2795,-0.660361111164093,-0.9525279646085894,0.006476865617803054
2796,-1.7705036401748657,-1.034325532165217,0.005609065889491428
2797,-0.5103437900543213,-0.9819273579541274,0.006152524201041905
2798,-0.9018505811691284,-0.9739196802756275,0.006239457255095702
2799,-0.23625516891479492,-0.9001532291395442,0.007090688201534934
2800,-1.7402695417404175,-0.9841648603996315,0.006128420221984292
2801,-0.6484490036964417,-0.9505932747293125,0.006498711965921374
2802,-0.5943110585212708,-0.9149650531085084,0.006912329986063394
2803,-0.2925418019294739,-0.8527227279906049,0.007687769733985574
2804,-0.7334845662117004,-0.8407989118127145,0.007844200330331374
2805,0.03771162033081055,-0.752947858598362,0.009077392217566023
2806,-0.04517495632171631,-0.6821705683706974,0.010176782982067464
2807,0.46391043066978455,-0.5675624684666494,0.012160827623400197
2808,-0.1076846718788147,-0.521574688807866,0.013027138832424718
2809,-0.49476826190948486,-0.5188940461180278,0.01307885042173354
2810,0.024223685264587402,-0.46458227297976634,0.014154712037718295
2811,-0.6686545610427856,-0.48498950178606826,0.013744234363170085
2812,-0.5070095062255859,-0.48719150223002,0.013700386950135047
2813,-0.12860697507858276,-0.4513330495148763,0.014425146074636004
2814,0.24363768100738525,-0.38183597646265016,0.015892478845842453
2815,0.3146495223045349,-0.3121874265859317,0.017439355721114186
2816,0.6676013618707657,-0.214208547740262,0.019725218891426158
2817,0.4479115307331085,-0.14799653989292494,0.021326864954631722
2818,-0.10073363780975342,-0.1432702496846078,0.021442551012870587
2819,0.2903766632080078,-0.09990555839534625,0.02251063774260314
2820,0.6589106917381287,-0.024023933381998777,0.024399517183766078
2821,0.32253408432006836,0.01063186838820793,0.025265786695236964
2822,0.1861863136291504,0.02818731291230217,0.025704496252819637
2823,-0.19492661952972412,0.005875919668099548,0.025146896301104667
2824,0.01900196075439453,0.007188523776729046,0.0251797099989317
2825,-0.8475719690322876,-0.07828752550417259,0.023046800578082255
2826,0.021146118640899658,-0.06834416108966536,0.023294051265188652
2827,-0.9218506813049316,-0.15369481311119196,0.02118760145192021
2828,-0.1523699164390564,-0.15356232344397838,0.02119083673272665
2829,-0.17005985975265503,-0.15521207707484605,0.021150560551453736
2830,-1.0895107984542847,-0.24864194921278987,0.01890895873665215
2831,-0.5323268175125122,-0.2770104360427621,0.018246602002743622
2832,-1.3862343430519104,-0.3879328267436769,0.015760580783626823
2833,-1.4097681045532227,-0.4901163545246315,0.013642280576866861
2834,-0.776831865310669,-0.5187879056032352,0.013080900677058069
2835,-1.2317631840705872,-0.5900854334499703,0.011751073765186871
2836,-0.9681582450866699,-0.6278927146136403,0.011085013011207382
2837,-0.6832187175750732,-0.6334253149097835,0.01098984244867849
2838,-1.3458623886108398,-0.704669022279889,0.0098169242555343
2839,-1.248313546180725,-0.7590334746699726,0.008987317366862032
2840,-1.7496277391910553,-0.8580929011220809,0.007618155451616359
2841,-0.4839274287223816,-0.820676353882111,0.008114054172050876
2842,-0.4965662360191345,-0.7882653420958134,0.008564369152759273
2843,-1.0816237926483154,-0.8176011871510637,0.00815594669544549
2844,0.033770978450775146,-0.7324639705908798,0.009385738316095665
2845,-0.21322578191757202,-0.680540151723549,0.01020323903833366
2846,-0.20365875959396362,-0.6328520125105904,0.01099967695190638
2847,0.13613080978393555,-0.5559537302811378,0.012375772499866464
2848,-1.1922047138214111,-0.6195788286351651,0.011229132085407278
2849,0.024210989475250244,-0.5551998468241236,0.01238981904094328
2850,-0.2538371682167053,-0.5250635789633817,0.012960034187664138
2851,-0.038646042346954346,-0.476421825301739,0.013915665030635481
2852,-0.9248751401901245,-0.5212671567905776,0.01303306462416758
2853,-0.532310962677002,-0.52237153737922,0.013011792588586169
2854,-0.18884265422821045,-0.48901864906411907,0.01366407000779584
2855,-0.5012995004653931,-0.49024673420424647,0.013639693985725577
2856,-0.6739256978034973,-0.5086146305641716,0.013278372906758196
2857,-0.29547980427742004,-0.4873011479354964,0.013698205903647091
2858,-0.700796365737915,-0.5086506697157382,0.013277670006038259
2859,-1.217851459980011,-0.5795707487421655,0.011941165726759434
2860,0.04097604751586914,-0.517516069116362,0.01310548414815977
2861,-0.30817246437072754,-0.49658170864179857,0.01351438482580088
2862,0.20588812232017517,-0.4263347255456012,0.014943658961279882
2863,0.06116005778312683,-0.3775852472127284,0.015984786063316558
2864,0.28128665685653687,-0.31169805680580187,0.017450472649531017
2865,-0.16893553733825684,-0.29742180485904735,0.01777621393417665
2866,0.35368528962135315,-0.23231109541100733,0.019294494307942986
2867,-0.40428078174591064,-0.24950806404449766,0.018888595509593275
2868,0.44548362493515015,-0.18000889514653287,0.020547762970993616
2869,-0.2977601885795593,-0.1917840244898355,0.020263330804798817
2870,-0.6920015811920166,-0.2418057801600536,0.01906998356441922
2871,-0.7160642445087433,-0.2892316265949226,0.01796431378446676
2872,-0.4836927652359009,-0.3086777404590204,0.0175191572339865
2873,-0.0962032675743103,-0.2874302931705494,0.018005801403505484
2874,-0.6353962421417236,-0.32222688806766686,0.017212022615415053
2875,-0.40243953466415405,-0.3302481527273156,0.01703140661132314
2876,-0.6463639736175537,-0.36185973481633943,0.01632872284019229
2877,-0.44393619894981384,-0.37006738122968685,0.0161487337812487
2878,-1.0060319304466248,-0.4336638361513806,0.014790533094445044
2879,-0.04374438524246216,-0.3946718910604888,0.015615479474258976
2880,-1.023347020149231,-0.457539403969363,0.014298084067377337
2881,-1.158072292804718,-0.5275926928528984,0.01291153041485893
2882,-1.5326781868934631,-0.6281012422569549,0.011081415299886089
2883,-1.372503399848938,-0.7025414580161532,0.009850538407659154
2884,-2.5880497694015503,-0.8910922891546929,0.007201679624182478
2885,-0.5845628380775452,-0.8604393440469781,0.0075879008850490495
2886,-0.9755256175994873,-0.871947971402229,0.00744093766017378
2887,-1.7374132871627808,-0.9584945029782841,0.006409885382542659
2888,-0.6790869235992432,-0.93055374504038,0.006728700859213774
2889,-0.9115937948226929,-0.9286577500186113,0.006750812961460875
2890,-0.13882356882095337,-0.8496743318988456,0.007727517624073199
2891,-0.7934160232543945,-0.8440485010344004,0.0078013133416006235
2892,-0.8523937463760376,-0.8448830255685642,0.007790330457636429
2893,-0.270422101020813,-0.7874369331137892,0.008576134658861005
2894,-1.3190568685531616,-0.8405989266577264,0.007846845925312013
2895,0.04826188087463379,-0.7517128459044904,0.009095757488423164
2896,-0.9716169834136963,-0.773703259655411,0.008773058152235799
2897,-0.8191943168640137,-0.7782523653762713,0.008707438382626219
2898,-0.907418429851532,-0.7911689718237974,0.008523231349372015
2899,-1.1439754962921143,-0.8264496242706292,0.008035874637409297
2900,-1.2796395123004913,-0.8717686130736154,0.007443209909406608
2901,-0.8435975611209869,-0.8689515078783525,0.00747897432083942
2902,-0.47707903385162354,-0.8297642604756796,0.007991264877457492
2903,-0.4861341118812561,-0.7954012456162373,0.008463551099739822
2904,-0.9381888508796692,-0.8096800061425804,0.008264657561516004
2905,-0.6326770186424255,-0.791979707392565,0.008511773151476838
2906,-0.845271497964859,-0.7973088864497944,0.008436760008559687
2907,-1.0094914138317108,-0.8185271391879859,0.008143314302553283
2908,-0.9518853724002838,-0.8318629625092158,0.007963123483647637
2909,-0.829783022403717,-0.8316549684986659,0.00796590887527586
2910,-1.5843370258808136,-0.9069231742368806,0.00700869509870502
2911,-0.36620086431503296,-0.8528509432446959,0.00768610161351362
2912,-0.38453400135040283,-0.8060192490552666,0.00831528936238048
2913,-0.5417076349258423,-0.7795880876423241,0.008688244614311358
2914,-0.9360400438308716,-0.7952332832611788,0.008465913220956639
2915,-0.13693469762802124,-0.7294034246978631,0.009432494116172859
2916,0.21819835901260376,-0.6346432463268165,0.01096897086227195
2917,0.6828018724918365,-0.5028987344449513,0.013390154891942313
2918,-0.2894141674041748,-0.48155027774087367,0.013812892083547272
2919,0.22367143630981445,-0.4110281063358049,0.0152663678711377
2920,0.2451280951499939,-0.34541248618722503,0.016692478958491675
2921,0.287345290184021,-0.2821367085501004,0.01812796256034553
2922,0.5401183068752289,-0.1999112070075675,0.020067750378818364
2923,-0.32047006487846375,-0.2119670927946571,0.019778785920324195
2924,-0.05639082193374634,-0.19640946570856604,0.0201519442466933
2925,-0.013736844062805176,-0.17814220354398996,0.020592965142087714
2926,0.13232648372650146,-0.14709533481694081,0.021348911635252123
2927,-0.9926930665969849,-0.2316551079949452,0.019310042149815104
2928,-1.7116711139678955,-0.3796567085922402,0.01593976746642035
2929,-0.4353169798851013,-0.3852227357215263,0.015819137486192493
2930,-1.9132418632507324,-0.5380246484744469,0.012712718916836112
2931,-0.9522554874420166,-0.5794477323712038,0.011943402144947648
2932,-0.5905882120132446,-0.580561780335408,0.011923159413803723
2933,-1.4564218521118164,-0.6681477875130488,0.01040599549861252
2934,-1.396162211894989,-0.7409492299512429,0.009257041968720391
2935,-1.048737645149231,-0.7717280714710416,0.008801670742665794
2936,-0.6697865128517151,-0.761533915609109,0.008950510491057563
2937,-1.380868911743164,-0.8234674152225145,0.008076182322055607
2938,-0.4578149914741516,-0.7869021728476783,0.008583736414302568
2939,-0.43293535709381104,-0.7515054912722916,0.009098843789190311
2940,-0.7769408226013184,-0.7540490244051943,0.00906104166420822
2941,-0.7281190454959869,-0.7514560265142736,0.009099580151138034
2942,-0.25293993949890137,-0.7016044178127364,0.009865370569544589
2943,-0.6436854302883148,-0.6958125190602942,0.009957422774448757
2944,-0.13376453518867493,-0.6396077206731323,0.010884190120558856
2945,-0.23194193840026855,-0.598841142445846,0.011594389085739185
2946,-0.49129241704940796,-0.5880862699062022,0.011787054075287691
2947,-0.1424097716808319,-0.5435186200836651,0.012608829792127595
2948,-0.34383130073547363,-0.523549888148846,0.012989120607713407
2949,0.42803922295570374,-0.428390977038391,0.01490060629312631
2950,-0.16852706670761108,-0.40240458600531304,0.01544988656675933
2951,-0.3339084982872009,-0.39555497723350186,0.01559651951857865
2952,-0.39460182189941406,-0.3954596617000931,0.01559856534751564
2953,-0.6115805506706238,-0.41707175059714613,0.015138483105941188
2954,-0.40952491760253906,-0.4163170672976854,0.015154419226064128
2955,-0.36190998554229736,-0.41087635912214665,0.015269586658568441
2956,-0.5710994005203247,-0.42689866326196446,0.014931844440439443
2957,-0.9072656035423279,-0.4749353572900008,0.01394554115313642
2958,-0.08044517040252686,-0.4354863386012534,0.014752597421177287
2959,-0.7543872892856598,-0.46737643366969406,0.014098072819981381
2960,-1.0349352359771729,-0.5241323139004419,0.012977923956279483
2961,-0.8148869276046753,-0.5532077752708653,0.012426987224869984
2962,-1.2395759522914886,-0.6218445929729276,0.011189724120195182
2963,-0.19474512338638306,-0.5791346460142731,0.011949095301887742
2964,-1.0395229756832123,-0.625173478981167,0.011132004225982732
2965,-1.3209865093231201,-0.6947547820153623,0.009974303184992447
2966,-2.1360533237457275,-0.8388846361883988,0.007869553999452005
2967,-0.9480284452438354,-0.8497990170939425,0.007725888571037224
2968,-0.6029056906700134,-0.8251096844515496,0.008053965172345124
2969,-1.120095133781433,-0.854608229384538,0.007663268614086886
2970,-0.4461432695388794,-0.813761733399972,0.008208495197485628
2971,-0.8109233379364014,-0.813477893853615,0.008212390733688459
2972,-0.4128776788711548,-0.7734178723553691,0.00877718774481326
2973,-0.9043092727661133,-0.7865070123964435,0.008589357153529598
2974,-0.051946163177490234,-0.7130509274745481,0.009685339355663188
2975,-0.44754475355148315,-0.6865003100822417,0.010106774183690114
2976,-1.738596796989441,-0.7917099587729615,0.008515584172963657
2977,-0.33786916732788086,-0.7463258796284534,0.009176202321327454
2978,-0.37138330936431885,-0.7088316226020399,0.009751408720925068
2979,-0.12361389398574829,-0.6503098497404107,0.010703037051175809
2980,0.16671597957611084,-0.5686072668087586,0.012141607149076175
2981,-0.4424828886985779,-0.5559948289977406,0.012375007045777521
2982,-0.31195348501205444,-0.531590694599172,0.012835097832280571
2983,-0.5232097506523132,-0.5307526002044861,0.01285109570179313
2984,-0.33279427886009216,-0.5109567680700468,0.013232741726011816
2985,0.19352638721466064,-0.440508452541576,0.014648354775889345
2986,-0.8353862464427948,-0.4799962319316979,0.013843985186912404
2987,-0.4293258488178253,-0.4749291936203106,0.013945665116937648
2988,-0.8724259734153748,-0.5146788715998171,0.013160431899430376
2989,-1.045139193534851,-0.5677249037933205,0.012157838051470254
2990,-0.5512153506278992,-0.5660739484767784,0.012188246599210317
2991,-1.3911648392677307,-0.6485830375558735,0.010732117410549835
2992,-1.3385303020477295,-0.7175777640050591,0.00961483320097571
2993,-3.318441867828369,-0.9776641743873902,0.006198675867513935
2994,-1.4459071159362793,-1.024488468542279,0.005707789845958979
2995,-0.5188736915588379,-0.973926990843935,0.006239377411835549
2996,-0.32116907835006714,-0.9086511995945482,0.006987893930682845
2997,-1.0494447648525238,-0.9227305561203458,0.006820334786257128
2998,0.09090477228164673,-0.8213670232801465,0.00810466918208224
2999,-14.569972097873688,-2.1962275307395003,0.0006109583489337996
3000,-13.090020298957825,-3.285606807561332,6.990698350341807e-05
3001,-10.94193696975708,-4.051239823780906,1.513478739720054e-05
3002,-10.918624997138977,-4.737978341116714,3.833372376373845e-06
3003,-9.505545020103455,-5.214735009015387,1.4773925125265392e-06
3004,-8.413368999958038,-5.534598408109652,7.792416180984543e-07
3005,-7.619053244590759,-5.743043891757763,5.135952520690083e-07
3006,-7.360424995422363,-5.904782002124223,3.716535585189119e-07
3007,-7.19688081741333,-6.033991883653134,2.870177486158899e-07
3008,-6.285351753234863,-6.059127870611308,2.7294556050870184e-07
3009,-6.487769782543182,-6.101992061804495,2.505214208746178e-07
3010,-10.511161804199219,-6.542909036043968,1.0372191429406373e-07
3011,-9.130897998809814,-6.801707932320553,6.181317086114398e-08
3012,-7.0314096212387085,-6.824678101212368,5.903769748022478e-08
3013,-4.493532180786133,-6.591563509169744,9.410438670285917e-08
3014,-2.2435747385025024,-6.1567646321030205,2.2452786250140008e-07
3015,-2.8312782049179077,-5.824215989384509,4.366329242916164e-07
3016,-1.2718514204025269,-5.3689795324863105,1.0852360429973683e-06
3017,-0.6813925504684448,-4.900220834284524,2.7712020808329813e-06
3018,0.20983445644378662,-4.389215305211693,7.699794700521827e-06
3019,-0.14288711547851562,-3.9645824862383754,1.7997867700204227e-05
3020,-0.032689452171325684,-3.5713931828316703,3.94960902023992e-05
3021,-0.4241321086883545,-3.256667075417339,7.406637922953961e-05
3022,-0.5336699485778809,-2.9843673627333933,0.0001275475643092393
3023,-1.3345682621002197,-2.819387452670076,0.00017723073431598482
3024,-1.6464788317680359,-2.702096590579872,0.00022387715938822794
3025,-0.9958646297454834,-2.5314733944964334,0.00031435550850080927
3026,-1.236587941646576,-2.4019848492114475,0.00040652476835241854
3027,-1.0536962747573853,-2.2671559917660415,0.0005310144397206268
3028,-1.1356837749481201,-2.15400877008425,0.0006640718294957603
3029,-1.0257601141929626,-2.041183904495121,0.0008293843447890556
3030,-1.6204024851322174,-1.9991057625588309,0.0009008913257874516
3031,-1.489287257194519,-1.9481239120223997,0.0009956702333315606
3032,-1.5620194673538208,-1.9095134675555419,0.0010738865277810335
3033,-1.20441734790802,-1.8390038555907897,0.0012325141481415612
3034,-2.141038954257965,-1.8692073654575074,0.0011619447372563077
3035,-1.538453459739685,-1.836131974885725,0.0012394377939667813
3036,-0.9418016672134399,-1.7466989441184966,0.0014750332839176187
3037,-2.0040594935417175,-1.7724349990608186,0.0014031077327906205
3038,-1.1338266134262085,-1.7085741604973574,0.0015881907199779518
3039,-1.1027613878250122,-1.6479928832301227,0.0017854579059701611
3040,-0.7739200592041016,-1.5605856008275205,0.0021121181008899913
3041,-0.6887118816375732,-1.473398228908526,0.002494406924295641
3042,-0.8624555766582489,-1.4123039636834984,0.0028004402523426637
3043,-0.6117829084396362,-1.332251858159112,0.0032550344059527805
3044,-0.8250384330749512,-1.281530515650696,0.003577695947788457
3045,-0.05935049057006836,-1.1593125131426334,0.004479607316875429
3046,0.010746657848358154,-1.0423065960435343,0.005530067858795547
3047,-0.08616089820861816,-0.9466920262600427,0.006542955160106909
3048,-0.28834694623947144,-0.8808575182579856,0.007328783684162066
3049,-0.31527000665664673,-0.8242987670978518,0.008064929346787432
3050,-0.19432449340820312,-0.7613013397288869,0.008953929065742137
3051,-1.263257086277008,-0.811496914383699,0.008239619917620221
3052,-0.8762282133102417,-0.8179700442763532,0.008150912635811528
3053,-0.6111936569213867,-0.7972924055408566,0.008436991178299108
3054,-0.9833370447158813,-0.815896869458359,0.008179239256211468
3055,-0.844009280204773,-0.8187081105330004,0.008140847224758755
3056,-1.8216915130615234,-0.9190064507858526,0.006864323636946188
3057,-1.239465355873108,-0.9510523412945782,0.006493522561588864
3058,-1.4857799410820007,-1.0045251012733205,0.005912798935669379
3059,-1.7579716444015503,-1.0798697555861434,0.005171230177969772
3060,-1.5238970518112183,-1.1242724852086508,0.004773752333885572
3061,-2.602661579847336,-1.2721113946725193,0.003640778176221206
3062,-1.2702046036720276,-1.27192071557247,0.0036420657264874265
3063,-1.3255276679992676,-1.2772814108151498,0.0036060274170734343
3064,-1.1757115721702576,-1.2671244269506605,0.0036745907044958372
3065,-0.7827773094177246,-1.2186897151973668,0.004018318969223593
3066,-1.826645016670227,-1.2794852453446528,0.003591307323458596
3067,-1.4867709279060364,-1.3002138136007912,0.003455545202710793
3068,-0.6559778451919556,-1.2357902167599077,0.0038937334067012854
3069,-0.9759116172790527,-1.2098023568118224,0.004084495181190374
3070,-0.8913081884384155,-1.1779529399744817,0.004329874252652017
3071,-0.38061684370040894,-1.0982193303470746,0.005003537736853729
3072,-0.2349928617477417,-1.0118966834871415,0.0058363658989268085
3073,-0.2967115640640259,-0.9403781715448299,0.0066151011284570245
3074,-0.016273021697998047,-0.8479676565601467,0.007749844123463909
3075,-0.3110758662223816,-0.7942784775263702,0.008479351005969539
3076,-1.1100635528564453,-0.8258569850593777,0.008043871807554183
3077,-0.7570250034332275,-0.8189737868967626,0.008137226503134911
3078,-0.8660043478012085,-0.8236768429872071,0.008073346365236411
3079,-0.7443014979362488,-0.8157393084821113,0.008181395309717494
3080,-1.0086811184883118,-0.8350334894827314,0.007920762450724811
3081,-1.3140085637569427,-0.8829309969101524,0.007302884277644879
3082,-1.2920693159103394,-0.9238448288101712,0.006807219296802905
3083,-1.3121066093444824,-0.9626710068636023,0.006363352285914141
3084,-1.9839147329330444,-1.0647953794705465,0.005312692428413203
3085,-1.3532060980796814,-1.0936364513314598,0.005044961140423787
3086,-1.4696024954319,-1.1312330557415038,0.004713978728875714
3087,-1.0678709745407104,-1.1248968476214245,0.004768363090451833
3088,-1.1843104362487793,-1.13083820648416,0.004717351464096013
3089,-1.9582881331443787,-1.213583199150182,0.004056222129562707
3090,-2.0613813996315002,-1.2983630191983138,0.003467471220133859
3091,-1.5080660581588745,-1.3193333230943698,0.0033345489986745056
3092,-0.9185243248939514,-1.279252423274328,0.0035928597913717896
3093,-0.9345483779907227,-1.2447820187459675,0.003829651288897299
3094,-0.868370771408081,-1.2071408940121788,0.004104505094552842
3095,-0.9103217124938965,-1.1774589758603506,0.004333783023887291
3096,-0.423117458820343,-1.10202482415635,0.004969370917765778
3097,-0.6042177677154541,-1.0522441185122604,0.005433067653401554
3098,0.06011500954627991,-0.9410082057064064,0.006607871800334424
3099,-0.0813521146774292,-0.8550425966035087,0.007657633307071806
3100,-0.20938646793365479,-0.7904769837365233,0.008533020969604156
3101,-1.3188178539276123,-0.8433110707556322,0.007811028903297647
3102,-1.0898795127868652,-0.8679679149587555,0.007491494787027379
3103,-0.7875427007675171,-0.8599253935396317,0.0075945192110629875
3104,-0.8948081731796265,-0.8634136715036312,0.00754969236914799
3105,-2.1704933643341064,-0.9941216407866788,0.006022141938680817
3106,-0.5474637746810913,-0.94945585417612,0.006511584854248565
3107,-1.9647930264472961,-1.0509895714032376,0.005445230388203013
3108,-0.852993905544281,-1.031190004817342,0.005640370729446961
3109,-0.9964091777801514,-1.0277119221136228,0.005675273909241874
3110,-0.8524904549121857,-1.0101897753934792,0.005853987510895813
3111,-0.5533472299575806,-0.9645055208498894,0.006343004162767539
3112,-1.3559381663799286,-1.0036487854028933,0.00592194252813269
3113,-0.7423072457313538,-0.9775146314357394,0.006200300147708676
3114,-0.8998184204101562,-0.969745010333181,0.006285194689147729
3115,-0.2362728714942932,-0.8963977964492922,0.0071365158756640295
3116,-0.8339686393737793,-0.8901548807417409,0.007213244451869854
3117,-1.4134310185909271,-0.9424824945266596,0.006590981241335849
3118,-1.5855427384376526,-1.0067885189177588,0.005889238694382731
3119,-0.3814396560192108,-0.9442536326279041,0.006570738190218097
3120,-0.7939438819885254,-0.9292226575639662,0.006744218303214815
3121,-0.6027046144008636,-0.896570853247656,0.007134398642648184
3122,0.08200246095657349,-0.798713521827233,0.008417076413282105
3123,-1.0187146067619324,-0.820713630320703,0.008113547426786088
3124,-0.7120103240013123,-0.8098432996887639,0.008262404825085353
3125,-0.9666916728019714,-0.8255281370000846,0.008048312111292671
3126,-1.1951724290847778,-0.862492566208554,0.007561508044808077
3127,-0.7510932683944702,-0.8513526364271456,0.007705613554181593
3128,-0.9806433916091919,-0.8642817119453503,0.0075385712913613795
3129,-0.5830478668212891,-0.8361583274329442,0.007905777648622903
3130,-0.6059391498565674,-0.8131364096753064,0.008217079378017477
3131,-1.5914292931556702,-0.8909656980233428,0.007203240480531288
3132,-0.478579044342041,-0.8497270326552127,0.007726829037131656
3133,-0.92992103099823,-0.8577464324895144,0.00762263112319243
3134,-0.328377366065979,-0.8048095258471609,0.008332075497755258
3135,-0.3806096315383911,-0.7623895364162839,0.008937942718844263
3136,-0.2204430103302002,-0.7081948838076756,0.009761408904891338
3137,-0.45891380310058594,-0.6832667757369666,0.010159024035540665
3138,-0.46322202682495117,-0.6612623008457651,0.010519928609705919
3139,-0.08446252346038818,-0.6035823231072274,0.011510155929102537
3140,-0.8444110155105591,-0.6276651923475606,0.011088939388118363
3141,-0.3838636875152588,-0.6032850418643304,0.011515424884432076
3142,0.35403314232826233,-0.5075532234450713,0.013299085037788714
3143,-0.6937788128852844,-0.5261757823890926,0.012938689578656277
3144,-1.0425612926483154,-0.5778143334150149,0.011973124316385496
3145,-0.8003295660018921,-0.6000658566737026,0.011572589312872085
3146,-0.7103291153907776,-0.6110921825454101,0.011377613567839347
3147,-0.5425113439559937,-0.6042340986864685,0.011498609899650394
3148,-1.0506712198257446,-0.6488778108003961,0.010727149224128006
3149,-0.11765217781066895,-0.5957552475014234,0.011649444689790112
3150,-0.5730107426643372,-0.5934807970177148,0.011690139631080615
3151,0.33507204055786133,-0.5006255132601573,0.013434776286903106
3152,-0.15542131662368774,-0.4661050935965103,0.014123826532611678
3153,-1.6104034185409546,-0.5805349260909547,0.011923647089694563
3154,-0.7289239764213562,-0.5953738311239949,0.011656262182090038
3155,-0.42784351110458374,-0.5786207991220538,0.011958443119129188
3156,-0.4053979516029358,-0.561298514370142,0.012276493959941
3157,-0.41142958402633667,-0.5463116213357615,0.012556231331146675
3158,-0.4210323691368103,-0.5337836961158664,0.012793298705027803
3159,-0.5966212749481201,-0.5400674539990917,0.012674024371256582
3160,-0.5390522480010986,-0.5399659333992924,0.0126759455227354
3161,-0.8863708972930908,-0.5746064297886723,0.012031644341567487
3162,-0.4858248233795166,-0.5657282691477568,0.01219462010487236
3163,-0.36116117238998413,-0.5452715594719796,0.012575800967589652
3164,-0.46969830989837646,-0.5377142345146193,0.012718605545571957
3165,-1.462397038936615,-0.6301825149568189,0.011045553037680261
3166,-0.9703113436698914,-0.6641953978281261,0.010471283552961154
3167,-0.9401742815971375,-0.6917932862050272,0.010021679907814935
3168,-0.9458914697170258,-0.717203104556227,0.00962065370296792
3169,-0.8106866478919983,-0.7265514588898042,0.009476224162242943
3170,-0.8209490478038788,-0.7359912177812117,0.009332074025840317
3171,-0.7866024374961853,-0.7410523397527091,0.00925548651701355
3172,-0.2583884000778198,-0.6927859457852202,0.010005781009125062
3173,-1.2352798581123352,-0.7470353370179317,0.009165576374427043
3174,-1.2714052200317383,-0.7994723253193123,0.00840645830911209
3175,-1.3779423832893372,-0.8573193311163148,0.007628151373567336
3176,-0.7482084929943085,-0.8464082473041141,0.007770290134126713
3177,-0.6725066900253296,-0.8290180915762357,0.008001289608126074
3178,-0.906017005443573,-0.8367179829629694,0.007898330643203132
3179,0.054440975189208984,-0.7476020871477516,0.009157094693815695
3180,-1.1722416877746582,-0.7900660472104422,0.008538838752236492
3181,-0.5939335823059082,-0.7704528007199888,0.008820183277075308
3182,-0.6612988710403442,-0.7595374077520244,0.008979889896561465
3183,0.009589672088623047,-0.6826246997679596,0.010169423090458497
3184,-0.3408198952674866,-0.6484442193179123,0.010734457669009202
3185,0.27726471424102783,-0.5558733259620183,0.012377270103590918
3186,0.43512165546417236,-0.45677382781939924,0.014313721304566075
3187,0.06785178184509277,-0.40431126685295005,0.015409205153250727
3188,-0.018497228622436523,-0.36572986302989874,0.016243724117736304
3189,0.3936811685562134,-0.2897887598712875,0.017951490607973495
3190,-0.04399508237838745,-0.2652093921219975,0.018520960927701686
3191,-0.6991711854934692,-0.3086055714591447,0.017520799942681377
3192,-1.7943091988563538,-0.4571759341988656,0.01430550682392255
3193,-1.3134052753448486,-0.5427988683134639,0.01262240796883729
3194,-1.8941397666931152,-0.6779329581514291,0.010245651038726359
3195,-1.2667278051376343,-0.7368124428500495,0.00931961371638886
3196,-2.269195795059204,-0.890050778070965,0.0072145297208772085
3197,-2.7634944915771484,-1.0773951494215832,0.005194221774360712
3198,-1.886528730392456,-1.1583085075186705,0.004487803279838732
3199,-1.815049409866333,-1.2239825977534367,0.003979373894866302
3200,-1.5973637104034424,-1.2613207090184373,0.0037143048307387103
3201,-1.5018380284309387,-1.2853724409596876,0.003552256393356261
3202,-0.5606539249420166,-1.2129005893579206,0.004061313436699957
3203,-0.2165665626525879,-1.1132671866873873,0.004869643538262079
3204,-0.8292112350463867,-1.0848615915232873,0.005125124831057795
3205,0.23257029056549072,-0.9531184033144096,0.006470210896664625
3206,-0.6545547842979431,-0.9232620414127629,0.0068140763137643605
3207,-1.1132341623306274,-0.9422592535045494,0.006593536503289753
3208,-0.05319678783416748,-0.8533530069375113,0.00767957245893932
3209,-1.7831757068634033,-0.9463352769301006,0.006547013717327615
3210,-0.32720947265625,-0.8844226965027155,0.0072842987178653425
3211,-0.46510010957717896,-0.8424904378101619,0.007821852239114102
3212,-0.8781793713569641,-0.8460593311648421,0.007774870928654265
3213,-0.47049689292907715,-0.8085030873412655,0.008280908461901569
3214,-0.38553696870803833,-0.7662064754779427,0.008882045826696449
3215,-0.20827007293701172,-0.7104128352238496,0.009726608857297042
3216,-0.4602892994880676,-0.6854004816502715,0.010124523479164463
3217,0.034527480602264404,-0.6134076854250179,0.011336964815635205
3218,0.3590920567512512,-0.516157711207391,0.013131772877294702
3219,0.32724058628082275,-0.43181788145856964,0.014829014535576376
3220,0.43054038286209106,-0.34558205502650363,0.01668870806112703
3221,0.32210516929626465,-0.2788133325942268,0.018204839061856996
3222,-0.44935286045074463,-0.2958672853798786,0.017811848113743586
3223,-0.2951344847679138,-0.29579400531868216,0.01781352869683465
3224,0.05985623598098755,-0.26022898118871524,0.018637257650161592
3225,-0.7315264344215393,-0.30735872651199764,0.01754919178013371
3226,-0.10681301355361938,-0.2873041552161598,0.01800870813416126
3227,-0.390489399433136,-0.29762267963785743,0.017771611622527817
3228,-1.018251657485962,-0.3696855774226679,0.016157083509264956
3229,-1.4368098378181458,-0.47639800346221567,0.013916143509264237
3230,-1.0449028611183167,-0.5332484892278258,0.012803491630724665
3231,-0.9874500036239624,-0.5786686406674394,0.011957572582044187
3232,0.33272606134414673,-0.4875291704662808,0.013693670825672395
3233,0.42290186882019043,-0.3964860665376337,0.015576542567508343
3234,-0.4612250328063965,-0.40295996316451,0.01543803077382841
3235,0.16274219751358032,-0.346389747096701,0.016670752321066577
3236,-0.9519952535629272,-0.4069502977433236,0.015352996293875001
3237,-0.7305065393447876,-0.43930592190346995,0.014673276077010076
3238,-0.8598935604095459,-0.48136468575407754,0.013816603107616454
3239,-1.2845726013183594,-0.5616854773105057,0.012269327078402831
3240,-1.206200361251831,-0.6261369657046383,0.011115337931636549
3241,-1.8594136834144592,-0.7494646374756204,0.009129263647677613
3242,-1.4939491152763367,-0.8239130852556921,0.008070148266169141
3243,-0.4382798671722412,-0.785349763447347,0.008605834575457362
3244,-1.6910356879234314,-0.8759183558949554,0.0073907842360163975
3245,-1.481032371520996,-0.9364297574575594,0.006660559970666097
3246,-2.11035880446434,-1.0538226621582374,0.005417797695329918
3247,-0.9529294967651367,-1.0437333456189273,0.0055160486960195996
3248,-0.07527691125869751,-0.9468877021829043,0.0065407299615207115
3249,-0.6681570112705231,-0.9190146330916662,0.006864226727193751
3250,-0.1534346342086792,-0.8424566332033675,0.007822298350265353
3251,0.14818024635314941,-0.7433929452477158,0.009220231891935628
3252,0.19712167978286743,-0.6493414827446574,0.010719337757560107
3253,-0.3518372178077698,-0.6195910562509687,0.011228919148685242
3254,0.46820783615112305,-0.5108111670107595,0.013235575501042918
3255,0.32438182830810547,-0.42729186747887293,0.014923609968570329
3256,0.08723342418670654,-0.375839338312315,0.01602278178318613
3257,-0.5103963613510132,-0.3892950406161848,0.015731191767919026
3258,-0.01634347438812256,-0.35199988399337856,0.01654630125598543
3259,-0.07655930519104004,-0.3244558261131447,0.017161741795145208
3260,-0.11893177032470703,-0.30390342053430097,0.017627982464789752
3261,-1.3444167375564575,-0.40795475223651656,0.015331632388819015
3262,-1.3111851215362549,-0.4982777891664904,0.013480958725076568
3263,-1.299858570098877,-0.5784358672597291,0.011961808595559854
3264,-0.8927561640739441,-0.6098678969411505,0.011399147464220931
3265,-0.30852019786834717,-0.5797331270338701,0.011938214155121437
3266,-0.187597393989563,-0.5405195537294394,0.012665471279696368
3267,0.0560988187789917,-0.48085771647859626,0.013826743405550802
3268,-1.3928471207618713,-0.5720566569069238,0.012078297615177508
3269,-1.2963271141052246,-0.6444837026267538,0.010801381973857785
3270,-1.028480887413025,-0.6828834211053809,0.0101652318894297
3271,-1.050395131111145,-0.7196345921059574,0.009582927254224563
3272,-1.2247169613838196,-0.7701428290337435,0.008824687616977515
3273,0.20437952876091003,-0.6726905932542783,0.010331325859137406
3274,-0.7800358533859253,-0.683425119267443,0.01015646072368203
3275,-0.34625107049942017,-0.6497077143906408,0.01071317078875218
3276,0.11417222023010254,-0.5733197209285665,0.012055171896089645
3277,-0.39890992641448975,-0.5558787414771589,0.012377169230866344
3278,-0.14607471227645874,-0.5148983385570889,0.013156176222386115
3279,0.4466664046049118,-0.41874186424088883,0.01510325021853022
3280,-0.23881256580352783,-0.40074893439715276,0.015485260071079164
3281,0.5252649784088135,-0.3081475431165562,0.017531227223821118
3282,0.621634840965271,-0.2151693047083735,0.01970227388327487
3283,0.6901061534881592,-0.12464175888872024,0.02189999288288942
3284,-0.3661249876022339,-0.14879008176007158,0.021307456931005844
3285,0.2610737681388855,-0.10780369677017589,0.022315299735835466
3286,0.21395081281661987,-0.07562824581149631,0.02311289034088891
3287,0.726556733250618,0.0045902520947151,0.02511475549638706
3288,-0.15080106258392334,-0.010948879373148741,0.02472628895289115
3289,-0.4179968237876892,-0.05165367381460278,0.023709805407516812
3290,-1.0861915946006775,-0.15510746589321023,0.02115311386620374
3291,-1.188206434249878,-0.25841736272887694,0.018679633905915618
3292,-1.1002384424209595,-0.34259947069808516,0.016755097113998522
3293,-0.6423715353012085,-0.3725766771583975,0.016093913824035466
3294,-1.520515263080597,-0.4873705357506174,0.013696825769314691
3295,-0.5157368183135986,-0.4902071640069155,0.013640478983043273
3296,-0.395831823348999,-0.4807696299411238,0.013828505763571738
3297,-0.024351030588150024,-0.4351277700058265,0.014760056611155174
3298,-0.8262796401977539,-0.4742429570250192,0.013959470940476013
3299,-0.3043733239173889,-0.4572559937142562,0.014303871655308215
3300,-0.7029421329498291,-0.48182460763781343,0.013807407820146226
3301,0.34516364336013794,-0.3991257825380183,0.015519982511588896
3302,0.2307989001274109,-0.33613331427147536,0.016899474534412595
3303,-0.02216470241546631,-0.3047364530858745,0.017608972226064255
3304,0.08032697439193726,-0.26623011033809335,0.018497163182023078
3305,0.3434610962867737,-0.2052609896756067,0.01993934834509272
3306,0.6824227571487427,-0.11649261499317178,0.0221007873922582
3307,-0.1823233962059021,-0.1230756931144448,0.021938549984781213
3308,0.42593157291412354,-0.06817496651158798,0.023298261482193577
3309,0.6649056077003479,0.005133090909605592,0.02512832614566974
3310,-0.4673210382461548,-0.04211232200597044,0.023947813875332864
3311,-1.0054001808166504,-0.13844110788703842,0.021560915377766
3312,-1.2564750909805298,-0.2502445061963875,0.018871287797713826
3313,-0.6395087242126465,-0.2891709279980134,0.017965711087897122
3314,-0.6128359436988831,-0.3215374295681004,0.017227589721136676
3315,-1.322072982788086,-0.42159098489009894,0.015043252394738658
3316,-0.7558044195175171,-0.4550123283528407,0.01434973958747931
3317,-0.6515160202980042,-0.47466269754735707,0.013951025535399817
3318,-0.30365312099456787,-0.45756173989207816,0.014297627999896935
3319,-0.331134557723999,-0.44491902167527025,0.014557162536582319
3320,-0.2662760019302368,-0.4270547197007669,0.014928575998553767
3321,-0.38723868131637573,-0.4230731158623278,0.015012094885383354
3322,0.19147884845733643,-0.36161791943036137,0.016334041376736903
3323,-0.10042202472686768,-0.335498329960012,0.01691368539510187
3324,0.32830891013145447,-0.26911760595086537,0.01842991061842433
3325,-0.7660863101482391,-0.31881447637060273,0.01728913571763458
3326,-0.9832717180252075,-0.38526020053606325,0.015818327190703717
3327,-0.08411508798599243,-0.35514568928105616,0.016476722968868398
3328,-0.8421746492385864,-0.40384858527680917,0.015419071583258843
3329,-0.8028610348701477,-0.443749830236143,0.014581303955370405
3330,-2.170655608177185,-0.6164404080302471,0.011283880665427423
3331,-0.3455461263656616,-0.5893509798637886,0.01176428337963504
3332,-0.0455833375453949,-0.5349742156319492,0.012770644562194565
3333,-0.5684025287628174,-0.538317046945036,0.012707175572859185
3334,-0.5149008631706238,-0.5359754285675948,0.01275161310765573
3335,-0.6760930120944977,-0.5499871869202851,0.012487234800304071
3336,-0.7865407168865204,-0.5736425399169087,0.012049266181456558
3337,-0.8677182197570801,-0.6030501079009258,0.011519590004148449
3338,-0.8125162124633789,-0.6239967183571712,0.011152383889819442
3339,-0.3087190091609955,-0.5924689474375536,0.01170827557170587
3340,-0.03655499219894409,-0.5368775519136927,0.012734481170023985
3341,-0.7922797799110413,-0.5624177747134276,0.012255772039073536
3342,-1.3014370203018188,-0.6363196992722667,0.010940288269609843
3343,-0.43392419815063477,-0.6160801491601036,0.011290177333615349
3344,-0.03922596573829651,-0.5583947308179229,0.012330364547407971
3345,-0.3924531638622284,-0.5418005741223535,0.012641256895751428
3346,0.1658693552017212,-0.47103358118994604,0.014024148729813606
3347,-1.3246335983276367,-0.5563935829037151,0.012367581996242607
3348,-0.04788827896118164,-0.5055430525094617,0.013338367603062116
3349,-2.2230125665664673,-0.6772900039151623,0.010256130260356905
3350,-0.6117777824401855,-0.6707387817676647,0.010363358939347384
3351,-2.186971962451935,-0.8223620998360917,0.008091163227025489
3352,-1.185383677482605,-0.8586642576007429,0.007610779394074684
3353,-1.0210485458374023,-0.8749026864244088,0.007403587394252266
3354,-0.8091922998428345,-0.8683316477662514,0.007486862706024626
3355,0.19006872177124023,-0.7624916108125022,0.00893644432285972
3356,0.16703373193740845,-0.6695390765375111,0.010383084841241383
3357,0.477644681930542,-0.5548207006907058,0.012396887423596728
3358,0.8653217554092407,-0.4128064550807111,0.015228674776724821
3359,0.2924778461456299,-0.342278024958077,0.0167622599616095
3360,0.056116580963134766,-0.30243856436595584,0.017661433894095836
3361,0.287014365196228,-0.2434932714097375,0.019030185882531386
3362,0.14625227451324463,-0.2045187168174393,0.019957147447578052
3363,-0.051219940185546875,-0.18918883915425005,0.020325912042206993
3364,0.09699690341949463,-0.1605702648968756,0.021019890858779533
3365,-0.8784317970275879,-0.23235641810994684,0.019293420266801108
3366,0.43735674023628235,-0.16538510227532394,0.020902661616803236
3367,0.006047964096069336,-0.14824179563818463,0.021320866136129924
3368,-0.44835636019706726,-0.1782532520940729,0.020590275252206625
3369,0.05406612157821655,-0.15502131472684397,0.02115521667679882
3370,-0.2585527300834656,-0.16537445626250613,0.020902920618487624
3371,-0.14998137950897217,-0.16383514858715273,0.020940379173922843
3372,-0.8724154233932495,-0.23469317606776238,0.01923807480543028
3373,-0.2663354277610779,-0.23785740123709392,0.019163226075194204
3374,-1.0043263733386993,-0.31450429844725447,0.017386768471137192
3375,-1.2282381653785706,-0.405877685140386,0.015375828156330297
3376,-1.2910029888153076,-0.49439021550787815,0.013557651632514251
3377,-0.280082106590271,-0.4729594046161174,0.01398531613006823
3378,-0.9622276127338409,-0.5218862254278898,0.013021137656049002
3379,-0.00795525312423706,-0.47049312819752453,0.01403505832217293
3380,0.07115769386291504,-0.4163280459914806,0.015154187328711575
3381,0.3660130500793457,-0.338093936384398,0.016855633013818486
3382,0.10460281372070312,-0.2938242613738879,0.017858728703983688
3383,0.29242226481437683,-0.23519960875506143,0.019226087926585728
3384,0.170428067445755,-0.19463684113497978,0.020194607956534633
3385,-0.2640017867088318,-0.201573335692365,0.02002782767988789
3386,-0.25708073377609253,-0.20712407550073775,0.019894696650604053
3387,-0.17788666486740112,-0.20420033443740407,0.01996478363406829
3388,-0.058883219957351685,-0.18966862298939882,0.020314337760836586
3389,0.17337608337402344,-0.15336415235305662,0.021195676139740827
3390,-0.42509448528289795,-0.18053718564604074,0.020534975792483007
3391,-0.3096887469291687,-0.19345234177435353,0.020223132833188075
3392,-0.9861311912536621,-0.27272022672228435,0.018346145208944144
3393,-0.28829431533813477,-0.2742776355838694,0.01830998310154477
3394,-0.7511129975318909,-0.32196117177867156,0.017218021363785502
3395,0.019939720630645752,-0.28777108253773986,0.017997949258735185
3396,0.17363795638084412,-0.24163017864588146,0.01907412677305055
3397,-0.3899801969528198,-0.2564651804765753,0.018725341607620287
3398,-0.2976316213607788,-0.2605818245649956,0.01862900869423865
3399,0.07538294792175293,-0.22698534731632078,0.01942085568124653
3400,-0.1619274914264679,-0.2204795617273355,0.019575622653946745
3401,0.24477837979793549,-0.17395376757480838,0.020694496507799323
3402,0.03873330354690552,-0.15268506046263697,0.021212262011807613
3403,-0.4326446056365967,-0.18068101498003292,0.0205314948463782
3404,0.161757230758667,-0.14643719040616293,0.021365015856750047
3405,-1.2831957936286926,-0.26011305072841584,0.018639968256211118
3406,0.009989738464355469,-0.23310277180913871,0.019275736642165364
3407,0.11329793930053711,-0.19846270069817115,0.020102563443415048
3408,-0.13542622327804565,-0.1921590529561586,0.020254292301872034
3409,-0.5181808471679688,-0.2247612323773396,0.01947371551654412
3410,-2.0129812359809875,-0.40358323273770436,0.015424731659344921
3411,-0.556597888469696,-0.4188846983109035,0.015100239136126962
3412,-0.1319984793663025,-0.39019607641644344,0.01571176871513062
3413,-0.028436899185180664,-0.35402015869331716,0.016501600146016173
3414,-0.30152958631515503,-0.34877110145550094,0.016617868908077208
3415,0.5901261270046234,-0.25488137860948856,0.018762457121207277
3416,0.16605183482170105,-0.2127880572663696,0.019759160392889004
3417,-1.9525558948516846,-0.38676484102490105,0.01578580301128168
3418,-0.2698693871498108,-0.37507529563739206,0.016039424431257634
3419,-0.2725279927253723,-0.36482056534619006,0.01626367418783737
3420,-0.6600574851036072,-0.3943442573219318,0.015622517005014783
3421,0.029169857501983643,-0.3519928458395402,0.016546457090929376
3422,0.39352384209632874,-0.27744117704595334,0.018236620455772064
3423,-0.16687065362930298,-0.2663841247042883,0.018493573478226496
3424,-0.7093546390533447,-0.3106811761391939,0.0174735834557499
3425,-0.38279250264167786,-0.3178923087894423,0.017310002647893633
3426,-0.20662415027618408,-0.3067654929381165,0.0175627076839117
3427,0.15701913833618164,-0.2603870298106867,0.018633562523994736
3428,-0.49692681431770325,-0.28404100826138834,0.01808397536056
3429,0.2219436764717102,-0.23344253978807852,0.019267688398819927
3430,-0.2884824573993683,-0.2389465315492075,0.019137488548716674
3431,-0.32973402738571167,-0.2480252811328579,0.018923462461177737
3432,-0.22646081447601318,-0.24586883446717342,0.01897421513904798
3433,0.25328999757766724,-0.19595295126268936,0.020162928889397472
3434,-0.36205634474754333,-0.21256329061117477,0.019764532871089844
3435,-0.11184418201446533,-0.20249137975150383,0.020005788462355328
3436,0.26308080554008484,-0.15593416122234496,0.021132938409175236
3437,-0.08597627282142639,-0.1489383723822531,0.02130383062186397
3438,-0.8534445762634277,-0.21938899277037055,0.019601609466380954
3439,-0.9150712490081787,-0.28895721839415134,0.017970631139289078
3440,-0.5269795656204224,-0.31275945311677844,0.017426365264477908
3441,-1.8893306255340576,-0.47041657035850637,0.014036604138256881
3442,-0.6707185506820679,-0.49044676839086254,0.013635726120686201
3443,-1.0632481575012207,-0.5477269073018983,0.012529634069327101
3444,-1.2730477452278137,-0.6202589910944899,0.011217291815166843
3445,-0.160336434841156,-0.5742667354691565,0.012037852625457892
3446,-0.8266158103942871,-0.5995016429616695,0.011582628692390178
3447,-1.2056879997253418,-0.6601202786380367,0.010538913689996807
3448,-0.18106430768966675,-0.6122146815431997,0.011357895220961242
3449,-0.32573944330215454,-0.5835671577190952,0.011868668038825709
3450,0.22577854990959167,-0.5026325869562265,0.013395374279271177
3451,-0.5390753746032715,-0.506276865720931,0.013324018944947173
3452,-0.5511346459388733,-0.5107626437427252,0.013236519976229155
3453,0.09315851330757141,-0.45037052803769556,0.014444911696667923
3454,-0.6069835424423218,-0.46603182947815813,0.014125311523028945
3455,-0.026272296905517578,-0.4220558762208941,0.015033475436379413
3456,0.3404034376144409,-0.34580994483736055,0.016683640882852794
3457,0.14913305640220642,-0.2963156447134039,0.01780156711706631
3458,0.17761492729187012,-0.24892258751287652,0.018902359706567548
3459,-0.2720184922218323,-0.2512321779837721,0.01884808555052149
3460,0.9503716081380844,-0.1310717993715865,0.02174184186738052
3461,0.19776839017868042,-0.09818778041655982,0.022553163626549945
3462,0.2655593156814575,-0.06181307080675809,0.023456638383336156
3463,0.1328599452972412,-0.04234576919635816,0.023941988090853152
3464,0.24836555123329163,-0.013274637153393186,0.024668153563152488
3465,0.6331356018781662,0.05136638674976273,0.026283031438602462
3466,-0.023431718349456787,0.043886576239840776,0.026096460557149127
3467,0.2601984143257141,0.0655177600484281,0.026635604351527987
3468,0.38083840906620026,0.09704982495020531,0.027418656878395786
3469,0.08271104097366333,0.09561594655255112,0.027383140537755615
3470,0.14443588256835938,0.10049794015413195,0.027504024097006415
3471,0.8810837268829346,0.17855651882701218,0.02941707013394462
3472,-0.6550896167755127,0.0951919052667597,0.027372635412907034
3473,-0.0004253983497619629,0.08563017490510755,0.02713553729419875
3474,0.6905401051044464,0.14612116792504143,0.028627250251699873
3475,0.2893937826156616,0.16044842939410345,0.028977140397239722
3476,0.23721876740455627,0.16812546319514873,0.02916397708301868
3477,0.01213991641998291,0.15252690851763215,0.028783874857012216
3478,0.43653446435928345,0.18092766410179728,0.02947447411936486
3479,-0.16392266750335693,0.14644263094128185,0.02863511728106711
3480,-0.1325763463973999,0.11854073320741369,0.027949714884444705
3481,-0.27007484436035156,0.07967917545063717,0.026987774523906105
3482,0.4084271192550659,0.11255396983108004,0.02780202683161505
3483,0.2197507619857788,0.12327364904654992,0.028066324581801517
3484,-0.8317774534225464,0.027768538799640308,0.02569403509091699
3485,0.6714323163032532,0.09213491655000158,0.027296877312020906
3486,-0.2779350280761719,0.05512792208738425,0.026376803592355197
3487,-1.1356099545955658,-0.06394586558091073,0.02340352879699474
3488,-0.14705371856689453,-0.07225665087950911,0.02319672095701674
3489,0.23520028591156006,-0.04151095720040221,0.023962821742776474
3490,-0.3626154065132141,-0.07362140213168339,0.023162783054427392
3491,0.20440050959587097,-0.045819210958927964,0.0238553206605719
3492,-0.19349420070648193,-0.060586709933683355,0.02348718285638279
3493,-0.39293715357780457,-0.09382175429809547,0.022661314229649204
3494,0.07049018144607544,-0.07739056072367839,0.023069089377178283
3495,0.05916142463684082,-0.06373536218762647,0.023408769991633323
3496,0.03328704833984375,-0.05403312113487945,0.023650485054202433
3497,-0.5177729725837708,-0.10040710627976857,0.0224982239886673
3498,-0.07579302787780762,-0.09794569843957246,0.0225591578440093
3499,-0.5647314786911011,-0.1446242764647253,0.021409392184882872
3500,-0.6829670071601868,-0.19845854953427144,0.020102663239986177
3501,-1.2275522351264954,-0.30136791809349384,0.017685901364168085
3502,0.4082728624343872,-0.23040384004070577,0.019339711859669838
3503,-0.07542014122009277,-0.21490547015864447,0.019708573908914836
3504,0.025958627462387085,-0.1908190603965413,0.02028659315420497
3505,-0.02963542938232422,-0.1747006972951196,0.02067637944288808
3506,-0.018800854682922363,-0.1591107130338999,0.02105546304976437
3507,0.4970402717590332,-0.09349561455460662,0.022669396617324172
3508,0.22754770517349243,-0.06139128258179671,0.023467143174477213
3509,-0.1157304048538208,-0.06682519480899912,0.02333185248773459
3510,0.031978726387023926,-0.05694480268939682,0.023577916735372097
3511,0.22551041841506958,-0.02869928057895019,0.024282714905027043
3512,0.016451716423034668,-0.024184180878751703,0.02439551332307173
3513,0.3896366357803345,0.017197900787156904,0.025429905136483702
3514,-0.09031498432159424,0.006446612276281792,0.025161163074331378
3515,0.28748854994773865,0.03455080604342747,0.02586342660422975
3516,-0.1337680220603943,0.017718923233045303,0.0254429267280023
3517,-0.8394337892532349,-0.0679963480155827,0.023302706308036752
3518,-1.3573085069656372,-0.1969275639105881,0.020139480132877013
3519,-0.7420636415481567,-0.251441171674345,0.018843177344188264
3520,-0.7201153039932251,-0.29830858490623297,0.017755900640074047
3521,0.39629822969436646,-0.22884790344617306,0.019376629232563912
3522,0.2527286112308502,-0.18069025197847075,0.020531271299391148
3523,-1.1254464387893677,-0.27516587065956044,0.018289372294651204
3524,0.15624728798866272,-0.23202455479473816,0.019301285159327334
3525,-0.07271420955657959,-0.21609352027092232,0.01968021037935891
3526,-0.21553122997283936,-0.21603729124111404,0.019681552469535676
3527,-0.009025663137435913,-0.19533612843074621,0.020177773951500735
3528,0.02907148003578186,-0.1728953675840934,0.020720176381169242
3529,0.12274760007858276,-0.1433310708178258,0.021441061286171254
3530,0.05067893862724304,-0.12393006987331895,0.0219175130769536
3531,0.07480579614639282,-0.10405648327134777,0.02240793657835435
3532,-0.2578698992729187,-0.11943782487150485,0.02202817238769001
3533,-0.4129689931869507,-0.14879094170304943,0.021307435901442642
3534,0.32517606019973755,-0.10139424151277074,0.022473795163510994
3535,-0.0018743276596069336,-0.09144225012745437,0.02272029426807849
3536,-0.2535896897315979,-0.10765699408786872,0.02231892506491984
3537,-0.40469661355018616,-0.13736095603410045,0.021587412089581978
3538,-0.11999142169952393,-0.13562400260064278,0.021630036863444724
3539,0.05214092135429382,-0.11684751020514912,0.02209203469448573
3540,-0.5784624516963959,-0.1630090043542738,0.02096049086171499
3541,-0.26344773173332214,-0.17305287709217862,0.02071635414993799
3542,-0.8752787858247757,-0.2432754679654383,0.019035320746525766
3543,-0.8451599478721619,-0.30346391595611066,0.017638015955024823
3544,-0.33248502016067505,-0.3063660263765671,0.01757181159653489
3545,-0.6329588890075684,-0.33902531263966723,0.016834826080733743
3546,-0.4775362014770508,-0.3528764015234056,0.016526899686983582
3547,-0.8208748996257782,-0.3996762513336429,0.01550820209324593
3548,-0.6757976412773132,-0.4272883903280099,0.014923682775533131
3549,-0.9661204814910889,-0.48117159944431775,0.013820464639279322
3550,-0.472015380859375,-0.48025597758582345,0.013838785231528237
3551,-0.04490363597869873,-0.43672074342511097,0.014726935255563973
3552,-0.4391918182373047,-0.43696785090633034,0.014721801237970875
3553,-0.5335227847099304,-0.44662334428669037,0.014522013978056268
3554,-0.41018176078796387,-0.44297918593681773,0.014597229060549284
3555,-1.01725435256958,-0.500406702600094,0.013439076313062981
3556,-0.6684696078300476,-0.5172129931230893,0.013111346731494337
3557,-0.8853379487991333,-0.5540254886906937,0.012411721257592045
3558,-0.6736896634101868,-0.5659919061626429,0.012189759060268491
3559,-0.3769165277481079,-0.5470843683211895,0.012541704560715645
3560,-0.9646430015563965,-0.5888402316447101,0.011773475569311295
3561,-1.3922278881072998,-0.6691789972909691,0.010389010771874065
3562,-0.09122496843338013,-0.6113835944052102,0.011372492169811144
3563,0.4441152364015579,-0.5058337113245334,0.013332683013935845
3564,-1.2617957592010498,-0.581429916112185,0.01190740135833005
3565,0.10447221994400024,-0.5128397025065664,0.013196129930918815
3566,-0.7068243324756622,-0.532238165503476,0.012822747587677581
3567,-0.4404236674308777,-0.5230567156962163,0.01299860633932268
3568,-0.05807220935821533,-0.47655826506241616,0.013912924735510358
3569,-1.0097482204437256,-0.5298772606005471,0.012867818440470344
3570,-0.7020962834358215,-0.5470991628840745,0.012541426548739769
3571,-0.37150663137435913,-0.5295399097331029,0.012874267082967496
3572,-0.3716685175895691,-0.5137527705187496,0.013178399639138055
3573,0.043152034282684326,-0.4580622900386062,0.014287409772575841
3574,-0.3914233446121216,-0.4513983954959577,0.01442380476138695
3575,-0.4463611841201782,-0.45089467435837977,0.014434146225335232
3576,-0.06925749778747559,-0.41273095670128934,0.015230273943620221
3577,-0.37396669387817383,-0.4088545304189778,0.015312508948471082
3578,-0.41503846645355225,-0.40947292402243524,0.015299373644960704
3579,-0.00786888599395752,-0.36931252021958744,0.016165244135079467
3580,-0.467199444770813,-0.37910121267471,0.01595183331436396
3581,-0.10614883899688721,-0.3518059753069277,0.016550594947084205
3582,-0.676998496055603,-0.38432522738179525,0.015838555613801666
3583,-0.46838653087615967,-0.3927313577312317,0.0156571870858943
3584,-0.3213387727737427,-0.3855920992354828,0.015811149802149177
3585,-0.5296933650970459,-0.40000222582163913,0.015501228331176512
3586,-0.891808271408081,-0.44918283038028334,0.014469323517364192
3587,-0.7656275033950806,-0.4808272976817631,0.01382735198241786
3588,0.14948856830596924,-0.41779571108298985,0.015123204651850889
3589,0.46796703338623047,-0.32921943663606784,0.017054519207647636
3590,-0.2229536771774292,-0.318592860690204,0.017294149384332057
3591,-0.23757946491241455,-0.31049152111242506,0.017477895342440444
3592,0.39894920587539673,-0.23954744841364292,0.01912329374652133
3593,-0.48274070024490356,-0.26386677359676897,0.0185522828558491
3594,0.41562432050704956,-0.19591766418638712,0.020163778047270636
3595,-0.7023056745529175,-0.24655646522304014,0.018958025773136166
3596,0.00027829408645629883,-0.2218729892920905,0.01954243702085779
3597,0.271869957447052,-0.17249869461817627,0.02072980322594168
3598,-0.13552945852279663,-0.1688017710086383,0.020819586127746356
3599,-0.09895053505897522,-0.16181664741367202,0.02098952710786559
3600,0.8302989788353443,-0.0626050847887704,0.023436914464288264
3601,0.46122999489307404,-0.01022157682058597,0.024744469478753542
3602,0.6052263081073761,0.051323211672210226,0.02628195490221906
3603,0.24467694759368896,0.07065858526435809,0.026763530719207864
3604,0.9173051789402962,0.15532324463195188,0.028852152698966245
3605,-0.10482144355773926,0.12930877581298278,0.02821482125283213
3606,-1.0684103965759277,0.009536858574091756,0.025238414236338352
3607,0.5398602485656738,0.06256919757324995,0.026562191860556923
3608,0.2785019278526306,0.08416247060118802,0.027099107885242765
3609,-0.6795694828033447,0.007789275260734765,0.02519472794330386
3610,-1.5873754024505615,-0.15172719251039485,0.021235662399772214
3611,0.29838573932647705,-0.10671589932670768,0.02234218418483372
3612,0.48313644528388977,-0.04773066486564794,0.023807638726519295
3613,-0.0315360426902771,-0.046111202648110854,0.023848036269698666
3614,-0.6399049758911133,-0.10549057997241107,0.02237247487390952
3615,-0.013316452503204346,-0.0962731672254904,0.022600579271399468
3616,-0.7539255917072296,-0.1620384096736643,0.020984125915617824
3617,0.12706038355827332,-0.13312853035047056,0.02169131054576411
3618,-0.3835511803627014,-0.15817079535169365,0.021078379402457537
3619,-0.4296841621398926,-0.18532213203051354,0.020419267691714232
3620,-0.880795031785965,-0.25486942200605867,0.018762737429334573
3621,-0.19394251704216003,-0.2487767315096688,0.018905789304482598
3622,-0.570531815290451,-0.28095223988774704,0.018155345723244305
3623,-1.0550403594970703,-0.3583610518486794,0.01640576030120412
3624,-0.2134242057800293,-0.34386736724181444,0.016726859107517655
3625,-0.8251964449882507,-0.39200027501645807,0.015672915853894145
3626,-1.003250539302826,-0.45312530144509483,0.014388384609710146
3627,0.07466211915016174,-0.4003465593855692,0.015493863678625883
3628,-0.21236860752105713,-0.381548764199118,0.015898706868754255
3629,0.06753069162368774,-0.3366408186168374,0.016888120860990577
3630,0.10244780778884888,-0.2927319559762688,0.017883815951665015
3631,0.08429616689682007,-0.2550291436889599,0.018758993085446655
3632,0.1875493824481964,-0.21077129107524428,0.019807384138154808
3633,-0.10115212202072144,-0.199809374169792,0.020070197157062125
3634,-0.688723087310791,-0.24870074548389187,0.01890757610519209
3635,-0.025022447109222412,-0.22633291564642494,0.019436356401962295
3636,0.18487024307250977,-0.18521259977453147,0.020421914118127327
3637,0.07363057136535645,-0.1593282826605427,0.02105015940111618
3638,-0.45968836545944214,-0.1893642909404326,0.020321679210942127
3639,0.08974263072013855,-0.1614535987743755,0.020998370269067937
3640,-0.691866397857666,-0.21449487868270456,0.019718379698279123
3641,-0.45652610063552856,-0.23869800087798695,0.019143360487167776
3642,-0.8582951426506042,-0.3006577150552487,0.01770214008950001
3643,0.18342238664627075,-0.25224970488509674,0.01882419374350852
3644,-0.3442379832267761,-0.26144853271926466,0.018608752640513742
3645,0.11474508047103882,-0.22382917140023434,0.019495883002808335
3646,0.2284606397151947,-0.17860019028869142,0.02058187216977235
3647,0.06624525785446167,-0.15411564547437612,0.021177325964423538
3648,-0.6265859007835388,-0.20136267100529237,0.02003288618264461
3649,-0.4670083522796631,-0.22792723913272944,0.019398485819613554
3650,0.06585770845413208,-0.1985487443740433,0.020100494936295794
3651,-0.18749970197677612,-0.19744384013431657,0.020127062348693436
3652,0.37418561428785324,-0.1402808946920996,0.021515802564661873
3653,0.13163873553276062,-0.11308893166961359,0.022184767922454583
3654,-0.17885178327560425,-0.11966521683021265,0.022022568071150363
3655,-0.38170668482780457,-0.14586936362997183,0.02137891256169633
3656,0.15348079800605774,-0.11593434746636888,0.022114557271251348
3657,-0.25749725103378296,-0.13009063782311028,0.021765957357507852
3658,-0.8239802718162537,-0.1994796012224246,0.020078121417464685
3659,-0.5899225473403931,-0.23852389583422146,0.01914747440731744
3660,0.5013016760349274,-0.16454133864730658,0.02092319193142726
3661,-0.27292656898498535,-0.17537986168107444,0.020659910113893176
3662,-0.40606939792633057,-0.19844881530560005,0.020102897257555652
3663,0.4113762378692627,-0.1374663099881138,0.021584827354971473
3664,0.30493584275245667,-0.09322609471405675,0.022676076222838848
3665,0.3106614351272583,-0.052837341729925255,0.023680294339586558
3666,0.18720543384552002,-0.028833064172380737,0.02427937308129376
3667,0.16228437423706055,-0.009721320331436613,0.024756974647294084
3668,0.27736806869506836,0.01898761857121388,0.025474633425842216
3669,-0.5118456482887268,-0.034095708114780174,0.024147937450698848
3670,0.012956410646438599,-0.029390496238658297,0.024265449083859372
3671,-1.1173088252544403,-0.13818232914023648,0.021567262646061132
3672,-0.47923606634140015,-0.17228770286035283,0.020734924310522686
3673,-0.617827832698822,-0.21684171584419973,0.019662355298286728
3674,-0.5451200008392334,-0.2496695443437031,0.01888479989879582
3675,-1.3325769901275635,-0.3579602889220891,0.016414596561952887
3676,-1.2642630338668823,-0.4485905634165684,0.01448150604803212
3677,-1.566461980342865,-0.560377705109198,0.01229355947990185
3678,-2.2330071926116943,-0.7276406538594477,0.009459504902438281
3679,-0.5914618968963623,-0.7140227781631392,0.009670169593391911
3680,-1.122898280620575,-0.7549103284088827,0.009048268666150022
3681,-0.7847711145877838,-0.7578964070267729,0.009004094230426292
3682,-0.8448835015296936,-0.7665951164770649,0.008876369801871098
3683,-0.8158446848392487,-0.7715200733132833,0.008804688072099087
3684,-1.6178244948387146,-0.8561505154658264,0.007643274980964298
3685,-0.27550387382507324,-0.7980858513017511,0.008425867626500369
3686,-0.705466091632843,-0.7888238753348603,0.00855644379524072
3687,-0.7471389770507812,-0.7846553855064524,0.008615733448692047
3688,0.3056546151638031,-0.6756243854394269,0.01028331440157689
3689,-0.938844621181488,-0.701946409013633,0.009859955330134534
3690,0.08870959281921387,-0.6228808088303484,0.011171734265615305
3691,-0.01088792085647583,-0.5616815200329611,0.012269400356245018
3692,-0.15975457429885864,-0.5214888254595509,0.013028793145761773
3693,0.03313601016998291,-0.46602634189659753,0.014125422754630202
3694,0.01849210262298584,-0.4175744974446392,0.01512787221542706
3695,0.17608696222305298,-0.35820835147787,0.0164091268433558
3696,-0.5717349648475647,-0.37956101281483945,0.015941845714639476
3697,-0.43253856897354126,-0.38485876843070965,0.015827010594002013
3698,-0.2764938473701477,-0.37402227632465346,0.01606237661088434
3699,-0.20643305778503418,-0.3572633544706916,0.016429968782011747
3700,-0.24694499373435974,-0.3462315183970584,0.016674269130631286
3701,-0.7465830743312836,-0.3862666739904809,0.015796567359008765
3702,-0.2578410506248474,-0.3734241116539176,0.016075422233503153
3703,-0.5042179226875305,-0.38650349275727885,0.015791449708133672
3704,0.16208764910697937,-0.33164437857085305,0.017000061264266744
3705,-1.2648811340332031,-0.42496805411708805,0.014972313022687703
3706,-0.43147194385528564,-0.4256184430909078,0.0149586728403419
3707,-0.10012459754943848,-0.3930690585367609,0.015649924573768344
3708,-0.3531759977340698,-0.3890797524564918,0.015735834519244242
3709,0.2903591990470886,-0.3211358573061338,0.01723665979455191
3710,0.012541890144348145,-0.28776808256108566,0.01799801837480965
3711,0.1475381851196289,-0.2442374557930142,0.01901264526323716
3712,0.33148252964019775,-0.18666545724969302,0.020386820052853385
3713,0.21597139537334442,-0.1464017719873893,0.02136588260218447
3714,0.009847879409790039,-0.13077680684767137,0.021749091698150366
3715,-0.3290044069290161,-0.15059956685580583,0.021263218559296176
3716,-0.46638238430023193,-0.18217784860024844,0.02049527924550544
3717,0.3272325396537781,-0.1312368097748458,0.021737786761882323
3718,0.4417879581451416,-0.07393433298284707,0.023155002212584857
3719,-0.9933990836143494,-0.16588080804599728,0.02089060283315994
3720,0.5315180122852325,-0.09614092601287431,0.022603854889600945
3721,-0.1851358413696289,-0.10504041754854977,0.022383605145512016
3722,-0.259682834148407,-0.12050465920853548,0.022001881754327057
3723,-0.1623268723487854,-0.12468688052256047,0.021898882193094275
3724,-0.7810055017471313,-0.19031874264501755,0.0202986576285535
3725,-0.03877532482147217,-0.17516440086266302,0.020665134489613286
3726,-1.1521406173706055,-0.27286202251345726,0.018342851551934852
3727,-0.5183640718460083,-0.29741222744671236,0.01777643337893538
3728,-0.19211512804031372,-0.2868825175060725,0.018018425867120734
3729,-0.15307492017745972,-0.27350175777321123,0.018327994765263977
3730,-0.11683958768844604,-0.2578355407647347,0.01869325177425565
3731,0.4228815883398056,-0.1897638278542807,0.020312041290751717
3732,0.627673365175724,-0.10802010855128023,0.022309951958190244
3733,0.19871222972869873,-0.07734687472328233,0.02307017501566758
3734,0.5091263800859451,-0.018699549242359594,0.024532565750738485
3735,0.23897331953048706,0.007067737634925065,0.025176690498814422
3736,0.35583505034446716,0.04194446890587927,0.02604799720078893
3737,0.06968551874160767,0.044718573889452114,0.026117219726135156
3738,0.4265154153108597,0.08289825803159287,0.02706772207382238
3739,-0.11220479011535645,0.06338795321689794,0.026582579778930346
3740,0.18364429473876953,0.0754135873690851,0.02688177368919081
3741,0.24569851160049438,0.09244207979222603,0.02730449135859004
3742,-0.001601189374923706,0.08303775287551106,0.027071185548671824
3743,-1.2133758962154388,-0.0466036120335839,0.023835752452261143
3744,-0.22882312536239624,-0.06482556336646514,0.023381627272500448
3745,-0.03961680829524994,-0.06230468785934362,0.023444395170171974
3746,-0.35209161043167114,-0.09128338011657636,0.022724233049110854
3747,-0.9504530429840088,-0.17720034640331958,0.020615783644129332
3748,-0.7276743650436401,-0.23224774826735162,0.019295995523171832
3749,-0.73243048787117,-0.28226602222773345,0.018124974097661478
3750,-0.044340550899505615,-0.25847347509491064,0.01867832077628355
3751,-0.0832335352897644,-0.24094948111439604,0.01909019066649209
3752,-0.2584448456764221,-0.24269901757059864,0.019048913530137813
3753,0.18771237134933472,-0.1996578786786053,0.02007383738153029
3754,0.043886542320251465,-0.17530343657871963,0.020661763183142907
3755,-0.1024550199508667,-0.16801859491593435,0.020838620551886067
3756,-1.1055044531822205,-0.26176718074256294,0.018601307692589972
3757,0.20695579051971436,-0.21489488361633524,0.019708826716454613
3758,0.15906739234924316,-0.1774986560197774,0.020608555638637595
3759,-0.6149839162826538,-0.22124718204606503,0.019557338649259015
3760,-0.08444070816040039,-0.20756653465749858,0.019884097422458363
3761,0.22557887434959412,-0.16425199375678934,0.02093023352504884
3762,-0.1878955364227295,-0.16661634802338335,0.020872713346692738
3763,-0.6642746925354004,-0.21638218247458502,0.01967332101511768
3764,-0.2662397623062134,-0.22136794045774785,0.019554462851529595
3765,0.5114150643348694,-0.14808963997848612,0.021324587727609142
3766,0.22565895318984985,-0.11071478066165252,0.022243384602416576
3767,-0.574337363243103,-0.15707703891979757,0.02110505503947102
3768,-0.381603479385376,-0.1795296829663554,0.020559364298998094
3769,0.16585993766784668,-0.14499072090293522,0.02140042052138699
3770,0.9632982015609741,-0.034161828656544296,0.0241462863610465
3771,0.3387860059738159,0.0031329548064917175,0.02507832361390311
3772,0.9386225752532482,0.09668191685116735,0.02740954494104271
3773,0.6452158987522125,0.15153531504127185,0.028759649286076924
3774,0.10716015100479126,0.1470977986376238,0.028651148646490095
3775,0.4717361032962799,0.17956162910348938,0.029441409151892348
3776,0.4959242045879364,0.21119788665193406,0.030202819750229728
3777,-0.20418685674667358,0.16965941231207332,0.02920125239046148
3778,0.08259928226470947,0.16095339930733696,0.02898944415821334
3779,0.3816607594490051,0.18302413532150377,0.029525187865342202
3780,-0.14981907606124878,0.14973981418322851,0.028715765135777557
3781,0.4562795162200928,0.18039378438691495,0.02946155344360148
3782,0.6750335097312927,0.2298577569213527,0.030647334297291523
3783,0.5219293832778931,0.2590649195570067,0.031335517813335316
3784,0.35221314430236816,0.26837974203154286,0.03155291348363103
3785,0.17139017581939697,0.25868078541032824,0.03132653033233296
3786,-0.4391506612300873,0.1888976407462867,0.02966706208888878
3787,0.07176890969276428,0.17718476764093447,0.029383838863575443
3788,-1.1855580806732178,0.04091048280951927,0.02602219186405477
3789,0.29200194776058197,0.06601962930462553,0.026648096967639368
3790,0.35771116614341736,0.09518878298850471,0.02737255805898971
3791,-0.33928418159484863,0.051741486530169384,0.026292384053515302
3792,-2.0615383982658386,-0.15958650194943136,0.021043865317465348
3793,-0.8106946349143982,-0.224697315245928,0.019475235385593506
3794,0.15392261743545532,-0.18683532197778968,0.02038271816183036
3795,-0.8218902945518494,-0.25034081923519563,0.018869024730182253
3796,-0.3249969482421875,-0.2578064321358948,0.0186939331830665
3797,0.27441439032554626,-0.20458434988975074,0.01995557340452263
3798,0.21918511390686035,-0.16220740351008964,0.020980010197670818
3799,-0.17405498027801514,-0.16339216118688218,0.020951162607393853
3800,0.3797294497489929,-0.10908000009329469,0.022283764456240796
3801,0.2959319055080414,-0.06857880953316109,0.023288212463228253
3802,0.18533378839492798,-0.04318754974035219,0.023920982021748718
3803,0.1184740662574768,-0.027021388140569296,0.024324629663588247
3804,0.5617226660251617,0.031853017276003794,0.025796056219992505
3805,0.17021864652633667,0.04568958020103708,0.026141445345463338
3806,0.38063672184944153,0.07918429436587751,0.02697548022993609
3807,-0.1279897689819336,0.05846688803109641,0.02646000895943248
3808,-0.29907113313674927,0.022713085914311856,0.025567729523637985
3809,0.10934767127037048,0.03137654444991772,0.02578415629743378
3810,0.2619524747133255,0.05443413747625849,0.026359510924324772
3811,-0.2812880575656891,0.02086191797206374,0.02552147229983753
3812,-0.6992770433425903,-0.05115197815940165,0.02372231471678548
3813,0.3232894539833069,-0.013707834945130809,0.02465732558948474
3814,-0.10518354177474976,-0.0228554056280927,0.024428714329916307
3815,-0.3856940269470215,-0.05913926775998557,0.023523239538143424
3816,0.05585604906082153,-0.04763973607790486,0.023809906785012023
3817,0.41358283162117004,-0.0015174793079973797,0.024962063046419753
3818,0.0903855562210083,0.007672824244903186,0.025191816841908823
3819,-0.10064709186553955,-0.0031591673661410845,0.02492102107859175
3820,0.016651630401611328,-0.0011780875893658436,0.02497054782389132
3821,-0.11202290654182434,-0.012262569484611692,0.024693451128044344
3822,-0.051547467708587646,-0.016191059307009287,0.024595258884388665
3823,-0.3747859001159668,-0.05205054338790503,0.023699910296567858
3824,0.6128607885912061,0.014440589810006066,0.025360989653131896
3825,0.3160260170698166,0.044599132535987115,0.02611423963977787
3826,0.48290055990219116,0.08842927527260752,0.027204987402178405
3827,-0.46512430906295776,0.033073916839051004,0.025826546560939898
3828,-0.31140536069869995,-0.001374010914724083,0.02496564974874858
3829,0.3734017610549927,0.03610356628224758,0.025902197196208034
3830,-0.6897963881492615,-0.03648642916090331,0.024088243829765627
3831,0.33200666308403015,0.00036288006359002506,0.025009072001191547
3832,-0.9433231353759766,-0.09400572148036661,0.022656755376580687
3833,-0.8022928833961487,-0.16483443767194478,0.020916059653411742
3834,0.18508273363113403,-0.12984272054163692,0.021772051765884246
3835,0.3910384774208069,-0.07775460074539256,0.023060042923098798
3836,0.02854621410369873,-0.06712451926048343,0.023324402842858524
3837,-0.2710610628128052,-0.0875181736157156,0.02281761475933367
3838,-0.5325131416320801,-0.13201767041735202,0.021718599602621583
3839,-0.5556678175926208,-0.1743826851348789,0.020684092377944732
3840,-0.25072723627090454,-0.18201714024848145,0.020499166619808676
3841,0.19923609495162964,-0.14389181672847035,0.021427327833449167
3842,0.22494831681251526,-0.1070078033743718,0.022334969287979047
3843,0.46679383516311646,-0.049627639520622976,0.023760326576553092
3844,-0.7295000553131104,-0.1176148810998717,0.022073111678471438
3845,-0.04820609092712402,-0.11067400208259692,0.022244391676480468
3846,-0.0009840726852416992,-0.0997050091428614,0.022515601861437487
3847,-0.2939766049385071,-0.11913216872242596,0.022035706085651786
3848,-1.025653898715973,-0.20978434172178065,0.019830998250213575
3849,0.19895386695861816,-0.16891052085374075,0.020816943449569067
3850,0.14116746187210083,-0.1379027225811566,0.021574121281347537
3851,-0.489009827375412,-0.17301343306058214,0.020717311305873978
3852,-0.3043656647205353,-0.18614865622657745,0.02039930133700747
3853,-0.26204100251197815,-0.19373789085511753,0.02021625511322286
3854,-0.1302100419998169,-0.18738510596958746,0.02036944375146948
3855,0.1147950291633606,-0.15716709245629265,0.021102858378517754
3856,0.04332631826400757,-0.13711775138426263,0.02159337911172241
3857,-0.03643763065338135,-0.1270497393111745,0.02184073681206761
3858,-0.3441796898841858,-0.14876273436847562,0.02130812570336703
3859,-0.5419794023036957,-0.18808440116199762,0.020352563333779373
3860,-0.3374917507171631,-0.20302513611751416,0.019992978441554406
3861,-0.42114001512527466,-0.2248366240182902,0.01947192285328559
3862,-0.28294041752815247,-0.23064700336927643,0.0193339447211304
3863,-1.281900703907013,-0.33577237342305005,0.01690755162384007
3864,-0.14662683010101318,-0.31685781909084637,0.0173334253095376
3865,-0.6102392971515656,-0.3461959668969183,0.0166750593534272
3866,0.09891819953918457,-0.301684550253308,0.01767866377352289
3867,-0.942921370267868,-0.365808232254764,0.016242005284458117
3868,-1.3478960394859314,-0.46401701297788067,0.014166186908984815
3869,-0.7300062775611877,-0.4906159394362114,0.013632371018023174
3870,-0.14333578944206238,-0.4558879244367965,0.014331829056964682
3871,-1.3938609957695007,-0.5496852315700669,0.012492893461664184
3872,-0.23697346448898315,-0.5184140548619585,0.013088123789534965
3873,-0.8291650414466858,-0.5494891535204312,0.012496568891755913
3874,-1.1153611540794373,-0.6060763535763317,0.011466018793901807
3875,0.259860634803772,-0.5194826547383213,0.013067484374192495
3876,-0.3903552293777466,-0.5065699122022639,0.01331829159083062
3877,0.5035017132759094,-0.40556274965444655,0.015382535524465982
3878,0.3062558174133301,-0.3343808929476689,0.01693870765350474
3879,0.07652947306632996,-0.293289856346269,0.017871000563562955
3880,-0.1115545928478241,-0.2751163299964245,0.018290521588867473
3881,0.1224546730518341,-0.23535922969159864,0.019222310400563145
3882,-0.2962489128112793,-0.2414481980035667,0.019078420857193103
3883,0.11679156124591827,-0.20562422207861822,0.01993064027379428
3884,-0.12401211261749268,-0.19746301113250567,0.020126601284475524
3885,-0.12240362167358398,-0.1899570721866135,0.020307380228297874
3886,-0.5347594618797302,-0.2244373111559252,0.01948141839852699
3887,0.1536666452884674,-0.18662691551148594,0.020387750793996573
3888,0.26706501841545105,-0.14125772211879226,0.021491859479193423
3889,0.019894421100616455,-0.1251425077968514,0.02188766741530582
3890,-0.5938234925270081,-0.17201060626986706,0.020741650417950175
3891,0.04718899726867676,-0.15009064591601268,0.021275658274569294
3892,-1.4820156395435333,-0.28328314527876475,0.01810147561500574
3893,-0.3467457890510559,-0.2896294096559938,0.017955157857873282
3894,-0.6712686419487,-0.3277933328852644,0.017086585078190105
3895,-0.5117368102073669,-0.3461876806174746,0.016675243539818037
3896,-1.3362990021705627,-0.4451988127727834,0.014551388914784389
3897,-0.5733451843261719,-0.4580134499281222,0.014288406601357967
3898,-0.7808406352996826,-0.49029616846527824,0.0136387133438419
3899,-0.23423945903778076,-0.4646904975225285,0.014152515703275515
3900,-0.5252387523651123,-0.47074532300678684,0.014029966869957253
3901,-0.10487422347068787,-0.434158213053177,0.014780236971199873
3902,-0.36311280727386475,-0.4270536724752458,0.014928597930247643
3903,-0.47941654920578003,-0.43228996014829923,0.014819167901913606
3904,0.10577589273452759,-0.37848337486001654,0.015965258981683533
3905,0.005126476287841797,-0.34012238974523074,0.016810333626969102
3906,-0.10994482040405273,-0.31710463281111295,0.017327835662274096
3907,-0.22854992747306824,-0.3082491622773085,0.01752891355815526
3908,0.3235628306865692,-0.24506796298092076,0.018993077374834865
3909,0.08098170161247253,-0.21246299652158143,0.019766930310770738
3910,-0.16540807485580444,-0.20775750435500373,0.019879523284694934
3911,-0.03104788064956665,-0.19008654198446004,0.02030425759977678
3912,-0.03832632303237915,-0.17491052008925195,0.020671290952289766
3913,-0.8915330469608307,-0.24657277277640982,0.018957641898399515
3914,0.23175981640815735,-0.19873951385795313,0.02009590904870852
3915,-0.5483201146125793,-0.23369757393341573,0.01926164810925992
3916,0.10826259851455688,-0.19950155668861846,0.020077593807839578
3917,0.41845327615737915,-0.1377060734040187,0.021578945320648066
3918,-0.21959447860717773,-0.1458949139243346,0.021378287207550365
3919,-0.11702632904052734,-0.14300805543595388,0.02144897338117859
3920,-0.6976050436496735,-0.19846775425732582,0.020102441952917827
3921,-0.47198450565338135,-0.2258194293969314,0.019448559170781966
3922,-0.7564102411270142,-0.2788785105699397,0.01820333002086736
3923,-0.9757229685783386,-0.3485629563707795,0.016622487885518757
3924,0.31459835171699524,-0.28224682556200203,0.01812541772267702
3925,-0.3605816960334778,-0.2900803126091496,0.01794478173210473
3926,-0.33008772134780884,-0.29408105348301555,0.01785283316668987
3927,-0.04603511095046997,-0.26927645922976096,0.018426213723716816
3928,-0.24566438794136047,-0.26691525210092093,0.01848119638645031
3929,0.034766197204589844,-0.23674710717036987,0.019189477204115034
3930,0.4505457729101181,-0.16801781916232109,0.020838639408377373
3931,0.7063236311078072,-0.08058367413530829,0.02298975758686917
3932,0.3507736325263977,-0.03744794346913769,0.024064238793481338
3933,0.5962600111961365,0.025922851997389716,0.02564792617221434
3934,0.988867312669754,0.12221729806462613,0.02804030973344229
3935,1.0603928864002228,0.21603485689818577,0.030318389426162714
3936,0.34035155177116394,0.2284665263854836,0.030614317965537853
3937,0.07289493083953857,0.2129093668308891,0.030243738994996827
3938,-0.028879165649414062,0.18873051358285878,0.02966302939502384
3939,-0.21155041456222534,0.14870242076835039,0.02869039932631431
3940,-0.2353183627128601,0.11030034242022933,0.027746379945857227
3941,-0.5032395720481873,0.04894635097338768,0.026222682518293294
3942,-0.4036726951599121,0.003684446360057707,0.025092110742196264
3943,-0.970063328742981,-0.09369033115024614,0.02266457109586818
3944,-0.048853933811187744,-0.0892066914163403,0.022775729711237837
3945,-0.6268891990184784,-0.1429749421765541,0.021449784514428454
3946,-0.3022303581237793,-0.1589004837712766,0.02106058810984414
3947,-0.5205980539321899,-0.19507024078736795,0.02018417415407576
3948,-0.14563101530075073,-0.19012631823870624,0.02030329828323932
3949,0.41353604197502136,-0.12976008221733348,0.02177408330316791
3950,0.5088956356048584,-0.0658945104351143,0.023355017435737646
3951,0.3142877519130707,-0.02787628420029581,0.024303273358100386
3952,0.06263291835784912,-0.018825363944481317,0.024529421490192816
3953,0.16508018970489502,-0.00043480857954368915,0.024989129786196444
3954,-0.013914108276367188,-0.0017827385492260389,0.024955431583484483
3955,0.5367608666419983,0.052071621969896384,0.026300615242296984
3956,0.5802486836910248,0.10488932814200921,0.02761265893171353
3957,0.2658911645412445,0.12098951178193273,0.028010064536419483
3958,0.3706730008125305,0.1459578606849925,0.028623253421003303
3959,-0.2556595206260681,0.10579612255388646,0.027635079070539754
3960,0.10177004337310791,0.10539351463580861,0.027625125273330088
3961,-0.18234628438949585,0.07661953473327818,0.026911748823969385
3962,-0.8950830698013306,-0.020550725720182683,0.02448630417174435
3963,-0.8968697190284729,-0.10818262505101169,0.02230593615706294
3964,-0.8788505792617798,-0.18524942047208848,0.020421024475496468
3965,-0.19962605834007263,-0.18668708425888692,0.02038629778985447
3966,-0.1473679542541504,-0.18275517125841326,0.02048131624614409
3967,-0.9523322880268097,-0.25971288293525285,0.01864932593163207
3968,-0.42156434059143066,-0.27589802870087066,0.018272390521062578
3969,-0.4304509460926056,-0.29135332044004414,0.01791550168596889
3970,-0.24458962678909302,-0.286676951074949,0.018023164508001226
3971,-0.2852240800857544,-0.2865316639760295,0.01802651394010598
3972,0.1994127631187439,-0.23793722126655217,0.019161339381748094
3973,0.38532108068466187,-0.17561139107143078,0.020654296551893117
3974,0.3871195316314697,-0.11933829880114075,0.022030625408850507
3975,0.24361956119537354,-0.08304251280148933,0.02292869626999237
3976,-0.44001901149749756,-0.11874016267109014,0.02204536890268692
3977,-0.47639000415802,-0.1545051468197831,0.021167816666402432
3978,0.34422966837882996,-0.10463166529992182,0.02239371245863741
3979,-0.12515056133270264,-0.1066835549031999,0.022342983658949444
3980,-0.2959967851638794,-0.12561487792926784,0.02187604187321013
3981,-0.5467774868011475,-0.1677311388164558,0.020845608172529798
3982,-0.5813829600811005,-0.20909632094292024,0.019847465792176732
3983,-0.6659754514694214,-0.2547842339955703,0.018764734607758085
3984,-0.43294742703437805,-0.2726005532994511,0.01834892519723982
3985,-0.6393762230873108,-0.3092781202782371,0.017505494157209298
3986,-0.25134891271591187,-0.3034851995220046,0.017637530010680216
3987,-0.542030394077301,-0.3273397189775342,0.01709679063968517
3988,0.3095121830701828,-0.2636545287727625,0.01855723630088408
3989,0.052192628383636475,-0.23206981305712263,0.01930021250495252
3990,0.48034389317035675,-0.16082844243437472,0.021013600273434234
3991,0.6710961163043976,-0.0776359865604975,0.023062990448973447
3992,-0.055738985538482666,-0.07544628645829601,0.023117413467173314
3993,0.09027406573295593,-0.058874251239170824,0.02352984193621871
3994,0.3072580099105835,-0.0222610251241954,0.02444356628303572
3995,-0.0790906548500061,-0.02794398809677647,0.02430158207849685
3996,0.1164398193359375,-0.013505607353505077,0.024662380343348816
3997,0.36206376552581787,0.024051329934427206,0.025601167334448494
3998,-0.09356239438056946,0.01228995750292754,0.025307233469234976
3999,-12.724122136831284,-1.2613512519304935,0.003714094799703411
4000,-10.810274243354797,-2.2162435510729237,0.0005872651133645783
4001,-11.125008285045624,-3.1071200244701935,9.983706409036676e-05
4002,-9.673897087574005,-3.7637977307805746,2.688705481456034e-05
4003,-11.442071557044983,-4.531625113407015,5.791621003518498e-06
4004,-9.388383269309998,-5.017300928997313,2.1926976106808216e-06
4005,-9.456967771053314,-5.461267613202914,9.02329985031267e-07
4006,-8.650169968605042,-5.780157848743126,4.768530293304675e-07
4007,-9.482755810022354,-6.150417644871049,2.2739616706890947e-07
4008,-7.791387975215912,-6.314514677905535,1.6377621151920409e-07
4009,-8.148640513420105,-6.497927261456993,1.1348569239277435e-07
4010,-7.225554049015045,-6.570689940212798,9.811612445939812e-08
4011,-6.255568772554398,-6.539177823446958,1.0449882491611975e-07
4012,-4.392306298017502,-6.324490670904012,1.6054094366603412e-07
4013,-3.977199077606201,-6.089761511574231,2.567249827087409e-07
4014,-5.382552325725555,-6.019040592989364,2.957298778368633e-07
4015,-3.6899996995925903,-5.786136503649686,4.711851574375969e-07
4016,-2.2649106979370117,-5.434013923078418,9.528777911557472e-07
4017,-2.272604763507843,-5.117873007121361,1.793190446602466e-06
4018,-2.4254696369171143,-4.848632670100936,3.072376894533289e-06
4019,-3.1838778853416443,-4.682157191625007,4.286104058285726e-06
4020,-1.632840871810913,-4.377225559643597,7.886633938022904e-06
4021,-1.0100610852241516,-4.0405091122016525,1.546301049123248e-05
4022,-1.5599901676177979,-3.7924572177432667,2.5390013303522396e-05
4023,-0.8701828718185425,-3.5002297831507945,4.553164916746912e-05
4024,-0.5331308841705322,-3.2035198932527686,8.23591824984203e-05
4025,-0.8725400567054749,-2.970421909598039,0.0001311455935873994
4026,-0.8214896321296692,-2.755528681851202,0.00020127803994815982
4027,-1.122191846370697,-2.592194998303152,0.00027860655085675917
4028,-1.0036572217941284,-2.4333412206522493,0.0003820022366611221
4029,-1.0500280261039734,-2.295009901197422,0.0005025308427807842
4030,-1.57935631275177,-2.2234445423528566,0.0005789651778930087
4031,-1.1217584609985352,-2.1132759342174245,0.0007196243590530933
4032,-1.2134308815002441,-2.0232914289457065,0.0008590820777305008
4033,-1.4992681741714478,-1.9708891034682807,0.0009521974855892384
4034,-1.5865004658699036,-1.932450239708443,0.001026725137628353
4035,-2.3659593164920807,-1.975801147386807,0.0009430643868725393
4036,-1.037162959575653,-1.8819373286056915,0.001133397246863784
4037,-1.5791516602039337,-1.8516587617655156,0.0012024516911292441
4038,-1.8798906207084656,-1.8544819476598104,0.0011958432595119007
4039,-1.9819856882095337,-1.8672323217147828,0.0011664363120385195
4040,-2.069176435470581,-1.8874267330903627,0.0011212994805323872
4041,-1.456721842288971,-1.8443562440102235,0.0012197108618120754
4042,-1.705971211194992,-1.8305177407287003,0.0012530824602861531
4043,-1.4444591999053955,-1.7919118866463697,0.0013509506036509275
4044,-1.3860278129577637,-1.7513234792775092,0.0014618505268245128
4045,-1.2723726630210876,-1.7034283976518672,0.0016040929393135882
4046,-1.3592823147773743,-1.669013789364418,0.001714470589701924
4047,-1.3390098810195923,-1.6360133985299354,0.0018271700886100064
4048,-1.2178279757499695,-1.594194856251939,0.001980249187445345
4049,-0.3496915102005005,-1.4697445216467953,0.002511782318414895
4050,-1.666321873664856,-1.4894022568486014,0.002419632605568432
4051,-1.1653364300727844,-1.4569956741710195,0.0025733119382666415
4052,-1.573486566543579,-1.4686447634082753,0.0025170346816610484
4053,-0.8247261047363281,-1.4042528975410806,0.0028433132851327
4054,-1.5304705500602722,-1.4168746627929998,0.0027763719883064923
4055,-1.0727869868278503,-1.3824658951964848,0.0029624438682798464
4056,-1.293888807296753,-1.3736081864065115,0.003012202581454206
4057,-0.5995841026306152,-1.2962057780289218,0.0034814199678880053
4058,-1.0233193635940552,-1.2689171365854353,0.0036624026581759147
4059,-0.5780379772186279,-1.1998292206487546,0.0041599372880431855
4060,-0.6563327312469482,-1.1454795717085742,0.0045937246919253785
4061,-1.4109272360801697,-1.1720243381457336,0.004376998964898029
4062,-1.2173945307731628,-1.1765613574084766,0.004340894114599315
4063,-1.5489232540130615,-1.213797547068935,0.004054624597033879
4064,-1.8456905484199524,-1.2769868472040367,0.003607999109411213
4065,-2.18569815158844,-1.367857977642477,0.0030449223347462284
4066,-2.4681851863861084,-1.47789069851684,0.0024731988403747535
4067,-2.630480855703354,-1.5931497142354916,0.0019842283623922995
4068,-1.8921669721603394,-1.6230514400279763,0.0018733588818215354
4069,-1.9893020987510681,-1.6596765059002854,0.001745660088420907
4070,-2.052396237850189,-1.6989484790952758,0.001618062731572946
4071,-1.3431859612464905,-1.6633722273103975,0.0017332503418951138
4072,-1.0784758031368256,-1.6048825848930401,0.0019399945688881757
4073,-1.818606048822403,-1.6262549312859764,0.0018618401813040716
4074,-1.0496466159820557,-1.5685940997555845,0.0020799538727089917
4075,-1.0060880780220032,-1.5123434975822263,0.0023161487774504387
4076,-0.7418960332870483,-1.4352987511527084,0.002681316017740628
4077,-0.34131425619125366,-1.3259003016565631,0.0032939058484279223
4078,-1.0252679586410522,-1.2958370673550121,0.0034838092443200777
4079,-0.9689197540283203,-1.263145336022343,0.0037017767722413754
4080,-1.7318354845046997,-1.3100143508705788,0.0033930239006697855
4081,-1.400944083929062,-1.319107324176427,0.003335955965902169
4082,-1.2207744121551514,-1.3092740329742996,0.0033977098110008577
4083,-1.449543833732605,-1.3233010130501301,0.0033099375447014135
4084,-0.9510867595672607,-1.2860795877018434,0.0035475922166365993
4085,-1.8769611716270447,-1.3451677460943636,0.003177302547948332
4086,-1.134934663772583,-1.3241444378621856,0.003304727603361977
4087,-1.495241641998291,-1.3412541582757962,0.0032006712197050653
4088,-0.7251673936843872,-1.2796454818166554,0.0035902392191211083
4089,-0.8735442161560059,-1.2390353552505904,0.0038704937524339485
4090,-1.0654115676879883,-1.2216729764943302,0.0039963255250749985
4091,-1.9133716821670532,-1.2908428470616025,0.0035163219644547532
4092,-1.3146124482154846,-1.2932198071769907,0.0035008129576108386
4093,-1.5858092308044434,-1.3224787495397359,0.0033150241155820367
4094,-1.8448435068130493,-1.3747152252670674,0.0030059412124700848
4095,-2.030510365962982,-1.4402947393366587,0.002656073902628593
4096,-1.2749096155166626,-1.423756226954659,0.0027405022082723253
4097,-1.5609211325645447,-1.4374727175156479,0.002670304410168687
4098,-1.378963589668274,-1.4316218047309106,0.0027000380911038056
4099,-1.0549285411834717,-1.3939524783761668,0.0028990639738101947
4100,-1.157430648803711,-1.3703002954189212,0.003030984683804815
4101,-0.7967656850814819,-1.3129468343851773,0.003374521296656288
4102,-0.4510266184806824,-1.2267548127947279,0.003959113778910813
4103,-1.1408662796020508,-1.2181659594754601,0.004022191625296631
4104,-1.1103479266166687,-1.207384156189581,0.004102672454661585
4105,-1.3281853199005127,-1.2194642725606741,0.004012598119794421
4106,-0.4301767945289612,-1.1405355247575029,0.004635141444565166
4107,-0.16238880157470703,-1.0427208524392233,0.005525994187098283
4108,-1.2337344884872437,-1.0618222160440254,0.005340992945970111
4109,-1.1018545627593994,-1.065825450715563,0.0053029183950049205
4110,-0.2697397470474243,-0.986216880348749,0.00610638585531097
4111,-0.8504317998886108,-0.9726383723027351,0.0062534647534405845
4112,-1.1530066132545471,-0.9906751963979162,0.006058747941847568
4113,-1.8387565612792969,-1.0754833328860542,0.00521204632006156
4114,-1.6947739124298096,-1.1374123908404299,0.004661476729765779
4115,-1.1900407075881958,-1.1426752225152066,0.004617175998544645
4116,-0.8630071878433228,-1.1147084190480183,0.004856988719651157
4117,-0.9500287771224976,-1.0982404548554663,0.005003347499930446
4118,-0.6822423934936523,-1.056640648719285,0.005390631769880142
4119,-0.644631028175354,-1.0154396866648918,0.005799935901086427
4120,-0.6140158772468567,-0.9752973057230883,0.006224426816795778
4121,-0.3037979006767273,-0.9081473652184522,0.00699395350954688
4122,-1.0976966619491577,-0.9271022948915227,0.0067689992695160175
4123,-1.7203645706176758,-1.006428522464138,0.005892980501839945
4124,-1.1053333580493927,-1.0163190060226635,0.005790925182674858
4125,-1.4914710521697998,-1.063834210637377,0.005321826980315782
4126,-1.0554123520851135,-1.0629920247821507,0.005329842136335854
4127,-1.5218315124511719,-1.1088759735490528,0.004908382321137868
4128,-1.2656352519989014,-1.1245519013940375,0.004771339853375182
4129,-1.4624886512756348,-1.1583455763821973,0.0044875004367524295
4130,-0.5416810512542725,-1.096679123869405,0.005017425410433405
4131,-0.5854551196098328,-1.0455567234434477,0.005498177611641329
4132,-0.6909512281417847,-1.0100961739132814,0.005854955158249135
4133,-0.7338067889213562,-0.982467235414089,0.006146700804754525
4134,-1.1034839153289795,-0.994568903405578,0.006017405409717424
4135,-1.2228406071662903,-1.0173960737816492,0.005779904640386758
4136,-1.1981379389762878,-1.035470260301113,0.005597674897451527
4137,0.026051461696624756,-0.9293180881013393,0.006743104796397491
4138,-0.433729887008667,-0.879759267992072,0.007342532501166695
4139,-1.1846943497657776,-0.9102527761694426,0.006968661087405488
4140,-0.3072364330291748,-0.8499511418554158,0.007723901391169404
4141,-1.174919843673706,-0.8824480120372449,0.0073089103584837835
4142,-1.2798076272010803,-0.9221839735536284,0.006826776083488891
4143,-1.818678379058838,-1.0118334141041492,0.005837018250880828
4144,-1.0494275093078613,-1.0155928236245204,0.005798365773199229
4145,-0.5004355907440186,-0.9640771003364702,0.006347751148663625
4146,-0.5637140274047852,-0.9240407930433017,0.0068049149078961094
4147,-0.6011068820953369,-0.8917474019485052,0.00719360664139008
4148,-1.2325934171676636,-0.925832003470421,0.006783882094433875
4149,-1.0983847379684448,-0.9430872769202234,0.006584062999207586
4150,-1.6190531253814697,-1.010683861766348,0.005848881969483713
4151,-2.5685940384864807,-1.1664748794383613,0.004421529625100037
4152,-0.1959918737411499,-1.0694265788686401,0.005268872845943519
4153,-0.8386213779449463,-1.0463460587762707,0.005490457018334266
4154,-0.825164794921875,-1.0242279323908312,0.0057104250280259235
4155,-0.727262407541275,-0.9945313799058756,0.006017802661467846
4156,-0.918224036693573,-0.9869006455846453,0.006099058822089511
4157,-0.794771820306778,-0.9676877630568586,0.006307839177025598
4158,-1.2833874225616455,-0.9992577290073372,0.005967943877114751
4159,-1.3404077887535095,-1.0333727349819544,0.005618562447450347
4160,-1.3844231367111206,-1.068477775154871,0.005277824208235422
4161,-1.2624424695968628,-1.0878742445990701,0.005097476011506252
4162,-0.5937559604644775,-1.0384624161856109,0.005567995918741736
4163,-1.219818651676178,-1.0565980397346677,0.005391041635443036
4164,-1.479676604270935,-1.0989058961882945,0.004997358152927185
4165,-0.9397292137145996,-1.0829882279409249,0.005142384662118857
4166,-2.227275013923645,-1.1974169065391969,0.004178374667663826
4167,-0.9288980960845947,-1.1705650254937365,0.004388669518277267
4168,-0.7599168419837952,-1.1295002071427422,0.004728796505829728
4169,-1.5583230257034302,-1.172382488998811,0.004374139018033231
4170,-1.0581618547439575,-1.1609604255733257,0.0044661842229265945
4171,-0.838503360748291,-1.1287147190908222,0.004735527029346088
4172,-0.24845391511917114,-1.0406886386936571,0.005546003560468528
4173,-1.0272763967514038,-1.039347414499432,0.0055592440965226714
4174,-1.353638082742691,-1.0707764813237577,0.0052561604555341375
4175,-2.172057032585144,-1.1809045364498962,0.00430658451220026
4176,-1.041683554649353,-1.166982438269842,0.004417439870763395
4177,-1.0882723927497864,-1.1591114337178365,0.004481247699841025
4178,-0.08635324239730835,-1.0518356145857837,0.005437025445113399
4179,-0.6187245845794678,-1.0085245115851522,0.005871223655420273
4180,-0.9095604717731476,-0.9986281076039518,0.005974565147588373
4181,-0.5984722971916199,-0.9586125265627187,0.006408566430663183
4182,-0.7338407635688782,-0.9361353502633346,0.0066639601062922485
4183,-0.3856559693813324,-0.8810874121751344,0.007325908379805815
4184,-0.8228210210800171,-0.8752607730656227,0.007399071394824422
4185,-0.9343873262405396,-0.8811734283831143,0.007324832807422853
4186,-0.9047126173973083,-0.8835273472845337,0.007295449446733553
4187,-1.521523505449295,-0.9473269631010098,0.006535737090582311
4188,-2.1598193645477295,-1.0685762032456818,0.005276894978336302
4189,-1.3858826160430908,-1.1003068445254227,0.004984769658793375
4190,-0.7403289079666138,-1.0643090508695419,0.005317312566851361
4191,-1.2449333667755127,-1.082371482460139,0.005148078163892332
4192,-1.0701377391815186,-1.081148108132277,0.005159388289493701
4193,-0.9130550026893616,-1.0643387975879852,0.005317029870398646
4194,-1.68776535987854,-1.1266814538170407,0.004752989093679889
4195,-1.0174531936645508,-1.1157586278017917,0.004847785797412213
4196,-0.9897933006286621,-1.1031620950844787,0.00495920052753996
4197,-0.958842009305954,-1.0887300865066263,0.00508964561816813
4198,-1.267140954732895,-1.1065711733292531,0.004928824721547508
4199,-1.4981664419174194,-1.1457307001880697,0.004591629866786845
4200,-1.3955695927143097,-1.1707145894406936,0.004387472119043836
4201,-0.7332165241241455,-1.1269647829090388,0.004750552359144095
4202,-2.10858753323555,-1.2251270579416897,0.00397099840833715
4203,-1.1444010734558105,-1.2170544594931019,0.004030421354396624
4204,-1.59112548828125,-1.2544615623719166,0.003761749924255765
4205,-0.9184021949768066,-1.2208556256324057,0.004002340310356825
4206,-0.4983818531036377,-1.148608248379529,0.0045676876032354026
4207,-2.5292389392852783,-1.286671317470104,0.0035436936512734975
4208,-0.568378210067749,-1.2148420067298686,0.00404684845668174
4209,-0.3352416753768921,-1.126881973594571,0.0047512644340836855
4210,-0.8157508969306946,-1.0957688659281832,0.005025649080477603
4211,-0.17707020044326782,-1.0038989993796916,0.005919330515548919
4212,0.27194517850875854,-0.8763145815908466,0.007385794524005836
4213,-0.4267388582229614,-0.8313570092540581,0.00796990042935194
4214,-0.8242863416671753,-0.8306499424953698,0.007979379000730848
4215,-0.7084044218063354,-0.8184253904264664,0.00814470164908257
4216,-0.7996144890785217,-0.816544300291672,0.008170384654976449
4217,-1.2053970098495483,-0.8554295712474597,0.007652615712042199
4218,-2.0720885396003723,-0.9770954680827509,0.006204854892347507
4219,-0.9042582511901855,-0.9698117463934944,0.00628446128030305
4220,-1.982676088809967,-1.0710981806351416,0.005253134924257642
4221,-1.910807728767395,-1.1550691354483669,0.004514339358395295
4222,-1.4735115766525269,-1.186913379568783,0.004259521736435373
4223,-1.89851775765419,-1.2580738173773236,0.00373669476698923
4224,-1.7465616464614868,-1.30692260028574,0.0034126332393566634
4225,-1.4721847474575043,-1.3234488150029162,0.0033090240022639003
4226,-1.1971941590309143,-1.310823349405716,0.0033879101220347786
4227,-2.059636890888214,-1.3857047035539658,0.002944442709745844
4228,-2.7332868576049805,-1.5204629189590673,0.002280542581811276
4229,-2.0767018795013428,-1.5760868150132947,0.0020502858252511953
4230,-1.419167160987854,-1.5603948496107507,0.0021128899758987014
4231,-0.5572052001953125,-1.4600758846692068,0.0025583166132956206
4232,-2.248057723045349,-1.538874068506821,0.0022017255681452746
4233,-0.8995581865310669,-1.4749424803092455,0.0024870974461218913
4234,-0.2721114158630371,-1.3546593738646246,0.0031212856167441017
4235,-2.063179671764374,-1.4255114036545995,0.0027314235540546574
4236,-0.6506953835487366,-1.348029801644013,0.0031603135322196396
4237,-0.25987619161605835,-1.2392144406412176,0.003869214961370808
4238,-0.022790610790252686,-1.1175720576561212,0.00483193145002365
4239,-1.7443967461585999,-1.180254526506369,0.00431170369049698
4240,-1.0848021507263184,-1.1707092889283641,0.004387514549553643
4241,-1.0476904511451721,-1.1584074051500448,0.004486995352599432
4242,-1.3103914558887482,-1.1736058102239153,0.004364383151825843
4243,-2.2825967669487,-1.2845049058963938,0.003557986189833923
4244,-1.9278978109359741,-1.348844196400352,0.00315549482935324
4245,-1.7284155488014221,-1.3868013316404588,0.002938370968597885
4246,-1.8696443438529968,-1.4350856328617125,0.002682397810342093
4247,-1.1043568551540375,-1.402012755090945,0.002855351608010908
4248,-0.2986915111541748,-1.291680630697268,0.003510848424100996
4249,-0.11634868383407593,-1.1741474360109487,0.004360070027662202
4250,-0.8335064649581909,-1.140083338905673,0.004638946136389224
4251,0.30745360255241394,-0.9953296447598643,0.006009356514758428
4252,-0.6536257266998291,-0.9611592529538608,0.006380162289891757
4253,-0.4497798681259155,-0.9100213144710664,0.006971437895267377
4254,-1.5030127167701721,-0.9693204547009768,0.006289862141619737
4255,-0.6063997745513916,-0.9330283866860183,0.006699932319015505
4256,-0.8511091470718384,-0.9248364627246003,0.0067955651940544625
4257,-2.3741884231567383,-1.069771658767814,0.005265620558434769
4258,-0.6784971952438354,-1.0306442124154163,0.005645835432737957
4259,-0.4751356244087219,-0.9750933536147468,0.0062266500545970615
4260,-1.2644840478897095,-1.004032423042243,0.005917938098295984
4261,-1.023266315460205,-1.0059558122840393,0.005897896985064136
4262,-1.4711520671844482,-1.0524754377740801,0.005430827637947177
4263,-1.42369544506073,-1.0895974385027452,0.005081720798353347
4264,-0.5859591960906982,-1.0392336142615404,0.005560368801908045
4265,-1.098649501800537,-1.04517520301544,0.005501912723385929
4266,-1.7235280871391296,-1.113010491427809,0.004871900548564565
4267,-1.3738798201084137,-1.1390974242958696,0.004647251343826993
4268,-1.4947305023670197,-1.1746607321029845,0.004355986059568719
4269,-1.6699153780937195,-1.224186196702058,0.003977882720447147
4270,-1.3474121689796448,-1.2365087939298167,0.0038885764187930744
4271,-1.5556575655937195,-1.2684236710962071,0.0036657538500617405
4272,-1.6181342601776123,-1.3033947300043478,0.00343513692132059
4273,-1.1033921241760254,-1.2833944694215156,0.0035653327265224425
4274,-0.9509243965148926,-1.2501474621308533,0.0037918753660245324
4275,-1.6974888443946838,-1.2948816003572363,0.003490007811838959
4276,-0.6217101812362671,-1.2275644584451395,0.003953214475922733
4277,-1.5874428749084473,-1.2635523000914703,0.003698987826666811
4278,-2.4964089393615723,-1.3868379640184805,0.002938168347509054
4279,-1.6365891695022583,-1.4118130845668584,0.0028030367510981447
4280,-0.6401256322860718,-1.33464433933878,0.003240503412579069
4281,-1.0724040865898132,-1.3084203140638833,0.003403120951678449
4282,-0.46996980905532837,-1.2245752635630278,0.0039750345844730755
4283,-0.817814290523529,-1.1838991662590779,0.004283071230123618
4284,-0.5747936964035034,-1.1229886192735206,0.004784851266377879
4285,-0.019807636737823486,-1.012670521019951,0.005828392206671676
4286,-0.25580894947052,-0.9369843638650078,0.006654158758635173
4287,0.33774638175964355,-0.8095112893025427,0.00826698563303299
4288,-0.17390865087509155,-0.7459510254597976,0.009181820580303797
4289,-0.6546478271484375,-0.7368207056286615,0.009319488411839981
4290,0.17570450901985168,-0.6455681841638102,0.010783026540024632
4291,-0.6481970846652985,-0.645831074213959,0.010778580391597344
4292,-0.5405197739601135,-0.6352999441885745,0.010957728919248315
4293,-0.4857772886753082,-0.6203476786372479,0.011215748596283071
4294,-0.897400975227356,-0.6480530082962588,0.0107410548700492
4295,-1.1372246146202087,-0.6969701689286537,0.0099389724679382
4296,-0.6396764516830444,-0.6912407972040928,0.010030537025866815
4297,-1.2991119623184204,-0.7520279137155256,0.009091069525156427
4298,-1.5932109355926514,-0.8361462159032382,0.007905938872615884
4299,-1.7414064407348633,-0.9266722383864007,0.006774034756344673
4300,-1.7121303081512451,-1.0052180453628852,0.005905577325334109
4301,-1.213858962059021,-1.0260821370324988,0.005691693801517236
4302,-1.8242530822753906,-1.105899231556788,0.004934798762206507
4303,-1.0590996146202087,-1.10121926986313,0.004976586054061336
4304,-1.8048193454742432,-1.1715792774242413,0.004380555269890569
4305,-1.7112548351287842,-1.2255468331946955,0.003967930412654512
4306,-1.1517746448516846,-1.2181696143603944,0.0040221645892372605
4307,-1.3465640246868134,-1.2310090553930364,0.003928205909644162
4308,-0.9383570104837418,-1.201743850902107,0.0041453564070238775
4309,-0.3093360662460327,-1.1125030724364997,0.004876364809700853
4310,-0.7538570761680603,-1.0766384728096559,0.005201270086905339
4311,-1.387272447347641,-1.1077018702634542,0.0049187865592183995
4312,-0.23353642225265503,-1.0202853254623743,0.0057504318745428065
4313,-0.2991001009941101,-0.9481668030155478,0.006526200042060898
4314,-1.8443697690963745,-1.0377870996236305,0.005574682284998468
4315,-0.5003645420074463,-0.9840448438620121,0.006129711061465621
4316,-1.1840625405311584,-1.0040466135289268,0.005917790022220367
4317,0.6475116014480591,-0.8388907920312283,0.007869472361545591
4318,-0.07866936922073364,-0.7628686497501789,0.00893091130236486
4319,0.4518866539001465,-0.6413931193851463,0.010853815867687744
4320,-1.1297711730003357,-0.6902309247466653,0.010046741747041668
4321,-0.9159334897994995,-0.7128011812519487,0.009689240600522661
4322,-0.37870335578918457,-0.6793913987056723,0.01022191004079291
4323,-1.7680347561836243,-0.7882557344534675,0.00856450553219711
4324,-1.118568480014801,-0.8212870090096009,0.008105755987618871
4325,-1.15272918343544,-0.8544312264521849,0.007665565953340507
4326,-2.2736626863479614,-0.9963543724417625,0.0059985292522828386
4327,-0.6933497190475464,-0.9660539071023408,0.006325873023534708
4328,-1.2269042134284973,-0.9921389377349564,0.006043177606559961
4329,-1.9411614537239075,-1.0870411893338514,0.005105108176783888
4330,-1.2798629403114319,-1.1063233644316095,0.004931027168961056
4331,-1.0440925359725952,-1.100100281585708,0.004986623996332632
4332,-0.9881508350372314,-1.0889053369308603,0.005088043507618749
4333,-1.4901114702224731,-1.1290259502600217,0.004732859192289919
4334,-0.6466524004936218,-1.0807885952833818,0.005162716172585242
4335,-0.9451695680618286,-1.0672266925612264,0.0052896478819285195
4336,-0.9687193036079407,-1.0573759536658978,0.005383563018114293
4337,-1.0494575500488281,-1.0565841133041909,0.005391175602901723
4338,-0.9593711495399475,-1.0468628169277665,0.005485407687604765
4339,-1.171977549791336,-1.0593742902141234,0.005364393451825179
4340,-1.0060244798660278,-1.0540393091793139,0.005415704916581631
4341,-0.8717760741710663,-1.0358129856784892,0.00559426843096559
4342,-0.8530361354351044,-1.0175353006541508,0.00577848140438646
4343,-0.3067619204521179,-0.9464579626339474,0.00654561774277752
4344,-0.761599987745285,-0.9279721651450812,0.006758823700296877
4345,-1.9130779504776,-1.026482743678333,0.005687653903111954
4346,-1.9061353206634521,-1.114448001376845,0.004859273156661255
4347,-2.529029428958893,-1.2559061441350496,0.0037517116170662983
4348,-0.8522927165031433,-1.215544801371859,0.00404162371447007
4349,-1.0483055114746094,-1.198820872382134,0.004167635105205476
4350,-0.9465318918228149,-1.1735919743262022,0.004364493381643654
4351,-2.2296767234802246,-1.2792004492416045,0.003593206441057536
4352,-0.4735356569290161,-1.1986339700103457,0.004169063355747932
4353,-1.3486643433570862,-1.2136370073450198,0.004055821043777548
4354,-0.4537658095359802,-1.137649887564116,0.004659469372872547
4355,-0.5422757267951965,-1.078112471487224,0.005187547840662899
4356,-1.132619023323059,-1.0835631266708075,0.005137082490730228
4357,-0.6047106981277466,-1.0356778838165015,0.005595611038873347
4358,-0.7402386665344238,-1.0061339620882936,0.005896043697952402
4359,0.012869954109191895,-0.9042335704685451,0.00704117438422844
4360,-2.0437073707580566,-1.0181809504974964,0.00577188528030392
4361,-0.0121840238571167,-0.9175812578334585,0.006881220923312357
4362,-0.4814143180847168,-0.8739645638585842,0.007415429298359211
4363,-0.3922959566116333,-0.8257977031338892,0.008044672121341594
4364,-0.28666412830352783,-0.7718843456508531,0.008799404283149518
4365,-0.6077400743961334,-0.7554699185253811,0.00903997755579204
4366,0.040766775608062744,-0.6758462491120367,0.01027969033991658
4367,-0.5186475515365601,-0.660126379354489,0.010538812204452915
4368,-0.405184268951416,-0.6346321683141818,0.01096916057673153
4369,-0.7789376974105835,-0.6490627212238219,0.010724033548164959
4370,-0.9052064120769501,-0.6746770903091347,0.010298798771121415
4371,-1.4192602634429932,-0.7491354076225205,0.009134178360823437
4372,-1.1206377148628235,-0.7862856383465509,0.008592507239763184
4373,-0.9908130466938019,-0.8067383791812759,0.00830532353931965
4374,-0.8429105877876282,-0.8103556000419111,0.00825534051801193
4375,-0.6427537798881531,-0.7935954180265353,0.008488974688407907
4376,-1.7325188517570496,-0.8874877613995867,0.007246233235652795
4377,-0.7804118394851685,-0.8767801692081449,0.007379934889114959
4378,-1.998219072818756,-0.988924059569206,0.006077420831199816
4379,-0.8189019858837128,-0.9719218522006566,0.0062613096291980865
4380,-0.7866493463516235,-0.9533946016157533,0.006467099917621704
4381,-1.4775605201721191,-1.0058111934713898,0.0058994018213493335
4382,-1.5832796096801758,-1.0635580350922684,0.005324454196290772
4383,-0.41691213846206665,-0.9988934454292483,0.005971774008909593
4384,-1.2771750092506409,-1.0267216018113876,0.005685246339365018
4385,-0.4784036874771118,-0.97188981037796,0.00626166063847162
4386,-1.3323449492454529,-1.0079353242647093,0.005877332508414081
4387,-0.4583095908164978,-0.9529727509198882,0.006471851975725637
4388,-0.7157472670078278,-0.9292502025286822,0.006743896885905991
4389,-1.214220941066742,-0.9577472763824881,0.00641824125659726
4390,-0.05825355648994446,-0.8677979043932338,0.007493660654738033
4391,-0.7581111788749695,-0.8568292318414074,0.007634489905149352
4392,-0.4475034475326538,-0.815896653410532,0.00817924221228204
4393,-0.20654988288879395,-0.7549619763583582,0.009047503181444911
4394,0.15086621046066284,-0.6643791576764561,0.010468241429285565
4395,-0.18701589107513428,-0.6166428310163239,0.011280343772703795
4396,-0.10990875959396362,-0.5659694238740879,0.01219017354647113
4397,-1.092650294303894,-0.6186375109170685,0.011245533188347956
4398,-0.5714865922927856,-0.6139224190546403,0.01132794260245887
4399,-0.5762879252433777,-0.610158969673514,0.011394025199683674
4400,-0.4358050227165222,-0.5927235749778148,0.011703709902660035
4401,-1.8968368768692017,-0.7231349051669534,0.009528815488343594
4402,-1.1602330207824707,-0.7668447167285052,0.008872725939823299
4403,-1.4524443745613098,-0.8354046825117856,0.007915814965385268
4404,-0.7118166089057922,-0.8230458751511862,0.008081893026943667
4405,-0.7486076354980469,-0.8156020511858723,0.008183273901629031
4406,-0.7988892793655396,-0.8139307740038391,0.00820617591699777
4407,-0.6558941602706909,-0.7981271126305243,0.008425289491653045
4408,-1.0152953267097473,-0.8198439340384466,0.008125376944902979
4409,-0.5511598587036133,-0.7929755265049632,0.0084977159107793
4410,-0.605903148651123,-0.7742682887195791,0.008764886617815864
4411,-0.17253899574279785,-0.714095359421901,0.009669037386890459
4412,-0.8167027533054352,-0.7243560988102544,0.009509991958921946
4413,-1.5564161539077759,-0.8075621043200066,0.008293919976775784
4414,-1.074667751789093,-0.8342726690669152,0.007930910970627755
4415,-1.5451140701770782,-0.9053568091779315,0.007027595030909869
4416,-0.46125996112823486,-0.8609471243729618,0.007581366666211601
4417,-0.9275662302970886,-0.8676090349653746,0.00749606738168436
4418,-0.03570830821990967,-0.7844189622908281,0.008619105894014188
4419,-0.993073582649231,-0.8052844243266684,0.008325482569996276
4420,-1.4474735260009766,-0.8695033344940992,0.007471957499204824
4421,-0.5360873937606812,-0.8361617404207574,0.00790573221673316
4422,-0.7811998128890991,-0.8306655476675915,0.007979169707345421
4423,-1.8466696739196777,-0.9322659602928001,0.006708784683080869
4424,-0.473227322101593,-0.8863620964736794,0.007260193799032211
4425,-0.8917429745197296,-0.8869001842782843,0.007253517618548672
4426,-0.20617741346359253,-0.8188279071968152,0.008139214437255772
4427,-0.792878732085228,-0.8162329896856565,0.008174641337817526
4428,-0.5857891738414764,-0.7931886081012385,0.008494710394722164
4429,-0.13116931915283203,-0.7269866792063978,0.009469540769206199
4430,-1.3224505186080933,-0.7865330631465673,0.008588986519380159
4431,-0.5919137895107269,-0.7670711357829834,0.00886942151009988
4432,-1.6448067426681519,-0.8548446964715002,0.007660200363346941
4433,-1.388366162776947,-0.9081968431020448,0.006993358247915309
4434,-1.3359765112400055,-0.9509748099158408,0.006494398748374765
4435,-1.3900204598903656,-0.9948793749132933,0.006014119395212692
4436,-0.6643245220184326,-0.9618238896238072,0.006372767172583
4437,-1.8002548813819885,-1.0456669887996253,0.005497098520117677
4438,-1.1347825527191162,-1.0545785451915743,0.005410499058575394
4439,-1.4595501869916916,-1.095075709371586,0.005031919388952813
4440,-0.8981236815452576,-1.075380506588953,0.0052130065362458655
4441,-1.121007263660431,-1.0799431822961008,0.005170549346756335
4442,-0.3089492917060852,-1.0028437932370993,0.005930352703635738
4443,-0.8005184531211853,-0.9826112592255078,0.006145148090761986
4444,0.03417152166366577,-0.8809329811365905,0.0073278397599656825
4445,-0.7026244103908539,-0.8631021240620168,0.007553687110981766
4446,-0.323184609413147,-0.8091103725971299,0.00827251986824938
4447,-0.14273250102996826,-0.7424725854404138,0.00923408210561216
4448,-0.2618568539619446,-0.694411012292567,0.009979794025207468
4449,-0.14429736137390137,-0.6393996472007004,0.010887733977418684
4450,-0.6480528116226196,-0.6402649636428923,0.010873001586533709
4451,-1.3392716646194458,-0.7101656337405476,0.009730482827718621
4452,-0.6025323867797852,-0.6994023090444714,0.009900293451002854
4453,-1.8838875591754913,-0.8178508340575734,0.008152539310084476
4454,-0.13443750143051147,-0.7495095007948672,0.009128594091169078
4455,-0.5701443552970886,-0.7315729862450894,0.009399331421947042
4456,0.06003352999687195,-0.6524123346208932,0.010667707641358817
4457,-0.7663365602493286,-0.6638047571837368,0.010477752724008946
4458,0.016472280025482178,-0.5957770534628148,0.011649055010744072
4459,0.1972854733467102,-0.5164708007818624,0.013125710546155887
4460,-0.31362468004226685,-0.49618618870790276,0.013522187172120701
4461,-0.7085085511207581,-0.5174184249491882,0.013107372754125771
4462,0.05815398693084717,-0.4598611837611847,0.014250723360358817
4463,-0.5504121780395508,-0.4689162831890213,0.014066918095607499
4464,-0.5350796580314636,-0.4755326206732655,0.013933532190263956
4465,-0.10397416353225708,-0.4383767749591647,0.014692548727141133
4466,-0.45545098185539246,-0.44008419564878754,0.014657144265385816
4467,-0.8069357573986053,-0.47676935182376934,0.013908685862082316
4468,-0.7149913311004639,-0.5005915497514388,0.013435443674358095
4469,-0.637450635433197,-0.5142774583196147,0.013168217980921874
4470,-1.606787919998169,-0.6235285044874701,0.011160500019262675
4471,-1.0717462301254272,-0.6683502770512658,0.01040265874373264
4472,-1.3476997166872025,-0.7362852210148594,0.009327611689810895
4473,-1.7105960547924042,-0.8337163043926138,0.007938338949863857
4474,-0.3415081202983856,-0.7844954859831911,0.008618014211840351
4475,-0.38745197653770447,-0.7447911350386425,0.00919922173363733
4476,-1.1472346782684326,-0.7850354893616215,0.008610313669556257
4477,-1.229802131652832,-0.8295121535907425,0.00799465077893132
4478,-0.8708392977714539,-0.8336448680088137,0.007939293099928113
4479,-0.9599763453006744,-0.8462780157379997,0.007771999639878759
4480,-0.8404173851013184,-0.8456919526743316,0.007779696489721201
4481,-0.3392246961593628,-0.7950452270228348,0.00846855855321212
4482,-2.069677382707596,-0.9225084425913108,0.006822951704246132
4483,-0.8657029867172241,-0.9168278970039021,0.006890166989155882
4484,-0.7444708347320557,-0.8995921907767175,0.007097518930060976
4485,-1.8455937206745148,-0.9941923437664972,0.006021392977238117
4486,-0.7654578983783722,-0.9713188992276848,0.0062679176386528715
4487,-0.25150352716445923,-0.8993373620213623,0.007100623322673573
4488,-0.6160692572593689,-0.8710105515451629,0.007452819939768753
4489,-1.0015910267829895,-0.8840685990689456,0.007288706976113788
4490,-2.1063148379325867,-1.0062932229553097,0.005894387339014777
4491,-0.47592806816101074,-0.9532567074758798,0.0064686529387598946
4492,-1.104662537574768,-0.9683972904857686,0.006300021406663929
4493,-0.8422402143478394,-0.9557815828719757,0.006440267022113411
4494,-0.9001497030258179,-0.9502183948873599,0.00650295231848318
4495,-1.1923866868019104,-0.974435224078815,0.006233828827908536
4496,-0.16568249464035034,-0.8935599511349686,0.007171309749440745
4497,0.42600786685943604,-0.7616031693355282,0.008949492745076506
4498,-0.36551040410995483,-0.7219938928129708,0.009546428829678499
4499,-0.868290364742279,-0.7366235400059016,0.009322478771118189
4500,-0.48675060272216797,-0.7116362462775282,0.009707453628437758
4501,-0.7507398724555969,-0.7155466088953351,0.009646420269328819
4502,-0.7164083123207092,-0.7156327792378725,0.009645078607473252
4503,-0.3433411121368408,-0.6784036125277694,0.010237985094595732
4504,-0.3416872024536133,-0.6447319715203538,0.010797177892236628
4505,-0.9574111104011536,-0.6759998854084337,0.010277181302201713
4506,-0.32325372099876404,-0.6407252689674667,0.010865170554615958
4507,0.019263625144958496,-0.5747263795562242,0.012029452651433169
4508,-0.19699138402938843,-0.5369528800035406,0.012733051323832784
4509,0.08878590166568756,-0.47437900183661774,0.013956733302623881
4510,-0.3256526589393616,-0.4595063675468921,0.01425795495143889
4511,-0.25779497623443604,-0.43933522841564654,0.014672668432858423
4512,-0.45377546548843384,-0.44077925212292524,0.014642746133434302
4513,0.12275272607803345,-0.38442605430282933,0.015836373525869266
4514,0.14418277144432068,-0.33156517172811434,0.01700183871397094
4515,-0.016749978065490723,-0.30008365236185197,0.01771527090114489
4516,0.209220290184021,-0.2491532581072647,0.01889693631147267
4517,-0.34860169887542725,-0.25909810218408097,0.018663705903930634
4518,-0.5577481985092163,-0.2889631118165945,0.0179704954521907
4519,-0.0949866771697998,-0.2695654683519151,0.01841948858423712
4520,-0.7990581095218658,-0.32251473246891016,0.017205525428518005
4521,0.15304386615753174,-0.274958872606266,0.01829417464695659
4522,-0.10988718271255493,-0.2584517036168949,0.01867883026334862
4523,-0.7921879291534424,-0.31182532617054964,0.017447581177102527
4524,-0.5116506814956665,-0.3318078617030613,0.016996392888310823
4525,-0.425350546836853,-0.3411621302164405,0.016787137466436428
4526,-0.18291985988616943,-0.3253379031834134,0.01714186310348689
4527,-0.8396151065826416,-0.3767656235233362,0.01600261735530598
4528,-0.8903893232345581,-0.42812799349445835,0.014906108516923514
4529,-1.5450745224952698,-0.5398226463945395,0.012678657378886633
4530,0.12955817580223083,-0.47288456417486247,0.01398682399536199
4531,-0.7444264888763428,-0.5000387566450105,0.013446309080257285
4532,-0.5201940536499023,-0.5020542863454998,0.013406719710669868
4533,-0.6941326260566711,-0.5212621203166169,0.013033161685808287
4534,-0.32528191804885864,-0.5016641000898411,0.013414378046335725
4535,-1.9249324798583984,-0.6439909380666968,0.010809729755147752
4536,-1.3040634393692017,-0.7099981881969473,0.009733107582966216
4537,-1.4060790538787842,-0.7796062747651309,0.008687983503697396
4538,-1.690425455570221,-0.8706881928456398,0.007456909617207883
4539,-1.54035222530365,-0.9376545960914408,0.0066464299549502896
4540,-0.2719869613647461,-0.8710878326187713,0.007451839770706081
4541,-1.4772120714187622,-0.9317002564987704,0.0067153593303533425
4542,-1.6086342930793762,-0.9993936601568311,0.0059665152208993035
4543,-2.747013658285141,-1.174155659969662,0.004360004567602366
4544,-1.1897225975990295,-1.1757123537325989,0.004347629785420465
4545,-0.8129228353500366,-1.1394334018943426,0.004644419617372347
4546,-0.15684866905212402,-1.0411749286101206,0.005541209738900972
4547,-1.5230801105499268,-1.0893654468041012,0.005083839386895101
4548,-1.5562113523483276,-1.1360500373585238,0.004673006536515129
4549,-2.4828025102615356,-1.270725284648825,0.0036501473736664843
4550,-1.2415270805358887,-1.2678054642375316,0.003669956162438658
4551,-1.5403634905815125,-1.29506126687193,0.0034888414517101813
4552,-1.1044456958770752,-1.2759997097724445,0.003614613867841345
4553,-1.0508454144001007,-1.2534842802352102,0.003768554982367351
4554,-1.292235553264618,-1.257359407538151,0.0037416378237292904
4555,-0.610954999923706,-1.1927189667767064,0.004214494416034338
4556,-0.057555437088012695,-1.079202613807837,0.005177419721487103
4557,-0.5504250526428223,-1.0263248576913355,0.005689245798234494
4558,-0.4896712303161621,-0.9726594949538182,0.006253233618338335
4559,-0.9838534593582153,-0.9737788913942579,0.006240995068869299
4560,-0.9653723537921906,-0.9729382376340511,0.006250184155849253
4561,-1.0875297784805298,-0.9843973917186989,0.006125919893755028
4562,-1.515124797821045,-1.0374701323289335,0.005577823025592461
4563,-0.2696821093559265,-0.9606913300316328,0.006385373054228144
4564,-1.1169553995132446,-0.976317736979794,0.006213313540841044
4565,-0.7365266680717468,-0.9523386300889892,0.006479000804067782
4566,-0.8116427659988403,-0.9382690436799743,0.0066393511129901606
4567,-0.47445178031921387,-0.8918873173438983,0.007191883434037197
4568,-1.3471063375473022,-0.9374092193642387,0.006649258641934779
4569,-0.32879018783569336,-0.8765473162113843,0.00738286497084409
4570,-1.0042893886566162,-0.8893215234559074,0.00722353855955686
4571,-0.4614821970462799,-0.8465375908149447,0.007768592589287558
4572,-0.20109343528747559,-0.7819931752621979,0.008653768781548466
4573,-0.39463019371032715,-0.7432568771070108,0.009222278526647766
4574,-1.3251450955867767,-0.8014456989549874,0.008378894499311914
4575,-0.3321568965911865,-0.7545168187186074,0.009054102609588919
4576,-1.452408790588379,-0.8243060159055846,0.008064831284417337
4577,-0.181886225938797,-0.7600640369089058,0.00897213303304751
4578,0.017628788948059082,-0.6822947543232094,0.010174769965550763
4579,0.03503304719924927,-0.6105619741709636,0.011386935851356873
4580,0.05380058288574219,-0.544125718465293,0.012597384360108075
4581,-0.2117607593536377,-0.5108892225541275,0.013234056289009453
4582,-1.1751098036766052,-0.5773112806663753,0.011982288324676663
4583,-0.7337426543235779,-0.5929544180320956,0.011699571776458613
4584,-2.018583595752716,-0.7355173358041576,0.00933926999594174
4585,-0.0005532503128051758,-0.6620209272550223,0.010507331010103212
4586,-0.6982191205024719,-0.6656407465797671,0.010447373511160415
4587,-0.20955312252044678,-0.6200319841738352,0.011221242565520425
4588,-1.2365569472312927,-0.6816844804795809,0.010184665170300214
4589,-1.0219907760620117,-0.715715110037824,0.009643796859491866
4590,-0.4141526222229004,-0.6855588612563317,0.010121966078353972
4591,-2.30597323179245,-0.8476002983099435,0.007754656738806053
4592,-0.9164102077484131,-0.8544812892537905,0.007664916125897023
4593,-1.1764910817146301,-0.8866822684998745,0.007256220735898153
4594,-1.396241009235382,-0.9376381425734253,0.00664661959816419
4595,-1.1203364133834839,-0.9559079696544311,0.006438848911907326
4596,-0.5164494514465332,-0.9119621178336413,0.006948183086780826
4597,-0.3732107877731323,-0.8580869848275905,0.007618231860041013
4598,-1.06828373670578,-0.8791066600154094,0.007350712504520078
4599,-0.40321576595306396,-0.8315175706091749,0.007967749298502188
4600,-1.2202044129371643,-0.8703862548419737,0.007460741901311999
4601,-0.5443356037139893,-0.8377811897291753,0.00788419887723167
4602,0.4231680631637573,-0.711686264439882,0.009706671092170611
4603,-1.3943104147911072,-0.7799486794750046,0.008683068791737228
4604,0.16828733682632446,-0.6851250778448716,0.010128971651133129
4605,0.09543418884277344,-0.6070691511761072,0.011448482260592295
4606,-0.7539204359054565,-0.6217542796490421,0.011191293035837943
4607,-1.2116680145263672,-0.6807456531367746,0.010199901642144247
4608,-0.3648582100868225,-0.6491569088317795,0.010722446772819456
4609,-0.8103870153427124,-0.6652799194828727,0.01045333881810137
4610,-0.7047446370124817,-0.6692263912358336,0.01038823065314301
4611,-0.9240884780883789,-0.6947125999210881,0.009974976813729958
4612,-0.7895689010620117,-0.7041982300351806,0.009824354995574464
4613,-0.11505472660064697,-0.6452838796917273,0.010787836357996022
4614,-1.1268739104270935,-0.6934428827652639,0.009995269604125874
4615,-0.20020198822021484,-0.6441187933107589,0.010807563347834968
4616,-0.046780407428741455,-0.5843849547225572,0.011853870044485139
4617,-1.0295174419879913,-0.6288982034491007,0.011067673086488029
4618,-0.8010179996490479,-0.6461101830690954,0.010773861396559604
4619,0.2230786681175232,-0.5591912979504335,0.012315570931729079
4620,-1.2632909417152405,-0.6296012623269143,0.011055560185340934
4621,-0.18346256017684937,-0.5849873921119078,0.011842977108673247
4622,-0.2681097388267517,-0.5532996267833922,0.012425271814176379
4623,-0.5993573665618896,-0.5579054007612418,0.012339458169362091
4624,-1.6740782260894775,-0.6695226832940654,0.01038335457549454
4625,-1.48222017288208,-0.7507924322528668,0.00910946329246766
4626,-0.6874654293060303,-0.7444597319581832,0.009204198268217964
4627,-1.1180557608604431,-0.7818193348484092,0.008656257073399337
4628,-1.058897316455841,-0.8095271330091524,0.008266766988252043
4629,-1.712597668170929,-0.89983418652533,0.007094571921256006
4630,-0.10109072923660278,-0.8199598407964572,0.00812379959079857
4631,-0.39328449964523315,-0.7772923066813349,0.008721254680557176
4632,-0.12304151058197021,-0.7118672270713985,0.009703840324165292
4633,-0.43954014778137207,-0.6846345191423958,0.010136898498233508
4634,-1.5064145475625992,-0.7668125219844162,0.008873195878273904
4635,-1.7282335460186005,-0.8629546243878347,0.007555578995909657
4636,-0.27943742275238037,-0.8046029042242892,0.008334945291272843
4637,-0.9045818448066711,-0.8146007982825274,0.008196988192343402
4638,-0.1586672067642212,-0.7490074391306968,0.00913608921715295
4639,-0.7018174529075623,-0.7442884405083834,0.009206771293864963
4640,-0.5845792293548584,-0.7283175193930309,0.009449126342742552
4641,-0.18221372365951538,-0.6737071398196794,0.010314671347437921
4642,-0.7971024513244629,-0.6860466709701578,0.010114092304136606
4643,-1.2126184105873108,-0.7387038449318731,0.00929096458814924
4644,-1.4551602602005005,-0.8103494864587358,0.008255424791992835
4645,0.016456663608551025,-0.7276688714520072,0.009459072060048097
4646,-1.4224994778633118,-0.7971519320931376,0.008438961736310946
4647,-0.27019351720809937,-0.7444560906046338,0.009204252960403208
4648,-0.8109786510467529,-0.7511083466488457,0.009104757228822266
4649,-0.7589375674724579,-0.7518912687312069,0.009093102465123296
4650,-0.784054160118103,-0.7551075578698966,0.009045345759956433
4651,-0.6267158389091492,-0.7422683859738218,0.009237157221421311
4652,-0.08104971051216125,-0.6761465184276557,0.01027478705857602
4653,-0.5255409479141235,-0.6610859613763025,0.010522858454388714
4654,-0.18098819255828857,-0.6130761844945012,0.01134277802761643
4655,-0.9435155987739563,-0.6461201259224467,0.010773693316764182
4656,-0.5639846920967102,-0.6379065825398731,0.010913187913590987
4657,-0.26586759090423584,-0.6007026833763094,0.011561265196035744
4658,0.1297634243965149,-0.5276560725990269,0.012910316428484803
4659,-0.4193617105484009,-0.5168266363939643,0.013118822715329704
4660,0.25320225954055786,-0.43982374680051206,0.01466254161091305
4661,-0.0406879186630249,-0.3999101639867634,0.015503197688642126
4662,-0.29353010654449463,-0.3892721582425365,0.01573168519771968
4663,-0.3528173565864563,-0.3856266780769285,0.015810402127150756
4664,0.4805311858654022,-0.29901089168269546,0.017739820443098943
4665,-0.9387894868850708,-0.36298875120293295,0.016303902837594027
4666,-0.9008444547653198,-0.4167743215591716,0.01514476257524524
4667,-0.22718030214309692,-0.39781491961756416,0.015548055694755489
4668,0.16588374972343445,-0.3414450526834643,0.01678082832871556
4669,0.17965450882911682,-0.2893350965322062,0.017961931979519747
4670,-0.4301241338253021,-0.30341400026151577,0.017639155649293227
4671,-0.20200136303901672,-0.2932727365392659,0.017871393757710814
4672,-0.6082611083984375,-0.32477157372518306,0.017154624769396568
4673,-1.152217149734497,-0.4075161313261145,0.015340959448626214
4674,-0.13753032684326172,-0.3805175508778292,0.015921078830768053
4675,-0.32967817783355713,-0.375433613573402,0.016031618287053476
4676,-0.3078370839357376,-0.36867396060963553,0.016179217619234566
4677,-0.3293376564979553,-0.3647403301984675,0.016265435163166943
4678,-1.1231306791305542,-0.44057936509167617,0.01464688595506141
4679,-0.7731672525405884,-0.47383815383656736,0.013967618764759205
4680,-0.26857584714889526,-0.45331192316780017,0.01438455996152763
4681,-0.2921544313430786,-0.437196173985328,0.014717058420799413
4682,-0.5411824584007263,-0.44759480242686783,0.014502001864195922
4683,-0.8044679313898087,-0.4832821153231619,0.013778292666875537
4684,-0.95619797706604,-0.5305737014974496,0.012854512278006556
4685,-0.7038258612155914,-0.5478989174692639,0.0125264040645401
4686,-1.5531941652297974,-0.6484284422453173,0.010734723669251954
4687,-0.7314783036708832,-0.6567334283878739,0.010595364589706549
4688,-1.5591042637825012,-0.7469705119273367,0.00916654690040728
4689,-1.359775185585022,-0.8082509792931052,0.008284392899950572
4690,-0.8326032161712646,-0.8106862029809212,0.008250784279574128
4691,-1.6489703059196472,-0.8945146132747938,0.007159589219188852
4692,-1.6968474090099335,-0.9747478928483077,0.006230417401629499
4693,-1.655165046453476,-1.0427896082088244,0.00552531831806095
4694,-1.0274752974510193,-1.0412581771330438,0.0055403894428570745
4695,-1.1502158641815186,-1.0521539458378912,0.005433941074034
4696,-1.5100423991680145,-1.0979427911709034,0.005006028705536729
4697,-1.004902720451355,-1.0886387840989487,0.005090480466968315
4698,-0.38199758529663086,-1.0179746642187169,0.0057739920417174745
4699,-0.5508259236812592,-0.9712597901649711,0.006268565760613683
4700,-0.3279606103897095,-0.9069298721874449,0.00700861437192495
4701,-0.21582680940628052,-0.8378195659093285,0.007883689179193533
4702,-0.1875324845314026,-0.772790857771536,0.0087862661031656
4703,-0.9108321666717529,-0.7865949886615576,0.008588105531884247
4704,-0.5599152445793152,-0.7639270142533334,0.008915394201022268
4705,-1.7201753854751587,-0.859551851375516,0.007599332421377565
4706,-0.9733667969703674,-0.8709333459350012,0.007453799257899527
4707,-1.185970664024353,-0.9024370777439363,0.007062938614533675
4708,-1.3741732835769653,-0.9496106983272392,0.006509831113677186
4709,-2.117808222770691,-1.0664304507715843,0.00529718512362327
4710,-1.4507184028625488,-1.1048592459806807,0.004944057687283049
4711,-0.5197360515594482,-1.0463469265385574,0.005490448535868806
4712,-0.8367239832878113,-1.0253846322134827,0.005698733723229741
4713,-2.400964856147766,-1.162942654606911,0.0044500860187341685
4714,-0.7880516648292542,-1.1254535556291454,0.004763562403123156
4715,-2.3507850766181946,-1.2479867077280502,0.0038070470546098904
4716,-0.3010053038597107,-1.1532885673412163,0.004528985423146214
4717,-0.5875089168548584,-1.0967106022925805,0.005017141234518232
4718,-1.1129969358444214,-1.0983392356477646,0.005002458014056548
4719,-0.06950849294662476,-0.9954561613776507,0.006008018828976445
4720,-0.7170649766921997,-0.9676170429091057,0.006308618845995823
4721,-0.5540601313114166,-0.9262613517493368,0.006778848735639907
4722,0.7740846872329712,-0.756226747851106,0.009028773490909256
4723,0.23712390661239624,-0.6568916824047558,0.01059272194760126
4724,-1.0537827610969543,-0.6965807902739757,0.00994517540778151
4725,0.6915615200996399,-0.5577665592366142,0.012342039196399559
4726,-0.29862070083618164,-0.531851973396571,0.012830113108293862
4727,-0.9809188842773438,-0.5767586644846482,0.011992360754964217
4728,-0.5136482417583466,-0.5704476222120181,0.012107801548107195
4729,0.00504148006439209,-0.5128987119843771,0.01319498360071844
4730,-0.4501805305480957,-0.506626893840749,0.013317178113360535
4731,-0.20837068557739258,-0.4768012730144134,0.013908044915676166
4732,0.06469404697418213,-0.42265174101555386,0.015020949321969965
4733,-0.29797571897506714,-0.4101841388115052,0.015284274518351371
4734,-0.47753235697746277,-0.4169189606281009,0.015141708699529344
4735,-0.7084059119224548,-0.44606765575753626,0.014533468536334485
4736,-0.08261442184448242,-0.4097223323662309,0.015294077743467345
4737,-0.08383440971374512,-0.3771335401009823,0.015994611857720716
4738,-1.1085752248764038,-0.45027770857852445,0.014446818617645416
4739,-0.5633461475372314,-0.46158455247439517,0.014215630380944689
4740,-0.7723333984613419,-0.49265943707308985,0.013591883928491828
4741,-0.6245742738246918,-0.50585092074825,0.013332346487242934
4742,-1.0354018807411194,-0.5588060167475369,0.012322724771129853
4743,-1.5167003870010376,-0.654595453772887,0.010631113303120263
4744,-1.0071085691452026,-0.6898467653101185,0.010052911229298104
4745,-1.8057475090026855,-0.8014368396793752,0.008379018082984063
4746,-0.6353518962860107,-0.7848283453400388,0.008613266934963342
4747,-1.4746681451797485,-0.8538123253240097,0.007673603168647708
4748,-1.2966977953910828,-0.8981008723307171,0.007115702664130138
4749,0.37364357709884644,-0.7709264273877607,0.008813304281620846
4750,-0.5442142486572266,-0.7482552095147074,0.009147327965555636
4751,0.16383123397827148,-0.6570465651654095,0.010590136067899106
4752,-1.4613932371139526,-0.7374812323602639,0.009309475764595267
4753,0.05964779853820801,-0.6577683292704166,0.010578091782627214
4754,0.13643181324005127,-0.5783483150193699,0.011963402138581734
4755,-0.5137324333190918,-0.571886726849342,0.012081411208521796
4756,-0.19237589836120605,-0.5339356440005284,0.012790405853566639
4757,-0.5401613116264343,-0.534558210763119,0.012778557633916336
4758,-0.9088457226753235,-0.5719869619543394,0.012079574555245795
4759,0.09187263250350952,-0.5056010025085546,0.013337234117048576
4760,-0.16408109664916992,-0.4714490119226161,0.014015766356992344
4761,-0.5467959344387054,-0.47898370417422503,0.013864266904648984
4762,0.4649111032485962,-0.38459422343194294,0.015832734382260027
4763,-0.8196544647216797,-0.42810024756091664,0.01490668909416233
4764,-0.6161166429519653,-0.44690188710002154,0.014516274306400756
4765,-1.9774150252342224,-0.5999532009134416,0.011574593375705973
4766,0.30984440445899963,-0.5089734403761975,0.013271375807995693
4767,-0.7061289250850677,-0.5286889888470845,0.01289054226671093
4768,-0.7752357125282288,-0.553343661215199,0.012424449487243387
4769,-1.4153767228126526,-0.6395469673749443,0.010885224769921608
4770,-0.7688947319984436,-0.6524817438372943,0.010666542763971887
4771,-1.1227428019046783,-0.6995078496440327,0.009898617577920689
4772,-0.4410220980644226,-0.6736592744860717,0.010315455099449118
4773,-0.4390285611152649,-0.650196203148991,0.010704949151375454
4774,-1.2178255319595337,-0.7069591360300452,0.009780838874985112
4775,-1.327514797449112,-0.7690147021719519,0.008841096200929486
4776,-0.48614686727523804,-0.7407279186822805,0.009260381217923457
4777,-0.5112701058387756,-0.7177821373979301,0.00961165930011887
4778,-1.1430951356887817,-0.7603134372270153,0.008968461375291129
4779,-0.21160966157913208,-0.705443059662227,0.009804716485306559
4780,0.34209370613098145,-0.6006893830829062,0.011561501623958081
4781,0.3139786273241043,-0.5092225820422052,0.01326651871749596
4782,-0.23515641689300537,-0.4818159655272852,0.013807580568266253
4783,-0.04831284284591675,-0.4384656532591483,0.014690704547075701
4784,-1.1627328395843506,-0.5108923718916686,0.01323399499510977
4785,0.17271524667739868,-0.4425316100347619,0.01460648275653078
4786,-0.34550052881240845,-0.43282850191252653,0.014807939601380524
4787,0.3155653327703476,-0.3579891184442391,0.016413960830178827
4788,0.10342943668365479,-0.3118472629314497,0.017447082811445382
4789,-0.384161114692688,-0.3190786481075736,0.017283160190114506
4790,-0.8556575775146484,-0.372736541048281,0.01609042463126217
4791,-0.8892958760261536,-0.42439247454606827,0.014984390214102129
4792,-0.2904215455055237,-0.4109953816420138,0.015267061979121359
4793,-0.9202786087989807,-0.4619237043577105,0.014208730363823622
4794,-0.18551850318908691,-0.4342831842408481,0.014777634921863972
4795,0.08308440446853638,-0.3825464253699097,0.015877078794109333
4796,0.15544375777244568,-0.3287474070556742,0.017065129556482
4797,-1.2894400358200073,-0.4248166699321075,0.01497548892565483
4798,-0.9130547046661377,-0.47364047340551046,0.013971598708098335
4799,-1.0181303024291992,-0.5280894563078793,0.012902017317897916
4800,0.034845173358917236,-0.47179599334119965,0.014008767468169281
4801,-0.3286595940589905,-0.4574823534129787,0.014299248997434122
4802,-0.38001012802124023,-0.4497351308738049,0.014457968545626474
4803,-0.3751775026321411,-0.4422793680496385,0.01461169941346211
4804,-0.7331327497959137,-0.471364706224266,0.014017467191720473
4805,-0.9500323534011841,-0.5192314709419578,0.013072333958935138
4806,-1.1037662029266357,-0.5776849441404256,0.011975480915365795
4807,-0.691002756357193,-0.5890167253621024,0.011770298562198606
4808,-0.8054124712944031,-0.6106562999553324,0.011385276993209972
4809,0.022643297910690308,-0.5473263401687302,0.012537158062394652
4810,-0.09017625451087952,-0.5016113316029451,0.013415413966380364
4811,-0.8436409831047058,-0.5358142967531212,0.012754674705677814
4812,-0.19312074780464172,-0.5015449418582733,0.013416717362949734
4813,-0.38558536767959595,-0.4899489844404056,0.013645601466611913
4814,0.08263643085956573,-0.4326904429104085,0.014810817586153902
4815,-0.42422929406166077,-0.4318443280255337,0.014828462812117063
4816,-0.45368969440460205,-0.43402886466344054,0.014782930439115771
4817,-0.42569082975387573,-0.4331950611724841,0.014800299861012401
4818,-0.15897536277770996,-0.4057730913330067,0.015378055572460983
4819,-1.1132450103759766,-0.47652028323730367,0.01391368754002971
4820,-1.516719400882721,-0.5805401950018454,0.011923551404640825
4821,-0.502285361289978,-0.5727147116306587,0.012066245374343183
4822,-0.6688483953475952,-0.5823280800023524,0.011891113318349772
4823,-0.74627286195755,-0.5987225581978721,0.01159650139332118
4824,-1.0449404120445251,-0.6433443435825374,0.010820690610401867
4825,-1.9170267581939697,-0.7707125850436807,0.008816409624368039
4826,-1.734727382659912,-0.8671140648053038,0.0075023777121525515
4827,0.033200085163116455,-0.7770826498084619,0.008724274172250662
4828,-1.1781287491321564,-0.8171872597408313,0.00816159884200937
4829,-0.9890426695346832,-0.8343728007202165,0.007929574720162872
4830,-0.8115396797657013,-0.832089488624765,0.007960090813939264
4831,0.1330447494983673,-0.7355760648124517,0.009338377955008479
4832,-0.5638450384140015,-0.7184029621726067,0.00960202284228298
4833,-0.6197687983512878,-0.7085395457904748,0.009755994915528154
4834,-1.3480393290519714,-0.7724895241166245,0.008790631651638006
4835,-0.1797419786453247,-0.7132147695694946,0.009682780653457226
4836,0.1506255865097046,-0.6268307339615746,0.011103348239245848
4837,-0.17216575145721436,-0.5813642357111386,0.011908593062114912
4838,-0.4380780756473541,-0.5670356197047601,0.01217052754446629
4839,-0.23351842164993286,-0.5336838998992774,0.012795198903379863
4840,0.4200659990310669,-0.43830891000624306,0.014693956981820317
4841,0.17066705226898193,-0.37741131377872056,0.01598856918520376
4842,-0.18945151567459106,-0.3586153339683076,0.016400154999136655
4843,0.03911086916923523,-0.3188427136545533,0.017288496947750333
4844,-0.1120874285697937,-0.2981671851460774,0.017759138957468314
4845,-0.022886216640472412,-0.2706390882955169,0.018394514796983813
4846,-0.024587005376815796,-0.24603388000364682,0.018970328867958172
4847,0.12039601802825928,-0.2093908902004562,0.019840414805174515
4848,0.08203157782554626,-0.18024864339785596,0.020541959608174964
4849,-0.15596172213554382,-0.17781995127162475,0.020600771541304096
4850,-0.07314816117286682,-0.16735277226174897,0.020854806705616492
4851,-0.40517255663871765,-0.19113475069944583,0.020278981887508738
4852,-0.27190038561820984,-0.19921131419132224,0.02008456896470126
4853,-0.4614524841308594,-0.22543543118527595,0.019457686534029624
4854,-0.5624574422836304,-0.2591376322951114,0.0186627811436013
4855,0.26481136679649353,-0.2067427323859509,0.019903833364608322
4856,-0.03615540266036987,-0.1896839994133928,0.020313966855146106
4857,-0.5408604145050049,-0.224801640922554,0.019472754674285078
4858,-0.06359648704528809,-0.20868112553482743,0.019857405612963643
4859,-0.11339235305786133,-0.19915224828713082,0.020085988544045898
4860,-0.9984242916107178,-0.2790794526194895,0.0181986780223186
4861,-0.4933890104293823,-0.30051040840047877,0.017705509085928252
4862,-1.5973107814788818,-0.430190445708319,0.014862988633281683
4863,-0.7437350153923035,-0.46154490267671744,0.014216437184658808
4864,-0.4876987934112549,-0.4641602917501712,0.014163277794136817
4865,-1.7644309997558594,-0.59418736255074,0.01167748704512129
4866,-0.8378522992134094,-0.618553856217007,0.011246991573195553
4867,-1.3757848739624023,-0.6942769579915465,0.009981935813885947
4868,-2.146223157644272,-0.839471577956819,0.00786177315911969
4869,-1.0485610365867615,-0.8603805238198133,0.007588658094276283
4870,-1.1641310453414917,-0.8907555759719811,0.0072058318860768675
4871,-0.8867520987987518,-0.8903552282546582,0.007210771463654387
4872,-0.25681936740875244,-0.8270016421700677,0.00802843140142103
4873,-1.0269150733947754,-0.8469929852925384,0.007762618257663136
4874,-0.04300469160079956,-0.7665941559233646,0.008876383827060736
4875,-0.21455004811286926,-0.711389745142315,0.00971131084866353
4876,-0.5998736023902893,-0.7002381308671125,0.009887027338676649
4877,-0.37684744596481323,-0.6678990623768826,0.010410095233595977
4878,-0.6004082560539246,-0.6611499817445868,0.010521794699703513
4879,-1.0299537181854248,-0.6980303553886706,0.009922098067194664
4880,0.09241914749145508,-0.6189854051006581,0.011239469654003945
4881,-0.00231364369392395,-0.5573182289599847,0.012350376014894578
4882,-0.5320380926132202,-0.5547902153253084,0.01239745587654434
4883,-0.7243416011333466,-0.5717453539061121,0.01208400197248984
4884,-0.6215459704399109,-0.576725415559492,0.01199296696161181
4885,-0.5948262512683868,-0.5785354991303815,0.011959995367559054
4886,-1.3705145716667175,-0.657733406384015,0.010578674320070366
4887,-0.060085564851760864,-0.5979686222307896,0.011609937323258683
4888,-0.22912991046905518,-0.5610847510546162,0.012280454248363876
4889,-1.0881637632846832,-0.6137926522776229,0.011330216666266943
4890,-0.8895770311355591,-0.6413710901634165,0.010854190268207747
4891,-0.42820674180984497,-0.6200546553280594,0.011220847960109996
4892,-0.8786271214485168,-0.6459119019401051,0.010777213653634618
4893,-0.19210219383239746,-0.6005309311293343,0.01156431854864492
4894,-0.23594564199447632,-0.5640724022158485,0.012225181657696968
4895,-0.7221263945102692,-0.5798778014452906,0.01193558481109868
4896,-0.3995419144630432,-0.5618442127470659,0.012266387980385627
4897,-1.0030364990234375,-0.605963441374703,0.01146801444191077
4898,-0.876171350479126,-0.6329842322851453,0.010997408276411323
4899,-0.760513424873352,-0.645737151543966,0.010780168713403643
4900,-0.7825467586517334,-0.6594181122547428,0.010550599027709058
4901,-1.0681195855140686,-0.7002882595806753,0.009886232124758646
4902,-0.4431995451450348,-0.6745793881371113,0.010300396780710035
4903,-2.611423283815384,-0.8682637777049385,0.007487726841641045
4904,-0.9877899885177612,-0.8802163987862207,0.0073368071624260525
4905,-1.0216920375823975,-0.8943639626658383,0.007161437718544526
4906,-1.9410291910171509,-0.9990304855009695,0.005970332899943198
4907,-2.004637658596039,-1.0995912028104764,0.004991196669694327
4908,-1.7925221920013428,-1.168884301729563,0.004402145603575969
4909,-0.17640450596809387,-1.069636322153416,0.005266895859354951
4910,-1.3399133086204529,-1.0966640208001197,0.005017561760603023
4911,-1.2696021497249603,-1.1139578336926037,0.004863575608590894
4912,-1.7959590256214142,-1.1821579528854849,0.004296728723160242
4913,-0.9960943162441254,-1.1635515892213488,0.004445151222345159
4914,-0.7095693945884705,-1.118153369758061,0.004826858997708175
4915,-0.2753387689590454,-1.0338719096781595,0.005613585408261018
4916,-0.6723358035087585,-0.9977182990612194,0.0059841441578436525
4917,-1.483669936656952,-1.0463134628207929,0.005490775655467144
4918,-0.8655273914337158,-1.028234855682085,0.005670014174473777
4919,-0.3401522636413574,-0.9594265964780123,0.00639947523917631
4920,-0.05784797668457031,-0.8692687344986681,0.007474939921991954
4921,-0.9880973100662231,-0.8811515920554236,0.007325105843003964
4922,-1.209265261888504,-0.9139629590387316,0.006924277039268779
4923,-0.32921844720840454,-0.855488507855699,0.007651851763925939
4924,-1.4342278242111206,-0.9133624394912412,0.006931444786920343
4925,-0.7310684323310852,-0.8951330387752257,0.00715200523468256
4926,-1.2260659337043762,-0.9282263282681407,0.006755852987917141
4927,-0.935219794511795,-0.9289256748925061,0.006747684562662632
4928,-0.7735770344734192,-0.9133908108505975,0.006931106008840702
4929,-0.15802577137947083,-0.8378543069034848,0.007883227785430897
4930,-0.608443558216095,-0.8149132320347459,0.008192706764641079
4931,-0.288005530834198,-0.7622224619146911,0.00894039570475517
4932,-0.567123293876648,-0.7427125451108868,0.009230469475634193
4933,-0.39917582273483276,-0.7083588728732815,0.009758832662386717
4934,-0.19466030597686768,-0.6569890161836401,0.01059109683587002
4935,-0.6508121490478516,-0.6563713294700613,0.010601412997123062
4936,-0.5599076747894287,-0.646724964001998,0.01076347235789291
4937,-0.5590784549713135,-0.6379603130989295,0.010912271165348283
4938,0.06973448395729065,-0.5671908333933074,0.01216766932807871
4939,-0.2841305136680603,-0.5388848014207828,0.012696416531121938
4940,-0.10641470551490784,-0.4956377918301953,0.013533009981605082
4941,-0.1686517596244812,-0.4629391886096239,0.014188082501884107
4942,-0.43896612524986267,-0.4605418822736478,0.01423685606381105
4943,-0.6896122694015503,-0.483448920986438,0.0137749629862022
4944,-0.7415780425071716,-0.5092618331385114,0.013265753609316241
4945,0.3775993585586548,-0.4205757139687948,0.015064616769815471
4946,0.2894824743270874,-0.34956989513920655,0.016600148749287953
4947,-0.6412044763565063,-0.37873335326093654,0.015959826207498716
4948,0.012269973754882812,-0.3396330205593546,0.01682125671474539
4949,-0.38611024618148804,-0.344280743121568,0.016717657707941237
4950,-1.4753313064575195,-0.4573857994551631,0.014301220687281478
4951,-0.3892548084259033,-0.4505727003522372,0.014440758703157242
4952,-0.5203853249549866,-0.45755396281251215,0.014297786795708601
4953,0.08343824744224548,-0.4034547417870364,0.015427472836361098
4954,-0.42021897435188293,-0.40513116504352104,0.01539172987820916
4955,-0.7363709211349487,-0.4382551406526638,0.014695072796942814
4956,-0.6496376395225525,-0.45939339053965267,0.014260258024813795
4957,-0.6307221949100494,-0.47652627097669237,0.013913567284105791
4958,-0.12531495094299316,-0.44140513897332245,0.014629787946993251
4959,-0.22197175025939941,-0.4194618001019301,0.015088076732698711
4960,0.2514895498752594,-0.35236666510421116,0.016538181216489898
4961,-0.07102847099304199,-0.32423284569309424,0.017166768675554524
4962,0.27533888816833496,-0.2642756723069513,0.0185427413616234
4963,0.2833452820777893,-0.20951357686847727,0.01983747835607999
4964,0.0631060004234314,-0.18225161913928642,0.02049349488532488
4965,-0.2202359437942505,-0.18605005160478283,0.020401683011456645
4966,0.2992347776889801,-0.13752156867540655,0.021583471678200367
4967,-0.3666146993637085,-0.16043088174423675,0.021023287192700187
4968,-1.3688026666641235,-0.2812680602362254,0.018148042684639914
4969,0.050736069679260254,-0.24806764724467684,0.018922465892220342
4970,-1.4520397782325745,-0.3684648603434666,0.016183794691604976
4971,0.26657500863075256,-0.3049608734460447,0.017603852435891035
4972,-0.7213584184646606,-0.3466006279479063,0.01666606583501665
4973,-0.9188054800033569,-0.40382111315345137,0.015419657521259886
4974,-0.8858975172042847,-0.45202875355853467,0.014410869631848282
4975,-0.19576066732406616,-0.4264019449350879,0.014942250430491586
4976,-0.7256435453891754,-0.45632610498049664,0.014322870989806192
4977,-0.9782204627990723,-0.5085155407623542,0.013280305657748879
4978,-0.6638977527618408,-0.5240537619623028,0.012979433686312486
4979,-0.7045117020606995,-0.5420995559721424,0.01263560982626354
4980,-0.713952511548996,-0.5592848515298278,0.012313834265839778
4981,-1.0566869378089905,-0.609025060157744,0.011413988760036506
4982,-1.3929350674152374,-0.6874160608834934,0.010092013310988825
4983,-0.3784256875514984,-0.6565170235502938,0.010598979057204028
4984,-1.121204912662506,-0.702985812461515,0.00984351072309586
4985,-0.3764922320842743,-0.670336454423791,0.010369971036282032
4986,-0.5822057723999023,-0.661523386221402,0.010515591827824924
4987,-0.7931563854217529,-0.6746866861414371,0.010298641832291585
4988,-0.08470582962036133,-0.6156886004893296,0.011297023712521717
4989,0.07168522477149963,-0.5469512179632467,0.012544206839659955
4990,-0.7205844521522522,-0.5643145413821473,0.012220709377565437
4991,-0.7691466808319092,-0.5847977553271235,0.01184640527028705
4992,-0.6707359254360199,-0.5933915723380132,0.011691738069413682
4993,-0.7642114162445068,-0.6104735567286625,0.011388490957325359
4994,-0.713324248790741,-0.6207586259348704,0.011208599825338797
4995,-0.842878520488739,-0.6429706153902572,0.010827029594376831
4996,-0.434825599193573,-0.6221561137705889,0.01118431360772433
4997,-0.7934342622756958,-0.6392839286210996,0.010889705228446468
4998,-0.44488978385925293,-0.6198445141449149,0.01122450597482631
