step,task_id,gap,gap_ema,mu,best_mem
6,0,0.0,0.0,0.025,0.46875
7,0,0.075,0.007499999999999998,0.02531248372497552,0.46875
8,0,0.10312498807907104,0.0170624988079071,0.025710745869325802,0.546875
9,0,0.19687498807907106,0.035043747735023494,0.026458498079558523,0.546875
10,0,0.45312501192092897,0.07685187415361402,0.028184763881412018,0.546875
11,0,0.03125,0.07229168673825263,0.027997662035453653,0.546875
12,0,0.06562502384185791,0.07162502044861316,0.027970280013124522,0.546875
13,0,0.015625,0.06602501840375184,0.02773999167175479,0.546875
14,0,0.09375,0.06879751656337665,0.027854066199051227,0.546875
15,0,0.015625,0.063480264907039,0.02763518584486544,0.546875
16,0,0.0,0.05713223841633509,0.02737334129760871,0.546875
17,0,0.121875,0.06360651457470158,0.027640387685333973,0.546875
18,0,0.046875,0.061933363117231424,0.02757143055234131,0.546875
19,0,0.15625001192092897,0.07136502799760118,0.02795959936511663,0.59375
20,0,0.0,0.06422852519784106,0.027666012883844928,0.59375
21,0,0.0,0.05780567267805695,0.027401145198519335,0.59375
22,0,0.109375,0.06296260541025125,0.027613854413428784,0.59375
23,0,0.2687500238418579,0.08354134725341192,0.028458568402557827,0.59375
24,0,0.203125,0.09549971252807073,0.02894588927527691,0.59375
25,0,0.109375,0.09688724127526366,0.029002242044988403,0.59375
26,0,0.11250002384185791,0.09844851953192309,0.029065601537839506,0.59375
27,0,0.171875,0.10579116757873078,0.02936284763753912,0.59375
28,0,0.08125002384185791,0.1033370532050435,0.029263636788440368,0.59375
29,0,0.140625,0.10706584788453914,0.029414322633521273,0.59375
30,0,0.11250002384185791,0.10760926548027101,0.02943625557526457,0.59375
31,0,0.03125,0.09997333893224392,0.029127429732508432,0.59375
32,0,0.0,0.08997600503901952,0.028721148206820764,0.625
33,0,0.14999998807907106,0.09597840334302467,0.02896533539062845,0.625
34,0,0.0,0.0863805630087222,0.02857452815917117,0.671875
35,0,0.015625011920928952,0.07930500789994287,0.028285266118161928,0.734375
36,0,0.0,0.07137450710994858,0.02795998879208872,0.78125
37,0,0.0,0.06423705639895373,0.027666364307586695,0.8125
38,0,0.0,0.05781335075905836,0.02740146216697395,0.921875
39,0,0.0625,0.05828201568315252,0.027420808229951923,0.921875
40,0,0.03125,0.05557881411483727,0.027309182995722287,0.921875
41,0,0.046875,0.05470843270335354,0.02727322172080463,0.921875
42,0,0.1781249761581421,0.06705008704883239,0.02778218187376268,0.921875
43,0,0.09375,0.06972007834394915,0.027891998591093866,0.921875
44,0,0.11562497615814209,0.07431056812536845,0.028080538901303898,0.921875
45,0,0.0,0.0668795113128316,0.027775162352708323,0.921875
46,0,0.090625,0.06925406018154844,0.02787283929111882,0.921875
47,0,0.0,0.062328654163393594,0.027587725655000023,0.953125
48,0,0.03125,0.059220788747054234,0.02745955110598887,0.953125
49,0,0.0625,0.05954870987234881,0.02747308150912165,0.953125
50,0,0.215625,0.07515633888511393,0.028115238224358758,0.953125
51,0,0.0625,0.07389070499660252,0.028063308746946753,0.953125
52,0,0.078125,0.07431413449694227,0.028080685243754462,0.953125
53,0,0.015625,0.06844522104724804,0.027839577562442066,0.953125
54,0,0.0625,0.06785069894252324,0.027815122647181164,0.953125
55,0,0.153125,0.07637812904827092,0.02816534289023741,0.953125
56,0,0.0,0.06874031614344382,0.0278517138851002,0.953125
57,0,0.0,0.06186628452909944,0.027568665148763112,0.96875
58,0,0.109375,0.0666171560761895,0.027764365063498053,0.96875
59,0,0.0625,0.06620544046857055,0.027747418710894835,0.96875
60,0,0.16875,0.0764598964217135,0.028168695188956056,0.96875
61,0,0.0,0.06881390677954215,0.02785474022197707,0.984375
62,0,0.140625,0.07599501610158793,0.028149634486983807,0.984375
63,0,0.046875,0.07308301449142914,0.028030154810948435,0.984375
64,0,0.09375,0.07514971304228622,0.028114966433992136,0.984375
65,0,0.0625,0.07388474173805759,0.028063064008101754,0.984375
66,0,0.046875,0.07118376756425183,0.02795215242772461,0.984375
67,0,0.246875,0.08875289080782664,0.028671299150356495,0.984375
68,0,0.171875,0.09706510172704397,0.029009462623721578,0.984375
69,0,0.125,0.09985859155433957,0.029122778764913895,0.984375
70,0,0.15625,0.10549773239890561,0.029350992519131803,0.984375
71,0,0.215625,0.11651045915901505,0.02979449071758727,0.984375
72,0,0.09375,0.11423441324311354,0.029703077392419893,0.984375
73,0,0.1781249761581421,0.12062346953461639,0.029959343753182446,0.984375
74,0,0.09375,0.11793612258115475,0.029851682395847814,0.984375
75,0,0.109375,0.11708001032303929,0.029817345025124665,0.984375
76,0,0.059375,0.11130950929073535,0.029585412470576694,0.984375
77,0,0.046875,0.10486605836166182,0.029325465320201877,0.984375
78,0,0.140625,0.10844195252549564,0.029469850068432016,0.984375
79,0,0.109375,0.10853525727294608,0.029473613382392985,0.984375
80,0,0.246875,0.12236923154565146,0.030029180852393995,0.984375
81,0,0.171875,0.1273198083910863,0.03022677488207048,0.984375
82,0,0.184375,0.13302532755197766,0.030453655608882087,0.984375
83,0,0.09375,0.1290977947967799,0.03029757536964191,0.984375
84,0,0.03125,0.11931301531710192,0.029906867557400893,0.984375
85,0,0.184375,0.12581921378539174,0.030166951951578532,0.984375
86,0,0.09375,0.12261229240685256,0.030038897752169686,0.984375
87,0,0.078125,0.11816356316616732,0.029860801503378623,0.984375
88,0,0.125,0.11884720684955058,0.02988820372660028,0.984375
89,0,0.278125,0.13477498616459552,0.030523044448640235,0.984375
90,0,0.109375,0.13223498754813595,0.03042228288369885,0.984375
91,0,0.153125,0.13432398879332236,0.030505167075034662,0.984375
92,0,0.140625,0.13495408991399013,0.03053014241094484,0.984375
93,0,0.184375,0.13989618092259112,0.030725626179589967,0.984375
94,0,0.171875,0.14309406283033202,0.030851727105050387,0.984375
95,0,0.078125,0.13659715654729881,0.030595214003979816,0.984375
96,0,0.078125,0.13074994089256892,0.030363285194345252,0.984375
97,0,0.309375,0.14861244680331204,0.031068589165869,0.984375
98,0,0.0625,0.14000120212298084,0.030729772370786945,0.984375
99,0,0.0625,0.13225108191068277,0.03042292193223395,0.984375
100,0,0.078125,0.1268384737196145,0.0302075927020328,0.984375
101,0,0.125,0.12665462634765304,0.03020026431140785,0.984375
102,0,0.03125,0.11711416371288774,0.029818715228582045,0.984375
103,0,0.125,0.11790274734159897,0.029850344120675956,0.984375
104,0,0.1875,0.12486247260743907,0.030128778020474548,0.984375
105,0,0.109375,0.12331372534669517,0.030066930191515337,0.984375
106,0,0.371875,0.14816985281202566,0.03105123129470161,0.984375
107,0,0.21875,0.1552278675308231,0.031327286748935965,0.984375
108,0,0.23437501192092897,0.1631425819698337,0.03163489755321149,0.984375
109,0,0.25,0.17182832377285032,0.031970001768295946,0.984375
110,0,0.15625,0.1702704913955653,0.03191009425091625,0.984375
111,0,0.015625,0.15480594225600877,0.03131082970901875,0.984375
112,0,0.15625,0.1549503480304079,0.03131646286147516,0.984375
113,0,0.109375,0.15039281322736708,0.03113834951907912,0.984375
114,0,0.09375,0.14472853190463036,0.030916057561536654,0.984375
115,0,0.125,0.14275567871416733,0.030838398488075448,0.984375
116,0,0.0,0.1284801108427506,0.030272988841446108,0.984375
117,0,0.03125,0.11875709975847555,0.02988459269627137,0.984375
118,0,0.078125,0.114693889782628,0.029721542042365802,0.984375
119,0,0.0625,0.10947450080436519,0.02951148473775722,0.984375
120,0,0.109375,0.10946455072392867,0.029511083651132614,0.984375
121,0,0.125,0.11101809565153581,0.029573677675514803,0.984375
122,0,0.015625,0.10147878608638222,0.029188421549895184,0.984375
123,0,0.171875,0.108518407477744,0.029472933785418078,0.984375
124,0,0.125,0.11016656672996959,0.029539375936075758,0.984375
125,0,0.109375,0.11008741005697263,0.029536186404792875,0.984375
126,0,0.046875,0.10376616905127536,0.029280994446925973,0.984375
127,0,0.046875,0.09807705214614783,0.029050531549903332,0.984375
128,0,0.03125,0.09139434693153305,0.028778916038654085,0.984375
129,0,0.059375,0.08819241223837974,0.02864844637337908,0.984375
130,0,0.03125,0.08249817101454178,0.02841592438898873,0.984375
131,0,0.015625,0.0758108539130876,0.028142082565688138,0.984375
132,0,0.0,0.06822976852177884,0.027830715828622024,0.984375
133,0,0.078125,0.06921929166960095,0.02787140972371499,0.984375
134,0,0.015625,0.06385986250264085,0.027650825632732374,0.984375
135,0,0.046875,0.06216137625237676,0.027580830219704883,0.984375
136,0,0.059375,0.06188273862713908,0.027569343496616057,0.984375
137,0,0.078125,0.06350696476442518,0.027636285973144332,0.984375
138,0,0.140625,0.07121876828798265,0.027953590445409588,0.984375
139,0,0.121875,0.07628439145918439,0.028161499694301276,0.984375
140,0,0.090625,0.07771845231326596,0.028220278781625197,0.984375
141,0,0.046875,0.07463410708193936,0.028093814121530794,0.984375
142,0,0.21875,0.08904569637374542,0.028683235421807503,0.984375
143,0,0.1468749761581421,0.09482862435218509,0.028918619056558677,0.984375
144,0,0.4593749761581421,0.13128325953278078,0.030384480035875697,0.984375
145,0,0.125,0.1306549335795027,0.03035950861931023,0.984375
146,0,0.125,0.13008944022155244,0.03033702475445131,0.984375
147,0,0.059375,0.1230179961993972,0.030055113129893837,0.984375
148,0,0.046875,0.11540369657945748,0.029750056028579715,0.984375
149,0,0.090625,0.11292582692151173,0.029650461093613207,0.984375
150,0,0.09375,0.11100824422936056,0.029573280936882176,0.984375
151,0,0.109375,0.11084491980642451,0.029566703152795543,0.984375
152,0,0.059375,0.10569792782578206,0.029359080863473122,0.984375
153,0,0.0625,0.10137813504320387,0.029184345355819652,0.984375
154,0,0.078125,0.09905282153888348,0.029090110860265663,0.984375
155,0,0.059375,0.09508503938499513,0.028929039824220716,0.984375
156,0,0.121875,0.09776403544649562,0.029037830488619562,0.984375
157,0,0.0625,0.09423763190184606,0.028894595671826402,0.984375
158,0,0.0625,0.09106386871166144,0.0287654596136636,0.984375
159,0,0.046875,0.0866449818404953,0.028585319693410223,0.984375
160,0,0.078125,0.08579298365644576,0.028550542845319632,0.984375
161,0,0.046875,0.08190118529080119,0.02839151106964897,0.984375
162,0,0.0625,0.07996106676172107,0.02831212597885177,0.984375
163,0,0.0625,0.07821496008554896,0.02824062117363039,0.984375
164,0,0.109375,0.08133096407699407,0.028368186111032864,0.984375
165,0,0.046875,0.07788536766929466,0.02822711794654935,0.984375
166,0,0.046875,0.07478433090236519,0.028099977396607512,0.984375
167,0,0.0625,0.07355589781212868,0.028049566961692453,0.984375
168,0,0.0625,0.07245030803091582,0.02800417602484608,0.984375
169,0,0.09375,0.07458027722782423,0.02809160553592421,0.984375
170,0,0.015625,0.0686847495050418,0.02784942870990085,0.984375
171,0,0.121875,0.07400377455453762,0.028067949136056876,0.984375
172,0,0.03125,0.06972839709908386,0.027892340566995646,0.984375
173,0,0.046875,0.06744305738917547,0.02779835167031568,0.984375
174,0,0.0625,0.06694875165025793,0.027778011779835687,0.984375
175,0,0.046875,0.06494137648523214,0.02769537350844341,0.984375
176,0,0.03125,0.061572238836708926,0.027556541977133343,0.984375
177,0,0.140625,0.06947751495303803,0.027882026565110324,0.984375
178,0,0.215625,0.08409226345773423,0.02848108105227741,0.984375
179,0,0.340625,0.1097455371119608,0.029522409256880756,0.984375
180,0,0.078125,0.10658348340076473,0.029394847984530695,0.984375
181,0,0.015625,0.09748763506068826,0.029026613402252235,0.984375
182,0,0.0625,0.09398887155461944,0.02888448154908406,0.984375
183,0,0.09375,0.09396498439915749,0.028883510274131552,0.984375
184,0,0.078125,0.09238098595924174,0.028819076685610748,0.984375
185,0,0.109375,0.09408038736331757,0.028888202559561302,0.984375
186,0,0.26562501192092897,0.1112348498190787,0.02958240624336969,0.984375
187,0,0.140625,0.11417386483717083,0.02970064378040517,0.984375
188,0,0.203125,0.12306897835345375,0.030057150497531965,0.984375
189,0,0.0625,0.11701208051810838,0.029814619652759652,0.984375
190,0,0.153125,0.12062337246629753,0.029959339867829306,0.984375
191,0,0.0625,0.11481103521966779,0.029726248827395226,0.984375
192,0,0.0625,0.109579931697701,0.029515734497701836,0.984375
193,0,0.090625,0.1076844385279309,0.02943928908926502,0.984375
194,0,0.078125,0.10472849467513781,0.029319904864016727,0.984375
195,0,0.03125,0.09738064520762403,0.029022271013194476,0.984375
196,0,0.0,0.08764258068686163,0.0286260216591164,0.984375
197,0,0.03125,0.08200332261817547,0.028395688373847008,0.984375
198,0,0.121875,0.08599049035635792,0.02855860592460759,0.984375
199,0,0.046875,0.08207894132072213,0.02839878097106024,0.984375
200,0,0.059375,0.07980854718864992,0.02830588233096662,0.984375
201,0,0.03125,0.07495269246978493,0.028106884359340042,0.984375
202,0,0.109375,0.07839492322280645,0.028247993357135792,0.984375
203,0,0.09375,0.0799304309005258,0.02831087188154391,0.984375
204,0,0.0625,0.07818738781047321,0.02823949162568856,0.984375
205,0,0.078125,0.0781811490294259,0.028239236040912382,0.984375
206,0,0.125,0.08286303412648331,0.028430841949345323,0.984375
207,0,0.09375,0.08395173071383498,0.02847533886513195,0.984375
208,0,0.046875,0.08024405764245147,0.028323709576836692,0.984375
209,0,0.109375,0.08315715187820633,0.028442865248219318,0.984375
210,0,0.078125,0.08265393669038569,0.028422293228893343,0.984375
211,0,0.09375,0.08376354302134711,0.028467648904721907,0.984375
212,0,0.0,0.0753871887192124,0.028124707157638165,1.0
213,0,0.109375,0.07878596984729117,0.028264010585900997,1.0
214,0,0.09375,0.08028237286256204,0.0283252778130267,1.0
215,0,0.125,0.08475413557630583,0.028508120191857608,1.0
216,0,0.140625,0.09034122201867524,0.02873602708847874,1.0
217,0,0.078125,0.08911959981680771,0.028686247837880343,1.0
218,0,0.078125,0.08802013983512694,0.028641420938770753,1.0
219,0,0.078125,0.08703062585161425,0.028601056256647547,1.0
220,0,0.0625,0.08457756326645283,0.028500907585241354,1.0
221,0,0.046875,0.08080730693980755,0.028346760597867282,1.0
222,0,0.046875,0.07741407624582679,0.028207806060808166,1.0
223,0,0.015625,0.0712351686212441,0.02795426425235069,1.0
224,0,0.09375,0.07348665175911968,0.02804672460138188,1.0
225,0,0.10625,0.07676298658320771,0.02818112026802972,1.0
226,0,0.109375,0.08002418792488694,0.028314709827932816,1.0
227,0,0.075,0.07952176913239824,0.028294141447893745,1.0
228,0,0.1624999761581421,0.08781958983497262,0.028633241576334362,1.0
229,0,0.125,0.09153763085147536,0.02878474958303591,1.0
230,0,0.09375,0.09175886776632781,0.028793756013295504,1.0
231,0,0.125,0.09508298098969503,0.02892895617611657,1.0
232,0,0.1375,0.09932468289072553,0.02910113440064028,1.0
233,0,0.078125,0.09720471460165298,0.029015129989410422,1.0
234,0,0.140625,0.10154674314148768,0.02919117356415001,1.0
235,0,0.09375,0.10076706882733891,0.029159593319677598,1.0
236,0,0.234375,0.114127861944605,0.0296987947320492,1.0
237,0,0.203125,0.1230275757501445,0.03005549595677527,1.0
238,0,0.125,0.12322481817513005,0.03006337779159242,1.0
239,0,0.1937499761581421,0.13027733397343125,0.03034449636541688,1.0
240,0,0.140625,0.13131210057608814,0.030385625988977934,1.0
241,0,0.29375,0.1475558905184793,0.031027142354684796,1.0
242,0,0.10625,0.14342530146663138,0.030864770860801152,1.0
243,0,0.09375,0.13845777131996823,0.030668805029667158,1.0
244,0,0.0625,0.1308619941879714,0.030367739023574432,1.0
245,0,0.078125,0.12558829476917424,0.03015774058936368,1.0
246,0,0.046875,0.11771696529225682,0.029842894133203304,1.0
247,0,0.0625,0.11219526876303115,0.029621067835874898,1.0
248,0,0.078125,0.10878824188672805,0.029483816101837382,1.0
249,0,0.1375,0.11165941769805524,0.029599500000625542,1.0
250,0,0.10625,0.11111847592824971,0.029577720076108746,1.0
251,0,0.046875,0.10469412833542474,0.029318515674789682,1.0
252,0,0.078125,0.10203721550188227,0.029211032812757873,1.0
253,0,0.078125,0.09964599395169405,0.029114160934015827,1.0
254,0,0.09375,0.09905639455652464,0.029090255750990442,1.0
255,0,0.078125,0.09696325510087217,0.029005328052782504,1.0
256,0,0.234375,0.11070442959078494,0.029561044478029843,1.0
257,0,0.2562499761581421,0.12525898424752066,0.0301446018587623,1.0
258,0,0.203125,0.1330455858227686,0.030454459528991996,1.0
259,0,0.3812499761581421,0.15786602485630594,0.03143005378272908,1.0
260,0,0.125,0.15457942237067535,0.03130199197265911,1.0
261,0,0.0625,0.14537148013360782,0.03094134044886961,1.0
262,0,0.109375,0.14177183212024702,0.030799625818997357,1.0
263,0,0.23125,0.15071964890822234,0.031151144963070893,1.0
264,0,0.075,0.1431476840174001,0.030853838868013513,1.0
265,0,0.1375,0.1425829156156601,0.030831592165336666,1.0
266,0,0.125,0.14082462405409413,0.030762269164015945,1.0
267,0,0.046875,0.13142966164868472,0.03039029684611822,1.0
268,0,0.325,0.15078669548381624,0.031153769377325963,1.0
269,0,0.1875,0.15445802593543462,0.0312972549644494,1.0
270,0,0.125,0.15151222334189118,0.03118215957889291,1.0
271,0,0.078125,0.14417350100770207,0.030894221562719027,1.0
272,0,0.15625,0.14538115090693188,0.030941720638053928,1.0
273,0,0.10625,0.14146803581623868,0.03078764745964408,1.0
274,0,0.0,0.1273212322346148,0.03022683161564059,1.0
275,0,0.075,0.12208910901115332,0.03001798036526615,1.0
276,0,0.075,0.11738019811003798,0.029829387260828823,1.0
277,0,0.125,0.11814217829903419,0.029859944145881934,1.0
278,0,0.2,0.12632796046913078,0.030187240689053943,1.0
279,0,0.125,0.1261951644222177,0.03018194549102181,1.0
280,0,0.075,0.12107564797999593,0.029977440388205587,1.0
281,0,0.09375,0.11834308318199634,0.029867998312512203,1.0
282,0,0.03125,0.1096337748637967,0.029517904730291755,1.0
283,0,0.10625,0.10929539737741703,0.029504264731628545,1.0
284,0,0.0,0.09836585763967533,0.029062248305755246,1.0
285,0,0.0625,0.09477927187570778,0.02891661319989329,1.0
286,0,0.075,0.092801344688137,0.028836181060724764,1.0
287,0,0.16875,0.10039621021932331,0.029144567112671573,1.0
288,0,0.078125,0.09816908919739098,0.02905426566526891,1.0
289,0,0.0625,0.09460218027765188,0.028909415154688492,1.0
290,0,0.09375,0.09451696224988669,0.028905951155419902,1.0
291,0,0.046875,0.08975276602489803,0.028712052156450993,1.0
292,0,0.046875,0.08546498942240822,0.028537151034638872,1.0
293,0,0.109375,0.0878559904801674,0.028634726223146376,1.0
294,0,0.0625,0.08532039143215067,0.028531246525743122,1.0
295,0,0.15625,0.0924133522889356,0.02882039380021679,1.0
296,0,0.140625,0.09723451706004203,0.029016339718628933,1.0
297,0,0.2874999761581421,0.11626106296985203,0.02978448060601914,1.0
298,0,0.10625,0.11525995667286683,0.029744282817006275,1.0
299,0,0.046875,0.10842146100558014,0.029469023544158486,1.0
300,0,0.075,0.10507931490502212,0.029334084482082745,1.0
301,0,0.078125,0.10238388341451991,0.029225066115684286,1.0
302,0,0.075,0.09964549507306791,0.02911414071034893,1.0
303,0,0.109375,0.10061844556576113,0.0291535718698568,1.0
304,0,0.109375,0.10149410100918503,0.029189041757841094,1.0
305,0,0.1624999761581421,0.10759468852408073,0.029435667324873856,1.0
306,0,0.1375,0.11058521967167266,0.029556242553339614,1.0
307,0,0.16875,0.1164016977045054,0.029790125512940857,1.0
308,0,0.075,0.11226152793405485,0.02962373425248892,1.0
309,0,0.16875,0.11791037514064936,0.029850649981524275,1.0
310,0,0.046875,0.11080683762658443,0.029565169323880675,1.0
311,0,0.16875,0.11660115386392599,0.029798130570615724,1.0
312,0,0.125,0.11744103847753339,0.029831827629746923,1.0
313,0,0.265625,0.13225943462978004,0.030423253585364775,1.0
314,0,0.49374998807907106,0.16840848997470914,0.031838376868353106,1.0
315,0,0.296875,0.18125514097723822,0.03233064550645141,1.0
316,0,0.296875,0.1928171268795144,0.032768445481650414,1.0
317,0,0.328125,0.20634791419156298,0.03327416099978386,1.0
318,0,0.125,0.19821312277240666,0.032970997698658654,1.0
319,0,0.125,0.19089181049516601,0.032695897904935066,1.0
320,0,0.10625,0.18242762944564941,0.03237527305651563,1.0
321,0,0.03125,0.16730986650108445,0.03179600473987767,1.0
322,0,0.015625,0.152141379850976,0.031206764991248644,1.0
323,0,0.015625,0.1384897418658784,0.030670068628165188,1.0
324,0,0.046875,0.12932826767929056,0.030306746455386387,1.0
325,0,0.0625,0.12264544091136151,0.030040222814648316,1.0
326,0,0.046875,0.11506839682022536,0.029736588135285336,1.0
327,0,0.046875,0.10824905713820282,0.029462069244640385,1.0
328,0,0.109375,0.10836165142438255,0.02946661107044179,1.0
329,0,0.078125,0.1053379862819443,0.029344537743679695,1.0
330,0,0.1937499761581421,0.11417918526956408,0.02970085762736163,1.0
331,0,0.046875,0.10744876674260767,0.0294297783987942,1.0
332,0,0.09375,0.1060788900683469,0.029374469991999455,1.0
333,0,0.0625,0.10172100106151222,0.029198229900152323,1.0
334,0,0.16875,0.108423900955361,0.02946912195992146,1.0
335,0,0.078125,0.1053940108598249,0.029346801566725884,1.0
336,0,0.0625,0.10110460977384242,0.029173266897358226,1.0
337,0,0.15625,0.10661914879645817,0.029396288103232956,1.0
338,0,0.140625,0.11001973391681236,0.029533459347889725,1.0
339,0,0.3875,0.13776776052513112,0.030641525727556674,1.0
340,0,0.4124999761581421,0.16524098208843221,0.031716096827191065,1.0
341,0,0.25000001192092897,0.1737168850716819,0.03204251141504549,1.0
342,0,0.25,0.1813451965645137,0.032334075042298835,1.0
343,0,0.15625,0.17883567690806235,0.032238393793044,1.0
344,0,0.2249999761581421,0.1834521068330703,0.032414224882879566,1.0
345,0,0.140625,0.1791693961497633,0.0322511310422033,1.0
346,0,0.0625,0.167502456534787,0.03180343568251439,1.0
347,0,0.09375,0.1601272108813083,0.03151795157976008,1.0
348,0,0.0625,0.15036448979317749,0.031137240510345294,1.0
349,0,0.046875,0.14001554081385975,0.030730338430246387,1.0
350,0,0.075,0.13351398673247378,0.030473044033998455,1.0
351,0,0.03125,0.1232875880592264,0.030065885864851663,1.0
352,0,0.1937499761581421,0.13033382686911796,0.030346742614662837,1.0
353,0,0.0625,0.12355044418220618,0.030076387555091275,1.0
354,0,0.125,0.12369539976398555,0.030082178055930234,1.0
355,0,0.125,0.12382585978758699,0.030087389020424345,1.0
356,0,0.09375,0.12081827380882829,0.029967140680242733,1.0
357,0,0.078125,0.11654894642794546,0.02979603535396967,1.0
358,0,0.0625,0.11114405178515091,0.029578749998412923,1.0
359,0,0.075,0.10752964660663582,0.029433042508448005,1.0
360,0,0.046875,0.10146418194597223,0.029187830121540498,1.0
361,0,0.0625,0.09756776375137502,0.02902986541600925,1.0
362,0,0.125,0.10031098737623752,0.02914111367357852,1.0
363,0,0.046875,0.09496738863861376,0.028924258643588847,1.0
364,0,0.046875,0.09015814977475238,0.028728569092065993,1.0
365,0,0.078125,0.08895483479727714,0.028679531616742422,1.0
366,0,0.046875,0.08474685131754943,0.028507822657015704,1.0
367,0,0.078125,0.0840846661857945,0.02848077063627756,1.0
368,0,0.078125,0.08348869956721505,0.02845641670655798,1.0
369,0,0.23125,0.09826482961049354,0.029058149835811994,1.0
370,0,0.10625,0.09906334664944419,0.029090537667004302,1.0
371,0,0.1375,0.10290701198449977,0.029246237450189252,1.0
372,0,0.1375,0.10636631078604979,0.029386078209383278,1.0
373,0,0.125,0.1082296797074448,0.029461287567576423,1.0
374,0,0.16875,0.11428171173670033,0.029704978388630635,1.0
375,0,0.16875,0.1197285405630303,0.029923511861121327,1.0
376,0,0.1375,0.12150568650672727,0.029994645924186186,1.0
377,0,0.046875,0.11404261785605455,0.029695368275303793,1.0
378,0,0.078125,0.11045085607044909,0.029550829802503523,1.0
379,0,0.078125,0.10721827046340418,0.029420475288616427,1.0
380,0,0.046875,0.10118394341706376,0.029176480282404202,1.0
381,0,0.046875,0.09575304907535738,0.028956181314199716,1.0
382,0,0.015625,0.08774024416782164,0.0286300052712283,1.0
383,0,0.015625,0.08052871975103948,0.02833536011727386,1.0
384,0,0.046875,0.07716334777593553,0.02819753049091947,1.0
385,0,0.03125,0.07257201299834198,0.028009173716849703,1.0
386,0,0.10625,0.07593981169850779,0.028147370786527057,1.0
387,0,0.140625,0.08240833052865701,0.028412250847429987,1.0
388,0,0.09375,0.0835424974757913,0.028458615411237183,1.0
389,0,0.125,0.08768824772821217,0.028627884403154325,1.0
390,0,0.03125,0.08204442295539095,0.028397369277879517,1.0
391,0,0.078125,0.08165248065985185,0.02838133851771929,1.0
392,0,0.03125,0.07661223259386667,0.028174940358287933,1.0
393,0,0.09375,0.07832600933448,0.028245170369967428,1.0
394,0,0.109375,0.08143090840103201,0.02837227477699569,1.0
395,0,0.109375,0.08422531756092881,0.02848651731598086,1.0
396,0,0.2625,0.10205278580483593,0.029211663165623642,1.0
397,0,0.2,0.11184750722435233,0.029607071353351597,1.0
398,0,0.325,0.13316275650191708,0.030459109045132077,1.0
399,0,0.109375,0.13078398085172538,0.030364638232602544,1.0
400,0,0.09375,0.12708058276655285,0.03021724205003425,1.0
401,0,0.0625,0.12062252448989758,0.02995930592587136,1.0
402,0,0.109375,0.11949777204090782,0.029914268743198608,1.0
403,0,0.03125,0.11067299483681704,0.029559778280590945,1.0
404,0,0.078125,0.10741819535313533,0.029428544573123855,1.0
405,0,0.0625,0.1029263758178218,0.029247020996267293,1.0
406,0,0.03125,0.09575873823603963,0.028956412426003875,1.0
407,0,0.10625,0.09680786441243566,0.02899901937106535,1.0
408,0,0.078125,0.0949395779711921,0.028923128409482475,1.0
409,0,0.015625,0.08700812017407289,0.02860013797143983,1.0
410,0,0.16875,0.0951823081566656,0.02893299248413536,1.0
411,0,0.0625,0.09191407734099905,0.028800073906292845,1.0
412,0,0.046875,0.08741016960689914,0.02861654104852502,1.0
413,0,0.09375,0.08804415264620923,0.028642400239617335,1.0
414,0,0.078125,0.08705223738158831,0.028601938049167136,1.0
415,0,0.0625,0.08459701364342948,0.02850170212129462,1.0
416,0,0.0625,0.08238731227908652,0.028411391397926335,1.0
417,0,0.03125,0.07727358105117788,0.028202048301363653,1.0
418,0,0.03125,0.0726712229460601,0.028013247492980328,1.0
419,0,0.10625,0.07602910065145409,0.028151032124859733,1.0
420,0,0.16875,0.08530119058630868,0.02853046244887755,1.0
421,0,0.140625,0.0908335715276778,0.02875608104336635,1.0
422,0,0.23125,0.10487521437491001,0.029325835399389724,1.0
423,0,0.140625,0.108450192937419,0.029470182442125875,1.0
424,0,0.046875,0.1022926736436771,0.02922137416056855,1.0
425,0,0.03125,0.0951884062793094,0.028933240283623797,1.0
426,0,0.0625,0.09191956565137846,0.0288002973019624,1.0
427,0,0.0625,0.08897760908624061,0.02868045998426065,1.0
428,0,0.2,0.10007984817761656,0.029131746527372295,1.0
429,0,0.075,0.0975718633598549,0.02903003179438704,1.0
430,0,0.046875,0.09250217702386941,0.028824008320153433,1.0
431,0,0.046875,0.08793945932148246,0.028638130507561355,1.0
432,0,0.046875,0.08383301338933422,0.028470487767608917,1.0
433,0,0.046875,0.0801372120504008,0.02831933626221635,1.0
434,0,0.23125,0.0952484908453607,0.028935681800000248,1.0
435,0,0.09375,0.09509864176082462,0.02892959258893137,1.0
436,0,0.075,0.09308877758474216,0.028847874574638607,1.0
437,0,0.109375,0.09471739982626795,0.02891409843111626,1.0
438,0,0.09375,0.09462065984364115,0.02891016630412386,1.0
439,0,0.109375,0.09609609385927705,0.028970115643212693,1.0
440,0,0.09375,0.09586148447334934,0.028960586185585065,1.0
441,0,0.125,0.0987753360260144,0.029078857583710305,1.0
442,0,0.1375,0.10264780242341297,0.029235747861855538,1.0
443,0,0.046875,0.09707052218107166,0.02900968266644834,1.0
444,0,0.078125,0.0951759699629645,0.028932734928430123,1.0
445,0,0.03125,0.08878337296666805,0.02867254184091117,1.0
446,0,0.1375,0.09365503567000125,0.028870906369384775,1.0
447,0,0.109375,0.09522703210300112,0.028934809839969385,1.0
448,0,0.078125,0.09351682889270102,0.02886528561187898,1.0
449,0,0.078125,0.09197764600343092,0.028802661361069043,1.0
450,0,0.078125,0.09059238140308783,0.028746257711767937,1.0
451,0,0.046875,0.08622064326277905,0.02856800081014778,1.0
452,0,0.078125,0.08541107893650114,0.028534949702925402,1.0
453,0,0.046875,0.08155747104285102,0.028377452119655335,1.0
454,0,0.125,0.08590172393856592,0.028554982188191552,1.0
455,0,0.125,0.08981155154470932,0.028714447516578707,1.0
456,0,0.0625,0.0870803963902384,0.028603086977838733,1.0
457,0,0.0625,0.08462235675121457,0.028502737360986758,1.0
458,0,0.09375,0.08553512107609311,0.028540014642985213,1.0
459,0,0.03125,0.0801066089684838,0.028318083604291014,1.0
460,0,0.046875,0.07678344807163542,0.02818195902236973,1.0
461,0,0.1375,0.08285510326447189,0.02843051771961412,1.0
462,0,0.046875,0.0792570929380247,0.028283304117157338,1.0
463,0,0.109375,0.08226888364422223,0.028406548622705544,1.0
464,0,0.078125,0.08185449527980002,0.028389601435350017,1.0
465,0,0.140625,0.08773154575182,0.02862965047771412,1.0
466,0,0.171875,0.096145891176638,0.02897213817835665,1.0
467,0,0.2874999761581421,0.1152812996747884,0.02974514007676767,1.0
468,0,0.203125,0.12406566970730956,0.03009696654446525,1.0
469,0,0.203125,0.1319716027365786,0.030411823775865737,1.0
470,0,0.2625,0.14502444246292073,0.03092769535617932,1.0
471,0,0.0625,0.13677199821662867,0.03060213371093423,1.0
472,0,0.09375,0.1324697983949658,0.03043160562989794,1.0
473,0,0.046875,0.12391031855546923,0.030090762310977,1.0
474,0,0.09375,0.1208942866999223,0.029970182778980215,1.0
475,0,0.109375,0.11974235802993008,0.029924065256479712,1.0
476,0,0.0625,0.11401812222693708,0.029694383619372818,1.0
477,0,0.109375,0.11355381000424337,0.0296757167119035,1.0
478,0,0.125,0.11469842900381903,0.029721724430143294,1.0
479,0,0.15625,0.11885358610343713,0.02988845936636013,1.0
480,0,0.09375,0.11634322749309342,0.02978777865143118,1.0
481,0,0.125,0.11720890474378408,0.029822515996607065,1.0
482,0,0.078125,0.11330051426940567,0.029665531094950355,1.0
483,0,0.03125,0.10509546284246511,0.029334737087930315,1.0
484,0,0.125,0.1070859165582186,0.029415132752601183,1.0
485,0,0.15625,0.11200232490239674,0.02961330272538104,1.0
486,0,0.09375,0.11017709241215706,0.02953980004538185,1.0
487,0,0.09375,0.10853438317094136,0.029473578127706453,1.0
488,0,0.2,0.11768094485384722,0.0298414495854588,1.0
489,0,0.0625,0.11216285036846249,0.02961976320781186,1.0
490,0,0.078125,0.10875906533161625,0.029482639507324954,1.0
491,0,0.125,0.11038315879845463,0.02954810249443467,1.0
492,0,0.075,0.10684484291860916,0.029405400617181377,1.0
493,0,0.109375,0.10709785862674824,0.029415614817663,1.0
494,0,0.046875,0.10107557276407342,0.029172090726657558,1.0
495,0,0.09375,0.10034301548766607,0.029142411550451032,1.0
496,0,0.109375,0.10124621393889946,0.029179002431479875,1.0
497,0,0.078125,0.09893409254500951,0.029085296077585244,1.0
498,0,0.10625,0.09966568329050855,0.02911495910095223,1.0
499,0,0.046875,0.0943866149614577,0.02890065241446653,1.0
500,0,0.125,0.09744795346531193,0.029025002877433634,1.0
501,0,0.03125,0.09082815811878074,0.02875586057590723,1.0
502,0,0.075,0.08924534230690266,0.028691373040373704,1.0
503,0,0.03125,0.0834458080762124,0.02845466370489494,1.0
504,0,0.10625,0.08572622726859115,0.028547817389750194,1.0
505,0,0.1624999761581421,0.09340360215754624,0.028860680474034145,1.0
506,0,0.15625,0.09968824194179161,0.029115873573554375,1.0
507,0,0.171875,0.10690691774761245,0.02940790670798358,1.0
508,0,0.234375,0.1196537259728512,0.02992051541817429,1.0
509,0,0.203125,0.1280008533755661,0.03025390493400116,1.0
510,0,0.537499976158142,0.1689507656538237,0.03185927593907691,1.0
511,0,0.125,0.16455568908844131,0.031689595552005026,1.0
512,0,0.09375,0.1574751201795972,0.03141484101983715,1.0
513,0,0.078125,0.14954010816163749,0.031104950466645832,1.0
514,0,0.078125,0.14239859734547375,0.030824329597055035,1.0
515,0,0.109375,0.13909623761092638,0.030694033872281135,1.0
516,0,0.3875,0.1639366138498337,0.031665641081503416,1.0
517,0,0.09375,0.15691795246485035,0.03139314903959025,1.0
518,0,0.3499999761581421,0.17622615483417953,0.032138653684394024,1.0
519,0,0.109375,0.16954103935076156,0.031882013053134116,1.0
520,0,0.140625,0.16664943541568542,0.03177051265782292,1.0
521,0,0.109375,0.16092199187411688,0.031548805765291975,1.0
522,0,0.0625,0.1510797926867052,0.03116524042974192,1.0
523,0,0.015625,0.13753431341803468,0.030632293279773556,1.0
524,0,0.0625,0.1300308820762312,0.030334695980579824,1.0
525,0,0.23125,0.14015279386860807,0.030735756560129404,1.0
526,0,0.15625,0.14176251448174726,0.030799258476397657,1.0
527,0,0.0625,0.13383626303357254,0.030485827140009625,1.0
528,0,0.03125,0.1235776367302153,0.03007747385165456,1.0
529,0,0.046875,0.11590737305719377,0.02977028168651192,1.0
530,0,0.15625,0.1199416357514744,0.029932045854445418,1.0
531,0,0.16875,0.12482247217632697,0.030127181459737886,1.0
532,0,0.10625,0.12296522495869427,0.03005300419237669,1.0
533,0,0.09375,0.12004370246282485,0.029936132978179528,1.0
534,0,0.1624999761581421,0.12428932983235658,0.030105897671730733,1.0
535,0,0.1937499761581421,0.13123539446493512,0.03038257814097299,1.0
536,0,0.03125,0.12123685501844161,0.0299838907435804,1.0
537,0,0.03125,0.11223816951659746,0.029622794270174047,1.0
538,0,0.1375,0.11476435256493771,0.029724373207226096,1.0
539,0,0.203125,0.12360041730844394,0.03007838388205086,1.0
540,0,0.265625,0.13780287557759954,0.030642914329722767,1.0
541,0,0.28125,0.15214758801983957,0.031207007720122883,1.0
542,0,0.203125,0.1572453292178556,0.0314058959138635,1.0
543,0,0.296875,0.17120829629607004,0.03194616853262007,1.0
544,0,0.1624999761581421,0.17033746428227725,0.031912671513981423,1.0
545,0,0.109375,0.16424121785404952,0.031677429065675416,1.0
546,0,0.171875,0.16500459606864457,0.03170695727068387,1.0
547,0,0.140625,0.16256663646178013,0.03161258442587463,1.0
548,0,0.10625,0.15693497281560212,0.03139381183860916,1.0
549,0,0.046875,0.1459289755340419,0.03096325262407476,1.0
550,0,0.0625,0.13758607798063774,0.030634340622541757,1.0
551,0,0.046875,0.12851497018257396,0.030274376680702143,1.0
552,0,0.03125,0.11878847316431657,0.02988585000561495,1.0
553,0,0.046875,0.1115971258478849,0.029596992312913586,1.0
554,0,0.046875,0.10512491326309642,0.02933592728720614,1.0
555,0,0.03125,0.09773742193678678,0.029036750511889378,1.0
556,0,0.078125,0.0957761797431081,0.028957120951179638,1.0
557,0,0.109375,0.0971360617687973,0.029012343188226444,1.0
558,0,0.046875,0.09210995559191756,0.028808046531370892,1.0
559,0,0.09375,0.09227396003272581,0.028814721220718355,1.0
560,0,0.0625,0.08929656402945324,0.02869346072187755,1.0
561,0,0.16875,0.09724190762650792,0.02901663971049703,1.0
562,0,0.109375,0.09845521686385714,0.029065873212778554,1.0
563,0,0.0625,0.09485969517747142,0.028919881856667846,1.0
564,0,0.10625,0.09599872565972428,0.028966160846338285,1.0
565,0,0.09375,0.09577385309375185,0.02895702643623521,1.0
566,0,0.1375,0.09994646778437666,0.029126340611173425,1.0
567,0,0.046875,0.094639321005939,0.028910924827663838,1.0
568,0,0.0625,0.0914253889053451,0.02878017989195844,1.0
569,0,0.0625,0.0885328500148106,0.028662328021640912,1.0
570,0,0.075,0.08717956501332953,0.02860713307868595,1.0
571,0,0.075,0.08596160851199658,0.028557426889702964,1.0
572,0,0.0625,0.08361544766079693,0.028461596776675632,1.0
573,0,0.078125,0.08306640289471724,0.02843915567512464,1.0
574,0,0.03125,0.07788476260524552,0.02822709315563158,1.0
575,0,0.046875,0.07478378634472096,0.028099955055577996,1.0
576,0,0.046875,0.07199290771024887,0.027985391165728603,1.0
577,0,0.03125,0.06791861693922399,0.027817916645125663,1.0
578,0,0.046875,0.0658142552453016,0.02773131502752292,1.0
579,0,0.015625,0.060795329720771445,0.02752450506013316,1.0
580,0,0.1375,0.0684657967486943,0.02784042381963835,1.0
581,0,0.03125,0.06474421707382487,0.027687253736973033,1.0
582,0,0.078125,0.06608229536644238,0.027742349519863197,1.0
583,0,0.078125,0.06728656582979814,0.02779191269748681,1.0
584,0,0.109375,0.07149540924681833,0.027964955643349578,1.0
585,0,0.046875,0.0690333683221365,0.027863764841517633,1.0
586,0,0.03125,0.06525503148992284,0.02770828982344128,1.0
587,0,0.046875,0.06341702834093056,0.027632580234183485,1.0
588,0,0.109375,0.0680128255068375,0.027821792061646113,1.0
589,0,0.046875,0.06589904295615376,0.02773480562667742,1.0
590,0,0.03125,0.06243413866053839,0.027592073672654052,1.0
591,0,0.078125,0.06400322479448455,0.027656731752538924,1.0
592,0,0.075,0.06510290231503608,0.027702025325366825,1.0
593,0,0.075,0.06609261208353247,0.027742774209829308,1.0
594,0,0.1375,0.07323335087517922,0.02803632661508439,1.0
595,0,0.046875,0.0705975157876613,0.027928063118854343,1.0
596,0,0.140625,0.07760026420889517,0.028215435863374508,1.0
597,0,0.046875,0.07452773778800564,0.028089449847478423,1.0
598,0,0.078125,0.07488746400920508,0.028104208446189924,1.0
599,0,0.35625,0.10302371760828456,0.029250959744139417,1.0
600,0,0.28125,0.1208463458474561,0.02996826416427466,1.0
601,0,0.1875,0.1275117112627105,0.030234420814968445,1.0
602,0,0.31250001192092897,0.14601054132853233,0.0309664577275086,1.0
603,0,0.2625,0.1576594871956791,0.031422016630390424,1.0
604,0,0.09375,0.1512685384761112,0.031172625980221788,1.0
605,0,0.203125,0.15645418462850008,0.031375085498420954,1.0
606,0,0.16875,0.15768376616565008,0.031422961489616874,1.0
607,0,0.078125,0.14972788954908509,0.031112307549192843,1.0
608,0,0.09375,0.14413010059417658,0.030892513703736597,1.0
609,0,0.125,0.14221709053475895,0.03081717679085205,1.0
610,0,0.125,0.14049538148128304,0.03074927788744522,1.0
611,0,0.1875,0.14519584333315474,0.03093443509504802,1.0
612,0,0.1937499761581421,0.1500512566156535,0.031124974100576647,1.0
613,0,0.2,0.15504613095408815,0.03132019889799771,1.0
614,0,0.078125,0.14735401785867933,0.03101921923921813,1.0
615,0,0.078125,0.1404311160728114,0.030746741715725823,1.0
616,0,0.09375,0.13576300446553025,0.0305621883669163,1.0
617,0,0.046875,0.12687420401897723,0.030209016848787573,1.0
618,0,0.078125,0.12199928361707951,0.030014388320255908,1.0
619,0,0.046875,0.11448685525537156,0.029713222756059882,1.0
620,0,0.03125,0.1061631697298344,0.029377874042567843,1.0
621,0,0.16875,0.11242185275685096,0.02963018562970442,1.0
622,0,0.046875,0.10586716748116587,0.029365917791221843,1.0
623,0,0.0625,0.10153045073304928,0.02919051379022185,1.0
624,0,0.078125,0.09918990565974435,0.029095669605343117,1.0
625,0,0.046875,0.09395841509376991,0.028883243157684643,1.0
626,0,0.03125,0.08768757358439293,0.028627856905342332,1.0
627,0,0.046875,0.08360631622595363,0.028461223594024667,1.0
628,0,0.046875,0.07993318460335827,0.028310984606710773,1.0
629,0,0.03125,0.07506486614302245,0.02811148596994209,1.0
630,0,0.1375,0.0813083795287202,0.028367262164464353,1.0
631,0,0.125,0.08567754157584818,0.028545829650148742,1.0
632,0,0.03125,0.08023478741826337,0.02832333014395529,1.0
633,0,0.03125,0.07533630867643704,0.028122620252561594,1.0
634,0,0.2,0.08780267780879333,0.02863255178883549,1.0
635,0,0.075,0.086522410027914,0.028580317428168574,1.0
636,0,0.046875,0.0825576690251226,0.02841835715613363,1.0
637,0,0.35625,0.10992690212261033,0.029529718445042902,1.0
638,0,0.125,0.1114342119103493,0.029590433421704095,1.0
639,0,0.09375,0.10966579071931437,0.029519195145796647,1.0
640,0,0.2625,0.12494921164738293,0.030132239936757118,1.0
641,0,0.046875,0.11714179048264464,0.029819823567881355,1.0
642,0,0.03125,0.10855261143438018,0.029474313314656997,1.0
643,0,0.0,0.09769735029094216,0.02903512437455757,1.0
644,0,0.075,0.09542761526184794,0.028942960004140636,1.0
645,0,0.046875,0.09057235373566315,0.028745441960027474,1.0
646,0,0.109375,0.09245261836209684,0.028821991663657037,1.0
647,0,0.1375,0.09695735652588716,0.02900508858703367,1.0
648,0,0.03125,0.09038662087329845,0.028737876441666383,1.0
649,0,0.16875,0.09822295878596861,0.029056451169085742,1.0
650,0,0.140625,0.10246316290737174,0.02922827500735824,1.0
651,0,0.09375,0.10159184661663456,0.029193000033609674,1.0
652,0,0.046875,0.09612016195497111,0.028971093183842334,1.0
653,0,0.23125,0.109633145759474,0.029517879373669488,1.0
654,0,0.10625,0.10929483118352659,0.029504241906023805,1.0
655,0,0.09375,0.10774034806517394,0.029441545160957962,1.0
656,0,0.0625,0.10321631325865654,0.029258752115302912,1.0
657,0,0.075,0.10039468193279089,0.029144505184176234,1.0
658,0,0.109375,0.1012927137395118,0.02918088576041208,1.0
659,0,0.0625,0.09741344236556063,0.029023602175453342,1.0
660,0,0.10625,0.09829709812900456,0.02905945891820826,1.0
661,0,0.109375,0.09940488831610411,0.02910438628874264,1.0
662,0,0.046875,0.0941518994844937,0.028891110102115144,1.0
663,0,0.2,0.10473670953604433,0.029320236928951013,1.0
664,0,0.2249999761581421,0.1167630361982541,0.029804626873707493,1.0
665,0,0.29375,0.13446173257842867,0.0305106278177762,1.0
666,0,0.140625,0.1350780593205858,0.03053505482554408,1.0
667,0,0.2874999761581421,0.15032025100434143,0.031135508281851878,1.0
668,0,0.171875,0.1524757259039073,0.031219835578856377,1.0
669,0,0.125,0.14972815331351658,0.031112317882421765,1.0
670,0,0.2625,0.16100533798216493,0.031552040105241666,1.0
671,0,0.1375,0.15865480418394845,0.03146073502637369,1.0
672,0,0.1375,0.15653932376555363,0.031378402162393494,1.0
673,0,0.109375,0.15182289138899827,0.031194310960424316,1.0
674,0,0.03125,0.13976560225009843,0.030720470526935828,1.0
675,0,0.0625,0.1320390420250886,0.030414502004320183,1.0
676,0,0.2249999761581421,0.14133513543839393,0.030782406458285505,1.0
677,0,0.03125,0.13032662189455455,0.03034645613820955,1.0
678,0,0.10625,0.1279189597050991,0.030250643307750427,1.0
679,0,0.0625,0.12137706373458917,0.029989500334144128,1.0
680,0,0.075,0.11673935736113025,0.029803676689133154,1.0
681,0,0.078125,0.11287792162501722,0.029648534080157114,1.0
682,0,0.0625,0.1078401294625155,0.029445571372193603,1.0
683,0,0.078125,0.10486861651626396,0.029325568719088837,1.0
684,0,0.125,0.10688175486463757,0.029406890840734952,1.0
685,0,0.125,0.10869357937817381,0.02947999859949132,1.0
686,0,0.125,0.11032422144035643,0.02954572800430086,1.0
687,0,0.140625,0.11335429929632078,0.029667694051656243,1.0
688,0,0.10625,0.1126438693666887,0.029639118393894066,1.0
689,0,0.10625,0.11200448243001983,0.02961338956112669,1.0
690,0,0.078125,0.10861653418701785,0.029476891400166873,1.0
691,0,0.078125,0.10556738076831607,0.029353806576143456,1.0
692,0,0.078125,0.10282314269148446,0.02924284362962734,1.0
693,0,0.2,0.11254082842233601,0.02963497272829871,1.0
694,0,0.078125,0.10909924558010241,0.0294963565816402,1.0
695,0,0.109375,0.10912682102209217,0.02949746838260915,1.0
696,0,0.2,0.11821413891988294,0.029862829128339315,1.0
697,0,0.09375,0.11576772502789465,0.029764674621240807,1.0
698,0,0.0625,0.11044095252510519,0.02955043082711132,1.0
699,0,0.03125,0.10252185727259468,0.029230650609528494,1.0
700,0,0.1375,0.1060196715453352,0.029372078059235016,1.0
701,0,0.046875,0.10010520439080169,0.02913277417145917,1.0
702,0,0.29375,0.11946968395172151,0.029913143617689816,1.0
703,0,0.1875,0.12627271555654937,0.030185037875659126,1.0
704,0,0.203125,0.13395794400089445,0.03049065283860074,1.0
705,0,0.171875,0.137749649600805,0.030640809528364434,1.0
706,0,0.109375,0.1349121846407245,0.03052848177003714,1.0
707,0,0.2625,0.14767096617665204,0.031031658278939545,1.0
708,0,0.1375,0.14665386955898685,0.030991729820761416,1.0
709,0,0.075,0.1394884826030882,0.03070952727944669,1.0
710,0,0.2874999761581421,0.15428963195859358,0.03129068326659578,1.0
711,0,0.046875,0.14354816876273424,0.03086960835990406,1.0
712,0,0.09375,0.13856835188646083,0.030673175467560862,1.0
713,0,0.078125,0.13252401669781474,0.030433758045800133,1.0
714,0,0.10625,0.12989661502803326,0.030329356005561817,1.0
715,0,0.075,0.12440695352522993,0.030110594039362816,1.0
716,0,0.078125,0.11977875817270695,0.029925523073467294,1.0
717,0,0.078125,0.11561338235543625,0.029758476966612886,1.0
718,0,0.075,0.11155204411989263,0.029595177394664253,1.0
719,0,0.0625,0.10664683970790337,0.029397406202673955,1.0
720,0,0.046875,0.10066965573711303,0.02915564669850079,1.0
721,0,0.075,0.09810269016340173,0.029051571750888707,1.0
722,0,0.046875,0.09297992114706155,0.02884344621569254,1.0
723,0,0.109375,0.0946194290323554,0.028910116274862008,1.0
724,0,0.046875,0.08984498612911986,0.02871580985958268,1.0
725,0,0.046875,0.08554798751620787,0.0285405399938337,1.0
726,0,0.0625,0.08324318876458708,0.028446382060823124,1.0
727,0,0.046875,0.07960636988812837,0.028297605212744277,1.0
728,0,0.1875,0.09039573289931555,0.028738247621195662,1.0
729,0,0.16875,0.098231159609384,0.02905678387313171,1.0
730,0,0.15625,0.10403304364844561,0.029291787333203256,1.0
731,0,0.09375,0.10300473928360104,0.02925019183986969,1.0
732,0,0.0625,0.09895426535524093,0.029086114161715117,1.0
733,0,0.0625,0.09530883881971683,0.028938133942399226,1.0
734,0,0.1375,0.09952795493774515,0.02910937568464818,1.0
735,0,0.140625,0.10363765944397063,0.029275796701695573,1.0
736,0,0.265625,0.11983639349957356,0.029927831283205766,1.0
737,0,0.54375,0.16222775414961618,0.03159945023947681,1.0
738,0,0.537499976158142,0.19975497635046877,0.03302866325979479,1.0
739,0,0.234375,0.20321697871542188,0.03315779539379796,1.0
740,0,0.125,0.1953952808438797,0.03286536600000655,1.0
741,0,0.046875,0.18054325275949173,0.03230352445503323,1.0
742,0,0.075,0.16998892748354258,0.031899257316969624,1.0
743,0,0.203125,0.1733025347351883,0.03202661376218965,1.0
744,0,0.21875,0.1778472812616695,0.032200645093458324,1.0
745,0,0.296875,0.18975005313550253,0.032652807670849604,1.0
746,0,0.3125,0.20202504782195227,0.03311339105084345,1.0
747,0,0.296875,0.211510043039757,0.03346514062294683,1.0
748,0,0.25,0.2153590387357813,0.033606818177221165,1.0
749,0,0.21875,0.21569813486220318,0.03361927013626306,1.0
750,0,0.25000001192092897,0.21912832256807577,0.03374495652886189,1.0
751,0,0.109375,0.2081529903112682,0.03334106710772141,1.0
752,0,0.125,0.1998376912801414,0.033031754127835294,1.0
753,0,0.1624999761581421,0.19610391976794145,0.032891960112570943,1.0
754,0,0.109375,0.1874310277911473,0.0325651326397215,1.0
755,0,0.046875,0.17337542501203257,0.03202941083930041,1.0
756,0,0.0625,0.16228788251082932,0.03160178094252311,1.0
757,0,0.0625,0.1523090942597464,0.031213321901848057,1.0
758,0,0.078125,0.14489068483377177,0.030922435171564594,1.0
759,0,0.10625,0.1410266163503946,0.03077023776434018,1.0
760,0,0.046875,0.13161145471535515,0.030397518948396582,1.0
761,0,0.03125,0.12157530924381964,0.029997431017468542,1.0
762,0,0.03125,0.11254277831943768,0.029635051181324996,1.0
763,0,0.3187499761581421,0.1331634981033081,0.030459138471774807,1.0
764,0,0.109375,0.13078464829297728,0.030364664762080308,1.0
765,0,0.2625,0.14395618346367955,0.030885669269309458,1.0
766,0,0.0625,0.1358105651173116,0.03056407193228025,1.0
767,0,0.078125,0.13004200860558043,0.03033513847423902,1.0
768,0,0.09375,0.1264128077450224,0.030190623691251795,1.0
769,0,0.03125,0.11689652697052016,0.029809983322788464,1.0
770,0,0.046875,0.10989437427346815,0.029528407599638234,1.0
771,0,0.0625,0.10515493684612134,0.029337140629212277,1.0
772,0,0.09375,0.1040144431615092,0.029291035149613093,1.0
773,0,0.325,0.1261129988453583,0.030178668922734294,1.0
774,0,0.1624999761581421,0.12975169657663665,0.03032359183867895,1.0
775,0,0.2,0.136776526918973,0.03060231293133871,1.0
776,0,0.0625,0.1293488742270757,0.030307566368067113,1.0
777,0,0.0625,0.12266398680436813,0.030040964146436245,1.0
778,0,0.046875,0.11508508812393131,0.029737258637815064,1.0
779,0,0.046875,0.10826407931153818,0.029462675226327863,1.0
780,0,0.0625,0.10368767138038437,0.02927781954753042,1.0
781,0,0.1375,0.10706890424234594,0.02941444601118992,1.0
782,0,0.03125,0.09948701381811136,0.029107715877475904,1.0
783,0,0.046875,0.09422581243630022,0.02889411514436617,1.0
784,0,0.075,0.0923032311926702,0.028815912446394983,1.0
785,0,0.10625,0.09369790807340318,0.0288726498738009,1.0
786,0,0.046875,0.08901561726606286,0.028682009320591745,1.0
787,0,0.10625,0.09073905553945658,0.02875223168246815,1.0
788,0,0.046875,0.08635264998551091,0.028573388885741346,1.0
789,0,0.078125,0.08552988498695982,0.028539800846814962,1.0
790,0,0.1375,0.09072689648826383,0.028751736466511052,1.0
791,0,0.125,0.09415420683943745,0.028891203912844568,1.0
792,0,0.03125,0.08786378615549371,0.0286350441763179,1.0
793,0,0.015625,0.08063990753994434,0.02833991036774899,1.0
794,0,0.125,0.0850759167859499,0.028521262743169868,1.0
795,0,0.203125,0.0968808251073549,0.029001981555799708,1.0
796,0,0.21875,0.10906774259661942,0.02949508640552345,1.0
797,0,0.60625,0.15878596833695746,0.031465834915509416,1.0
798,0,0.36874998807907106,0.1797823703111688,0.03227451606088015,1.0
799,0,0.21875,0.18367913328005195,0.032422851362427695,1.0
800,0,0.046875,0.16999871995204677,0.03189963426018832,1.0
801,0,0.140625,0.1670613479568421,0.03178641392107014,1.0
802,0,0.125,0.16285521316115792,0.03162376580613921,1.0
803,0,0.171875,0.16375719184504212,0.03165869606831314,1.0
804,0,0.09375,0.1567564726605379,0.031386860285731975,1.0
805,0,0.03125,0.14420582539448412,0.030895493528749,1.0
806,0,0.046875,0.13447274285503572,0.03051106428758408,1.0
807,0,0.15625,0.13665046856953214,0.030597324029037334,1.0
808,0,0.325,0.15548542171257893,0.03133732967696739,1.0
809,0,0.1624999761581421,0.15618687715713525,0.03136467076022046,1.0
810,0,0.078125,0.14838068944142174,0.03105950076461297,1.0
811,0,0.046875,0.1382301204972796,0.03065980651424115,1.0
812,0,0.0625,0.13065710844755163,0.03035959507396953,1.0
813,0,0.2249999761581421,0.14009139521861066,0.030733332889368744,1.0
814,0,0.325,0.1585822556967496,0.03145791396816553,1.0
815,0,0.203125,0.16303653012707464,0.031630789773776084,1.0
816,0,0.125,0.15923287711436718,0.0314832071697392,1.0
817,0,0.125,0.15580958940293044,0.03134996698933814,1.0
818,0,0.140625,0.1542911304626374,0.03129074175090453,1.0
819,0,0.109375,0.14979951741637365,0.03111511355915854,1.0
820,0,0.075,0.1423195656747363,0.03082121524700633,1.0
821,0,0.125,0.1405876091072627,0.03075291734250974,1.0
822,0,0.046875,0.13121634819653644,0.030381821328703925,1.0
823,0,0.16875,0.1349697133768828,0.030530761531388118,1.0
824,0,0.075,0.1289727420391945,0.03029259858626145,1.0
825,0,0.078125,0.12388796783527506,0.03008986964007503,1.0
826,0,0.046875,0.11618667105174756,0.029781494400211574,1.0
827,0,0.125,0.1170680039465728,0.0298168633328969,1.0
828,0,0.1937499761581421,0.12473620116772972,0.030123737925617983,1.0
829,0,0.0625,0.11851258105095674,0.029874792572462727,1.0
830,0,0.09375,0.11603632294586107,0.02977545876412538,1.0
831,0,0.140625,0.11849519065127495,0.029874095519106525,1.0
832,0,0.2625,0.13289567158614746,0.030448510119451034,1.0
833,0,0.03125,0.12273110442753271,0.030043646950386162,1.0
834,0,0.0,0.11045799398477944,0.029551117359872803,1.0
835,0,0.09375,0.1087871945863015,0.029483773868010613,1.0
836,0,0.171875,0.11509597512767135,0.0297376959733342,1.0
837,0,0.1937499761581421,0.12296137523071843,0.030052850339813655,1.0
838,0,0.015625,0.11222773770764659,0.029622374472126435,1.0
839,0,0.078125,0.10881746393688194,0.02948499451044408,1.0
840,0,0.046875,0.10262321754319374,0.029234752891013006,1.0
841,0,0.046875,0.09704839578887436,0.029008784444013815,1.0
842,0,0.16875,0.10421855620998693,0.02929928882237778,1.0
843,0,0.046875,0.09848420058898824,0.029067048916129497,1.0
844,0,0.2625,0.11488578053008941,0.02972925183672418,1.0
845,0,0.078125,0.11120970247708047,0.029581393633349634,1.0
846,0,0.2249999761581421,0.12258872984518662,0.030037955855645334,1.0
847,0,0.046875,0.11501735686066795,0.02973453777693831,1.0
848,0,0.078125,0.11132812117460116,0.029586161872566425,1.0
849,0,0.046875,0.10488280905714104,0.02932614236926608,1.0
850,0,0.075,0.10189452815142692,0.02920525595824999,1.0
851,0,0.078125,0.09951757533628423,0.029108954885390982,1.0
852,0,0.10625,0.1001908178026558,0.029136243830962645,1.0
853,0,0.03125,0.09329673602239023,0.028856333787166857,1.0
854,0,0.078125,0.09177956242015121,0.02879459842949139,1.0
855,0,0.03125,0.0857266061781361,0.028547832859690675,1.0
856,0,0.075,0.08465394556032249,0.02850402771395092,1.0
857,0,0.109375,0.08712605100429024,0.028604949719728625,1.0
858,0,0.140625,0.09247594590386121,0.02882294092159636,1.0
859,0,0.16875,0.1001033513134751,0.029132699069880988,1.0
860,0,0.125,0.10259301618212759,0.029233530597547644,1.0
861,0,0.23125,0.11545871456391482,0.029752265647924738,1.0
862,0,0.1624999761581421,0.12016284072333755,0.029940903361785082,1.0
863,0,0.23125,0.1312715566510038,0.03038401503366599,1.0
864,0,0.078125,0.1259569009859034,0.03017244359842913,1.0
865,0,0.03125,0.11648621088731306,0.02979351752528722,1.0
866,0,0.078125,0.11265008979858177,0.029639368653239878,1.0
867,0,0.10625,0.11201008081872359,0.02961361488343202,1.0
868,0,0.109375,0.11174657273685124,0.029603008446806734,1.0
869,0,0.046875,0.10525941546316611,0.029341362755652398,1.0
870,0,0.09375,0.10410847391684949,0.029294837569660948,1.0
871,0,0.09375,0.10307262652516454,0.029252938667152763,1.0
872,0,0.078125,0.10057786387264808,0.029151927622291643,1.0
873,0,0.1937499761581421,0.10989507510119749,0.029528435842687207,1.0
874,0,0.25000001192092897,0.12390556878317063,0.030090572609787977,1.0
875,0,0.1937499761581421,0.1308900095206678,0.03036885250492652,1.0
876,0,0.140625,0.13186350856860102,0.030407530741110408,1.0
877,0,0.09375,0.12805215771174092,0.030255948165945595,1.0
878,0,0.140625,0.12930944194056682,0.03030599738875965,1.0
879,0,0.078125,0.12419099774651014,0.030101971272517056,1.0
880,0,0.09375,0.12114689797185912,0.029980291389624936,1.0
881,0,0.078125,0.11684470817467321,0.02980790409685249,1.0
882,0,0.16875,0.1220352373572059,0.03001582610720622,1.0
883,0,0.0625,0.11608171362148531,0.02977728100696357,1.0
884,0,0.046875,0.10916104225933677,0.029498848106632204,1.0
885,0,0.046875,0.1029324380334031,0.029247266298474253,1.0
886,0,0.10625,0.10326419423006279,0.029260689235058986,1.0
887,0,0.046875,0.09762527480705652,0.02903219940933211,1.0
888,0,0.03125,0.09098774732635087,0.028762359783473454,1.0
889,0,0.078125,0.08970147259371579,0.028709962022904004,1.0
890,0,0.1875,0.0994813253343442,0.029107485255870508,1.0
891,0,0.203125,0.10984569280090978,0.02952644572848096,1.0
892,0,0.234375,0.1222986235208188,0.030026357842193416,1.0
893,0,0.2874999761581421,0.13881875878455113,0.030683070862181847,1.0
894,0,0.125,0.13743688290609601,0.03062843958493306,1.0
895,0,0.078125,0.13150569461548642,0.03039331752647455,1.0
896,0,0.046875,0.12304262515393778,0.030056097369999105,1.0
897,0,0.10625,0.121363362638544,0.02998895219200037,1.0
898,0,0.1375,0.1229770263746896,0.03005347582791474,1.0
899,0,0.109375,0.12161682373722064,0.029999091645315442,1.0
900,0,0.1624999761581421,0.1257051389793128,0.030162401689237235,1.0
901,0,0.0625,0.1193846250813815,0.029909736285477908,1.0
902,0,0.2562499761581421,0.13307116018905757,0.030455474393731276,1.0
903,0,0.234375,0.1432015441701518,0.030855959953189738,1.0
904,0,0.28125001192092897,0.1570063909452295,0.031396592867176075,1.0
905,0,0.203125,0.16161825185070655,0.03157581768102673,1.0
906,0,0.125,0.15795642666563592,0.03143357120736246,1.0
907,0,0.2249999761581421,0.16466078161488654,0.031693660685843526,1.0
908,0,0.2249999761581421,0.17069470106921208,0.03192641607772414,1.0
909,0,0.1937499761581421,0.1730002285781051,0.03201501108706676,1.0
910,0,0.046875,0.1603877057202946,0.03152806660028668,1.0
911,0,0.2,0.16434893514826512,0.031681596892698026,1.0
912,0,0.0625,0.1541640416334386,0.031285781408122236,1.0
913,0,0.075,0.14624763747009475,0.030975773168070465,1.0
914,0,0.078125,0.1394353737230853,0.030707429785753637,1.0
915,0,0.078125,0.13330433635077676,0.030464726626310324,1.0
916,0,0.075,0.12747390271569908,0.030232914500469527,1.0
917,0,0.015625,0.11628901244412918,0.02978560250420935,1.0
918,0,0.1624999761581421,0.12091010881553046,0.02997081597386137,1.0
919,0,0.015625,0.11038159793397742,0.029548039610841726,1.0
920,0,0.09375,0.10871843814057967,0.02948100111214832,1.0
921,0,0.03125,0.10097159432652171,0.02916787882893448,1.0
922,0,0.0625,0.09712443489386954,0.02901187121229476,1.0
923,0,0.1375,0.10116199140448259,0.02917559113702461,1.0
924,0,0.015625,0.09260829226403433,0.028828326223148272,1.0
925,0,0.0625,0.08959746303763089,0.028705723620319146,1.0
926,0,0.046875,0.0853252167338678,0.028531443568419197,1.0
927,0,0.10625,0.08741769506048101,0.028616848046654864,1.0
928,0,0.078125,0.08648842555443291,0.02857893043958078,1.0
929,0,0.0625,0.08408958299898961,0.02848097153186818,1.0
930,0,0.09375,0.08505562469909064,0.028520434009436386,1.0
931,0,0.03125,0.07967506222918158,0.028300417552854774,1.0
932,0,0.046875,0.07639505600626342,0.028166036871148787,1.0
933,0,0.0625,0.07500555040563708,0.028109052734694696,1.0
934,0,0.03125,0.07062999536507338,0.027929397861756158,1.0
935,0,0.015625,0.06512949582856603,0.027703120439339163,1.0
936,0,0.0625,0.06486654624570942,0.027692291783345275,1.0
937,0,0.046875,0.06306739162113849,0.02761817269838738,1.0
938,0,0.203125,0.07707315245902463,0.028193833760004394,1.0
939,0,0.34375,0.10374083721312216,0.029279969896556707,1.0
940,0,0.4437499761581421,0.13774175110762416,0.030640497178223404,1.0
941,0,0.21875,0.14584257599686173,0.03095985735346343,1.0
942,0,0.125,0.14375831839717557,0.03087788123811441,1.0
943,0,0.125,0.141882486557458,0.030803988104864784,1.0
944,0,0.078125,0.1355067379017122,0.030552038186796623,1.0
945,0,0.03125,0.12508106411154096,0.03013750202002434,1.0
946,0,0.03125,0.11569795770038688,0.029761873178292982,1.0
947,0,0.015625,0.10569066193034819,0.029358787321446023,1.0
948,0,0.03125,0.09824659573731338,0.029057410106513984,1.0
949,0,0.03125,0.09154693616358205,0.028785128417327138,1.0
950,0,0.075,0.08989224254722383,0.028717735355736157,1.0
951,0,0.09375,0.09027801829250144,0.028733452372112278,1.0
952,0,0.09375,0.09062521646325129,0.02874759510684557,1.0
953,0,0.09375,0.09093769481692617,0.028760321470718844,1.0
954,0,0.2249999761581421,0.10434392295104775,0.029304357770085027,1.0
955,0,0.046875,0.09859703065594297,0.029071625608228527,1.0
956,0,0.0625,0.09498732759034867,0.028925068958618162,1.0
957,0,0.0625,0.0917385948313138,0.02879293075543443,1.0
958,0,0.234375,0.10600223534818243,0.029371373767045794,1.0
959,0,0.296875,0.1250895118133642,0.030137839142089864,1.0
960,0,0.34375,0.14695556063202775,0.03100357678954087,1.0
961,0,0.390625,0.17132250456882497,0.031950559614076855,1.0
962,0,0.421875,0.19637775411194247,0.03290223138079088,1.0
963,0,0.849999976158142,0.26173997631656243,0.035262934213291484,1.0
964,0,0.556249988079071,0.2911909774928133,0.03626231829108882,1.0
965,0,0.53125,0.31519687974353194,0.037045045015844644,1.0
966,0,0.34375,0.31805219176917876,0.037136189514097244,1.0
967,0,0.359375,0.3221844725922609,0.037267351844499856,1.0
968,0,0.28125,0.31809102533303485,0.03713742622820968,1.0
969,0,0.203125,0.30659442279973137,0.036767918712540114,1.0
970,0,0.23125,0.29905998051975824,0.03652210346457856,1.0
971,0,0.0,0.26915398246778244,0.03551848175878511,1.0
972,0,0.1375,0.2559885842210042,0.03506289728085358,1.0
973,0,0.046875,0.23507722579890378,0.034322674344274606,1.0
974,0,0.09375,0.2209445032190134,0.033811300867454756,1.0
975,0,0.0625,0.20510005289711208,0.033227830338747884,1.0
976,0,0.0625,0.1908400476074009,0.032693945449597965,1.0
977,0,0.0,0.1717560428466608,0.03196722406804005,1.0
978,0,0.046875,0.15926793856199473,0.03148456979594635,1.0
979,0,0.046875,0.14802864470579527,0.03104569201974555,1.0
980,0,0.078125,0.14103828023521575,0.03077069786703958,1.0
981,0,0.046875,0.1316219522116942,0.03039793595411724,1.0
982,0,0.0625,0.12470975699052478,0.030122682357419994,1.0
983,0,0.140625,0.1263012812914723,0.03018617690477529,1.0
984,0,0.10625,0.12429615316232508,0.030106170117478903,1.0
985,0,0.03125,0.11499153784609258,0.029733500559885953,1.0
986,0,0.046875,0.10817988406148332,0.029459278791719765,1.0
987,0,0.046875,0.102049395655335,0.02921152591825268,1.0
988,0,0.078125,0.0996569560898015,0.0291146053185235,1.0
989,0,0.109375,0.10062876048082135,0.029153989793153402,1.0
990,0,0.046875,0.09525338443273922,0.02893588064590782,1.0
991,0,0.03125,0.08885304598946529,0.02867538218710803,1.0
992,0,0.125,0.09246774139051876,0.02882260706003938,1.0
993,0,0.09375,0.09259596725146688,0.02882782472180655,1.0
994,0,0.046875,0.08802387052632019,0.028641573086181645,1.0
995,0,0.046875,0.08390898347368816,0.028473592132850434,1.0
996,0,0.075,0.08301808512631935,0.028437180512398026,1.0
997,0,0.10625,0.08534127661368741,0.028532099375314226,1.0
998,0,0.125,0.08930714895231867,0.02869389213281681,1.0
999,1,0.0,0.0803764340570868,0.028329127610552826,0.75
1000,1,0.0,0.07233879065137813,0.027999596461972837,0.84375
1001,1,0.0,0.06510491158624032,0.027702108066999045,0.859375
1002,1,0.0,0.05859442042761629,0.02743370239041157,0.921875
1003,1,0.0,0.052734978384854664,0.02719165021570546,0.921875
1004,1,0.0,0.0474614805463692,0.026973447320315338,0.953125
1005,1,0.03125,0.04584033249173228,0.02690630623147308,0.953125
1006,1,0.03125,0.044381299242559055,0.026845855565013933,0.953125
1007,1,0.109375,0.050880669318303144,0.027114960594975708,0.953125
1008,1,0.0625,0.052042602386472826,0.02716302004622312,0.953125
1009,1,0.015625,0.04840084214782554,0.027012338659637772,0.953125
1010,1,0.125,0.056060757933042986,0.02732909118137572,0.953125
1011,1,0.046875,0.055142182139738684,0.027291144005012924,0.953125
1012,1,0.078125,0.057440463925764816,0.02738606766161222,0.953125
1013,1,0.046875,0.05638391753318833,0.02734243862482416,0.953125
1014,1,0.140625,0.0648080257798695,0.027689881684081208,0.953125
1015,1,0.046875,0.06301472320188255,0.027616002229835485,0.953125
1016,1,0.0625,0.0629632508816943,0.02761388101406842,0.953125
1017,1,0.09375,0.06604192579352487,0.027740687681969065,0.953125
1018,1,0.078125,0.06725023321417238,0.0277904177087023,0.953125
1019,1,0.0,0.060525209892755144,0.027513364328756458,0.953125
1020,1,0.078125,0.06228518890347963,0.027585933992903183,0.953125
1021,1,0.0,0.056056670013131665,0.027328922329645518,0.953125
1022,1,0.03125,0.0535760030118185,0.0272264192986002,0.953125
1023,1,0.140625,0.06228090271063665,0.027585757312204556,0.953125
1024,1,0.125,0.06855281243957298,0.02784400261154761,0.953125
1025,1,0.28125,0.08982253119561567,0.028714894901645707,0.953125
1026,1,0.296875,0.1105277780760541,0.02955392860982056,0.953125
1027,1,0.34375,0.13385000026844868,0.030486371961228217,0.953125
1028,1,0.25,0.1454650002416038,0.030945016902787656,0.953125
1029,1,0.234375,0.15435600021744342,0.031293273447215046,0.953125
1030,1,0.25,0.16392040019569906,0.03166501353373679,0.953125
1031,1,0.078125,0.15534086017612916,0.03133169299172145,0.953125
1032,1,0.171875,0.15699427415851624,0.03139612105031155,0.953125
1033,1,0.078125,0.14910734674266463,0.031087991036685404,0.953125
1034,1,0.046875,0.13888411206839818,0.030685653136110227,0.953125
1035,1,0.078125,0.13280820086155837,0.030445038507576044,0.953125
1036,1,0.1875,0.13827738077540253,0.030661674731987495,0.953125
1037,1,0.15625,0.14007464269786227,0.03073267157502892,0.953125
1038,1,0.1875,0.14481717842807604,0.03091954420441881,0.953125
1039,1,0.078125,0.13814796058526843,0.030656558541380427,0.953125
1040,1,0.1875,0.14308316452674158,0.030851297886406004,0.953125
1041,1,0.140625,0.14283734807406742,0.030841615685446768,0.953125
1042,1,0.171875,0.14574111326666067,0.030955869842058767,0.953125
1043,1,0.15625,0.14679200193999462,0.030997154432787583,0.953125
1044,1,0.1875,0.15086280174599515,0.031156748241311066,0.953125
1045,1,0.09375,0.14515152157139563,0.030932692384587956,0.953125
1046,1,0.125,0.14313636941425606,0.030853393272406035,0.953125
1047,1,0.125,0.14132273247283045,0.03078191731293772,0.953125
1048,1,0.09375,0.13656545922554741,0.03059395942271838,0.953125
1049,1,0.0625,0.12915891330299267,0.03030000757166669,0.953125
1050,1,0.09375,0.12561802197269342,0.03015892648994551,0.953125
1051,1,0.0,0.11305621977542409,0.029655705918506893,0.984375
1052,1,0.109375,0.11268809779788168,0.029640897763609682,0.984375
1053,1,0.125,0.1139192880180935,0.029690410606680158,0.984375
1054,1,0.203125,0.12283985921628415,0.03004799380457712,0.984375
1055,1,0.234375,0.13399337329465574,0.030492057834522565,0.984375
1056,1,0.09375,0.12996903596519016,0.03033223634368204,0.984375
1057,1,0.109375,0.12790963236867114,0.03025027181070088,0.984375
1058,1,0.171875,0.13230616913180404,0.030425109188911937,0.984375
1059,1,0.296875,0.14876305221862363,0.03107449426742904,0.984375
1060,1,0.1875,0.15263674699676125,0.031226129082760835,0.984375
1061,1,0.140625,0.15143557229708512,0.031179160992894583,0.984375
1062,1,0.203125,0.1566045150673766,0.031380941579974335,0.984375
1063,1,0.140625,0.15500656356063897,0.031318655598619176,0.984375
1064,1,0.109375,0.15044340720457505,0.031140330470616873,0.984375
1065,1,0.125,0.14789906648411755,0.031040608404077536,0.984375
1066,1,0.125,0.14560915983570577,0.030950683557658804,0.984375
1067,1,0.078125,0.1388607438521352,0.030684729813333686,0.984375
1068,1,0.09375,0.1343496694669217,0.030506185206791648,0.984375
1069,1,0.125,0.13341470252022952,0.03046910531452382,0.984375
1070,1,0.21875,0.14194823226820658,0.030806579794986234,0.984375
1071,1,0.15625,0.14337840904138593,0.030862924501912078,0.984375
1072,1,0.21875,0.15091556813724735,0.03115881345361135,0.984375
1073,1,0.109375,0.1467615113235226,0.030995957083924885,0.984375
1074,1,0.25,0.15708536019117034,0.031399667739705726,0.984375
1075,1,0.3343749761581421,0.1748143217878675,0.032084587582821435,0.984375
1076,1,0.26562501192092897,0.18389539080117362,0.03243106684538567,0.984375
1077,1,0.21875,0.18738085172105626,0.03256323336462932,0.984375
1078,1,0.42187501192092897,0.21083026774104352,0.033440054489210946,0.984375
1079,1,0.328125,0.22255974096693917,0.033870186061030094,0.984375
1080,1,0.390625,0.23936626687024526,0.03447612138385465,0.984375
1081,1,0.328125,0.24824214018322074,0.03479102567218234,0.984375
1082,1,0.1875,0.24216792616489866,0.03457590783120508,0.984375
1083,1,0.1781249761581421,0.235763631164223,0.034347286921183065,0.984375
1084,1,0.171875,0.2293747680478007,0.03411739146503647,0.984375
1085,1,0.26562501192092897,0.2329997924351135,0.03424805553645005,0.984375
1086,1,0.28125,0.23782481319160215,0.03442106850623688,0.984375
1087,1,0.265625,0.24060483187244192,0.03452027902705066,0.984375
1088,1,0.328125,0.24935684868519772,0.03483031918285763,0.984375
1089,1,0.1875,0.24317116381667794,0.0346115535439952,0.984375
1090,1,0.140625,0.23291654743501017,0.03424506148487264,0.984375
1091,1,0.25,0.23462489269150916,0.034306443457630835,0.984375
1092,1,0.28125,0.23928740342235824,0.034473307379430766,0.984375
1093,1,0.203125,0.23567116308012243,0.03434397250008476,0.984375
1094,1,0.171875,0.2292915467721102,0.03411438495452697,0.984375
1095,1,0.078125,0.21417489209489918,0.0335632971139216,0.984375
1096,1,0.125,0.20525740288540928,0.033233675940100654,0.984375
1097,1,0.15625,0.20035666259686835,0.03305114065005508,0.984375
1098,1,0.234375,0.20375849633718152,0.03317795016719515,0.984375
1099,1,0.171875,0.20057014670346338,0.033059112359072454,0.984375
1100,1,0.140625,0.19457563203311704,0.03283458120370418,0.984375
1101,1,0.328125,0.20793056882980532,0.033332830168862564,0.984375
1102,1,0.34375,0.22151251194682478,0.03383202100193816,0.984375
1103,1,0.34375,0.2337362607521423,0.03427453050977088,0.984375
1104,1,0.328125,0.24317513467692806,0.03461169454042295,0.984375
1105,1,0.265625,0.24542012120923523,0.03469129394446366,0.984375
1106,1,0.203125,0.2411906090883117,0.03454113915991878,0.984375
1107,1,0.265625,0.2436340481794805,0.03462798470463537,0.984375
1108,1,0.140625,0.23333314336153246,0.0342600420037598,0.984375
1109,1,0.1875,0.22874982902537921,0.03409480704835471,0.984375
1110,1,0.109375,0.21681234612284128,0.03366015093271411,0.984375
1111,1,0.234375,0.21856861151055715,0.03372448212584097,0.984375
1112,1,0.21875,0.21858675035950145,0.0337251458597244,0.984375
1113,1,0.25,0.2217280753235513,0.03383988081577152,0.984375
1114,1,0.171875,0.21674276779119617,0.03365759961646037,0.984375
1115,1,0.171875,0.21225599101207654,0.03349264662230168,0.984375
1116,1,0.140625,0.2050928919108689,0.03322756428185345,0.984375
1117,1,0.171875,0.20177110271978202,0.03310392313655199,0.984375
1118,1,0.21875,0.20346899244780384,0.033167176585020317,0.984375
1119,1,0.28125,0.21124709320302343,0.03345543911530601,0.984375
1120,1,0.15625,0.2057473838827211,0.03325187241773327,0.984375
1121,1,0.046875,0.189860145494449,0.03265696477824906,0.984375
1122,1,0.140625,0.1849366309450041,0.03247059821560842,0.984375
1123,1,0.078125,0.1742554678505037,0.03206316633088802,0.984375
1124,1,0.140625,0.17089242106545333,0.03193402133865586,0.984375
1125,1,0.078125,0.161615678958908,0.031575717894115056,0.984375
1126,1,0.15625,0.1610791110630172,0.031554902756581085,0.984375
1127,1,0.078125,0.15278369995671548,0.0312318720000153,0.984375
1128,1,0.171875,0.15469282996104394,0.03130641681177062,0.984375
1129,1,0.171875,0.15641104696493954,0.031373404944206824,0.984375
1130,1,0.15625,0.15639494226844558,0.031372777522723175,0.984375
1131,1,0.125,0.15325544804160102,0.031250303159636984,0.984375
1132,1,0.140625,0.15199240323744093,0.03120093988437895,0.984375
1133,1,0.171875,0.15398066291369683,0.031278623110633584,0.984375
1134,1,0.125,0.15108259662232715,0.031165350155058082,0.984375
1135,1,0.15625,0.15159933696009445,0.031185567230359368,0.984375
1136,1,0.109375,0.147376903264085,0.031020117512118386,0.984375
1137,1,0.109375,0.1435767129376765,0.03087073212713758,0.984375
1138,1,0.15625,0.14484404164390885,0.03092060073960777,0.984375
1139,1,0.09375,0.13973463747951798,0.030719247866020122,0.984375
1140,1,0.171875,0.14294867373156617,0.030846000802377482,0.984375
1141,1,0.140625,0.14271630635840957,0.03083684742158015,0.984375
1142,1,0.3125,0.15969467572256862,0.03150115117281451,0.984375
1143,1,0.28125,0.17185020815031174,0.031970842731251926,0.984375
1144,1,0.21875,0.17654018733528057,0.03215066969407022,0.984375
1145,1,0.28125,0.1870111686017525,0.03254923708073812,0.984375
1146,1,0.1875,0.18706005174157722,0.03255108810614984,0.984375
1147,1,0.140625,0.1824165465674195,0.03237485145757947,0.984375
1148,1,0.140625,0.17823739191067758,0.03221554844677896,0.984375
1149,1,0.15625,0.17603865271960983,0.032131477468046066,0.984375
1150,1,0.140625,0.17249728744764886,0.03199570066412686,0.984375
1151,1,0.09375,0.16462255870288398,0.03169218221137022,0.984375
1152,1,0.078125,0.15597280283259557,0.03135632836888221,0.984375
1153,1,0.09375,0.14975052254933602,0.03111319421097482,0.984375
1154,1,0.171875,0.15196297029440242,0.031199788947441593,0.984375
1155,1,0.109375,0.14770417326496219,0.031032961349963868,0.984375
1156,1,0.140625,0.14699625593846596,0.031005174616064564,0.984375
1157,1,0.09375,0.14167163034461935,0.030795675282185183,0.984375
1158,1,0.15625,0.1431294673101574,0.030853121449427104,0.984375
1159,1,0.1875,0.14756652057914166,0.031027559528609583,0.984375
1160,1,0.203125,0.15312236852122751,0.03124510448629937,0.984375
1161,1,0.265625,0.16437263166910476,0.0316825137113055,0.984375
1162,1,0.3125,0.1791853685021943,0.032251740564931984,0.984375
1163,1,0.6093750119209289,0.22220433284406774,0.0338572389084975,0.984375
1164,1,0.1875,0.21873389955966097,0.033730529802169805,0.984375
1165,1,0.234375,0.22029800960369486,0.033787700889053744,0.984375
1166,1,0.09375,0.20764320864332536,0.03332218533987044,0.984375
1167,1,0.140625,0.20094138777899284,0.03307297051499286,0.984375
1168,1,0.140625,0.19490974900109356,0.032847133330860694,0.984375
1169,1,0.171875,0.19260627410098421,0.03276050739607414,0.984375
1170,1,0.171875,0.19053314669088578,0.03268236725987227,0.984375
1171,1,0.265625,0.1980423320217972,0.032964604270533354,0.984375
1172,1,0.1875,0.19698809881961746,0.03292511416904572,0.984375
1173,1,0.203125,0.19760178893765573,0.03294810750717738,0.984375
1174,1,0.21875,0.19971661004389016,0.03302722950560644,0.984375
1175,1,0.234375,0.20318244903950114,0.033156509828961477,0.984375
1176,1,0.125,0.195364204135551,0.03286419928674423,0.984375
1177,1,0.390625,0.2148902837219959,0.03358959703089879,0.984375
1178,1,0.390625,0.2324637553497963,0.034228770649127174,0.984375
1179,1,0.375,0.24671737981481667,0.03473718518107422,0.984375
1180,1,0.540624988079071,0.2761081406412421,0.035755777400535836,0.984375
1181,1,0.484375,0.2969348265771179,0.03645225051547187,0.984375
1182,1,0.625,0.3297413439194061,0.03750492614390234,0.984375
1183,1,0.778125,0.37457970952746555,0.0388528626327362,0.984375
1184,1,0.34375,0.371496738574719,0.038763593975419036,0.984375
1185,1,0.234375,0.3577845647172471,0.038360423358046986,0.984375
1186,1,0.0625,0.32825610824552237,0.037458467295920915,0.984375
1187,1,0.1875,0.31418049742097015,0.03701249988207667,0.984375
1188,1,0.125,0.29526244767887316,0.03639712042901037,0.984375
1189,1,0.171875,0.2829237029109859,0.03598605916250432,0.984375
1190,1,0.09375,0.2640063326198873,0.03534132976612785,0.984375
1191,1,0.15625,0.2532306993578986,0.03496642551438125,0.984375
1192,1,0.109375,0.23884512942210873,0.03445752097215963,0.984375
1193,1,0.15625,0.23058561647989786,0.034161100988251,0.984375
1194,1,0.125,0.2200270548319081,0.03377780447839692,0.984375
1195,1,0.078125,0.2058368493487173,0.03325519384814581,0.984375
1196,1,0.09375,0.19462816441384556,0.03283655503391571,0.984375
1197,1,0.140625,0.189227847972461,0.032633082751431966,0.984375
1198,1,0.140625,0.1843675631752149,0.032448998248506326,0.984375
1199,1,0.140625,0.17999330685769344,0.03228256009621394,0.984375
1200,1,0.171875,0.1791814761719241,0.03225159203014836,0.984375
1201,1,0.1875,0.18001332855473168,0.032283323535212606,0.984375
1202,1,0.203125,0.18232449569925852,0.032371349613120395,0.984375
1203,1,0.234375,0.18752954612933267,0.032568861496779844,0.984375
1204,1,0.28125,0.19690159151639938,0.03292187177002503,0.984375
1205,1,0.21875,0.19908643236475945,0.03300367125885436,0.984375
1206,1,0.21875,0.2010527891282835,0.0330771279656512,0.984375
1207,1,0.09375,0.19032251021545515,0.032674418649900526,0.984375
1208,1,0.078125,0.17910275919390964,0.032248588000329856,0.984375
1209,1,0.125,0.1736924832745187,0.03204157534644861,0.984375
1210,1,0.109375,0.1672607349470668,0.031794108827878566,0.984375
1211,1,0.1875,0.16928466145236012,0.03187213898629077,0.984375
1212,1,0.140625,0.1664186953071241,0.03176160269844833,0.984375
1213,1,0.125,0.16227682577641173,0.03160135236925773,0.984375
1214,1,0.21875,0.16792414319877055,0.03181970161314414,0.984375
1215,1,0.1875,0.1698817288788935,0.03189513068014801,0.984375
1216,1,0.1875,0.17164355599100414,0.031962900913942265,0.984375
1217,1,0.25,0.17947920039190374,0.03226295183648874,0.984375
1218,1,0.15625,0.17715628035271336,0.03217423316658151,0.984375
1219,1,0.1875,0.17819065231744202,0.03221376315403802,0.984375
1220,1,0.1875,0.1791215870856978,0.032249306538908756,0.984375
1221,1,0.21875,0.18308442837712804,0.03240024984607758,0.984375
1222,1,0.15625,0.18040098553941525,0.03229810219486931,0.984375
1223,1,0.21875,0.18423588698547375,0.03244399850657513,0.984375
1224,1,0.125,0.17831229828692635,0.03221840944695061,0.984375
1225,1,0.09375,0.16985606845823373,0.03189414281556498,0.984375
1226,1,0.171875,0.17005796161241035,0.03190191458746094,0.984375
1227,1,0.046875,0.15773966545116933,0.03142513683487819,0.984375
1228,1,0.171875,0.1591531989060524,0.03148011040659631,0.984375
1229,1,0.109375,0.15417537901544714,0.03128622393348054,0.984375
1230,1,0.15625,0.15438284111390244,0.03129432093667046,0.984375
1231,1,0.140625,0.15300705700251221,0.031240599443633152,0.984375
1232,1,0.1875,0.156456351302261,0.03137516990592742,0.984375
1233,1,0.09375,0.15018571617203488,0.0311302400067756,0.984375
1234,1,0.109375,0.14610464455483138,0.0309701552271876,0.984375
1235,1,0.09375,0.14086918009934823,0.030764027007303543,0.984375
1236,1,0.1875,0.14553226208941342,0.030947660925904674,0.984375
1237,1,0.171875,0.14816653588047207,0.031051101186206787,0.984375
1238,1,0.309375,0.16428738229242484,0.031679215321715574,0.984375
1239,1,0.403125,0.18817114406318236,0.03259313649940259,0.984375
1240,1,0.203125,0.18966652965686415,0.03264965349761153,0.984375
1241,1,0.47812498807907106,0.2185123754990848,0.03372242425761462,0.984375
1242,1,0.5156250119209289,0.24822363914126921,0.03479037302670534,0.984375
1243,1,0.740624976158142,0.29746377284295644,0.03646965801278625,0.984375
1244,1,0.5781250119209289,0.32552989675075367,0.0373728916090106,0.984375
1245,1,0.35937501192092897,0.3289144082677712,0.03747907338934447,0.984375
1246,1,0.3968749761581421,0.3357104650568083,0.037690482668635256,0.984375
1247,1,0.21875,0.32401441855112745,0.037325153924319135,0.984375
1248,1,0.203125,0.3119254766960147,0.03694010360839221,0.984375
1249,1,0.15625,0.2963579290264133,0.036433248917129964,0.984375
1250,1,0.109375,0.2776596361237719,0.03580839855610693,0.984375
1251,1,0.140625,0.26395617251139475,0.03533959732020517,0.984375
1252,1,0.265625,0.26412305526025526,0.035345360706307484,0.984375
1253,1,0.171875,0.2548982497342297,0.035024799474999826,0.984375
1254,1,0.234375,0.2528459247608067,0.03495293776122181,0.984375
1255,1,0.21875,0.24943633228472603,0.034833118792885476,0.984375
1256,1,0.15625,0.24011769905625344,0.03450291990516608,0.984375
1257,1,0.109375,0.22704342915062808,0.03403305304414547,0.984375
1258,1,0.09375,0.2137140862355653,0.033546345141606614,0.984375
1259,1,0.171875,0.20953017761200876,0.03339202309271124,0.984375
1260,1,0.171875,0.20576465985080789,0.03325251381834903,0.984375
1261,1,0.234375,0.2086256938657271,0.03335856597959186,0.984375
1262,1,0.1875,0.20651312447915438,0.03328029016413063,0.984375
1263,1,0.1875,0.20461181203123893,0.03320968561636626,0.984375
1264,1,0.125,0.19665063082811501,0.0329124637817799,0.984375
1265,1,0.1875,0.1957355677453035,0.0328781389069101,0.984375
1266,1,0.203125,0.19647451097077318,0.03290585993110036,0.984375
1267,1,0.375,0.21432705987369588,0.033568893053665054,0.984375
1268,1,0.28125,0.2210193538863263,0.03381403210297757,0.984375
1269,1,0.28125,0.22704241849769366,0.0340330164312699,0.984375
1270,1,0.171875,0.2215256766479243,0.03383250106695091,0.984375
1271,1,0.265625,0.22593560898313186,0.03399289337407107,0.984375
1272,1,0.1875,0.22209204808481867,0.03385314736002045,0.984375
1273,1,0.15625,0.2155078432763368,0.03361228303026823,0.984375
1274,1,0.296875,0.2236445589487031,0.033909671190996485,0.984375
1275,1,0.421875,0.2434676030538328,0.03462207746979303,0.984375
1276,1,0.4375,0.2628708427484495,0.035302082531586086,0.984375
1277,1,0.9406250238418579,0.33064626085779036,0.03753317603419264,0.984375
1278,1,0.8781250238418579,0.3853941371561971,0.03916198906747071,0.984375
1279,1,0.871875,0.43404222344057736,0.04047533025829797,0.984375
1280,1,0.6281250238418579,0.4534505034807054,0.04096418244334113,0.984375
1281,1,0.45312501192092897,0.4534179543247278,0.04096337922195735,0.984375
1282,1,0.171875,0.42526365889225504,0.04024766722472498,0.984375
1283,1,0.21875,0.40461229300302953,0.0396959131693574,0.984375
1284,1,0.3125,0.3954010637027266,0.0394424678390654,0.984375
1285,1,0.171875,0.37304845733245395,0.038808587946906586,0.984375
1286,1,0.15625,0.35136861159920857,0.03816835190886072,0.984375
1287,1,0.125,0.3287317504392877,0.037473358098535726,0.984375
1288,1,0.28125,0.32398357539535894,0.037324181125901294,0.984375
1289,1,0.171875,0.30877271785582305,0.03683844957624098,0.984375
1290,1,0.140625,0.2919579460702407,0.03628777516503797,0.984375
1291,1,0.078125,0.2705746514632167,0.0355671490175639,0.984375
1292,1,0.15625,0.259142186316895,0.03517277458086208,0.984375
1293,1,0.109375,0.2441654676852055,0.03464683664385669,0.984375
1294,1,0.1875,0.23849892091668495,0.034445157354809054,0.984375
1295,1,0.15625,0.23027402882501646,0.03414985937999189,0.984375
1296,1,0.15625,0.22287162594251483,0.033881543227866774,0.984375
1297,1,0.171875,0.21777196334826335,0.033695317498622805,0.984375
1298,1,0.125,0.208494767013437,0.03335372015971137,0.984375
1299,1,0.359375,0.2235827903120933,0.0339074243042279,0.984375
1300,1,0.4593749761581421,0.24716200889669818,0.0347528964207425,0.984375
1301,1,0.40625,0.26307080800702837,0.035308998607690024,0.984375
1302,1,0.375,0.2742637272063255,0.03569306905005496,0.984375
1303,1,0.375,0.284337354485693,0.03603353749620273,0.984375
1304,1,0.571874988079071,0.31309111784503074,0.03697755846417635,0.984375
1305,1,0.1875,0.30053200606052766,0.03657035491000688,0.984375
1306,1,0.125,0.2829788054544749,0.03598791165914216,0.984375
1307,1,0.25,0.2796809249090274,0.03587677707652392,0.984375
1308,1,0.265625,0.2782753324181247,0.03582924820772517,0.984375
1309,1,0.3125,0.2816977991763122,0.03594480676604801,0.984375
1310,1,0.234375,0.276965519258681,0.03578487111384294,0.984375
1311,1,0.1875,0.26801896733281294,0.03547953026110173,0.984375
1312,1,0.109375,0.25215457059953167,0.03492868597104808,0.984375
1313,1,0.3125,0.2581891135395785,0.0351396170822229,0.984375
1314,1,0.21875,0.2542452021856207,0.03500195446966175,0.984375
1315,1,0.265625,0.2553831819670586,0.03504175055114974,0.984375
1316,1,0.328125,0.26265736377035276,0.03529469696788265,0.984375
1317,1,0.25,0.26139162739331745,0.03525086285458739,0.984375
1318,1,0.25,0.2602524646539857,0.03521134725437858,0.984375
1319,1,0.28125,0.26235221818858717,0.03528413632911981,0.984375
1320,1,0.3125,0.26736699636972844,0.03545712792993196,0.984375
1321,1,0.25,0.2656302967327556,0.035397353958952486,0.984375
1322,1,0.140625,0.25312976705948004,0.03496288813599699,0.984375
1323,1,0.171875,0.24500429035353202,0.03467656739295675,0.984375
1324,1,0.09375,0.2298788613181788,0.034135596190795724,0.984375
1325,1,0.203125,0.22720347518636091,0.034038850461813284,0.984375
1326,1,0.1875,0.22323312766772482,0.03389470192089374,0.984375
1327,1,0.125,0.21340981490095234,0.03353514682780745,0.984375
1328,1,0.203125,0.21238133341085713,0.03349726620592674,0.984375
1329,1,0.234375,0.21458070006977142,0.03357821845895943,0.984375
1330,1,0.1875,0.21187263006279428,0.033478513512170884,0.984375
1331,1,0.171875,0.20787286705651484,0.03333069296538903,0.984375
1332,1,0.1875,0.20583558035086336,0.03325514673853246,0.984375
1333,1,0.15625,0.20087702231577703,0.03307056819620637,0.984375
1334,1,0.25,0.20578932008419934,0.033253429351642,0.984375
1335,1,0.21875,0.20708538807577942,0.03330151202179756,0.984375
1336,1,0.203125,0.20668934926820148,0.03328682672518808,0.984375
1337,1,0.296875,0.2157079143413813,0.0336196291768589,0.984375
1338,1,0.21875,0.2160121229072432,0.03363079577475544,0.984375
1339,1,0.203125,0.2147234106165189,0.03358346420523086,0.984375
1340,1,0.140625,0.20731356955486702,0.03330997017156963,0.984375
1341,1,0.234375,0.21001971259938032,0.033410117023199494,0.984375
1342,1,0.171875,0.2062052413394423,0.033268867056528775,0.984375
1343,1,0.203125,0.20589721720549808,0.03325743483689691,0.984375
1344,1,0.296875,0.21499499548494827,0.033593444739790444,0.984375
1345,1,0.203125,0.21380799593645344,0.03354980058316392,0.984375
1346,1,0.1875,0.2111771963428081,0.03345285979369009,0.984375
1347,1,0.234375,0.2134969767085273,0.033538355102176114,0.984375
1348,1,0.1875,0.21089727903767455,0.033442528298782276,0.984375
1349,1,0.140625,0.2038700511339071,0.03318210065400586,0.984375
1350,1,0.15625,0.1991080460205164,0.03300447951559934,0.984375
1351,1,0.09375,0.18857224141846476,0.032608304103491435,0.984375
1352,1,0.140625,0.18377751727661829,0.032426589124773794,0.984375
1353,1,0.28125,0.19352476554895645,0.03279507364803016,0.984375
1354,1,0.265625,0.2007347889940608,0.03306525901729101,0.984375
1355,1,0.1875,0.1994113100946547,0.03301581830658715,0.984375
1356,1,0.1875,0.19822017908518924,0.03297126182166323,0.984375
1357,1,0.1781249761581421,0.19621065879248453,0.032895964145000886,0.984375
1358,1,0.528125,0.22940209291323607,0.03411837855607688,0.984375
1359,1,0.44687498807907106,0.25114938242981955,0.03489338569333108,0.984375
1360,1,0.778125,0.30384694418683755,0.03667861400613406,0.984375
1361,1,1.021874976158142,0.375649747383968,0.038883727530225495,0.984375
1362,1,0.4406250238418579,0.382147275029757,0.03906983467861547,0.984375
1363,1,0.453125,0.3892450475267813,0.03927055770934673,0.984375
1364,1,0.44687498807907106,0.3950080415820103,0.03943155301999804,0.984375
1365,1,0.35937501192092897,0.3914447386159022,0.039332217891648785,0.984375
1366,1,0.265625,0.37886276475431196,0.03897603888262158,0.984375
1367,1,0.171875,0.35816398827888074,0.03837171369257429,0.984375
1368,1,0.125,0.3348475894509927,0.03766377435204533,0.984375
1369,1,0.171875,0.31855033050589343,0.03715204760594423,0.984375
1370,1,0.25,0.3116952974553041,0.03693269916709956,0.984375
1371,1,0.234375,0.3039632677097737,0.03668240278519157,0.984375
1372,1,0.1875,0.29231694093879634,0.03629968067187454,0.984375
1373,1,0.25,0.28808524684491676,0.036158934715619456,0.984375
1374,1,0.434375,0.3027142221604251,0.036641684195911454,0.984375
1375,1,0.3125,0.3036927999443826,0.03667359230928118,0.984375
1376,1,0.48437501192092897,0.32176102114203725,0.03725395168427597,0.984375
1377,1,0.40625,0.3302099190278335,0.0375195595489007,0.984375
1378,1,0.3125,0.32843892712505013,0.0374641921503643,0.984375
1379,1,0.1875,0.31434503441254513,0.0370177720476891,0.984375
1380,1,0.34375,0.31728553097129064,0.03711175812244725,0.984375
1381,1,0.265625,0.31211947787416155,0.036946342161444094,0.984375
1382,1,0.25,0.3059075300867454,0.03674562775288736,0.984375
1383,1,0.171875,0.2925042770780709,0.03630589082777117,0.984375
1384,1,0.171875,0.2804413493702639,0.03590244982822681,0.984375
1385,1,0.171875,0.2695847144332375,0.035533247426895266,0.984375
1386,1,0.3125,0.27387624298991375,0.03567987393896729,0.984375
1387,1,0.375,0.2839886186909224,0.0360218341525631,0.984375
1388,1,0.34375,0.28996475682183015,0.03622155719899441,0.984375
1389,1,0.359375,0.29690578113964716,0.03645129422947316,0.984375
1390,1,0.28125,0.2953402030256825,0.036399686751460304,0.984375
1391,1,0.34375,0.3001811827231142,0.036558865217178015,0.984375
1392,1,0.1875,0.2889130644508028,0.036186538008659064,0.984375
1393,1,0.15625,0.2756467580057225,0.035740106333033095,0.984375
1394,1,0.21875,0.26995708220515025,0.035546005150219176,0.984375
1395,1,0.23437501192092897,0.2663988751767281,0.035423824800809925,0.984375
1396,1,0.521874976158142,0.2919464852748695,0.03628739497957003,0.984375
1397,1,0.521874976158142,0.31493933436319677,0.037036803286673824,0.984375
1398,1,0.28125,0.3115704009268771,0.036928680341204,0.984375
1399,1,0.42187501192092897,0.32260086202628224,0.037280519479430854,0.984375
1400,1,0.296875,0.320028275823654,0.03719902221959714,0.984375
1401,1,0.45312501192092897,0.3333379494333815,0.03761695329274006,0.984375
1402,1,0.1875,0.31875415449004335,0.037158532590960316,0.984375
1403,1,0.09375,0.296253739041039,0.0364298153704,0.984375
1404,1,0.171875,0.28381586513693513,0.03601603443475901,0.984375
1405,1,0.203125,0.27574677862324165,0.03574350445759777,0.984375
1406,1,0.15625,0.2637971007609175,0.035334102456690976,0.984375
1407,1,0.109375,0.24835489068482575,0.03479500273468573,0.984375
1408,1,0.234375,0.24695690161634318,0.03474564995776385,0.984375
1409,1,0.28125,0.25038621145470885,0.034866553309141006,0.984375
1410,1,0.25,0.250347590309238,0.034865194708570066,0.984375
1411,1,0.28125,0.2534378312783142,0.034973683389345,0.984375
1412,1,0.265625,0.2546565481504828,0.03501634655659876,0.984375
1413,1,0.265625,0.2557533933354345,0.035054684090252794,0.984375
1414,1,0.25,0.2551780540018911,0.035034581530955525,0.984375
1415,1,0.203125,0.249972748601702,0.03485200507886447,0.984375
1416,1,0.15625,0.2406004737415318,0.03452012377132005,0.984375
1417,1,0.21875,0.2384154263673786,0.0344421748339374,0.984375
1418,1,0.171875,0.23176138373064076,0.03420348232435288,0.984375
1419,1,0.203125,0.22889774535757668,0.03410015408416523,0.984375
1420,1,0.21875,0.22788297082181902,0.03406345167302655,0.984375
1421,1,0.234375,0.22853217373963713,0.034086937271168925,0.984375
1422,1,0.25,0.23067895636567343,0.03416446771674551,0.984375
1423,1,0.265625,0.23417356072910608,0.034290239412237876,0.984375
1424,1,0.234375,0.2341937046561955,0.03429096282730058,0.984375
1425,1,0.296875,0.24046183419057593,0.03451518437447409,0.984375
1426,1,0.171875,0.23360315077151833,0.03426974718098138,0.984375
1427,1,0.21875,0.2321178356943665,0.03421631881803115,0.984375
1428,1,0.32812501192092897,0.24171855331702274,0.03455992648727083,0.984375
1429,1,0.509374988079071,0.26848419679322755,0.03549550350988013,0.984375
1430,1,0.790624988079071,0.3206982759218119,0.0372202801762425,0.984375
1431,1,0.634374988079071,0.3520659471375378,0.03818933324826349,0.984375
1432,1,0.34375,0.35123435242378404,0.038164309385372214,0.984375
1433,1,0.6406250119209289,0.38017341837349855,0.03901353629726807,0.984375
1434,1,0.328125,0.3749685765361487,0.03886408644039923,0.984375
1435,1,0.390625,0.3765342188825338,0.03890919371897512,0.984375
1436,1,0.203125,0.35919329699428043,0.03840230390987455,0.984375
1437,1,0.09375,0.33264896729485244,0.03759554512992905,0.984375
1438,1,0.078125,0.3071965705653672,0.03678743978926549,0.984375
1439,1,0.171875,0.29366441350883044,0.036344310048897384,0.984375
1440,1,0.265625,0.2908604721579474,0.03625133926112669,0.984375
1441,1,0.21875,0.2836494249421527,0.036010445278227714,0.984375
1442,1,0.109375,0.2662219824479374,0.035417734887219915,0.984375
1443,1,0.171875,0.2567872842031437,0.0350907696372614,0.984375
1444,1,0.109375,0.2420460557828293,0.03457157457965318,0.984375
1445,1,0.21875,0.23971645020454638,0.03448861323321105,0.984375
1446,1,0.21875,0.23761980518409176,0.034413738615731035,0.984375
1447,1,0.140625,0.2279203246656826,0.03406480348769532,0.984375
1448,1,0.125,0.21762829219911434,0.03369005494700344,0.984375
1449,1,0.125,0.2083654629792029,0.03334893370938348,0.984375
1450,1,0.171875,0.2047164166812826,0.0332135739046477,0.984375
1451,1,0.25,0.20924477501315433,0.033381469618652924,0.984375
1452,1,0.171875,0.2055077975118389,0.03324297609687637,0.984375
1453,1,0.21875,0.20683201776065502,0.03329211767798686,0.984375
1454,1,0.203125,0.2064613159845895,0.033278368232325585,0.984375
1455,1,0.1875,0.20456518438613056,0.03320795226383914,0.984375
1456,1,0.15625,0.1997336659475175,0.033027866894355724,0.984375
1457,1,0.1468749761581421,0.19444779696857997,0.03282977752874948,0.984375
1458,1,0.140625,0.189065517271722,0.03262694900091569,0.984375
1459,1,0.32812501192092897,0.20297146673664268,0.03314865375659803,0.984375
1460,1,0.521874976158142,0.2348618176787926,0.03431494607867756,0.984375
1461,1,0.6406250119209289,0.27543813710300624,0.0357330170298769,0.984375
1462,1,0.45312501192092897,0.2932068245847985,0.036329164515999456,0.984375
1463,1,0.3968749761581421,0.30357363974213286,0.03666970949345378,0.984375
1464,1,0.403125,0.31352877576791954,0.03699160348412893,0.984375
1465,1,0.234375,0.3056133981911276,0.036736075282503534,0.984375
1466,1,0.328125,0.3078645583720149,0.03680907373461959,0.984375
1467,1,0.35937501192092897,0.3130156037269063,0.03697513412304185,0.984375
1468,1,0.653125,0.3470265433542157,0.03803713039015848,0.984375
1469,1,0.265625,0.3388863890187941,0.03778845019882869,0.984375
1470,1,0.3968749761581421,0.3446852477327289,0.03796596144092423,0.984375
1471,1,0.265625,0.336779222959456,0.0377235095701289,0.984375
1472,1,0.28125,0.33122630066351044,0.03755126139250059,0.984375
1473,1,0.328125,0.3309161705971594,0.037541593870545266,0.984375
1474,1,0.3125,0.32907455353744347,0.03748408284230923,0.984375
1475,1,0.21875,0.3180420981836991,0.037135868055736605,0.984375
1476,1,0.21875,0.3081128883653292,0.03681711053492014,0.984375
1477,1,0.203125,0.2976140995287963,0.03647460266057278,0.984375
1478,1,0.265625,0.29441518957591667,0.03636913694845769,0.984375
1479,1,0.21875,0.286848670618325,0.03611763815673112,0.984375
1480,1,0.15625,0.2737888035564925,0.03567689533157168,0.984375
1481,1,0.125,0.2589099232008432,0.0351646980677827,0.984375
1482,1,0.1875,0.2517689308807589,0.03491514858926052,0.984375
1483,1,0.140625,0.24065453779268303,0.03452204970909525,0.984375
1484,1,0.15625,0.23221408401341473,0.03421978393414665,0.984375
1485,1,0.21875,0.23086767561207328,0.034171273563617176,0.984375
1486,1,0.140625,0.22184340805086597,0.03384408522678027,0.984375
1487,1,0.234375,0.22309656724577936,0.03388973177268872,0.984375
1488,1,0.140625,0.21484941052120143,0.03358809499056973,0.984375
1489,1,0.203125,0.21367696946908127,0.033544979314733755,0.984375
1490,1,0.203125,0.21262177252217312,0.03350612592479909,0.984375
1491,1,0.234375,0.21479709526995583,0.033586172366252096,0.984375
1492,1,0.265625,0.21987988574296025,0.033772427927191824,0.984375
1493,1,0.234375,0.22132939716866423,0.03382534275262541,0.984375
1494,1,0.203125,0.21950895745179783,0.033758872640849244,0.984375
1495,1,0.203125,0.21787056170661806,0.03369892856522314,0.984375
1496,1,0.1875,0.21483350553595626,0.03358751048273933,0.984375
1497,1,0.21875,0.21522515498236064,0.03360190049309808,0.984375
1498,1,0.21875,0.2155776394841246,0.033614845977289726,0.984375
1499,1,0.4906249761581421,0.2430823731515263,0.03460840059730599,0.984375
1500,1,0.21875,0.24064913583637368,0.03452185727974269,0.984375
1501,1,0.15625,0.23220922225273632,0.03421960891167045,0.984375
1502,1,0.203125,0.22930080002746267,0.03411471925918367,0.984375
1503,1,0.328125,0.2391832200247164,0.034469589479153954,0.984375
1504,1,0.296875,0.24495239802224478,0.0346747290834902,0.984375
1505,1,0.34375,0.25483215822002026,0.035022488358018786,0.984375
1506,1,0.203125,0.24966144239801824,0.03484104614756597,0.984375
1507,1,0.1875,0.24344529815821642,0.03462128576013606,0.984375
1508,1,0.234375,0.24253826834239478,0.03458907166528123,0.984375
1509,1,0.21875,0.24015944150815532,0.03450440782981567,0.984375
1510,1,0.41562498807907106,0.25770599616524686,0.0351227930465233,0.984375
1511,1,0.390625,0.2709978965487222,0.03558162914227954,0.984375
1512,1,0.359375,0.27983560689384995,0.03588200160372656,0.984375
1513,1,0.359375,0.28778954620446495,0.036149066431111855,0.984375
1514,1,0.38437498807907106,0.29744809039192555,0.03646914210942976,0.984375
1515,1,0.328125,0.30051578135273305,0.03656982367734289,0.984375
1516,1,0.453125,0.3157767032174597,0.03706358751526395,0.984375
1517,1,0.421875,0.32638653289571373,0.037399822993791125,0.984375
1518,1,0.265625,0.32031037960614234,0.03720797571591816,0.984375
1519,1,0.40625,0.32890434164552806,0.03747875845395529,0.984375
1520,1,0.375,0.33351390748097526,0.037622416714391614,0.984375
1521,1,0.296875,0.3298500167328777,0.03750832096932168,0.984375
1522,1,0.296875,0.32655251505958993,0.03740503682250359,0.984375
1523,1,0.234375,0.31733476355363094,0.03711332794042652,0.984375
1524,1,0.21875,0.3074762871982678,0.03679650166481216,0.984375
1525,1,0.34375,0.311103658478441,0.036913654790229004,0.984375
1526,1,0.390625,0.3190557926305969,0.03716812575778664,0.984375
1527,1,0.6593750238418579,0.353087715751723,0.038220029642475874,0.984375
1528,1,0.359375,0.3537164441765507,0.03823889071172685,0.984375
1529,1,0.29687501192092897,0.3480323009509885,0.03806761392314621,0.984375
1530,1,0.621875,0.37541657085588964,0.03887700683244505,0.984375
1531,1,0.35312498807907106,0.3731874125782078,0.03881261086190688,0.984375
1532,1,0.4281249761581421,0.37868116893620124,0.03897083624673831,0.984375
1533,1,0.5781250119209289,0.39862555323467397,0.03953170501103058,0.984375
1534,1,0.328125,0.3915754979112066,0.039335875099318594,0.984375
1535,1,0.453125,0.39773044812008596,0.039506988866755834,0.984375
1536,1,0.4406250238418579,0.40201990569226315,0.039625042642064984,0.984375
1537,1,0.328125,0.39463041512303687,0.039421057983104024,0.984375
1538,1,0.234375,0.3786048736107332,0.038968649895962625,0.984375
1539,1,0.38437498807907106,0.37918188505756695,0.03898517726647684,0.984375
1540,1,0.2406249761581421,0.36532619416762446,0.038583402510863805,0.984375
1541,1,0.328125,0.36160607475086204,0.038473789332961424,0.984375
1542,1,0.390625,0.36450796727577583,0.03855935659379171,0.984375
1543,1,0.603124988079071,0.38836966935610534,0.03924594778961308,0.984375
1544,1,0.528125,0.4023452024204948,0.039633955289669495,0.984375
1545,1,0.34375,0.3964856821784453,0.03947254649740174,0.984375
1546,1,0.296875,0.3865246139606008,0.0391939427507291,0.984375
1547,1,0.375,0.3853721525645407,0.039161366981388286,0.984375
1548,1,0.328125,0.3796474373080867,0.038998499150326583,0.984375
1549,1,0.21875,0.363557693577278,0.03853138542998097,0.984375
1550,1,0.1875,0.34595192421955023,0.03800450078796594,0.984375
1551,1,0.140625,0.3254192317975952,0.03736940968654742,0.984375
1552,1,0.140625,0.30693980861783565,0.03677911806050587,0.984375
1553,1,0.15625,0.2918708277560521,0.03628488505125662,0.984375
1554,1,0.25,0.2876837449804469,0.0361455345204107,0.984375
1555,1,0.21875,0.2807903704824022,0.03591422366377371,0.984375
1556,1,0.203125,0.273023833434162,0.03565082096682809,0.984375
1557,1,0.203125,0.26603395009074576,0.03541125982705056,0.984375
1558,1,0.21875,0.2613055550816712,0.03524787929911332,0.984375
1559,1,0.265625,0.26173749957350406,0.03526284840684823,0.984375
1560,1,0.25,0.2605637496161537,0.03522215129168873,0.984375
1561,1,0.234375,0.2579448746545383,0.03513111310167147,0.984375
1562,1,0.21875,0.25402538718908446,0.03499426039027579,0.984375
1563,1,0.203125,0.248935348470176,0.034815468023783824,0.984375
1564,1,0.296875,0.2537293136231584,0.034983893506098644,0.984375
1565,1,0.4593749761581421,0.27429387987665677,0.03569409554202945,0.984375
1566,1,0.496875,0.29655199188899106,0.036439642741191824,0.984375
1567,1,0.203125,0.287209292700092,0.036129689283167586,0.984375
1568,1,0.15625,0.2741133634300828,0.0356879495343017,0.984375
1569,1,0.25,0.2717020270870745,0.03560569980635583,0.984375
1570,1,0.25,0.2695318243783671,0.03553143481493524,0.984375
1571,1,0.1875,0.2613286419405304,0.03524867960164068,0.984375
1572,1,0.15625,0.2508207777464774,0.03488183556432182,0.984375
1573,1,0.1875,0.24448869997182962,0.03465829690784678,0.984375
1574,1,0.2406249761581421,0.24410232759046085,0.03464459744293891,0.984375
1575,1,0.32812501192092897,0.25250459602350767,0.03494096717773121,0.984375
1576,1,0.39062501192092897,0.2663166376132498,0.035420993781550544,0.984375
1577,1,0.3125,0.27093497385192483,0.035579476968351974,0.984375
1578,1,0.1875,0.26259147646673237,0.03529241707969282,0.984375
1579,1,0.15625,0.2519573288200591,0.0349217629172304,0.984375
1580,1,0.28125,0.2548865959380532,0.03502439197478175,0.984375
1581,1,0.328125,0.2622104363442479,0.03527922796446519,0.984375
1582,1,0.40625,0.27661439270982313,0.03577296055132955,0.984375
1583,1,0.21875,0.2708279534388408,0.035575816061206425,0.984375
1584,1,0.265625,0.2703076580949567,0.03555801015675005,0.984375
1585,1,0.38437498807907106,0.28171439109336815,0.035945365587443025,0.984375
1586,1,0.653125,0.31885545198403137,0.03716175473528665,0.984375
1587,1,1.0656250238418579,0.39353240916981397,0.039390498770627363,0.984375
1588,1,0.996875,0.45386666825283256,0.040974447312506025,0.984375
1589,1,0.934375,0.5019175014275493,0.04209915755878427,0.984375
1590,1,0.7968750119209289,0.5314132524768873,0.04273144470142798,0.984375
1591,1,0.28125,0.5063969272291986,0.04219798052254907,0.984375
1592,1,0.109375,0.46669473450627874,0.04128640712744561,0.984375
1593,1,0.171875,0.4372127610556509,0.04055654964139946,0.984375
1594,1,0.25,0.4184914849500858,0.040069237371503114,0.984375
1595,1,0.28125,0.40476733645507723,0.0397001403567718,0.984375
1596,1,0.234375,0.38772810280956954,0.03922788511948108,0.984375
1597,1,0.234375,0.37239279252861257,0.03878959180608963,0.984375
1598,1,0.35937501192092897,0.3710910144678442,0.038751808349360845,0.984375
1599,1,0.615624976158142,0.39554441063687396,0.03944644674523706,0.984375
1600,1,0.328125,0.38880246957318654,0.03925812042520289,0.984375
1601,1,0.234375,0.3733597226158679,0.03881759800701677,0.984375
1602,1,0.359375,0.3719612503542811,0.038777076517324434,0.984375
1603,1,0.234375,0.358202625318853,0.038372862969112916,0.984375
1604,1,0.1875,0.3411323627869677,0.03785741229512307,0.984375
1605,1,0.1875,0.3257691265082709,0.037380416476152804,0.984375
1606,1,0.171875,0.3103797138574438,0.03689032724281709,0.984375
1607,1,0.140625,0.2934042424716994,0.03633570004792921,0.984375
1608,1,0.046875,0.26875131822452947,0.0355046701942859,0.984375
1609,1,0.25,0.26687618640207655,0.03544024979783392,0.984375
1610,1,0.171875,0.2573760677618689,0.03511129734287464,0.984375
1611,1,0.28125,0.259763460985682,0.03519436573234821,0.984375
1612,1,0.1875,0.2525371148871138,0.03494210786539183,0.984375
1613,1,0.375,0.2647834033984024,0.0353681531728731,0.984375
1614,1,0.25,0.26330506305856216,0.03531709822631864,0.984375
1615,1,0.203125,0.25728705675270597,0.03510819505386017,0.984375
1616,1,0.21875,0.25343335107743536,0.03497352642484857,0.984375
1617,1,0.328125,0.26090251596969183,0.03523390394183482,0.984375
1618,1,0.234375,0.2582497643727226,0.035141728405474214,0.984375
1619,1,0.265625,0.2589872879354504,0.03516738856342729,0.984375
1620,1,0.28125,0.26121355914190536,0.0352446900228239,0.984375
1621,1,0.359375,0.2710297032277148,0.03558271696804901,0.984375
1622,1,0.359375,0.27986423290494333,0.03588296834519116,0.984375
1623,1,0.34375,0.286252809614449,0.036097711790498206,0.984375
1624,1,0.41562498807907106,0.29919002746091117,0.03652637066847538,0.984375
1625,1,0.296875,0.29895852471482004,0.03651877382377408,0.984375
1626,1,0.4281249761581421,0.3118751698591522,0.036938485561948446,0.984375
1627,1,0.234375,0.304125152873237,0.03668767441223044,0.984375
1628,1,0.125,0.2862126375859133,0.036096367753043354,0.984375
1629,1,0.21875,0.279466373827322,0.03586952847480445,0.984375
1630,1,0.171875,0.2687072364445898,0.03550315769613084,0.984375
1631,1,0.1875,0.26058651280013084,0.035222941173487454,0.984375
1632,1,0.21875,0.25640286152011776,0.03507735811322639,0.984375
1633,1,0.21875,0.252637575368106,0.03494563147961987,0.984375
1634,1,0.1875,0.2461238178312954,0.03471619716901716,0.984375
1635,1,0.2718749761581421,0.24869893366398008,0.034807134585375175,0.984375
1636,1,0.15625,0.23945404029758208,0.034479252984349555,0.984375
1637,1,0.465625,0.26207113626782386,0.03527440458747299,0.984375
1638,1,0.26562501192092897,0.26242652383313436,0.0352867083451279,0.984375
1639,1,0.1468749761581421,0.2508713690656351,0.03488361412491016,0.984375
1640,1,0.234375,0.24922173215907162,0.03482555937348397,0.984375
1641,1,0.25,0.24929955894316447,0.03482830111479453,0.984375
1642,1,0.25,0.24936960304884803,0.03483076844291003,0.984375
1643,1,0.421875,0.26662014274396323,0.035431440306371284,0.984375
1644,1,0.15625,0.2555831284695669,0.035048736589630904,0.984375
1645,1,0.171875,0.2472123156226102,0.034754673467866544,0.984375
1646,1,0.3125,0.2537410840603492,0.03498430572074125,0.984375
1647,1,0.1875,0.24711697565431426,0.034751305556829766,0.984375
1648,1,0.3968749761581421,0.262092775704697,0.035275153930748426,0.984375
1649,1,0.371875,0.2730709981342273,0.035652429417929586,0.984375
1650,1,0.25,0.2707638983208046,0.03557362462762622,0.984375
1651,1,0.3968749761581421,0.28337500610453836,0.036001227155127234,0.984375
1652,1,0.1875,0.27378750549408454,0.03567685111053344,0.984375
1653,1,0.21875,0.2682837549446761,0.035488622787488905,0.984375
1654,1,0.21875,0.2633303794502085,0.035317973411369434,0.984375
1655,1,0.25,0.2619973415051876,0.03527184901155269,0.984375
1656,1,0.3125,0.2670476073546688,0.03544614598848996,0.984375
1657,1,0.3125,0.2715928466192019,0.03560196904649287,0.984375
1658,1,0.3125,0.2756835619572817,0.035741356775958646,0.984375
1659,1,0.25,0.27311520576155357,0.035653936926573475,0.984375
1660,1,0.171875,0.2629911851853982,0.03530624496954551,0.984375
1661,1,0.1875,0.2554420666668584,0.035043808149723785,0.984375
1662,1,0.3125,0.2611478600001726,0.03524241214746867,0.984375
1663,1,0.546875,0.28972057400015533,0.03621343131868097,0.984375
1664,1,0.7968750119209289,0.3404360177922327,0.037836059512593244,0.984375
1665,1,0.8468750238418579,0.3910799183971952,0.03932200940013765,0.984375
1666,1,0.653125,0.41728442655747566,0.04003717784747268,0.984375
1667,1,0.5343750238418579,0.4289934862859139,0.04034489663519553,0.984375
1668,1,0.375,0.42359413765732246,0.04020390630381737,0.984375
1669,1,0.328125,0.4140472238915902,0.0399508140136329,0.984375
1670,1,0.171875,0.3898300015024312,0.03928697996832212,0.984375
1671,1,0.234375,0.3742845013521881,0.038844336700422075,0.984375
1672,1,0.21875,0.3587310512169693,0.03838857329401333,0.984375
1673,1,0.265625,0.34942044609527234,0.03810959957651736,0.984375
1674,1,0.140625,0.3285409014857451,0.0374673846556752,0.984375
1675,1,0.140625,0.3097493113371706,0.03686999206579929,0.984375
1676,1,0.078125,0.2865868802034535,0.03610888571087041,0.984375
1677,1,0.1875,0.2766781921831082,0.035775125139859226,0.984375
1678,1,0.203125,0.26932287296479734,0.03552427245792383,0.984375
1679,1,0.15625,0.2580155856683176,0.035133575426986446,0.984375
1680,1,0.3343749761581421,0.2656515247173001,0.03539808545750346,0.984375
1681,1,0.3656249761581421,0.27564886986138426,0.035740178086756794,0.984375
1682,1,0.234375,0.2715214828752458,0.03559953019479383,0.984375
1683,1,0.35312498807907106,0.27968183339562835,0.035876807764921886,0.984375
1684,1,0.696874988079071,0.32140114886397264,0.03724255620261551,0.984375
1685,1,0.540624988079071,0.3433235327854825,0.037924436263846624,0.984375
1686,1,0.4718750238418579,0.35617868189112006,0.038312553320245496,0.984375
1687,1,0.40625,0.3611858137020081,0.03846136012933792,0.984375
1688,1,0.45312501192092897,0.3703797335239002,0.0387311256278223,0.984375
1689,1,0.4281249761581421,0.37615425778732436,0.03889825878395068,0.984375
1690,1,0.2093749761581421,0.3594763296244061,0.038410705556424424,0.984375
1691,1,0.3656249761581421,0.36009119427777975,0.03842894278008378,0.984375
1692,1,0.09375,0.3334570748500018,0.03762065226251417,0.984375
1693,1,0.203125,0.32042386736500167,0.03721157646586148,0.984375
1694,1,0.265625,0.3149439806285015,0.03703695200234403,0.984375
1695,1,0.23437501192092897,0.3068870837577442,0.03677740881716935,0.984375
1696,1,0.278125,0.3040108753819698,0.0366839532190194,0.984375
1697,1,0.1875,0.2923597878437728,0.036301101192923686,0.984375
1698,1,0.1875,0.2818738090593955,0.035950734148986176,0.984375
1699,1,0.3031249761581421,0.2839989257692702,0.03602218013737971,0.984375
1700,1,0.1781249761581421,0.27341153080815744,0.03566403935771761,0.984375
1701,1,0.203125,0.2663828777273417,0.03542327411568606,0.984375
1702,1,0.1875,0.25849458995460756,0.035150249297062584,0.984375
1703,1,0.3125,0.2638951309591468,0.03533748888587858,0.984375
1704,1,0.296875,0.26719311786323213,0.03545114985966371,0.984375
1705,1,0.28125,0.26859880607690895,0.0354994369243092,0.984375
1706,1,0.171875,0.25892642546921807,0.03516527198705998,0.984375
1707,1,0.171875,0.2502212829222963,0.03486075103143969,0.984375
1708,1,0.15625,0.24082415463006665,0.03452809115585085,0.984375
1709,1,0.25,0.24174173916706,0.03456075128511961,0.984375
1710,1,0.21875,0.239442565250354,0.03447884359471735,0.984375
1711,1,0.3125,0.2467483087253186,0.0347382783666732,0.984375
1712,1,0.390625,0.26113597785278675,0.03524200015601925,0.984375
1713,1,0.359375,0.2709598800675081,0.03558032886993794,0.984375
1714,1,0.21875,0.2657388920607573,0.03540109583627345,0.984375
1715,1,0.1875,0.25791500285468155,0.035130072824035886,0.984375
1716,1,0.203125,0.2524360025692134,0.034938560914370725,0.984375
1717,1,0.1875,0.24594240231229206,0.034709779197675865,0.984375
1718,1,0.15625,0.23697316208106287,0.03439060607606774,0.984375
1719,1,0.140625,0.2273383458729566,0.034043735073666655,0.984375
1720,1,0.125,0.21710451128566094,0.03367086188256892,0.984375
1721,1,0.15625,0.21101906015709485,0.033447023530203554,0.984375
1722,1,0.3656249761581421,0.22647965175719956,0.03401262218943569,0.984375
1723,1,0.2406249761581421,0.2278941841972938,0.034063857485208814,0.984375
1724,1,0.246875,0.22979226577756443,0.03413246969089461,0.984375
1725,1,0.203125,0.227125539199808,0.034036027492068216,0.984375
1726,1,0.1468749761581421,0.2191004828956414,0.03374393846055273,0.984375
1727,1,0.1875,0.21594043460607726,0.03362816466083171,0.984375
1728,1,0.15625,0.20997139114546953,0.033408331432896614,0.984375
1729,1,0.1875,0.20772425203092257,0.0333251878149827,0.984375
1730,1,0.28125,0.2150768268278303,0.03359645136989757,0.984375
1731,1,0.1875,0.21231914414504727,0.033494974258096236,0.984375
1732,1,0.265625,0.21764972973054253,0.03369084024111031,0.984375
1733,1,0.23437501192092897,0.21932225794958118,0.03375204763005118,0.984375
1734,1,0.421875,0.23957753215462305,0.03448365836695882,0.984375
1735,1,0.375,0.2531197789391607,0.034962538056143494,0.984375
1736,1,0.453125,0.27312030104524465,0.03565411067295406,0.984375
1737,1,0.21875,0.2676832709407202,0.03546799796556731,0.984375
1738,1,0.521874976158142,0.2931024414624624,0.036325708118139156,0.984375
1739,1,0.403125,0.30410469731621614,0.036687008371041906,0.984375
1740,1,0.234375,0.29713172758459455,0.036458732125300895,0.984375
1741,1,0.5968750238418579,0.3271060572103208,0.037422414332107704,0.984375
1742,1,0.53125,0.34752045148928873,0.03805210693200847,0.984375
1743,1,0.53125,0.36589340634035983,0.03860005075176539,0.984375
1744,1,0.625,0.39180406570632387,0.039342265718487195,0.984375
1745,1,0.7218750238418579,0.42481116151987725,0.04023582116948125,0.984375
1746,1,0.603124988079071,0.44264254417579657,0.04069440776976173,0.984375
1747,1,0.35937501192092897,0.4343157909503098,0.040482359217109555,0.984375
1748,1,0.265625,0.4174467118552788,0.04004149267155077,0.984375
1749,1,0.421875,0.4178895406697509,0.04005325941360688,0.984375
1750,1,0.34375,0.41047558660277583,0.039854879191954004,0.984375
1751,1,0.296875,0.3991155279424982,0.03954521632867655,0.984375
1752,1,0.21875,0.3810789751482484,0.03903939043625427,0.984375
1753,1,0.234375,0.36640857763342355,0.03861515670984757,0.984375
1754,1,0.25,0.35476771987008116,0.03827038093343956,0.984375
1755,1,0.265625,0.34585344788307304,0.03800150762020301,0.984375
1756,1,0.375,0.34876810309476575,0.03808988156492886,0.984375
1757,1,0.40625,0.3545162927852892,0.03826285493572815,0.984375
1758,1,0.34375,0.35343966350676026,0.03823059021387979,0.984375
1759,1,0.1875,0.33684569715608426,0.03772556178896287,0.984375
1760,1,0.1875,0.32191112744047584,0.03725870287322516,0.984375
1761,1,0.234375,0.3131575146964283,0.036979689858713,0.984375
1762,1,0.328125,0.31465426322678547,0.03702767673072457,0.984375
1763,1,0.46875,0.33006383690410696,0.03751499869243249,0.984375
1764,1,0.359375,0.33299495321369627,0.03760629875848522,0.984375
1765,1,0.328125,0.3325079578923267,0.03759116060744692,0.984375
1766,1,0.265625,0.325819662103094,0.03738200567106461,0.984375
1767,1,0.234375,0.3166751958927846,0.03709228676590625,0.984375
1768,1,0.278125,0.31282017630350617,0.03696885867103361,0.984375
1769,1,0.35937501192092897,0.31747565986524845,0.03711781983568876,0.984375
1770,1,0.296875,0.3154155938787236,0.03705204142728053,0.984375
1771,1,0.38437498807907106,0.32231153329875833,0.03727137088280615,0.984375
1772,1,0.39062501192092897,0.3291428811609754,0.03748621977049613,0.984375
1773,1,0.484375,0.34466609304487783,0.03796537800010329,0.984375
1774,1,0.678124976158142,0.3780119813562043,0.03895164913911801,0.984375
1775,1,0.634374988079071,0.4036482820284909,0.03966960103835422,0.984375
1776,1,0.328125,0.3960959538256418,0.03946174578269615,0.984375
1777,1,0.32812501192092897,0.3892988596351705,0.03927206921832803,0.984375
1778,1,0.559375,0.40630647367165346,0.03974203455616975,0.984375
1779,1,0.078125,0.37348832630448814,0.038821319133841486,0.984375
1780,1,0.1468749761581421,0.35082699128985356,0.03815203797248199,0.984375
1781,1,0.1875,0.3344942921608682,0.037652827614692436,0.984375
1782,1,0.25,0.3260448629447814,0.03738908595918249,0.984375
1783,1,0.109375,0.30437787665030325,0.036695901448682004,0.984375
1784,1,0.171875,0.2911275889852729,0.036260213015515914,0.984375
1785,1,0.203125,0.28232733008674565,0.03596600009465259,0.984375
1786,1,0.340625,0.2881570970780711,0.036161331885718066,0.984375
1787,1,0.3031249761581421,0.2896538849860782,0.03621121153551249,0.984375
1788,1,0.4281249761581421,0.30350099410328457,0.03666734199384843,0.984375
1789,1,0.653125,0.3384633946929561,0.03777543263475583,0.984375
1790,1,0.871875,0.3918045552236605,0.03934227940210295,0.984375
1791,1,0.996875,0.4523115997012944,0.040936044410609586,0.984375
1792,1,0.665624988079071,0.4736429385390721,0.04145179449462126,0.984375
1793,1,0.4406250238418579,0.47034114706935065,0.04137351502684156,0.984375
1794,1,0.5468750119209289,0.47799453355450844,0.04155410025015785,0.984375
1795,1,0.3125,0.4614450801990576,0.04115978338093862,0.984375
1796,1,0.28125,0.44342557217915185,0.04071415966970804,0.984375
1797,1,0.21875,0.42095801496123664,0.0401345070643242,0.984375
1798,1,0.296875,0.408549713465113,0.03980286728974685,0.984375
1799,1,0.390625,0.4067572421186017,0.03975428018634179,0.984375
1800,1,0.46875,0.41295651790674154,0.03992158966325579,0.984375
1801,1,0.390625,0.4107233661160674,0.03986155657479365,0.984375
1802,1,0.48437501192092897,0.41808853069655355,0.0400585435250948,0.984375
1803,1,0.296875,0.40596717762689816,0.03973281003855723,0.984375
1804,1,0.35312498807907106,0.40068295867211545,0.039588352890946844,0.984375
1805,1,0.34375,0.3949896628049039,0.039431042411443976,0.984375
1806,1,0.47812498807907106,0.4033031953323206,0.03966017002348309,0.984375
1807,1,0.5,0.41297287579908853,0.03992202842512951,0.984375
1808,1,0.4375,0.4154255882191797,0.03998765508709351,0.984375
1809,1,0.390625,0.4129455293972617,0.039921294914392946,0.984375
1810,1,0.265625,0.3982134764575355,0.039520331836043476,0.984375
1811,1,0.3125,0.38964212881178195,0.03928170754023466,0.984375
1812,1,0.15625,0.36630291593060377,0.03861205962677673,0.984375
1813,1,0.21875,0.3515476243375434,0.038173740473168655,0.984375
1814,1,0.3343749761581421,0.3498303595196033,0.0381219783073896,0.984375
1815,1,0.265625,0.34140982356764293,0.03786591327939108,0.984375
1816,1,0.21875,0.32914384121087864,0.03748624979406898,0.984375
1817,1,0.15625,0.31185445708979076,0.03693781932810499,0.984375
1818,1,0.234375,0.3041065113808117,0.03668706743857487,0.984375
1819,1,0.140625,0.2877583602427305,0.036148025423077504,0.984375
1820,1,0.109375,0.26992002421845745,0.03554473580260258,0.984375
1821,1,0.465625,0.2894905217966117,0.036205772960422045,0.984375
1822,1,0.125,0.2730414696169506,0.03565142242368887,0.984375
1823,1,0.2093749761581421,0.2666748202710697,0.03543332181630518,0.984375
1824,1,0.203125,0.2603198382439627,0.03521368603649063,0.984375
1825,1,0.32812501192092897,0.26710035561165935,0.035447960032988286,0.984375
1826,1,0.28125,0.2685153200504934,0.03549657172894343,0.984375
1827,1,0.21875,0.26353878804544406,0.03532517691661197,0.984375
1828,1,0.21875,0.25905990924089967,0.03516991384118048,0.984375
1829,1,0.171875,0.25034141831680967,0.03486497758607477,0.984375
1830,1,0.1781249761581421,0.24311977410094293,0.03460972874460468,0.984375
1831,1,0.140625,0.23287029669084866,0.034243397863435256,0.984375
1832,1,0.25,0.2345832670217638,0.03430494936245236,0.984375
1833,1,0.615624976158142,0.2726874379354016,0.035639345794704576,0.984375
1834,1,0.296875,0.27510619414186144,0.03572173266412747,0.984375
1835,1,0.28125,0.2757205747276753,0.03574261424719576,0.984375
1836,1,0.265625,0.27471101725490776,0.03570829168429684,0.984375
1837,1,0.25,0.27223991552941695,0.035624071355667884,0.984375
1838,1,0.265625,0.27157842397647525,0.03560147617337161,0.984375
1839,1,0.359375,0.28035808157882774,0.03589963999980131,0.984375
1840,1,0.3125,0.283572273420945,0.03600785402288525,0.984375
1841,1,0.28125,0.2833400460788505,0.03600005253107337,0.984375
1842,1,0.28125,0.28313104147096546,0.035993028916120516,0.984375
1843,1,0.28125,0.28294293732386894,0.035986705822695635,0.984375
1844,1,0.809375,0.33558614359148203,0.037686636987606825,0.984375
1845,1,0.4593749761581421,0.347965026848148,0.038065576575882616,0.984375
1846,1,0.840625,0.3972310241633332,0.03949317987741951,0.984375
1847,1,0.615624976158142,0.4190704193628141,0.040084586337870313,0.984375
1848,1,0.9218750119209289,0.46935087861862557,0.0413499272352984,0.984375
1849,1,0.4718750238418579,0.4696032931409488,0.041355944485807206,0.984375
1850,1,0.5968750238418579,0.4823304662110397,0.04165506513090312,0.984375
1851,1,0.803124976158142,0.5144099172057499,0.04237224334449792,0.984375
1852,1,0.265625,0.4895314254851749,0.04182060804183238,0.984375
1853,1,0.23437501192092897,0.46401578412875033,0.041221969440368184,0.984375
1854,1,0.3125,0.4488642057158753,0.040850456575583935,0.984375
1855,1,0.34375,0.43835278514428777,0.04058562337293875,0.984375
1856,1,0.203125,0.414830006629859,0.03997174875212428,0.984375
1857,1,0.296875,0.4030345059668731,0.039652822495980095,0.984375
1858,1,0.265625,0.3892935553701858,0.039271920235610436,0.984375
1859,1,0.1875,0.3691141998331672,0.03869425963986417,0.984375
1860,1,0.171875,0.3493902798498505,0.03810868825354806,0.984375
1861,1,0.140625,0.3285137518648654,0.03746653473694598,0.984375
1862,1,0.171875,0.31284987667837894,0.036969812518383306,0.984375
1863,1,0.109375,0.29250238901054104,0.036305828247453174,0.984375
1864,1,0.171875,0.2804396501094869,0.03590239249095257,0.984375
1865,1,0.265625,0.2789581850985382,0.035852350342373884,0.984375
1866,1,0.171875,0.26824986658868444,0.03548745928501858,0.984375
1867,1,0.390625,0.280487379929816,0.035904002959617834,0.984375
1868,1,0.375,0.2899386419368344,0.036220688293391194,0.984375
1869,1,0.265625,0.28750727774315094,0.036139642365037715,0.984375
1870,1,0.234375,0.28219404996883585,0.035961514809788146,0.984375
1871,1,0.203125,0.2742871449719523,0.035693866268464755,0.984375
1872,1,0.125,0.25935843047475704,0.03518029177797214,0.984375
1873,1,0.171875,0.2506100874272813,0.03487442737651318,0.984375
1874,1,0.265625,0.2521115786845532,0.03492717713776374,0.984375
1875,1,0.21875,0.24877542081609788,0.034809830980138644,0.984375
1876,1,0.2718749761581421,0.2510853763503023,0.03489113633548185,0.984375
1877,1,0.234375,0.24941433871527208,0.034832344153868953,0.984375
1878,1,0.265625,0.25103540484374487,0.03488938006092427,0.984375
1879,1,0.21875,0.24780686435937038,0.034775666642515066,0.984375
1880,1,0.2718749761581421,0.25021367553924756,0.03486048336910139,0.984375
1881,1,0.746875,0.29987980798532277,0.03654899003619655,0.984375
1882,1,0.359375,0.3058293271867905,0.03674308840018302,0.984375
1883,1,0.528125,0.32805889446811143,0.03745228972503089,0.984375
1884,1,0.1875,0.3140030050213003,0.03700681103566685,0.984375
1885,1,0.153125,0.2979152045191703,0.03648450339102679,0.984375
1886,1,0.0625,0.27437368406725327,0.03569681211533574,0.984375
1887,1,0.153125,0.26224881566052793,0.03528055671732374,0.984375
1888,1,0.21875,0.2578989340944751,0.03512951321629247,0.984375
1889,1,0.234375,0.2555465406850276,0.03504745836918897,0.984375
1890,1,0.25,0.25499188661652483,0.035028073460936275,0.984375
1891,1,0.3125,0.2607426979548723,0.03522836013263659,0.984375
1892,1,0.296875,0.2643559281593851,0.035353400880794354,0.984375
1893,1,0.28125,0.2660453353434466,0.03541165193635769,0.984375
1894,1,0.25,0.2644408018091019,0.035356330587652855,0.984375
1895,1,0.2718749761581421,0.2651842192440059,0.035381977524884554,0.984375
1896,1,0.078125,0.24647829731960533,0.0347287333041541,0.984375
1897,1,0.171875,0.2390179675876448,0.03446369125925621,0.984375
1898,1,0.3125,0.24636617082888032,0.03472476858384716,0.984375
1899,1,0.328125,0.25454205374599226,0.035012341443773756,0.984375
1900,1,0.5156250119209289,0.2806503495634859,0.03590950093313414,0.984375
1901,1,0.34375,0.2869603146071373,0.03612136972032942,0.984375
1902,1,0.390625,0.2973267831464236,0.03646515106428522,0.984375
1903,1,0.32812501192092897,0.30040660602387415,0.036566248690901935,0.984375
1904,1,0.171875,0.28755344542148675,0.03614118403060421,0.984375
1905,1,0.528125,0.31161060087933806,0.03692997395196568,0.984375
1906,1,0.521874976158142,0.3326370384072185,0.03759517425531394,0.984375
1907,1,0.2718749761581421,0.3265608321823108,0.03740529804215894,0.984375
1908,1,0.45312501192092897,0.33921725015617266,0.03779862584113893,0.984375
1909,1,0.29687501192092897,0.3349830263326483,0.03766796906423188,0.984375
1910,1,0.203125,0.3217972236993835,0.03725509768014965,0.984375
1911,1,0.28125,0.3177425013294452,0.037126324168449604,0.984375
1912,1,0.2718749761581421,0.3131557488123149,0.03697963317527981,0.984375
1913,1,0.28125,0.3099651739310834,0.03687695752843412,0.984375
1914,1,0.21875,0.30084365653797507,0.03658055645196231,0.984375
1915,1,0.171875,0.2879467908841775,0.036154314627379974,0.984375
1916,1,0.171875,0.2763396117957597,0.03576363551765206,0.984375
1917,1,0.09375,0.25808065061618374,0.03513584093507157,0.984375
1918,1,0.171875,0.24946008555456536,0.0348339553855009,0.984375
1919,1,0.171875,0.24170157699910882,0.03455932256768699,0.984375
1920,1,0.140625,0.23159391929919795,0.03419744968145982,0.984375
1921,1,0.15625,0.22405952736927817,0.03392476174502501,0.984375
1922,1,0.15625,0.21727857463235037,0.03367724142981315,0.984375
1923,1,0.296875,0.22523821716911535,0.033967584782397385,0.984375
1924,1,0.203125,0.22302689545220383,0.03388719574164556,0.984375
1925,1,0.528125,0.2535367059069834,0.03497714723842175,0.984375
1926,1,0.1875,0.24693303531628505,0.03474480663325996,0.984375
1927,1,0.140625,0.23630223178465656,0.034366584898796154,0.984375
1928,1,0.184375,0.2311095086061909,0.034179992574071935,0.984375
1929,1,0.203125,0.2283110577455718,0.03407894023954764,0.984375
1930,1,0.1875,0.2242299519710146,0.03393095717148921,0.984375
1931,1,0.23437501192092897,0.22524445796600606,0.03396781135677158,0.984375
1932,1,0.21875,0.22459501216940547,0.033944223932505395,0.984375
1933,1,0.21875,0.22401051095246494,0.033922979624011994,0.984375
1934,1,0.434375,0.24504695985721844,0.0346780788873492,0.984375
1935,1,0.4906249761581421,0.26960476148731083,0.03553393443070061,0.984375
1936,1,0.42187501192092897,0.28483178653067265,0.03605012002091913,0.984375
1937,1,0.840625,0.34041110787760537,0.03783529520104059,0.984375
1938,1,0.559375,0.36230749708984483,0.03849451297628947,0.984375
1939,1,0.234375,0.34951424738086034,0.03811243300850139,0.984375
1940,1,0.3656249761581421,0.3511253202585885,0.03816102574229918,0.984375
1941,1,0.125,0.32851278823272967,0.03746650456974252,0.984375
1942,1,0.125,0.30816150940945675,0.0368186837086954,0.984375
1943,1,0.25,0.30234535846851107,0.03662964420729861,0.984375
1944,1,0.47812498807907106,0.3199233214295671,0.0371956900960026,0.984375
1945,1,0.40625,0.32855598928661034,0.03746785696261563,0.984375
1946,1,0.41562498807907106,0.3372628891658564,0.03773843622780827,0.984375
1947,1,0.1875,0.32228660024927075,0.037270582295108545,0.984375
1948,1,0.171875,0.30724544022434364,0.03678902328870564,0.984375
1949,1,0.15625,0.2921458962019093,0.03629400904173948,0.984375
1950,1,0.109375,0.27386880658171836,0.03567962063358749,0.984375
1951,1,0.140625,0.26054442592354654,0.03522148074090498,0.984375
1952,1,0.15625,0.25011498333119186,0.034857010685683684,0.984375
1953,1,0.1781249761581421,0.2429159826138869,0.03460249112194313,0.984375
1954,1,0.1781249761581421,0.23643688196831242,0.034371407367370176,0.984375
1955,1,0.171875,0.22998069377148117,0.03413927239186919,0.984375
1956,1,0.21875,0.22885762439433308,0.034098703844031374,0.984375
1957,1,0.3968749761581421,0.24565935957071397,0.034699762930116444,0.984375
1958,1,0.359375,0.25703092361364255,0.03509926600302937,0.984375
1959,1,0.265625,0.2578903312522783,0.035129213610270806,0.984375
1960,1,0.265625,0.2586637981270505,0.03515613675629067,0.984375
1961,1,0.203125,0.25310991831434543,0.03496219244040317,0.984375
1962,1,0.125,0.2402989264829109,0.03450937925073434,0.984375
1963,1,0.3031249761581421,0.24658153145043402,0.0347323830865285,0.984375
1964,1,0.078125,0.2297358783053906,0.03413043366486925,0.984375
1965,1,0.1781249761581421,0.22457478809066578,0.03394348911429297,0.984375
1966,1,0.21875,0.22399230928159922,0.033922317827835384,0.984375
1967,1,0.3656249761581421,0.2381555759692535,0.03443289067434082,0.984375
1968,1,0.403125,0.2546525183723281,0.035016205601886494,0.984375
1969,1,0.496875,0.2788747665350953,0.035849529365118586,0.984375
1970,1,0.26562501192092897,0.27754979107367866,0.03580467686857335,0.984375
1971,1,0.1781249761581421,0.26760730958212503,0.035465387688486755,0.984375
1972,1,0.21875,0.26272157862391254,0.03529691878614488,0.984375
1973,1,0.203125,0.25676192076152127,0.03508988498528285,0.984375
1974,1,0.1875,0.24983572868536913,0.034847182110237844,0.984375
1975,1,0.1781249761581421,0.24266465343264643,0.0345935626047071,0.984375
1976,1,0.171875,0.2355856880893818,0.03434090839942532,0.984375
1977,1,0.1875,0.23077711928044362,0.03416800799552344,0.984375
1978,1,0.2406249761581421,0.23176190496821344,0.03420350109918223,0.984375
1979,1,0.125,0.22108571447139208,0.03381645334189812,0.984375
1980,1,0.278125,0.22678964302425286,0.034023857747087424,0.984375
1981,1,0.203125,0.2244231787218276,0.03393798000115555,0.984375
1982,1,0.109375,0.21291836084964483,0.03351705130639002,0.984375
1983,1,0.09375,0.20100152476468033,0.033075214863487676,0.984375
1984,1,0.140625,0.1949638722882123,0.03284916622513911,0.984375
1985,1,0.125,0.1879674850593911,0.03258543272078579,0.984375
1986,1,0.28125,0.19729573655345198,0.03293664240405043,0.984375
1987,1,0.25,0.20256616289810678,0.03313355693502704,0.984375
1988,1,0.296875,0.2119970466082961,0.0334831009650785,0.984375
1989,1,0.25,0.2157973419474665,0.03362291220551599,0.984375
1990,1,0.3125,0.22546760775271985,0.0339759117786969,0.984375
1991,1,0.203125,0.22323334697744784,0.03389470990207469,0.984375
1992,1,0.125,0.21341001227970308,0.03353515409333514,0.984375
1993,1,0.125,0.20456901105173275,0.033208094520988024,0.984375
1994,1,0.078125,0.1919246099465595,0.03273483258243453,0.984375
1995,1,0.234375,0.19616964895190356,0.03289442582242152,0.984375
1996,1,0.1875,0.1953026840567132,0.032861889525506255,0.984375
1997,1,0.1875,0.19452241565104186,0.03283258156266219,0.984375
1998,1,0.15625,0.19069517408593767,0.03268848038342652,0.984375
1999,2,0.0,0.17162565667734392,0.03196221295644593,0.609375
2000,2,0.0,0.15446309100960953,0.03129745261827678,0.765625
2001,2,0.0,0.13901678190864858,0.030690894864327623,0.78125
2002,2,0.0625,0.13136510371778373,0.030387731922840378,0.78125
2003,2,0.0,0.11822859334600536,0.029863408606354693,0.84375
2004,2,0.0625,0.11265573401140483,0.029639595729405905,0.84375
2005,2,0.078125,0.10920266061026435,0.029500526027627007,0.84375
2006,2,0.125,0.11078239454923791,0.029564184815839674,0.84375
2007,2,0.078125,0.10751665509431413,0.02943251821391886,0.84375
2008,2,0.109375,0.10770248958488272,0.029440017496921708,0.84375
2009,2,0.0625,0.10318224062639444,0.029257373607244393,0.84375
2010,2,0.0625,0.09911401656375501,0.029092592362753605,0.84375
2011,2,0.0,0.08920261490737952,0.028689631527990346,0.859375
2012,2,0.09375,0.08965735341664156,0.028708164187466634,0.859375
2013,2,0.125,0.0931916180749774,0.02885205797329011,0.859375
2014,2,0.09375,0.09324745626747966,0.028854329295623007,0.859375
2015,2,0.0,0.08392271064073169,0.028474153054371884,0.875
2016,2,0.046875,0.08021793957665851,0.028322640553073094,0.875
2017,2,0.109375,0.08313364561899267,0.028441904390717743,0.875
2018,2,0.109375,0.0857577810570934,0.028549105643469144,0.875
2019,2,0.0625,0.08343200295138406,0.02845409947356933,0.875
2020,2,0.171875,0.09227630265624565,0.028814816557302416,0.875
2021,2,0.15625,0.09867367239062108,0.02907473424401646,0.875
2022,2,0.15625,0.10443130515155898,0.029307890674937,0.875
2023,2,0.171875,0.11117567463640307,0.029580023406818912,0.875
2024,2,0.171875,0.11724560717276276,0.029823988342043747,0.875
2025,2,0.109375,0.11645854645548649,0.02979240720868367,0.875
2026,2,0.03125,0.10793769180993784,0.02944950781382057,0.875
2027,2,0.078125,0.10495642262894406,0.029329117690549186,0.875
2028,2,0.078125,0.10227328036604966,0.029220589142263477,0.875
2029,2,0.15625,0.1076709523294447,0.029438744880582263,0.875
2030,2,0.171875,0.11409135709650021,0.029697327411838483,0.875
2031,2,0.109375,0.1136197213868502,0.029678366899972983,0.875
2032,2,0.140625,0.11632024924816517,0.02978685633287997,0.875
2033,2,0.046875,0.10937572432334865,0.029507502962562444,0.875
2034,2,0.015625,0.10000065189101377,0.02912853674448858,0.875
2035,2,0.046875,0.0946880867019124,0.028912906980618797,0.875
2036,2,0.078125,0.09303177803172116,0.02884555582225137,0.875
2037,2,0.0,0.08372860022854905,0.028466220955003303,0.890625
2038,2,0.0625,0.08160574020569414,0.02837942660563225,0.890625
2039,2,0.0625,0.07969516618512473,0.028301240614878855,0.890625
2040,2,0.078125,0.07953814956661226,0.028294812113565396,0.890625
2041,2,0.09375,0.08095933460995103,0.02835298135081439,0.890625
2042,2,0.171875,0.09005090114895592,0.028724199682540048,0.890625
2043,2,0.171875,0.09823331103406033,0.029056871155304982,0.890625
2044,2,0.34375,0.12278497993065429,0.030045800356985702,0.890625
2045,2,0.328125,0.14331898193758885,0.0308605845009322,0.890625
2046,2,0.5,0.17898708374382996,0.03224417313136065,0.890625
2047,2,0.375,0.19858837536944696,0.03298504093129987,0.890625
2048,2,0.296875,0.20841703783250226,0.03335084293950114,0.890625
2049,2,0.328125,0.22038783404925202,0.03379098096332819,0.890625
2050,2,0.09375,0.2077240506443268,0.033325180354397285,0.890625
2051,2,0.203125,0.20726414557989414,0.03330813832262287,0.890625
2052,2,0.09375,0.19591273102190473,0.03288478704787171,0.890625
2053,2,0.1875,0.19507145791971425,0.03285320684644435,0.890625
2054,2,0.234375,0.19900181212774284,0.033000506650573774,0.890625
2055,2,0.171875,0.19628913091496855,0.032898907532333585,0.890625
2056,2,0.140625,0.1907227178234717,0.032689519478784006,0.890625
2057,2,0.21875,0.19352544604112454,0.03279509924527054,0.890625
2058,2,0.1875,0.19292290143701207,0.03277242697927615,0.890625
2059,2,0.140625,0.18769311129331087,0.03257505151649415,0.890625
2060,2,0.1875,0.18767380016397978,0.03257432075229521,0.890625
2061,2,0.234375,0.1923439201475818,0.03275062800044707,0.890625
2062,2,0.359375,0.2090470281328236,0.033374155459207876,0.890625
2063,2,0.421875,0.23032982531954124,0.034151872746836974,0.890625
2064,2,0.4375,0.2510468427875871,0.03488978206361585,0.890625
2065,2,0.453125,0.2712546585088284,0.03559040930896278,0.890625
2066,2,0.46875,0.2910041926579456,0.03625611416999663,0.890625
2067,2,0.390625,0.30096627339215104,0.036584568837067094,0.890625
2068,2,0.4375,0.31461964605293596,0.03702656817729233,0.890625
2069,2,0.328125,0.31597018144764233,0.03706977101816047,0.890625
2070,2,0.21875,0.3062481633028781,0.036756684941047245,0.890625
2071,2,0.203125,0.2959358469725903,0.036419335972492174,0.890625
2072,2,0.171875,0.2835297622753312,0.03600642609371841,0.890625
2073,2,0.125,0.2676767860477981,0.035467775134551176,0.890625
2074,2,0.15625,0.2565341074430183,0.03508193772704124,0.890625
2075,2,0.140625,0.24494319669871648,0.034674403109568985,0.890625
2076,2,0.09375,0.22982387702884483,0.03413361104161968,0.890625
2077,2,0.015625,0.20840398932596035,0.03335035991209918,0.890625
2078,2,0.0625,0.19381359039336432,0.032805936391005625,0.890625
2079,2,0.03125,0.17755723135402787,0.032189560730269996,0.890625
2080,2,0.21875,0.1816765082186251,0.03234668959590546,0.890625
2081,2,0.15625,0.1791338573967626,0.03224977481010277,0.890625
2082,2,0.234375,0.18465797165708633,0.032460022740313524,0.890625
2083,2,0.1875,0.1849421744913777,0.032470808570498326,0.890625
2084,2,0.203125,0.18676045704223992,0.0325397421214224,0.890625
2085,2,0.15625,0.18370941133801594,0.03242400171211858,0.890625
2086,2,0.140625,0.17940097020421436,0.03225996724424048,0.890625
2087,2,0.046875,0.16614837318379294,0.03175116193379499,0.890625
2088,2,0.21875,0.17140853586541366,0.03195386703983448,0.890625
2089,2,0.1875,0.1730176822788723,0.032015681058912754,0.890625
2090,2,0.34375,0.19009091405098505,0.03266567712436868,0.890625
2091,2,0.4093750238418579,0.21201932503007234,0.03348392234082931,0.890625
2092,2,0.7656250119209289,0.267379893719158,0.035457571292516886,0.890625
2093,2,0.8156250238418579,0.322204406731428,0.03726798243354029,0.890625
2094,2,0.5,0.3399839660582852,0.037822184128349895,0.890625
2095,2,0.6593750238418579,0.37192307183664247,0.03877596881237278,0.890625
2096,2,0.328125,0.36754326465297826,0.03864837842931573,0.890625
2097,2,0.4093750238418579,0.3717264405718662,0.038770262556330384,0.890625
2098,2,0.328125,0.36736629651467956,0.038643201610937886,0.890625
2099,2,0.4375,0.3743796668632116,0.03884708569121446,0.890625
2100,2,0.234375,0.36037920017689046,0.03843747829261744,0.890625
2101,2,0.4375,0.36809128015920145,0.038664398858571085,0.890625
2102,2,0.4718750238418579,0.3784696545274671,0.03896477423802954,0.890625
2103,2,0.47812498807907106,0.38843518788262754,0.03924779116082296,0.890625
2104,2,0.5781250119209289,0.40740417028645765,0.039771835748319107,0.890625
2105,2,0.35937501192092897,0.40260125444990474,0.03964096675764766,0.890625
2106,2,0.3125,0.3935911290049143,0.03939213466609628,0.890625
2107,2,0.4281249761581421,0.397044513720237,0.03948801947521691,0.890625
2108,2,0.28125,0.3854650623482133,0.03916399582317044,0.890625
2109,2,0.171875,0.364106056113392,0.03854753225718621,0.890625
2110,2,0.234375,0.3511329505020528,0.03816125555728506,0.890625
2111,2,0.171875,0.33320715545184754,0.03761289114789753,0.890625
2112,2,0.015625,0.3014489399066628,0.0366003557252864,0.890625
2113,2,0.0625,0.27755404591599653,0.03580482103891295,0.890625
2114,2,0.03125,0.2529236413243969,0.03495566256563357,0.890625
2115,2,0.078125,0.2354437771919572,0.0343358204685295,0.890625
2116,2,0.03125,0.21502439947276147,0.03359452512742296,0.890625
2117,2,0.046875,0.19820945952548535,0.03297086057983686,0.890625
2118,2,0.125,0.19088851357293685,0.03269577355071853,0.890625
2119,2,0.03125,0.17492466221564315,0.03208881567102173,0.890625
2120,2,0.109375,0.16836969599407883,0.03183688136860398,0.890625
2121,2,0.234375,0.17497022639467094,0.0320905614969131,0.890625
2122,2,0.109375,0.16841070375520384,0.03183846220752767,0.890625
2123,2,0.09375,0.16094463337968345,0.031549684417804,0.890625
2124,2,0.078125,0.1526626700417151,0.031227142205490117,0.890625
2125,2,0.09375,0.1467714030375436,0.030996345529008474,0.890625
2126,2,0.140625,0.14615676273378925,0.030972202933135486,0.890625
2127,2,0.140625,0.14560358646041033,0.03095046449032095,0.890625
2128,2,0.28125,0.1591682278143693,0.03148069453455845,0.890625
2129,2,0.634374988079071,0.20668890384083946,0.03328681020492152,0.890625
2130,2,0.853124988079071,0.2713325122646626,0.03559307094742333,0.890625
2131,2,0.740624976158142,0.3182617586540105,0.0371428625693779,0.890625
2132,2,0.6281250238418579,0.34924808517279526,0.0381043919020191,0.890625
2133,2,0.35312498807907106,0.34963577546342284,0.03811610328596656,0.890625
2134,2,0.3968749761581421,0.35435969553289476,0.03825816579950292,0.890625
2135,2,0.203125,0.3392362259796053,0.03779920926890839,0.890625
2136,2,0.171875,0.3225001033816448,0.03727733397502107,0.890625
2137,2,0.1875,0.3090000930434803,0.03684579779807403,0.890625
2138,2,0.15625,0.2937250837391323,0.03634631735928772,0.890625
2139,2,0.1875,0.2831025753652191,0.03599207214405551,0.890625
2140,2,0.1875,0.2735423178286972,0.03566849684724369,0.890625
2141,2,0.203125,0.2665005860458275,0.035427325738955295,0.890625
2142,2,0.15625,0.25547552744124474,0.03504497729187766,0.890625
2143,2,0.09375,0.23930297469712028,0.03447386301564707,0.890625
2144,2,0.171875,0.23256017722740824,0.03423224053672842,0.890625
2145,2,0.140625,0.22336665950466741,0.03389956106474908,0.890625
2146,2,0.15625,0.21665499355420068,0.03365438079573276,0.890625
2147,2,0.15625,0.21061449419878062,0.03343208765969003,0.890625
2148,2,0.171875,0.20674054477890255,0.03328872543960303,0.890625
2149,2,0.25,0.2110664903010123,0.03344877412307728,0.890625
2150,2,0.15625,0.20558484127091106,0.033245837141310276,0.890625
2151,2,0.140625,0.19908885714381996,0.03300376193597626,0.890625
2152,2,0.32187498807907106,0.2113674702373451,0.033459880770954124,0.890625
2153,2,0.296875,0.2199182232136106,0.03377382860513558,0.890625
2154,2,0.1875,0.21667640089224954,0.03365516586689618,0.890625
2155,2,0.25,0.2200087608030246,0.03377713619018654,0.890625
2156,2,0.234375,0.22144538472272213,0.03382957301965045,0.890625
2157,2,0.078125,0.20711334625044991,0.03330254848034064,0.890625
2158,2,0.109375,0.19733951162540492,0.03293828250041842,0.890625
2159,2,0.078125,0.18541806046286444,0.03248886216221613,0.890625
2160,2,0.078125,0.174688754416578,0.032079775483687366,0.890625
2161,2,0.09375,0.1665948789749202,0.031768406144831,0.890625
2162,2,0.125,0.16243539107742816,0.031607498165425074,0.890625
2163,2,0.1875,0.16494185196968533,0.031704531027508996,0.890625
2164,2,0.1875,0.1671976667727168,0.03179167499920135,0.890625
2165,2,0.234375,0.17391540009544512,0.03205012578153708,0.890625
2166,2,0.1875,0.1752738600859006,0.032102193529762645,0.890625
2167,2,0.21875,0.17962147407731055,0.0322683791991506,0.890625
2168,2,0.28125,0.18978432666957948,0.032654101895772766,0.890625
2169,2,0.203125,0.19111839400262154,0.03270444323552532,0.890625
2170,2,0.109375,0.18294405460235938,0.032394913061767686,0.890625
2171,2,0.09375,0.17402464914212343,0.03205431560033038,0.890625
2172,2,0.125,0.1691221842279111,0.03186588018268121,0.890625
2173,2,0.234375,0.17564746580511997,0.0321165015616516,0.890625
2174,2,0.3125,0.18933271922460798,0.03263704482788187,0.890625
2175,2,0.265625,0.19696194730214717,0.032924134009590496,0.890625
2176,2,0.203125,0.19757825257193246,0.032947225937546024,0.890625
2177,2,0.1875,0.1965704273147392,0.03290945659538341,0.890625
2178,2,0.140625,0.19097588458326528,0.03269906889227461,0.890625
2179,2,0.203125,0.19219079612493878,0.03274486061012212,0.890625
2180,2,0.140625,0.18703421651244492,0.032550109832024374,0.890625
2181,2,0.15625,0.18395579486120042,0.032433361242036024,0.890625
2182,2,0.046875,0.1702477153750804,0.03190921774362462,0.890625
2183,2,0.03125,0.15634794383757236,0.0313709464658166,0.890625
2184,2,0.03125,0.14383814945381512,0.030881023559014772,0.890625
2185,2,0.0625,0.1357043345084336,0.03055986474333155,0.890625
2186,2,0.1875,0.14088390105759024,0.03076460777132993,0.890625
2187,2,0.109375,0.13773301095183121,0.030640151541921304,0.890625
2188,2,0.046875,0.1286472098566481,0.030279641170109485,0.890625
2189,2,0.26562501192092897,0.1423449900630762,0.030822217150319103,0.890625
2190,2,0.265625,0.15467299105676857,0.03130564278503269,0.890625
2191,2,0.29062498807907106,0.16826819075899882,0.03183296811305231,0.890625
2192,2,0.32187498807907106,0.183628870491006,0.03242094165975264,0.890625
2193,2,0.4906249761581421,0.21432848105771962,0.03356894531283988,0.890625
2194,2,0.42187501192092897,0.23508313414404056,0.03432288629070298,0.890625
2195,2,0.35312498807907106,0.24688731953754361,0.03474319117635625,0.890625
2196,2,0.15625,0.23782358758378927,0.03442102469125754,0.890625
2197,2,0.140625,0.22810372882541036,0.03407143989584748,0.890625
2198,2,0.078125,0.21310585594286932,0.03352395613831769,0.890625
2199,2,0.078125,0.1996077703485824,0.03302316183073089,0.890625
2200,2,0.05312497615814209,0.18495949092953837,0.03247146565095258,0.890625
2201,2,0.03125,0.16958854183658453,0.03188384229566221,0.890625
2202,2,0.109375,0.16356718765292608,0.03165134023680431,0.890625
2203,2,0.109375,0.15814796888763347,0.03144102298129269,0.890625
2204,2,0.140625,0.15639567199887014,0.031372805952413645,0.890625
2205,2,0.203125,0.1610686047989831,0.03155449508837615,0.890625
2206,2,0.109375,0.15589924431908478,0.031353461473338555,0.890625
2207,2,0.109375,0.15124681988717628,0.031171776198536522,0.890625
2208,2,0.171875,0.15330963789845864,0.03125241988942807,0.890625
2209,2,0.0625,0.1442286741086128,0.030896392607150505,0.890625
2210,2,0.109375,0.1407433066977515,0.030759060843355175,0.890625
2211,2,0.140625,0.14073147602797637,0.03075859405567721,0.890625
2212,2,0.1875,0.14540832842517873,0.030942789058057907,0.890625
2213,2,0.234375,0.15430499558266086,0.031291282881733426,0.890625
2214,2,0.15625,0.15449949602439478,0.03129887322239329,0.890625
2215,2,0.234375,0.1624870464219553,0.031609500077734234,0.890625
2216,2,0.28125,0.17436334177975976,0.03206730209122117,0.890625
2217,2,0.09375,0.1663020076017838,0.031757096132193734,0.890625
2218,2,0.09375,0.1590468068416054,0.03147597505372312,0.890625
2219,2,0.23437501192092897,0.16657962734953777,0.031767817236195185,0.890625
2220,2,0.1875,0.168671664614584,0.03184852079793863,0.890625
2221,2,0.496875,0.2014919981531256,0.03309351419702384,0.890625
2222,2,0.140625,0.19540529833781306,0.032865742078807124,0.890625
2223,2,0.1875,0.19461476850403175,0.0328360517117634,0.890625
2224,2,0.17187501192092897,0.19234079284572148,0.03275051022027993,0.890625
2225,2,0.09375,0.18248171356114934,0.032377330380835026,0.890625
2226,2,0.078125,0.17204604220503442,0.03197836739209877,0.890625
2227,2,0.140625,0.168903937984531,0.03185747162930456,0.890625
2228,2,0.09375,0.1613885441860779,0.0315669078232702,0.890625
2229,2,0.140625,0.1593121897674701,0.031486289513439805,0.890625
2230,2,0.046875,0.1480684707907231,0.03104725437093572,0.890625
2231,2,0.15625,0.1488866237116508,0.031079338855541705,0.890625
2232,2,0.203125,0.1543104613404857,0.03129149619875323,0.890625
2233,2,0.078125,0.14669191520643715,0.030993223975350856,0.890625
2234,2,0.171875,0.14921022368579342,0.031092023208018855,0.890625
2235,2,0.265625,0.16085170131721407,0.031546077877790825,0.890625
2236,2,0.375,0.1822665311854927,0.03236914433596335,0.890625
2237,2,0.38437498807907106,0.2024773768748505,0.033130248932626845,0.890625
2238,2,0.234375,0.20566713918736546,0.03324889303285482,0.890625
2239,2,0.29687501192092897,0.2147879264607218,0.03358583539384666,0.890625
2240,2,0.4718750238418579,0.24049663619883543,0.03451642436879162,0.890625
2241,2,0.4093750238418579,0.25738447496313765,0.03511159033871696,0.890625
2242,2,0.3781250238418579,0.26945852985100965,0.03552892269223891,0.890625
2243,2,0.47812498807907106,0.29032517567381577,0.03623354574071988,0.890625
2244,2,0.3468750238418579,0.29598016049062,0.03642079708395382,0.890625
2245,2,0.17187501192092897,0.2835696456336509,0.036007765759342863,0.890625
2246,2,0.23437501192092897,0.2786501822623787,0.03584193287535036,0.890625
2247,2,0.1875,0.2695351640361408,0.03553154927339532,0.890625
2248,2,0.3031249761581421,0.27289414524834094,0.035646397673575546,0.890625
2249,2,0.2406249761581421,0.26966722833932105,0.03553607501844403,0.890625
2250,2,0.21875,0.26457550550538894,0.03536097964560632,0.890625
2251,2,0.4718750238418579,0.28530545733903584,0.03606599491881047,0.890625
2252,2,0.615624976158142,0.31833740922094644,0.037145270888241703,0.890625
2253,2,0.528125,0.3393161682988518,0.03780166695578998,0.890625
2254,2,0.21875,0.3272595514689666,0.03742723020206181,0.890625
2255,2,0.203125,0.31484609632207,0.03703381872897562,0.890625
2256,2,0.125,0.295861486689863,0.03641688393342411,0.890625
2257,2,0.109375,0.2772128380208767,0.03579325680416684,0.890625
2258,2,0.078125,0.25730405421878905,0.035108787493066285,0.890625
2259,2,0.078125,0.23938614879691014,0.03447683076622789,0.890625
2260,2,0.078125,0.22326003391721913,0.03389568108517544,0.890625
2261,2,0.015625,0.2024965305254972,0.03313096258903067,0.890625
2262,2,0.03125,0.18537187747294748,0.03248711050280017,0.890625
2263,2,0.203125,0.18714718972565275,0.032554387476416854,0.890625
2264,2,0.09375,0.17780747075308748,0.03219912390297155,0.890625
2265,2,0.1875,0.17877672367777872,0.03223614326549001,0.890625
2266,2,0.15625,0.17652405131000085,0.032150052359500914,0.890625
2267,2,0.140625,0.17293414617900077,0.03201247437138537,0.890625
2268,2,0.15625,0.1712657315611007,0.031948376862662664,0.890625
2269,2,0.21875,0.17601415840499063,0.03213053990942854,0.890625
2270,2,0.3125,0.18966274256449156,0.03264951047582223,0.890625
2271,2,0.015625,0.1722589683080424,0.03198654723625589,0.890625
2272,2,0.0625,0.16128307147723817,0.03156281616714092,0.890625
2273,2,0.046875,0.14984226432951436,0.031116788084400937,0.890625
2274,2,0.078125,0.14267053789656292,0.03083504432196198,0.890625
2275,2,0.125,0.14090348410690662,0.030765380342004153,0.890625
2276,2,0.0,0.12681313569621597,0.030206582751668105,0.890625
2277,2,0.15625,0.12975682212659437,0.030323795718801956,0.890625
2278,2,0.1875,0.13553113991393492,0.030553004782231625,0.890625
2279,2,0.203125,0.14229052592254143,0.030820070848230397,0.890625
2280,2,0.35937501192092897,0.1639989745223802,0.031668054660449176,0.890625
2281,2,0.29687501192092897,0.17728657826223504,0.03217921484334003,0.890625
2282,2,0.4593749761581421,0.20549541805182575,0.03324251635910818,0.890625
2283,2,0.26562501192092897,0.21150837743873607,0.033465079179823,0.890625
2284,2,0.03125,0.19348253969486245,0.032793485254382825,0.890625
2285,2,0.140625,0.1881967857253762,0.03259410633016867,0.890625
2286,2,0.1875,0.1881271071528386,0.03259147085633467,0.890625
2287,2,0.0,0.16931439643755475,0.031873284310193005,0.90625
2288,2,0.09375,0.16175795679379928,0.03158123565278247,0.90625
2289,2,0.0625,0.15183216111441936,0.031194673485954373,0.90625
2290,2,0.109375,0.1475864450029774,0.03102834144776318,0.90625
2291,2,0.109375,0.14376530050267966,0.030878156076547154,0.90625
2292,2,0.09375,0.1387637704524117,0.030680898034704703,0.90625
2293,2,0.125,0.13738739340717054,0.030626482005748537,0.90625
2294,2,0.203125,0.1439611540664535,0.03088586489823273,0.90625
2295,2,0.109375,0.14050253865980813,0.030749560330790057,0.90625
2296,2,0.140625,0.14051478479382734,0.03075004359571304,0.90625
2297,2,0.21875,0.1483383063144446,0.031057838519502664,0.90625
2298,2,0.109375,0.14444197568300016,0.03090478507198261,0.90625
2299,2,0.27499998807907106,0.15749777692260725,0.031415722886972586,0.90625
2300,2,0.09375,0.15112299923034653,0.03116693118643768,0.90625
2301,2,0.109375,0.14694819930731187,0.031003287755075676,0.90625
2302,2,0.171875,0.14944087937658068,0.031101062330179466,0.90625
2303,2,0.109375,0.1454342914389226,0.03094380971119448,0.90625
2304,2,0.18750001192092897,0.14964086348712324,0.031108898097068596,0.90625
2305,2,0.15625,0.15030177713841092,0.031134784894554887,0.90625
2306,2,0.171875,0.15245909942456984,0.031219185685595337,0.90625
2307,2,0.234375,0.16065068948211286,0.03153827593957377,0.90625
2308,2,0.328125,0.17739812053390158,0.03218347894268481,0.90625
2309,2,0.506249976158142,0.21028330609632562,0.03341985571325968,0.90625
2310,2,0.631249976158142,0.25237997310250726,0.034936595234303085,0.90625
2311,2,0.4437499761581421,0.27151697340807074,0.03559937607575836,0.90625
2312,2,0.575,0.30186527606726365,0.03661396363971381,0.90625
2313,2,0.587499988079071,0.3304287472684444,0.03752638954445411,0.90625
2314,2,0.4749999761581421,0.3448858701574142,0.03797207112414152,0.90625
2315,2,0.818749976158142,0.39227228075748694,0.039355348012201134,0.90625
2316,2,0.46249998807907106,0.39929505148964534,0.03955016357528696,0.90625
2317,2,0.1875,0.3781155463406808,0.03895462014256771,0.90625
2318,2,0.140625,0.3543664917066127,0.03825836933056184,0.90625
2319,2,0.109375,0.32986734253595146,0.03750886215248959,0.90625
2320,2,0.203125,0.3171931082823563,0.037108810818298775,0.90625
2321,2,0.109375,0.29641129745412065,0.03643500744493584,0.90625
2322,2,0.125,0.2792701677087086,0.03586289768371215,0.90625
2323,2,0.140625,0.26540565093783774,0.03538961153403421,0.90625
2324,2,0.109375,0.24980258584405396,0.034846015383915435,0.90625
2325,2,0.15625,0.24044732725964857,0.03451466747687257,0.90625
2326,2,0.1875,0.2351525945336837,0.03432537788377944,0.90625
2327,2,0.140625,0.22569983508031535,0.03398433942197104,0.90625
2328,2,0.109375,0.21406735157228382,0.03355934174620158,0.90625
2329,2,0.125,0.20516061641505545,0.033230080411899,0.90625
2330,2,0.10625,0.1952695547735499,0.032860645630312206,0.90625
2331,2,0.109375,0.18668009929619492,0.032536698302673105,0.90625
2332,2,0.140625,0.18207458936657545,0.03236184095599873,0.90625
2333,2,0.1624999761581421,0.1801171280457321,0.032287281232427634,0.90625
2334,2,0.15625,0.1777304152411589,0.03219617938680824,0.90625
2335,2,0.21875001192092897,0.18183237490913592,0.032352622739934424,0.90625
2336,2,0.4124999761581421,0.20489913503403656,0.033220364710305726,0.90625
2337,2,0.140625,0.19847172153063292,0.032980675947093835,0.90625
2338,2,0.171875,0.19581204937756963,0.032881009070410305,0.90625
2339,2,0.15625,0.19185584443981268,0.03273224153296416,0.90625
2340,2,0.109375,0.1836077599958314,0.032420139551602715,0.90625
2341,2,0.1875,0.18399698399624825,0.032434925697403284,0.90625
2342,2,0.125,0.1780972855966234,0.03221019662407541,0.90625
2343,2,0.1875,0.17903755703696106,0.03224609955563068,0.90625
2344,2,0.203125,0.18144630133326495,0.03233792499799502,0.90625
2345,2,0.078125,0.17111417119993846,0.03194254926028881,0.90625
2346,2,0.203125,0.17431525407994464,0.032065458516946616,0.90625
2347,2,0.25,0.18188372867195018,0.032354577348250736,0.90625
2348,2,0.296875,0.19338285580475517,0.03278973520752106,0.90625
2349,2,0.25,0.19904457022427965,0.03300210574380463,0.90625
2350,2,0.34375,0.21351511320185168,0.03353902263490745,0.90625
2351,2,0.234375,0.2156011018816665,0.03361570748056241,0.90625
2352,2,0.25,0.21904099169349986,0.03374176281746816,0.90625
2353,2,0.125,0.20963689252414985,0.033395968277806595,0.90625
2354,2,0.171875,0.20586070327173486,0.033256079376477655,0.90625
2355,2,0.171875,0.20246213294456136,0.033129680940054494,0.90625
2356,2,0.25,0.20721591965010522,0.03330635078131384,0.90625
2357,2,0.296875,0.2161818276850947,0.03363702343777563,0.90625
2358,2,0.296875,0.2242511449165852,0.0339317275083914,0.90625
2359,2,0.203125,0.2221385304249267,0.033854841197519296,0.90625
2360,2,0.15625,0.21554967738243405,0.03361381922145436,0.90625
2361,2,0.078125,0.20180720964419066,0.03310526948076168,0.90625
2362,2,0.0625,0.1878764886797716,0.032581990101346735,0.90625
2363,2,0.109375,0.18002633981179444,0.03228381965408425,0.90625
2364,2,0.1875,0.180773705830615,0.03231230616682299,0.90625
2365,2,0.140625,0.1767588352475535,0.03215903382344181,0.90625
2366,2,0.046875,0.16377045172279817,0.031659209365561256,0.90625
2367,2,0.15625,0.16301840655051836,0.03163008774219881,0.90625
2368,2,0.109375,0.15765406589546652,0.031421805648183664,0.90625
2369,2,0.1875,0.16063865930591986,0.0315378089650258,0.90625
2370,2,0.39999998807907106,0.18457479218323497,0.032456865404912376,0.90625
2371,2,0.359375,0.20205481296491146,0.03311450062370406,0.90625
2372,2,0.66875,0.24872433166842028,0.03480802996887527,0.90625
2373,2,0.743749988079071,0.2982268973094854,0.03649474745488639,0.90625
2374,2,0.8750000119209289,0.3559042087706297,0.03830435782741783,0.90625
2375,2,1.006249976158142,0.4209387855093809,0.040133999465280894,0.90625
2376,2,0.49374998807907106,0.4282199057663499,0.04032479166738197,0.90625
2377,2,0.34375,0.4197729151897149,0.04010318723250215,0.90625
2378,2,0.537499976158142,0.43154562128655755,0.04041099990177591,0.90625
2379,2,0.203125,0.4087035591579018,0.03980702946700612,0.90625
2380,2,0.078125,0.3756457032421116,0.03888361099322871,0.90625
2381,2,0.078125,0.34589363291790043,0.038002729097696614,0.90625
2382,2,0.109375,0.3222417696261104,0.03726916430187377,0.90625
2383,2,0.0625,0.29626759266349934,0.03643027194340602,0.90625
2384,2,0.28125,0.2947658333971494,0.03638072247630862,0.90625
2385,2,0.1875,0.28403925005743447,0.03602353368024685,0.90625
2386,2,0.15625,0.271260325051691,0.03559060304473091,0.90625
2387,2,0.21875,0.2660092925465219,0.03541041059737531,0.90625
2388,2,0.171875,0.2565958632918697,0.03508409231782464,0.90625
2389,2,0.140625,0.2449987769626827,0.034676372084418434,0.90625
2390,2,0.28125,0.24862389926641443,0.03480448914237731,0.90625
2391,2,0.3125,0.25501150933977296,0.03502875951171506,0.90625
2392,2,0.21875,0.2513853584057957,0.03490167692735129,0.90625
2393,2,0.09375,0.2356218225652161,0.03434220378504337,0.90625
2394,2,0.046875,0.21674714030869452,0.03365775995509731,0.90625
2395,2,0.15625001192092897,0.21069742746991796,0.03343514996559896,0.90625
2396,2,0.140625,0.20369018472292616,0.03317540832884557,0.90625
2397,2,0.046875,0.18800866625063356,0.032586990603582194,0.90625
2398,2,0.2874999761581421,0.1979577972413844,0.032961439343119195,0.90625
2399,2,0.1937499761581421,0.19753701513306018,0.03294568130989232,0.90625
2400,2,0.234375,0.20122081361975416,0.033083397624226504,0.90625
2401,2,0.15625,0.19672373225777876,0.032915204457834156,0.90625
2402,2,0.140625,0.1911138590320009,0.03270427222393825,0.90625
2403,2,0.25000001192092897,0.1970024743208937,0.03292565295161624,0.90625
2404,2,0.1875,0.19605222688880433,0.03289002082915997,0.90625
2405,2,0.109375,0.1873845041999239,0.03256337162226628,0.90625
2406,2,0.0625,0.1748960537799315,0.03208771947880096,0.90625
2407,2,0.15625,0.17303144840193835,0.03201620947293426,0.90625
2408,2,0.140625,0.16979080356174453,0.03189163016876123,0.90625
2409,2,0.15625001192092897,0.16843672439766297,0.03183946526612814,0.90625
2410,2,0.09375,0.16096805195789668,0.03155059320802023,0.90625
2411,2,0.15625,0.16049624676210703,0.03153228057476293,0.90625
2412,2,0.125,0.15694662208589633,0.031394265473829716,0.90625
2413,2,0.140625,0.15531445987730672,0.031330663527589196,0.90625
2414,2,0.140625,0.15384551388957604,0.03127334678452264,0.90625
2415,2,0.109375,0.14939846250061842,0.03109940019045724,0.90625
2416,2,0.09375,0.14383361625055657,0.030880845127718798,0.90625
2417,2,0.125,0.14195025462550093,0.03080665951404145,0.90625
2418,2,0.1875,0.14650522916295083,0.030985891878624907,0.90625
2419,2,0.078125,0.13966720624665577,0.030716585206996147,0.90625
2420,2,0.140625,0.1397629856219902,0.030720367209059588,0.90625
2421,2,0.265625,0.15234918705979117,0.03121488922266248,0.90625
2422,2,0.3625000238418579,0.17336427073799782,0.032028982819769534,0.90625
2423,2,0.203125,0.17634034366419804,0.03214302337440979,0.90625
2424,2,0.18750001192092897,0.17745631048987112,0.03218570327954931,0.90625
2425,2,0.1312499761581421,0.17283567705669822,0.03200869413057529,0.90625
2426,2,0.25,0.1805521093510284,0.03230386198331791,0.90625
2427,2,0.34375001192092897,0.19687189960801843,0.03292075881285484,0.90625
2428,2,0.078125,0.18499720964721658,0.03247289686633854,0.90625
2429,2,0.2874999761581421,0.19524748629830913,0.03285981700796547,0.90625
2430,2,0.171875,0.1929102376684782,0.03277195032086774,0.90625
2431,2,0.506249976158142,0.22424421151744456,0.033931475490197434,0.90625
2432,2,0.325,0.2343197903657001,0.03429549044690982,0.90625
2433,2,0.3499999761581421,0.2458878089449443,0.03470784754260594,0.90625
2434,2,0.06874997615814209,0.22817402566626407,0.034073983169492,0.90625
2435,2,0.1624999761581421,0.2216066207154519,0.03383545261602699,0.90625
2436,2,0.171875,0.2166334586439067,0.03365359102654627,0.90625
2437,2,0.37500001192092897,0.23247011397160894,0.03422899948646475,0.90625
2438,2,0.234375,0.23266060257444804,0.034235854057424374,0.90625
2439,2,0.15625,0.22501954231700325,0.03395964464599293,0.90625
2440,2,0.28125,0.2306425880853029,0.03416315597457199,0.90625
2441,2,0.203125,0.22789082927677262,0.03406373607117463,0.90625
2442,2,0.234375,0.22853924634909537,0.034087193028631065,0.90625
2443,2,0.109375,0.21662282171418581,0.03365320092158925,0.90625
2444,2,0.15625,0.21058553954276724,0.03343101844355414,0.90625
2445,2,0.046875,0.19421448558849053,0.032821008703858935,0.90625
2446,2,0.140625,0.18885553702964147,0.032619013285505094,0.90625
2447,2,0.125,0.18246998332667735,0.03237688417969471,0.90625
2448,2,0.171875,0.1814104849940096,0.0323365611956935,0.90625
2449,2,0.3499999761581421,0.19826943411042286,0.03297310541850113,0.90625
2450,2,0.36874998807907106,0.21531748950728768,0.0336052921133516,0.90625
2451,2,0.40625001192092897,0.2344107417486518,0.0342987559865758,0.90625
2452,2,0.1624999761581421,0.22721966518960085,0.03403943685712711,0.90625
2453,2,0.1375,0.21824769867064076,0.03371273701907152,0.90625
2454,2,0.015625,0.19798542880357667,0.03296247388215698,0.90625
2455,2,0.0625,0.18443688592321902,0.03245163016897767,0.90625
2456,2,0.125,0.17849319733089714,0.03222531791727534,0.90625
2457,2,0.203125,0.18095637759780742,0.032319265708707516,0.90625
2458,2,0.21875,0.18473573983802669,0.03246297443700165,0.90625
2459,2,0.21875,0.18813716585422402,0.032591851321136615,0.90625
2460,2,0.25,0.19432344926880163,0.03282510428382839,0.90625
2461,2,0.265625,0.20145360434192147,0.033092082090926705,0.90625
2462,2,0.34375001192092897,0.2156832450998222,0.03361872347065421,0.90625
2463,2,0.31250001192092897,0.22536492178193288,0.033972184507576296,0.90625
2464,2,0.1875,0.22157842960373958,0.033834424685665214,0.90625
2465,2,0.575,0.2569205866433656,0.03509541859939199,0.90625
2466,2,0.109375,0.24216602797902903,0.03457584034403662,0.90625
2467,2,0.09999997615814209,0.22794942279694036,0.03406585649046586,0.90625
2468,2,0.03125,0.20827948051724632,0.033345750513231215,0.90625
2469,2,0.0625,0.1937015324655217,0.032801722264030324,0.90625
2470,2,0.046875,0.17901887921896953,0.03224538668656531,0.90625
2471,2,0.109375,0.17205449129707256,0.03197869200628429,0.90625
2472,2,0.0625,0.16109904216736531,0.03155567612087411,0.90625
2473,2,0.140625,0.1590516379506288,0.031476162842322616,0.90625
2474,2,0.125,0.15564647415556593,0.03134360855820561,0.90625
2475,2,0.09375,0.14945682674000935,0.031101687225729136,0.90625
2476,2,0.203125,0.1548236440660084,0.031311520279131914,0.90625
2477,2,0.15625,0.15496627965940757,0.03131708429948736,0.90625
2478,2,0.1875,0.1582196516934668,0.031443811419786805,0.90625
2479,2,0.31250001192092897,0.17364768771621303,0.0320398569042696,0.90625
2480,2,0.45,0.20128291894459172,0.03308571473228871,0.90625
2481,2,0.693749976158142,0.25052962466594675,0.034871597642689066,0.90625
2482,2,0.3499999761581421,0.26047665981516627,0.03521912905198789,0.90625
2483,2,0.599999976158142,0.29442899144946383,0.036369593088912786,0.90625
2484,2,0.109375,0.27592359230451746,0.03574951037717224,0.90625
2485,2,0.15625001192092897,0.2639562342661586,0.035339599453184684,0.90625
2486,2,0.1312499761581421,0.250685608455357,0.034877083045562904,0.90625
2487,2,0.140625,0.2396795476098213,0.034487297093051344,0.90625
2488,2,0.3499999761581421,0.25071159046465336,0.0348779966322602,0.90625
2489,2,0.09375,0.235015431418188,0.03432045753922041,0.90625
2490,2,0.125,0.2240138882763692,0.0339231024188572,0.90625
2491,2,0.078125,0.20942499944873227,0.033388134259297535,0.90625
2492,2,0.109375,0.19941999950385905,0.03301614314222285,0.90625
2493,2,0.125,0.19197799955347317,0.032736844149076266,0.90625
2494,2,0.125,0.18528019959812586,0.032483633043611536,0.90625
2495,2,0.171875,0.18393967963831329,0.03243274913248583,0.90625
2496,2,0.125,0.17804571167448197,0.03220822640649204,0.90625
2497,2,0.21875001192092897,0.18211614169912668,0.03236342213764706,0.90625
2498,2,0.4437499761581421,0.20827952514502823,0.03334575216549581,0.90625
2499,2,0.506249976158142,0.2380765702463396,0.03443006728788758,0.90625
2500,2,0.35625,0.24989391322170565,0.03484923025570102,0.90625
2501,2,0.171875,0.24209202189953508,0.03457320904073083,0.90625
2502,2,0.21875001192092897,0.23975782090167447,0.03449008865629125,0.90625
2503,2,0.34375001192092897,0.25015704000359995,0.03485849058919608,0.90625
2504,2,0.18750001192092897,0.24389133719533285,0.03463711355880444,0.90625
2505,2,0.09999997615814209,0.2295022010916138,0.03412199461160606,0.90625
2506,2,0.09375,0.21592698098245242,0.033627670859895625,0.90625
2507,2,0.25,0.21933428288420717,0.03375248725990911,0.90625
2508,2,0.125,0.20990085459578645,0.033405724769385726,0.90625
2509,2,0.109375,0.1998482691362078,0.033032149378419105,0.90625
2510,2,0.09375,0.189238442222587,0.03263348302550366,0.90625
2511,2,0.109375,0.1812520980003283,0.03233052961721444,0.90625
2512,2,0.109375,0.17406438820029546,0.032055839529311646,0.90625
2513,2,0.078125,0.16447044938026592,0.03168629807454365,0.90625
2514,2,0.15625001192092897,0.16364840563433222,0.031654484665430485,0.90625
2515,2,0.140625,0.16134606507089902,0.031565259954907436,0.90625
2516,2,0.09375,0.15458645856380912,0.03130226651701916,0.90625
2517,2,0.03125,0.1422528127074282,0.030818584607068534,0.90625
2518,2,0.0625,0.1342775314366854,0.03050332518556116,0.90625
2519,2,0.03125,0.12397477829301685,0.03009333670840632,0.90625
2520,2,0.078125,0.11938980046371517,0.029909943609041763,0.90625
2521,2,0.2249999761581421,0.12995081803315786,0.030331511790875627,0.90625
2522,2,0.140625,0.13101823622984207,0.030373948645130034,0.90625
2523,2,0.0,0.11791641260685787,0.029850892071852528,0.9375
2524,2,0.109375,0.11706227134617209,0.02981663334137566,0.9375
2525,2,0.125,0.11785604421155488,0.029848471377331237,0.9375
2526,2,0.109375,0.11700793979039939,0.02981445352117745,0.9375
2527,2,0.046875,0.10999464581135945,0.02953244837697134,0.9375
2528,2,0.09375,0.1083701812302235,0.02946695513315339,0.9375
2529,2,0.125,0.11003316310720115,0.029534000495284318,0.9375
2530,2,0.203125,0.11934234679648104,0.029908042609481253,0.9375
2531,2,0.171875,0.12459561211683293,0.030118125835146364,0.9375
2532,2,0.1875,0.13088605090514963,0.030368695169418255,0.9375
2533,2,0.125,0.13029744581463465,0.0303452960552416,0.9375
2534,2,0.125,0.1297677012331712,0.030324228456948307,0.9375
2535,2,0.25,0.14179093110985408,0.030800378777529603,0.9375
2536,2,0.140625,0.1416743379988687,0.03079578203768686,0.9375
2537,2,0.15625,0.14313190419898184,0.030853217420673592,0.9375
2538,2,0.171875,0.14600621377908365,0.03096628768297413,0.9375
2539,2,0.1875,0.1501555924011753,0.0311290603049051,0.9375
2540,2,0.234375,0.15857753316105777,0.03145773032558576,0.9375
2541,2,0.171875,0.15990727984495198,0.03150940986949743,0.9375
2542,2,0.0625,0.1501665518604568,0.031129489500702812,0.9375
2543,2,0.078125,0.14296239667441113,0.030846541322670003,0.9375
2544,2,0.15625,0.14429115700697,0.030898851176134792,0.9375
2545,2,0.140625,0.14392454130627302,0.03088442390523835,0.9375
2546,2,0.28125001192092897,0.15765708836773862,0.03142192327467542,0.9375
2547,2,0.3187499761581421,0.17376637714677895,0.032044409896934904,0.9375
2548,2,0.21875001192092897,0.17826474062419395,0.03221659303695023,0.9375
2549,2,0.2249999761581421,0.18293826417758877,0.03239469290329833,0.9375
2550,2,0.5125,0.2158944377598299,0.03362647636394509,0.9375
2551,2,0.2625,0.2205549939838469,0.03379708413955115,0.9375
2552,2,0.09375,0.2078744945854622,0.03333075324895843,0.9375
2553,2,0.171875,0.20427454512691598,0.03319714594404746,0.9375
2554,2,0.28125,0.21197209061422437,0.03348218084622323,0.9375
2555,2,0.078125,0.19858738155280192,0.03298500374669482,0.9375
2556,2,0.109375,0.18966614339752172,0.03264963891032371,0.9375
2557,2,0.015625,0.17226202905776955,0.03198666480727138,0.9375
2558,2,0.15625,0.1706608261519926,0.031925112946275834,0.9375
2559,2,0.171875,0.17078224353679333,0.03192978355299934,0.9375
2560,2,0.265625,0.18026651918311398,0.03229297656056168,0.9375
2561,2,0.39999998807907106,0.20223986607270966,0.03312139815620451,0.9375
2562,2,0.265625,0.2085783794654387,0.03335681487675892,0.9375
2563,2,0.18750001192092897,0.20647054271098772,0.03327871052282926,0.9375
2564,2,0.171875,0.20301098843988893,0.03315012551175601,0.9375
2565,2,0.15625,0.19833488959590004,0.0329755552430148,0.9375
2566,2,0.1937499761581421,0.19787639825212425,0.03295839154928129,0.9375
2567,2,0.171875,0.19527625842691182,0.032860897333847144,0.9375
2568,2,0.140625,0.18981113258422064,0.03265511409957666,0.9375
2569,2,0.2249999761581421,0.19333001694161278,0.03278774728440479,0.9375
2570,2,0.109375,0.1849345152474515,0.03247051793324161,0.9375
2571,2,0.140625,0.18050356372270634,0.03230201185404181,0.9375
2572,2,0.2874999761581421,0.19120320496624993,0.03270764126987975,0.9375
2573,2,0.3812499761581421,0.21020788208543914,0.033417069402028064,0.9375
2574,2,0.46875001192092897,0.23606209506898812,0.034357982439057765,0.9375
2575,2,0.4124999761581421,0.2537058831779035,0.034983072924946866,0.9375
2576,2,0.4437499761581421,0.2727102924759273,0.035640125585569865,0.9375
2577,2,0.3499999761581421,0.2804392608441488,0.03590237935615441,0.9375
2578,2,0.41875,0.2942703347597339,0.03636434904145796,0.9375
2579,2,0.1937499761581421,0.28421829889957473,0.03602954274379915,0.9375
2580,2,0.012499999999999997,0.25704646900961725,0.035099808018497596,0.9375
2581,2,0.125,0.24384182210865551,0.034635356951786586,0.9375
2582,2,0.109375,0.23039513989778995,0.03415422939111432,0.9375
2583,2,0.0625,0.21360562590801097,0.03354235384428807,0.9375
2584,2,0.09375,0.20162006331720986,0.03309829065506946,0.9375
2585,2,0.171875,0.19864555698548886,0.032987180370165445,0.9375
2586,2,0.1875,0.19753100128693996,0.03294545604407089,0.9375
2587,2,0.109375,0.18871540115824595,0.03261371623379219,0.9375
2588,2,0.140625,0.18390636104242136,0.03243148355083972,0.9375
2589,2,0.125,0.17801572493817924,0.03220708081375068,0.9375
2590,2,0.15625,0.17583915244436132,0.03212384064446132,0.9375
2591,2,0.0625,0.1645052371999252,0.03168764386319175,0.9375
2592,2,0.140625,0.16211721347993271,0.03159516512651557,0.9375
2593,2,0.078125,0.15371799213193946,0.03126836768604501,0.9375
2594,2,0.28125001192092897,0.16647119411083838,0.031763630086817166,0.9375
2595,2,0.34375001192092897,0.18419907589184745,0.03244260067329461,0.9375
2596,2,0.25000001192092897,0.1907791694947556,0.03269164904248761,0.9375
2597,2,0.15625,0.18732625254528004,0.032561166556031876,0.9375
2598,2,0.1875,0.18734362729075202,0.032561824275616706,0.9375
2599,2,0.140625,0.18267176456167683,0.03238455892819523,0.9375
2600,2,0.09375,0.17377958810550914,0.0320449166452849,0.9375
2601,2,0.0625,0.16265162929495824,0.031615877909180384,0.9375
2602,2,0.046875,0.15107396636546244,0.031165012429782476,0.9375
2603,2,0.125,0.1484665697289162,0.031062868772142795,0.9375
2604,2,0.1875,0.15236991275602457,0.0312156994179234,0.9375
2605,2,0.1875,0.1558829214804221,0.031352825277024,0.9375
2606,2,0.15625,0.1559196293323799,0.03135425598395996,0.9375
2607,2,0.2562499761581421,0.16595266401495615,0.031743601390675495,0.9375
2608,2,0.35625,0.18498239761346053,0.03247233483851757,0.9375
2609,2,0.3499999761581421,0.2014841554679287,0.03309322166622774,0.9375
2610,2,0.21875001192092897,0.20321074111322873,0.03315756316692488,0.9375
2611,2,0.203125,0.20320216700190585,0.03315724394889215,0.9375
2612,2,0.15625,0.19850695030171528,0.03298199420369213,0.9375
2613,2,0.1875,0.19740625527154373,0.032940783001370044,0.9375
2614,2,0.234375,0.20110312974438938,0.03307900649228951,0.9375
2615,2,0.203125,0.20130531676995045,0.033086550342085685,0.9375
2616,2,0.15625,0.1967997850929554,0.032918055561849895,0.9375
2617,2,0.140625,0.19118230658365987,0.032706853263847015,0.9375
2618,2,0.203125,0.1923765759252939,0.032751857856729634,0.9375
2619,2,0.234375,0.1965764183327645,0.03290968123408389,0.9375
2620,2,0.109375,0.18785627649948805,0.032581225381288756,0.9375
2621,2,0.1875,0.18782064884953925,0.032579877384829904,0.9375
2622,2,0.0625,0.17528858396458533,0.03210275750814822,0.9375
2623,2,0.09999997615814209,0.167759723183941,0.03181336009865913,0.9375
2624,2,0.25,0.1759837508655469,0.032129375982405825,0.9375
2625,2,0.18750001192092897,0.1771353769710851,0.03217343391029933,0.9375
2626,2,0.35625,0.1950468392739766,0.0328522822777715,0.9375
2627,2,0.3875,0.21429215534657892,0.03356760953259719,0.9375
2628,2,0.1875,0.21161293981192103,0.03346893620539521,0.9375
2629,2,0.2562499761581421,0.21607664344654315,0.033633163630913045,0.9375
2630,2,0.25000001192092897,0.21946898029398174,0.033757411355936955,0.9375
2631,2,0.203125,0.21783458226458358,0.033697610901862594,0.9375
2632,2,0.4437499761581421,0.24042612165393942,0.0345139118811448,0.9375
2633,2,0.171875,0.23357100948854548,0.03426859206078159,0.9375
2634,2,0.140625,0.22427640853969094,0.03393264578389716,0.9375
2635,2,0.203125,0.22216126768572186,0.03385566971973274,0.9375
2636,2,0.328125,0.23275764091714968,0.03423934528189755,0.9375
2637,2,0.140625,0.2235443768254347,0.03390602689779867,0.9375
2638,2,0.0625,0.20743993914289124,0.033314653474579695,0.9375
2639,2,0.078125,0.1945084452286021,0.032832056596305115,0.9375
2640,2,0.125,0.1875576007057419,0.03256992327702168,0.9375
2641,2,0.2562499761581421,0.19442683825098192,0.032828989899093386,0.9375
2642,2,0.1624999761581421,0.1912341520416979,0.03270880814642515,0.9375
2643,2,0.2874999761581421,0.20086073445334232,0.0330699602562633,0.9375
2644,2,0.21875,0.2026496610080081,0.03313666762898353,0.9375
2645,2,0.109375,0.19332219490720728,0.032787452991684465,0.9375
2646,2,0.4437499761581421,0.21836497303230076,0.03371702965792444,0.9375
2647,2,0.21875,0.2184034757290707,0.033718438859473204,0.9375
2648,2,0.078125,0.20437562815616364,0.03320090472310649,0.9375
2649,2,0.3812499761581421,0.22206306295636147,0.03385209108178029,0.9375
2650,2,0.2562499761581421,0.22548175427653955,0.03397642522998448,0.9375
2651,2,0.21875001192092897,0.2248085800409785,0.033951982589026,0.9375
2652,2,0.31250001192092897,0.23357772322897355,0.03426883334856857,0.9375
2653,2,0.5937500119209289,0.2695949520981691,0.03553359826962704,0.9375
2654,2,0.28125001192092897,0.2707604580804451,0.03557350692560331,0.9375
2655,2,0.631249976158142,0.30680940988821476,0.03677489051485486,0.9375
2656,2,0.587499988079071,0.3348784677073004,0.03766473078896218,0.9375
2657,2,0.359375,0.3373281209365704,0.0377404484392333,0.9375
2658,2,0.234375,0.32703280884291336,0.037420115738890564,0.9375
2659,2,0.1875,0.31307952795862204,0.036977186395946264,0.9375
2660,2,0.125,0.29427157516275987,0.03636439004513869,0.9375
2661,2,0.140625,0.27890691764648384,0.03585061666408262,0.9375
2662,2,0.1937499761581421,0.27039122349764966,0.035560870869090065,0.9375
2663,2,0.0625,0.2496021011478847,0.03483895664573157,0.9375
2664,2,0.15625,0.24026689103309623,0.03450823754454378,0.9375
2665,2,0.09375,0.2256152019297866,0.03398126831495202,0.9375
2666,2,0.1875,0.22180368173680792,0.03384263708355136,0.9375
2667,2,0.09375,0.20899831356312712,0.03337235338188349,0.9375
2668,2,0.171875,0.2052859822068144,0.0332347375625092,0.9375
2669,2,0.203125,0.20506988398613296,0.03322670943894647,0.9375
2670,2,0.09375,0.19393789558751967,0.032810610522068115,0.9375
2671,2,0.15625,0.19016910602876771,0.03266862868785852,0.9375
2672,2,0.15625,0.18677719542589094,0.03254037611282021,0.9375
2673,2,0.0,0.16809947588330185,0.03182646297380453,0.9375
2674,2,0.125,0.16378952829497168,0.0316599478196865,0.9375
2675,2,0.1624999761581421,0.16366057308128873,0.031654955719783724,0.9375
2676,2,0.125,0.15979451577315984,0.0315050296912966,0.9375
2677,2,0.09375,0.15319006419584386,0.031247749050105064,0.9375
2678,2,0.046875,0.14255855777625948,0.030830632469502434,0.9375
2679,2,0.171875,0.14549020199863352,0.030946007585341807,0.9375
2680,2,0.28125001192092897,0.15906618299086306,0.031476728213518344,0.9375
2681,2,0.1624999761581421,0.15940956230759096,0.03149007343306677,0.9375
2682,2,0.109375,0.15440610607683186,0.031295228853103436,0.9375
2683,2,0.125,0.15146549546914867,0.03118033160880175,0.9375
2684,2,0.078125,0.14413144592223381,0.030892566644904265,0.9375
2685,2,0.10625,0.14034330133001044,0.030743275990563902,0.9375
2686,2,0.15625,0.1419339711970094,0.03080601763601888,0.9375
2687,2,0.2874999761581421,0.15649057169312267,0.03137650301534272,0.9375
2688,2,0.18750001192092897,0.1595915157159033,0.03149714333033218,0.9375
2689,2,0.21875,0.16550736414431297,0.03172639382289184,0.9375
2690,2,0.15625,0.16458162772988166,0.03169059893231957,0.9375
2691,2,0.234375,0.1715609649568935,0.03195972644434546,0.9375
2692,2,0.390625,0.19346736846120416,0.03279291454692505,0.9375
2693,2,0.421875,0.21630813161508375,0.03364165762826198,0.9375
2694,2,0.3125,0.2259273184535754,0.03399259263203105,0.9375
2695,2,0.390625,0.24239708660821785,0.034584054087073574,0.9375
2696,2,0.1875,0.23690737794739605,0.034388251711813256,0.9375
2697,2,0.21875001192092897,0.23509164134474936,0.03432319146154338,0.9375
2698,2,0.21875,0.23345747721027443,0.034264511475945655,0.9375
2699,2,0.18750001192092897,0.2288617306813399,0.03409885227596917,0.9375
2700,2,0.25,0.2309755576132059,0.03417516344378885,0.9375
2701,2,0.25,0.2328780018518853,0.03424367502169097,0.9375
2702,2,0.25,0.23459020166669678,0.034305198277187074,0.9375
2703,2,0.25,0.2361311815000271,0.034360457598621656,0.9375
2704,2,0.25000001192092897,0.2375180645421173,0.034410100263406414,0.9375
2705,2,0.171875,0.23095375808790555,0.03417437746395761,0.9375
2706,2,0.09375,0.21723338227911498,0.03367558522089933,0.9375
2707,2,0.0625,0.20176004405120349,0.03310351077371406,0.9375
2708,2,0.109375,0.19252153964608312,0.032757316865458644,0.9375
2709,2,0.15625,0.18889438568147482,0.032620481607721706,0.9375
2710,2,0.171875,0.18719244711332733,0.03255610097628097,0.9375
2711,2,0.21875,0.1903482024019946,0.032675388265924,0.9375
2712,2,0.18750001192092897,0.19006338335388803,0.032664637849068374,0.9375
2713,2,0.25000001192092897,0.1960570462105921,0.032890201632810395,0.9375
2714,2,0.1312499761581421,0.1895763392053471,0.032646247251657955,0.9375
2715,2,0.5125,0.2218687052848124,0.03384500735143459,0.9375
2716,2,0.5125,0.25093183475633113,0.03488573966792612,0.9375
2717,2,0.587499988079071,0.2845886500886051,0.0360419670901432,0.9375
2718,2,0.3499999761581421,0.2911297826955588,0.03626028587693878,0.9375
2719,2,0.28125001192092897,0.29014180561809577,0.03622744714675071,0.9375
2720,2,0.203125,0.28144012505628624,0.03593612647773297,0.9375
2721,2,0.35625,0.28892111255065767,0.03618680620266256,0.9375
2722,2,0.171875,0.27721650129559194,0.035793380990221814,0.9375
2723,2,0.140625,0.26355735116603274,0.035325818438379696,0.9375
2724,2,0.078125,0.24501411604942946,0.03467691545885061,0.9375
2725,2,0.078125,0.22832520444448653,0.034079451942810444,0.9375
2726,2,0.09375,0.2148676840000379,0.033588766527342266,0.9375
2727,2,0.09375,0.2027559156000341,0.03314062570057579,0.9375
2728,2,0.046875,0.18716782404003068,0.03255516872640061,0.9375
2729,2,0.109375,0.1793885416360276,0.03225949305598629,0.9375
2730,2,0.15625,0.17707468747242486,0.032171113311816046,0.9375
2731,2,0.15625,0.17499221872518236,0.032091404122738885,0.9375
2732,2,0.1875,0.17624299685266412,0.03213929821162453,0.9375
2733,2,0.140625,0.17268119716739772,0.03200276292915108,0.9375
2734,2,0.0625,0.16166307745065794,0.03157755615881068,0.9375
2735,2,0.1624999761581421,0.16174676732140636,0.03158080173235878,0.9375
2736,2,0.015625,0.14713459058926573,0.03101060568289876,0.9375
2737,2,0.1624999761581421,0.14867112914615338,0.031070890132846363,0.9375
2738,2,0.109375,0.14474151623153803,0.030916568276007136,0.9375
2739,2,0.078125,0.13807986460838423,0.03065386639611934,0.9375
2740,2,0.45,0.1692718781475458,0.03187164659291415,0.9375
2741,2,0.568749976158142,0.2092196879486054,0.03338054180075963,0.9375
2742,2,0.39999998807907106,0.228297717961652,0.034078457715351694,0.9375
2743,2,0.5000000119209289,0.25546794735757966,0.03504471244320278,0.9375
2744,2,0.265625,0.2564836526218217,0.03508017728339043,0.9375
2745,2,0.171875,0.24802278735963953,0.03478328673544775,0.9375
2746,2,0.265625,0.24978300862367558,0.034845326183838225,0.9375
2747,2,0.28125,0.252929707761308,0.03495587524790109,0.9375
2748,2,0.18750001192092897,0.2463867381772701,0.03472549587518161,0.9375
2749,2,0.109375,0.2326855643595431,0.034236752166983624,0.9375
2750,2,0.15625,0.2250420079235888,0.03396046047320044,0.9375
2751,2,0.0625,0.20878780713122994,0.033364565080599054,0.9375
2752,2,0.09375,0.19728402641810694,0.03293620365401612,0.9375
2753,2,0.09375,0.18693062377629624,0.032546186944624814,0.9375
2754,2,0.046875,0.17292506139866662,0.03201212562020542,0.9375
2755,2,0.125,0.16813255525879994,0.03182773849400436,0.9375
2756,2,0.2625,0.17756929973291996,0.032190021989262844,0.9375
2757,2,0.03125,0.16293736975962797,0.031626948578183066,0.9375
2758,2,0.046875,0.1513311327836652,0.031175075018264477,0.9375
2759,2,0.1624999761581421,0.1524480171211129,0.031218752497249702,0.9375
2760,2,0.109375,0.1481407154090016,0.03105008835187159,0.9375
2761,2,0.140625,0.14738914386810145,0.0310205979601451,0.9375
2762,2,0.203125,0.1529627294812913,0.031238867520906807,0.9375
2763,2,0.2874999761581421,0.16641645414897638,0.03176151614771252,0.9375
2764,2,0.09375,0.15914980873407875,0.03147997863987297,0.9375
2765,2,0.078125,0.15104732786067088,0.03116396997798547,0.9375
2766,2,0.325,0.1684425950746038,0.031839691569048235,0.9375
2767,2,0.09375,0.1609733355671434,0.03155079824319197,0.9375
2768,2,0.234375,0.16831350201042908,0.031834715008631144,0.9375
2769,2,0.15625,0.16710715180938618,0.03178818174392908,0.9375
2770,2,0.203125,0.17070893662844755,0.031926963692134734,0.9375
2771,2,0.25000001192092897,0.17863804415769569,0.03223084869837559,0.9375
2772,2,0.265625,0.1873367397419261,0.03256156354939123,0.9375
2773,2,0.29375,0.1979780657677335,0.03296219820950366,0.9375
2774,2,0.125,0.19068025919096016,0.03268791770251221,0.9375
2775,2,0.25000001192092897,0.19661223446395704,0.0329110241630747,0.9375
2776,2,0.140625,0.19101351101756134,0.03270048794417659,0.9375
2777,2,0.234375,0.19534965991580522,0.0328636532398538,0.9375
2778,2,0.21875,0.1976896939242247,0.032951399850234195,0.9375
2779,2,0.31250001192092897,0.20917072572389514,0.03337873091102809,0.9375
2780,2,0.140625,0.20231615315150564,0.033124241222036395,0.9375
2781,2,0.125,0.1945845378363551,0.03283491583434225,0.9375
2782,2,0.125,0.18762608405271958,0.032572515036774156,0.9375
2783,2,0.078125,0.17667597564744764,0.03215586432816746,0.9375
2784,2,0.140625,0.17307087808270288,0.03201772294754419,0.9375
2785,2,0.0625,0.1620137902744326,0.03159115554511532,0.9375
2786,2,0.0625,0.15206241124698935,0.031203677343948688,0.9375
2787,2,0.078125,0.14466867012229043,0.030913702941464557,0.9375
2788,2,0.171875,0.14738930311006138,0.031020604210417104,0.9375
2789,2,0.125,0.14515037279905524,0.030932647214596917,0.9375
2790,2,0.109375,0.1415728355191497,0.030791779916035433,0.9375
2791,2,0.125,0.1399155519672347,0.03072639096499574,0.9375
2792,2,0.109375,0.13686149677051124,0.03060567544467846,0.9375
2793,2,0.234375,0.14661284709346012,0.030990118707660486,0.9375
2794,2,0.21875001192092897,0.15382656357620703,0.031272606901422355,0.9375
2795,2,0.109375,0.1493814072185863,0.03109873184922074,0.9375
2796,2,0.078125,0.1422557664967277,0.03081870101460434,0.9375
2797,2,0.2249999761581421,0.15053018746286911,0.031143728065112414,0.9375
2798,2,0.09999997615814209,0.14547716633239643,0.030945495155004818,0.9375
2799,2,0.2249999761581421,0.153429447314971,0.03125709946934915,0.9375
2800,2,0.3499999761581421,0.17308650019928812,0.0320183225736993,0.9375
2801,2,0.23125,0.1789028501793593,0.03224095796291741,0.9375
2802,2,0.15625,0.17663756516142337,0.03215439498849371,0.9375
2803,2,0.15625,0.17459880864528105,0.03207632815501042,0.9375
2804,2,0.09999997615814209,0.16713892539656716,0.03178940801854822,0.9375
2805,2,0.125,0.16292503285691046,0.031626470657494375,0.9375
2806,2,0.2,0.1666325295712194,0.03176985990673825,0.9375
2807,2,0.078125,0.15778177661409748,0.031426775540493786,0.9375
2808,2,0.3812499761581421,0.18012859656850194,0.03228771848312028,0.9375
2809,2,0.21875,0.18399073691165177,0.03243468842328325,0.9375
2810,2,0.41875,0.2074666632204866,0.0333156437946079,0.9375
2811,2,0.21875,0.20859499689843794,0.0333574298973767,0.9375
2812,2,0.203125,0.20804799720859413,0.03333717914996868,0.9375
2813,2,0.31250001192092897,0.2184931986798276,0.0337217224813564,0.9375
2814,2,0.21875,0.21851887881184487,0.03372266224298036,0.9375
2815,2,0.1937499761581421,0.2160419885464746,0.03363189184352388,0.9375
2816,2,0.21875,0.21631278969182716,0.033641828523867434,0.9375
2817,2,0.203125,0.21499401072264446,0.0335934085561427,0.9375
2818,2,0.171875,0.21068210965038,0.033434584377562575,0.9375
2819,2,0.203125,0.20992639868534202,0.033406668769701955,0.9375
2820,2,0.171875,0.20612125881680782,0.03326575045612924,0.9375
2821,2,0.37500001192092897,0.22300913412721995,0.03388654920159289,0.9375
2822,2,0.078125,0.20852072071449795,0.03335468080538992,0.9375
2823,2,0.1875,0.20641864864304815,0.033276785325944976,0.9375
2824,2,0.18750001192092897,0.20452678497083623,0.033206524724011914,0.9375
2825,2,0.21875,0.2059491064737526,0.03325936096260362,0.9375
2826,2,0.25,0.21035419582637735,0.03342247430417298,0.9375
2827,2,0.140625,0.2033812762437396,0.03316391164821426,0.9375
2828,2,0.25,0.20804314861936565,0.033336999592829396,0.9375
2829,2,0.171875,0.20442633375742908,0.03320279005775507,0.9375
2830,2,0.0625,0.1902337003816862,0.03267106679496975,0.9375
2831,2,0.0,0.17121033034351757,0.031946246741771475,0.9375
2832,2,0.0625,0.16033929730916582,0.0315261870739685,0.9375
2833,2,0.03125,0.14743036757824923,0.031022215970590447,0.9375
2834,2,0.046875,0.13737483082042432,0.03062598507546417,0.9375
2835,2,0.3187499761581421,0.15551234535419609,0.031338379396727255,0.9375
2836,2,0.125,0.1524611108187765,0.031219264307138422,0.9375
2837,2,0.2874999761581421,0.16596499735271306,0.03174407788558408,0.9375
2838,2,0.2562499761581421,0.17499349523325597,0.03209145303100885,0.9375
2839,2,0.23125,0.18061914570993037,0.032306416671645174,0.9375
2840,2,0.125,0.17505723113893734,0.03209389494040819,0.9375
2841,2,0.09375,0.1669265080250436,0.03178120928041348,0.9375
2842,2,0.2874999761581421,0.17898385483835347,0.03224404988988327,0.9375
2843,2,0.0625,0.16733546935451812,0.03179699268162976,0.9375
2844,2,0.09375,0.1599769224190663,0.0315121148333782,0.9375
2845,2,0.15625,0.1596042301771597,0.031497637315902736,0.9375
2846,2,0.046875,0.14833130715944373,0.03105756401065793,0.9375
2847,2,0.140625,0.14756067644349938,0.031027330177489983,0.9375
2848,2,0.1875,0.15155460879914942,0.031183817615051502,0.9375
2849,2,0.234375,0.1598366479192345,0.03150666631153772,0.9375
2850,2,0.265625,0.17041548312731103,0.031915673649056925,0.9375
2851,2,0.359375,0.1893114348145799,0.03263624072885644,0.9375
2852,2,0.375,0.2078802913331219,0.03333096795924026,0.9375
2853,2,0.328125,0.21990476219980973,0.03377333680767258,0.9375
2854,2,0.6437500238418579,0.26228928836401455,0.03528195787084621,0.9375
2855,2,0.39999998807907106,0.2760603583355202,0.03575415493418038,0.9375
2856,2,0.25,0.27345432250196816,0.03566549787754048,0.9375
2857,2,0.25,0.2711088902517713,0.035585425045173306,0.9375
2858,2,0.171875,0.2611855012265942,0.03524371724313111,0.9375
2859,2,0.21875,0.25694195110393475,0.03509616361374212,0.9375
2860,2,0.40625001192092897,0.27187275718563414,0.035611532598221564,0.9375
2861,2,0.15625,0.2603104814670707,0.035213361241596644,0.9375
2862,2,0.21875001192092897,0.2561544345124565,0.035068687444229245,0.9375
2863,2,0.4437499761581421,0.27491398867702505,0.035715196210983804,0.9375
2864,2,0.25000001192092897,0.2724225910014154,0.035630307443726125,0.9375
2865,2,0.203125,0.2654928319012739,0.035392616515077295,0.9375
2866,2,0.45,0.28394354871114647,0.03602032119586848,0.9375
2867,2,0.203125,0.27586169384003184,0.035747408013882924,0.9375
2868,2,0.15625,0.26390052445602863,0.0353376751896291,0.9375
2869,2,0.140625,0.2515729720104258,0.03490826706188246,0.9375
2870,2,0.203125,0.2467281748093832,0.034737566736281124,0.9375
2871,2,0.125,0.2345553573284449,0.034303947539844906,0.9375
2872,2,0.0625,0.21734982159560043,0.033679852311940685,0.9375
2873,2,0.109375,0.20655233943604037,0.033281744842299725,0.9375
2874,2,0.21875,0.20777210549243635,0.033326960551212516,0.9375
2875,2,0.21875,0.20886989494319272,0.033367602376934584,0.9375
2876,2,0.25,0.21298290544887344,0.03351942843918028,0.9375
2877,2,0.575,0.24918461490398608,0.034824251680051196,0.9375
2878,2,0.234375,0.24770365341358747,0.03477202348912841,0.9375
2879,2,0.66875,0.2898082880722287,0.03621635059632017,0.9375
2880,2,0.41875,0.30270245926500583,0.0366413003525134,0.9375
2881,2,0.2874999761581421,0.30118221095431946,0.03659163310351485,0.9375
2882,2,0.1937499761581421,0.2904389874747017,0.03623733009639805,0.9375
2883,2,0.18750001192092897,0.28014508991932446,0.03589245115951784,0.9375
2884,2,0.09375,0.26150558092739207,0.03525481232696677,0.9375
2885,2,0.25000001192092897,0.26035502402674576,0.03521490737756836,0.9375
2886,2,0.1937499761581421,0.2536945192398854,0.0349826749278456,0.9375
2887,2,0.2249999761581421,0.2508250649317111,0.03488198628684565,0.9375
2888,2,0.171875,0.24293005843854,0.03460299108337666,0.9375
2889,2,0.1937499761581421,0.2380120502105002,0.0344277613608447,0.9375
2890,2,0.125,0.22671084518945017,0.03402100213584416,0.9375
2891,2,0.125,0.21653976067050518,0.03365015452784192,0.9375
2892,2,0.21875,0.21676078460345466,0.0336582602812537,0.9375
2893,2,0.2562499761581421,0.2207097037589234,0.03380273168185415,0.9375
2894,2,0.140625,0.21270123338303107,0.033509053373720045,0.9375
2895,2,0.1937499761581421,0.21080610766054217,0.033439162542514105,0.9375
2896,2,0.537499976158142,0.24347549451030215,0.03462235757069042,0.9375
2897,2,0.34375,0.25350294505927196,0.034975964554665624,0.9375
2898,2,0.506249976158142,0.27877764816915895,0.03584624467083076,0.9375
2899,2,0.5625000119209289,0.30714988454433595,0.03678592693157085,0.9375
2900,2,0.37500001192092897,0.31393489728199525,0.03700462767089718,0.9375
2901,2,0.21875001192092897,0.30441640874588866,0.036697155517401873,0.9375
2902,2,0.09375,0.28334976787129984,0.03600037918022182,0.9375
2903,2,0.075,0.26251479108416986,0.03528976328764607,0.9375
2904,2,0.0625,0.24251331197575288,0.03458818478554147,0.9375
2905,2,0.09375,0.2276369807781776,0.03405454790740318,0.9375
2906,2,0.125,0.21737328270035983,0.033680712009248125,0.9375
2907,2,0.15625,0.21126095443032386,0.03345595059572492,0.9375
2908,2,0.28125,0.21825985898729147,0.033713182155030455,0.9375
2909,2,0.328125,0.22924637308856233,0.03411275285083855,0.9375
2910,2,0.375,0.24382173577970612,0.03463464433334335,0.9375
2911,2,0.15625,0.23506456220173552,0.03432222006560461,0.9375
2912,2,0.140625,0.22562060598156197,0.03398146442260785,0.9375
2913,2,0.2625,0.22930854538340578,0.03411499908306357,0.9375
2914,2,0.0625,0.21262769084506522,0.033506343973161816,0.9375
2915,2,0.3187499761581421,0.2232399193763729,0.03389494908569631,0.9375
2916,2,0.29375,0.23029092743873558,0.03415046916589759,0.9375
2917,2,0.3875,0.24601183469486204,0.03471223569839953,0.9375
2918,2,0.40625001192092897,0.26203565241746873,0.03527317578354488,0.9375
2919,2,0.5125,0.28708208717572187,0.03612543911498254,0.9375
2920,2,0.3187499761581421,0.2902488760739639,0.03623100834182104,0.9375
2921,2,0.2562499761581421,0.28684898608238174,0.03611764870160102,0.9375
2922,2,0.1624999761581421,0.2744140850899578,0.03569818726783959,0.9375
2923,2,0.140625,0.26103517658096204,0.03523850478974921,0.9375
2924,2,0.203125,0.25524415892286584,0.03503689204772108,0.9375
2925,2,0.21875,0.25159474303057927,0.034909031687204266,0.9375
2926,2,0.140625,0.24049776872752135,0.034516464719828555,0.9375
2927,2,0.015625,0.2180104918547692,0.033704052658528216,0.9375
2928,2,0.0625,0.20245944266929228,0.03312958069876538,0.9375
2929,2,0.09999997615814209,0.19221349601817728,0.03274571565534167,0.9375
2930,2,0.0625,0.17924214641635955,0.0322539071970595,0.9375
2931,2,0.109375,0.17225543177472358,0.031986411388790936,0.9375
2932,2,0.140625,0.16909238859725123,0.03186473232076897,0.9375
2933,2,0.171875,0.1693706497375261,0.03187545097380414,0.9375
2934,2,0.2249999761581421,0.1749335823795877,0.03208915745975174,0.9375
2935,2,0.1937499761581421,0.17681522175744313,0.03216119054276225,0.9375
2936,2,0.125,0.17163369958169883,0.031962522085709925,0.9375
2937,2,0.078125,0.16228282962352894,0.031601585086621524,0.9375
2938,2,0.125,0.15855454666117602,0.03145683645187707,0.9375
2939,2,0.046875,0.14738659199505844,0.031020497798617232,0.9375
2940,2,0.078125,0.1404604327955526,0.030747898687114264,0.9375
2941,2,0.1312499761581421,0.13953938713181155,0.030711537634415944,0.9375
2942,2,0.0625,0.1318354484186304,0.030406416258105463,0.9375
2943,2,0.16875,0.13552690357676736,0.03055283697666039,0.9375
2944,2,0.140625,0.13603671321909064,0.030573027265150085,0.9375
2945,2,0.09375,0.13180804189718157,0.03040532771392279,0.9375
2946,2,0.203125,0.13893973770746343,0.030687850945348306,0.9375
2947,2,0.3187499761581421,0.1569207615525313,0.031393258430510794,0.9375
2948,2,0.203125,0.1615411853972782,0.03157282864180945,0.9375
2949,2,0.2874999761581421,0.17413706447336458,0.03205862640014266,0.9375
2950,2,0.29375,0.18609835802602812,0.032514655577947714,0.9375
2951,2,0.2249999761581421,0.1899885198392395,0.03266181162668936,0.9375
2952,2,0.3499999761581421,0.20598966547112976,0.03326086643287815,0.9375
2953,2,0.18750001192092897,0.20414070011610969,0.033192168269583565,0.9375
2954,2,0.25000001192092897,0.2087266312965916,0.03336230135862751,0.9375
2955,2,0.631249976158142,0.25097896578274664,0.034887396341642805,0.9375
2956,2,0.3812499761581421,0.26400606682028616,0.0353413205861717,0.9375
2957,2,0.125,0.2501054601382575,0.034856675569194785,0.9375
2958,2,0.31250001192092897,0.25634491531652465,0.035075335917313266,0.9375
2959,2,0.30624998807907106,0.2613354225927793,0.03524891464714552,0.9375
2960,2,0.3125,0.26645188033350137,0.03542564932614142,0.9375
2961,2,0.375,0.2773066923001512,0.03579643828443997,0.9375
2962,2,0.234375,0.2730135230701361,0.0356504693395904,0.9375
2963,2,0.3125,0.27696217076312246,0.03578475755792486,0.9375
2964,2,0.25,0.2742659536868102,0.03569314484798013,0.9375
2965,2,0.265625,0.2734018583181292,0.03566370966652279,0.9375
2966,2,0.15625,0.2616866724863163,0.03526108744476174,0.9375
2967,2,0.125,0.24801800523768464,0.03478311799382672,0.9375
2968,2,0.078125,0.23102870471391618,0.03417707956965201,0.9375
2969,2,0.1312499761581421,0.22105083185833876,0.03381518063494596,0.9375
2970,2,0.18750001192092897,0.21769574986459778,0.03369252597286981,0.9375
2971,2,0.109375,0.206863674878138,0.03329329158943269,0.9375
2972,2,0.1875,0.2049273073903242,0.033221411626989515,0.9375
2973,2,0.2562499761581421,0.210059574267106,0.03341158993186841,0.9375
2974,2,0.48125,0.23717861684039537,0.0343979578973948,0.9375
2975,2,0.21875,0.23533575515635585,0.03433194695235195,0.9375
2976,2,0.265625,0.23836467964072025,0.034440361949583255,0.9375
2977,2,0.171875,0.23171571167664823,0.034201837183313585,0.9375
2978,2,0.25,0.2335441405089834,0.03426762638580258,0.9375
2979,2,0.3125,0.24143972645808506,0.03455000577914408,0.9375
2980,2,0.484375,0.2657332538122765,0.03540090157259241,0.9375
2981,2,0.4375,0.2829099284310489,0.035985596053844174,0.9375
2982,2,0.53125,0.307743935587944,0.036805168838286655,0.9375
2983,2,0.5,0.3269695420291496,0.03741813015049662,0.9375
2984,2,0.515625,0.3458350878262346,0.03800094951357508,0.9375
2985,2,0.28125,0.3393765790436112,0.037803523956102814,0.9375
2986,2,0.234375,0.3288764211392501,0.037477884930226905,0.9375
2987,2,0.015625,0.29755127902532513,0.03647253646405658,0.9375
2988,2,0.0625,0.2740461511227926,0.035685660766170905,0.9375
2989,2,0.078125,0.25445403601051336,0.03500926209138765,0.9375
2990,2,0.075,0.23650863240946204,0.034373976763307966,0.9375
2991,2,0.2562499761581421,0.23848276678433006,0.03444458033517572,0.9375
2992,2,0.3812499761581421,0.25275948772171125,0.03494990687991172,0.9375
2993,2,0.15625,0.24310853894954013,0.03460932977917474,0.9375
2994,2,0.1624999761581421,0.23504768267040033,0.03432161453845997,0.9375
2995,2,0.125,0.22404291440336027,0.033924157748510535,0.9375
2996,2,0.0,0.20163862296302426,0.033098982821077684,0.9375
2997,2,0.09375,0.19084976066672182,0.03269431182644452,0.9375
2998,2,0.140625,0.18582728460004966,0.032504379959085984,0.9375
2999,3,0.0,0.1672445561400447,0.031793484493834526,0.71875
3000,3,0.0,0.15052010052604023,0.03114333315680707,0.796875
3001,3,0.0,0.13546809047343622,0.03055050727618283,0.8125
3002,3,0.015625,0.12348378142609259,0.030073724405511343,0.8125
3003,3,0.015625,0.11269790328348334,0.02964129224498745,0.8125
3004,3,0.046875,0.106115612955135,0.029375953247814758,0.8125
3005,3,0.171875,0.1126915516596215,0.02964103671509773,0.8125
3006,3,0.140625,0.11548489649365934,0.02975331713337779,0.8125
3007,3,0.234375,0.1273739068442934,0.030228930415305194,0.8125
3008,3,0.171875,0.13182401615986405,0.030405962189275354,0.8125
3009,3,0.171875,0.13582911454387764,0.030564806535347253,0.8125
3010,3,0.171875,0.13943370308948988,0.03070736380401053,0.8125
3011,3,0.171875,0.1426778327805409,0.03083533171635688,0.8125
3012,3,0.140625,0.1424725495024868,0.03082724360888327,0.8125
3013,3,0.125,0.14072529455223814,0.030758350159370902,0.8125
3014,3,0.1875,0.14540276509701433,0.03094257035081063,0.8125
3015,3,0.140625,0.1449249885873129,0.03092378426219962,0.8125
3016,3,0.015625,0.13199498972858162,0.030412752562401862,0.8125
3017,3,0.078125,0.12660799075572346,0.030198405208663726,0.8125
3018,3,0.0,0.11394719168015112,0.029691532324196662,0.84375
3019,3,0.078125,0.110364972512136,0.029547369807640098,0.84375
3020,3,0.171875,0.1165159752609224,0.02979471210148217,0.84375
3021,3,0.125,0.11736437773483016,0.029828752673850725,0.84375
3022,3,0.078125,0.11344043996134714,0.029671158034599195,0.84375
3023,3,0.09375,0.11147139596521242,0.029591930503929477,0.84375
3024,3,0.03125,0.10344925636869119,0.02926817579569195,0.84375
3025,3,0.015625,0.09466683073182207,0.02891204300686008,0.84375
3026,3,0.046875,0.08988764765863987,0.028717548135732664,0.84375
3027,3,0.25,0.10589888289277588,0.029367198952543572,0.84375
3028,3,0.203125,0.1156214946034983,0.029758802730345858,0.84375
3029,3,0.234375,0.12749684514314846,0.03023382854486145,0.84375
3030,3,0.15625,0.1303721606288336,0.030348266775665475,0.84375
3031,3,0.125,0.12983494456595024,0.030326903120348626,0.84375
3032,3,0.140625,0.13091395010935522,0.030369804016144777,0.84375
3033,3,0.15625,0.13344755509841968,0.030470408645856997,0.84375
3034,3,0.0625,0.12635279958857773,0.030188231086672304,0.84375
3035,3,0.09375,0.12309251962971995,0.030058091239059233,0.84375
3036,3,0.0,0.11078326766674797,0.029564219983153613,0.84375
3037,3,0.03125,0.10282994090007318,0.029243118729158763,0.84375
3038,3,0.0,0.09254694681006587,0.028825830062425558,0.859375
3039,3,0.078125,0.09110475212905929,0.028767124427423824,0.859375
3040,3,0.046875,0.08668177691615336,0.028586821276158848,0.859375
3041,3,0.109375,0.08895109922453803,0.028679379339454983,0.859375
3042,3,0.140625,0.09411848930208422,0.028889751723064128,0.859375
3043,3,0.0625,0.09095664037187579,0.028761093005811825,0.859375
3044,3,0.15625,0.09748597633468821,0.029026546081568627,0.859375
3045,3,0.125,0.10023737870121939,0.02913813073832341,0.859375
3046,3,0.140625,0.10427614083109744,0.029301617183989045,0.859375
3047,3,0.03125,0.0969735267479877,0.02900574505130399,0.859375
3048,3,0.078125,0.09508867407318894,0.028929187528756964,0.859375
3049,3,0.09375,0.09495480666587004,0.028923747310370673,0.859375
3050,3,0.109375,0.09639682599928304,0.02898232917018624,0.859375
3051,3,0.1875,0.10550714339935474,0.029351372765717254,0.859375
3052,3,0.109375,0.10589392905941927,0.02936699884130667,0.859375
3053,3,0.09375,0.10467953615347735,0.0293179258072659,0.859375
3054,3,0.078125,0.10202408253812961,0.029210501129586987,0.859375
3055,3,0.171875,0.10900917428431665,0.029492724912385023,0.859375
3056,3,0.171875,0.11529575685588499,0.02974572075512339,0.859375
3057,3,0.0625,0.11001618117029649,0.02953331618442768,0.859375
3058,3,0.015625,0.10057706305326684,0.029151895175138717,0.859375
3059,3,0.078125,0.09833185674794016,0.02906086899443368,0.859375
3060,3,0.0,0.08849867107314614,0.028660934449447995,0.859375
3061,3,0.046875,0.08433630396583153,0.028491051690568314,0.859375
3062,3,0.0625,0.08215267356924838,0.028401796315443567,0.859375
3063,3,0.03125,0.07706240621232355,0.028193393306576466,0.859375
3064,3,0.0,0.0693561655910912,0.027877037421250257,0.875
3065,3,0.109375,0.07335804903198208,0.02804144560052348,0.875
3066,3,0.15625,0.08164724412878387,0.02838112432011309,0.875
3067,3,0.0625,0.07973251971590548,0.028302769860363647,0.875
3068,3,0.171875,0.08894676774431493,0.028679202770181624,0.875
3069,3,0.078125,0.08786459096988343,0.02863507700128093,0.875
3070,3,0.0,0.07907813187289509,0.02827597573363569,0.875
3071,3,0.15625,0.08679531868560558,0.028591454674203688,0.875
3072,3,0.09375,0.08749078681704502,0.028619829740188785,0.875
3073,3,0.171875,0.0959292081353405,0.028963337133643782,0.875
3074,3,0.140625,0.10039878732180645,0.029144671540666384,0.875
3075,3,0.0,0.09035890858962581,0.02873674756793694,0.890625
3076,3,0.0625,0.08757301773066323,0.0286231841293088,0.890625
3077,3,0.125,0.09131571595759691,0.02877571454244156,0.890625
3078,3,0.109375,0.09312164436183723,0.02884921157040637,0.890625
3079,3,0.171875,0.1009969799256535,0.029168907156399384,0.890625
3080,3,0.1875,0.10964728193308815,0.029518449142694192,0.890625
3081,3,0.21875,0.12055755373977933,0.029956705284569774,0.890625
3082,3,0.34375,0.1428767983658014,0.03084316967569546,0.890625
3083,3,0.265625,0.15515161852922124,0.03132431311791327,0.890625
3084,3,0.15625,0.15526145667629912,0.03132859662966503,0.890625
3085,3,0.109375,0.1506728110086692,0.031149311494453432,0.890625
3086,3,0.0625,0.14185552990780229,0.030802925437991943,0.890625
3087,3,0.0,0.12766997691702206,0.03024072577912512,0.90625
3088,3,0.0625,0.12115297922531987,0.029980534719016613,0.90625
3089,3,0.015625,0.11060018130278788,0.029556845245651626,0.90625
3090,3,0.125,0.11204016317250909,0.02961482561588932,0.90625
3091,3,0.15625,0.11646114685525819,0.029792511576999747,0.90625
3092,3,0.234375,0.12825253216973237,0.03026392751832259,0.90625
3093,3,0.1875,0.13417727895275913,0.03049935027294387,0.90625
3094,3,0.1875,0.13950955105748322,0.030710359338089452,0.90625
3095,3,0.109375,0.1364960959517349,0.03059121391810606,0.90625
3096,3,0.078125,0.1306589863565614,0.03035966972389996,0.90625
3097,3,0.046875,0.12228058772090526,0.03002563672359744,0.90625
3098,3,0.0625,0.11630252894881474,0.029786145052573307,0.90625
3099,3,0.046875,0.10935977605393327,0.029506860050274947,0.90625
3100,3,0.0,0.09842379844853995,0.029064598727156638,0.921875
3101,3,0.0625,0.09483141860368596,0.02891873262313236,0.921875
3102,3,0.15625,0.10097327674331737,0.029167946981227634,0.921875
3103,3,0.109375,0.10181344906898564,0.029201973176342107,0.921875
3104,3,0.109375,0.10256960416208707,0.02923258306435312,0.921875
3105,3,0.078125,0.10012514374587837,0.029133582269438157,0.921875
3106,3,0.09375,0.09948762937129053,0.02910774083309204,0.921875
3107,3,0.234375,0.11297636643416148,0.029652494007625804,0.921875
3108,3,0.203125,0.12199122979074534,0.0300140662437006,0.921875
3109,3,0.078125,0.1176046068116708,0.02983838804733608,0.921875
3110,3,0.09375,0.11521914613050371,0.029742643594761167,0.921875
3111,3,0.25,0.12869723151745333,0.03028163241529099,0.921875
3112,3,0.140625,0.129890008365708,0.030329093236858642,0.921875
3113,3,0.234375,0.14033850752913718,0.03074308679015172,0.921875
3114,3,0.15625,0.14192965677622346,0.030805847564097977,0.921875
3115,3,0.125,0.1402366910986011,0.030739068163327655,0.921875
3116,3,0.171875,0.14340052198874098,0.03086379519333394,0.921875
3117,3,0.09375,0.13843546978986687,0.03066792356964993,0.921875
3118,3,0.15625,0.1402169228108802,0.03073828788585017,0.921875
3119,3,0.109375,0.13713273052979216,0.030616407553383174,0.921875
3120,3,0.21875,0.14529445747681294,0.030938312336692017,0.921875
3121,3,0.078125,0.13857751172913166,0.030673537472497833,0.921875
3122,3,0.15625,0.1403447605562185,0.030743333582763977,0.921875
3123,3,0.046875,0.13099778450059665,0.030373135859264162,0.921875
3124,3,0.078125,0.125710506050537,0.030162615781172932,0.921875
3125,3,0.09375,0.12251445544548328,0.030034986692169197,0.921875
3126,3,0.109375,0.12120050990093496,0.02998243653162109,0.921875
3127,3,0.140625,0.12314295891084145,0.030060106811283262,0.921875
3128,3,0.140625,0.1248911630197573,0.03012992313088375,0.921875
3129,3,0.171875,0.12958954671778156,0.03031714158546231,0.921875
3130,3,0.140625,0.1306930920460034,0.03036102546296601,0.921875
3131,3,0.171875,0.13481128284140306,0.03052448297797653,0.921875
3132,3,0.15625,0.13695515455726276,0.030609381518409036,0.921875
3133,3,0.15625,0.13888463910153648,0.030685673960005717,0.921875
3134,3,0.03125,0.12812117519138283,0.030258696720631424,0.921875
3135,3,0.078125,0.12312155767224454,0.030059251618293755,0.921875
3136,3,0.21875,0.1326844019050201,0.03044012469339802,0.921875
3137,3,0.171875,0.1366034617145181,0.030595463559212905,0.921875
3138,3,0.203125,0.1432556155430663,0.03085808926677668,0.921875
3139,3,0.234375,0.15236755398875967,0.031215607211249427,0.921875
3140,3,0.203125,0.1574432985898837,0.03141360240103183,0.921875
3141,3,0.21875,0.16357396873089536,0.031651602781123146,0.921875
3142,3,0.1875,0.1659665718578058,0.031744138715748944,0.921875
3143,3,0.25,0.17436991467202523,0.03206755407464087,0.921875
3144,3,0.203125,0.17724542320482273,0.0321776414301575,0.921875
3145,3,0.109375,0.17045838088434045,0.03191732424619323,0.921875
3146,3,0.09375,0.1627875427959064,0.03162114406179541,0.921875
3147,3,0.0625,0.15275878851631577,0.03123089851101691,0.921875
3148,3,0.0625,0.14373290966468422,0.03087688105488237,0.921875
3149,3,0.09375,0.1387346186982158,0.030679746085760958,0.921875
3150,3,0.09375,0.1342361568283942,0.030501684758364775,0.921875
3151,3,0.015625,0.12237504114555478,0.030029413122588514,0.921875
3152,3,0.0625,0.1163875370309993,0.029789557143703738,0.921875
3153,3,0.203125,0.12506128332789937,0.030136712621528755,0.921875
3154,3,0.21875,0.13443015499510944,0.030509375998421653,0.921875
3155,3,0.359375,0.15692463949559848,0.03139340944414976,0.921875
3156,3,0.296875,0.17091967554603865,0.03193506956792672,0.921875
3157,3,0.15625,0.1694527079914348,0.031878611345927246,0.921875
3158,3,0.109375,0.1634449371922913,0.031646606771105194,0.921875
3159,3,0.28125,0.17522544347306215,0.03210033894103482,0.921875
3160,3,0.453125,0.20301539912575595,0.033150289758086475,0.921875
3161,3,0.34375,0.21708885921318036,0.03367028815989167,0.921875
3162,3,0.390625,0.23444247329186232,0.03429989519666611,0.921875
3163,3,0.296875,0.24068572596267607,0.03452316067327426,0.921875
3164,3,0.34375,0.25099215336640845,0.03488785987185424,0.921875
3165,3,0.203125,0.24620543802976763,0.03471908417043555,0.921875
3166,3,0.171875,0.23877239422679086,0.0344549239384643,0.921875
3167,3,0.171875,0.23208265480411178,0.03421505213912853,0.921875
3168,3,0.203125,0.22918688932370063,0.03411060359407691,0.921875
3169,3,0.171875,0.22345570039133056,0.0339028007816562,0.921875
3170,3,0.171875,0.2182976303521975,0.033714564759246425,0.921875
3171,3,0.09375,0.20584286731697776,0.03325541725515955,0.921875
3172,3,0.0625,0.19150858058528,0.03271915400158916,0.921875
3173,3,0.109375,0.18329522252675198,0.032408262510895854,0.921875
3174,3,0.0625,0.1712157002740768,0.03194645321496494,0.921875
3175,3,0.078125,0.16190663024666913,0.03158700070760298,0.921875
3176,3,0.1875,0.1644659672220022,0.03168612467640127,0.921875
3177,3,0.234375,0.171456870499802,0.031955725122463204,0.921875
3178,3,0.34375,0.18868618344982177,0.032612611727017855,0.921875
3179,3,0.296875,0.19950506510483956,0.033019322984870605,0.921875
3180,3,0.171875,0.19674205859435562,0.03291589150498418,0.921875
3181,3,0.171875,0.19425535273492006,0.03282254481763589,0.921875
3182,3,0.09375,0.18420481746142806,0.032442818702154534,0.921875
3183,3,0.09375,0.17515933571528525,0.03209780655924323,0.921875
3184,3,0.0,0.15764340214375672,0.031421390641216115,0.921875
3185,3,0.171875,0.15906656192938104,0.03147674294290644,0.921875
3186,3,0.0625,0.14940990573644294,0.03109984860859191,0.921875
3187,3,0.0625,0.14071891516279866,0.030758098452967886,0.921875
3188,3,0.109375,0.1375845236465188,0.030634279148155658,0.921875
3189,3,0.0,0.12382607128186691,0.030087397467765745,0.921875
3190,3,0.046875,0.11613096415368022,0.029779258147052897,0.921875
3191,3,0.046875,0.1092053677383122,0.029500635169063025,0.921875
3192,3,0.0,0.09828483096448098,0.02905896126157702,0.921875
3193,3,0.140625,0.10251884786803288,0.02923052880847107,0.921875
3194,3,0.125,0.10476696308122958,0.02932145983829725,0.921875
3195,3,0.0625,0.10054026677310662,0.02915040426847383,0.921875
3196,3,0.125,0.10298624009579596,0.029249443314570918,0.921875
3197,3,0.125,0.10518761608621637,0.029338461270250596,0.921875
3198,3,0.125,0.10716885447759472,0.029418480634704453,0.921875
3199,3,0.21875,0.11832696902983525,0.029867352343702927,0.921875
3200,3,0.1875,0.1252442721268517,0.03014401480974855,0.921875
3201,3,0.25,0.13771984491416656,0.030639630876367632,0.921875
3202,3,0.203125,0.1442603604227499,0.030897639411228053,0.921875
3203,3,0.125,0.14233432438047489,0.030821796848309158,0.921875
3204,3,0.140625,0.14216339194242741,0.03081506044783618,0.921875
3205,3,0.125,0.1404470527481847,0.030747370652736385,0.921875
3206,3,0.234375,0.14983984747336623,0.031116693410428525,0.921875
3207,3,0.109375,0.1457933627260296,0.030957923299394865,0.921875
3208,3,0.1875,0.14996402645342663,0.03112155755323981,0.921875
3209,3,0.21875,0.15684262380808398,0.03139021550869526,0.921875
3210,3,0.15625,0.15678336142727559,0.03138790751594556,0.921875
3211,3,0.171875,0.158292525284548,0.03144664600341834,0.921875
3212,3,0.328125,0.1752757727560932,0.03210226679246835,0.921875
3213,3,0.296875,0.1874356954804839,0.03256530931718723,0.921875
3214,3,0.359375,0.2046296259324355,0.03321034781325826,0.921875
3215,3,0.359375,0.22010416333919194,0.03378062112582078,0.921875
3216,3,0.21875,0.21996874700527275,0.033775674420239564,0.921875
3217,3,0.265625,0.22453437230474546,0.03394202060095831,0.921875
3218,3,0.328125,0.2348934350742709,0.03431608055553741,0.921875
3219,3,0.28125,0.2395290915668438,0.03448193040525843,0.921875
3220,3,0.296875,0.2452636824101594,0.03468575462917562,0.921875
3221,3,0.28125,0.24886231416914345,0.03481289389648612,0.921875
3222,3,0.265625,0.2505385827522291,0.03487191269765785,0.921875
3223,3,0.328125,0.2582972244770062,0.03514338042396147,0.921875
3224,3,0.375,0.2699675020293056,0.0355463620486548,0.921875
3225,3,0.359375,0.278908251826375,0.035850661782811453,0.921875
3226,3,0.125,0.26351742664373756,0.03532443866892735,0.921875
3227,3,0.09375,0.2465406839793638,0.034730939006501975,0.921875
3228,3,0.25,0.2468866155814274,0.03474316629993305,0.921875
3229,3,0.140625,0.2362604540232847,0.03436508847201579,0.921875
3230,3,0.125,0.22513440862095624,0.03396381572781097,0.921875
3231,3,0.296875,0.2323084677588606,0.0342231815240644,0.921875
3232,3,0.234375,0.23251512098297455,0.03423061917064359,0.921875
3233,3,0.234375,0.2327011088846771,0.03423731143541531,0.921875
3234,3,0.328125,0.2422434979962094,0.03457859454210267,0.921875
3235,3,0.21875,0.23989414819658847,0.03449495001558673,0.921875
3236,3,0.125,0.22840473337692963,0.03408232843766357,0.921875
3237,3,0.25,0.23056426003923666,0.03416033061689265,0.921875
3238,3,0.359375,0.243445334035313,0.03462128703360759,0.921875
3239,3,0.296875,0.2487883006317817,0.03481028500459978,0.921875
3240,3,0.296875,0.25359697056860353,0.03497925825113925,0.921875
3241,3,0.375,0.2657372735117432,0.03540104006994564,0.921875
3242,3,0.453125,0.2844760461605689,0.03603819022932508,0.921875
3243,3,0.28125,0.284153441544512,0.03602736624688207,0.921875
3244,3,0.375,0.2932380973900608,0.036330199934189934,0.921875
3245,3,0.28125,0.29203928765105475,0.036290473296036296,0.921875
3246,3,0.265625,0.28939785888594927,0.03620268750033067,0.921875
3247,3,0.1875,0.27920807299735434,0.03586079879863192,0.921875
3248,3,0.171875,0.26847476569761886,0.0354951798046229,0.921875
3249,3,0.09375,0.251002289127857,0.03488821612812797,0.921875
3250,3,0.109375,0.2368395602150713,0.03438582436364112,0.921875
3251,3,0.078125,0.22096810419356416,0.03381216207234743,0.921875
3252,3,0.109375,0.20980879377420775,0.0334023223708957,0.921875
3253,3,0.203125,0.209140414396787,0.033377609783423204,0.921875
3254,3,0.25,0.21322637295710828,0.03352839360964765,0.921875
3255,3,0.171875,0.20909123566139745,0.03337579072464686,0.921875
3256,3,0.28125,0.2163071120952577,0.03364162022397745,0.921875
3257,3,0.25,0.21967640088573193,0.033764992458727036,0.921875
3258,3,0.21875,0.21958376079715874,0.03376160674401248,0.921875
3259,3,0.140625,0.21168788471744288,0.03347170044184624,0.921875
3260,3,0.21875,0.2123940962456986,0.033497736552526726,0.921875
3261,3,0.234375,0.21459218662112875,0.033578640712663,0.921875
3262,3,0.109375,0.20407046795901587,0.03318955605578053,0.921875
3263,3,0.140625,0.1977259211631143,0.03295275659523366,0.921875
3264,3,0.046875,0.18264082904680287,0.03238338239492785,0.921875
3265,3,0.125,0.17687674614212257,0.03216354364743333,0.921875
3266,3,0.15625,0.17481407152791031,0.03208457799271494,0.921875
3267,3,0.0625,0.16358266437511929,0.031651939449766665,0.921875
3268,3,0.25,0.17222439793760735,0.031985219279004634,0.921875
3269,3,0.171875,0.17218945814384662,0.03198387708758977,0.921875
3270,3,0.078125,0.16278301232946196,0.03162096853291615,0.921875
3271,3,0.046875,0.1511922110965158,0.03116963945716767,0.921875
3272,3,0.078125,0.1438854899868642,0.030882886890608776,0.921875
3273,3,0.109375,0.14043444098817778,0.030746872933334665,0.921875
3274,3,0.140625,0.14045349688936,0.03074762496701691,0.921875
3275,3,0.15625,0.142033147200424,0.030809926938903498,0.921875
3276,3,0.109375,0.1387673324803816,0.030681038788619386,0.921875
3277,3,0.140625,0.13895309923234342,0.030688378855053218,0.921875
3278,3,0.15625,0.14068278930910907,0.03075667304115779,0.921875
3279,3,0.171875,0.14380201037819818,0.03087960107217072,0.921875
3280,3,0.15625,0.14504680934037836,0.03092857490711386,0.921875
3281,3,0.140625,0.14460462840634053,0.030911183783662834,0.921875
3282,3,0.125,0.14264416556570647,0.030834005325406214,0.921875
3283,3,0.140625,0.14244224900913582,0.0308260496680622,0.921875
3284,3,0.25,0.15319802410822225,0.03124805999807985,0.921875
3285,3,0.203125,0.1581907216974,0.03144268607274646,0.921875
3286,3,0.109375,0.15330914952766,0.03125240081342489,0.921875
3287,3,0.03125,0.141103234574894,0.03077326003105948,0.921875
3288,3,0.203125,0.14730541111740458,0.03101731132584573,0.921875
3289,3,0.078125,0.14038737000566412,0.0307450152483713,0.921875
3290,3,0.140625,0.14041113300509772,0.030745953077974866,0.921875
3291,3,0.203125,0.14668251970458795,0.030992854993023906,0.921875
3292,3,0.234375,0.15545176773412916,0.03133601751604868,0.921875
3293,3,0.203125,0.16021909096071624,0.031521519546919806,0.921875
3294,3,0.125,0.1566971818646446,0.03138455101689308,0.921875
3295,3,0.109375,0.15196496367818013,0.031199866897004398,0.921875
3296,3,0.125,0.14926846731036214,0.031094305866313676,0.921875
3297,3,0.09375,0.14371662057932594,0.030876239844770254,0.921875
3298,3,0.09375,0.13871995852139335,0.030679166770524513,0.921875
3299,3,0.046875,0.12953546266925403,0.030314989979791984,0.921875
3300,3,0.046875,0.12126941640232863,0.029985193533969737,0.921875
3301,3,0.046875,0.11382997476209578,0.029686820113253434,0.921875
3302,3,0.125,0.1149469772858862,0.029731710406383796,0.921875
3303,3,0.046875,0.10813977955729757,0.029457660917077157,0.921875
3304,3,0.0625,0.10357580160156782,0.029273294641628308,0.921875
3305,3,0.046875,0.09790572144141103,0.029043579848412354,0.921875
3306,3,0.0625,0.09436514929726994,0.028899779780387796,0.921875
3307,3,0.09375,0.09430363436754294,0.028897278987424085,0.921875
3308,3,0.046875,0.08956077093078864,0.02870422836033055,0.921875
3309,3,0.03125,0.08372969383770978,0.028466265646082206,0.921875
3310,3,0.046875,0.0800442244539388,0.02831553000318615,0.921875
3311,3,0.109375,0.08297730200854493,0.02843551332160051,0.921875
3312,3,0.140625,0.08874207180769043,0.028670858079064023,0.921875
3313,3,0.078125,0.08768036462692139,0.028627562856907124,0.921875
3314,3,0.21875,0.10078732816422924,0.02916041408534097,0.921875
3315,3,0.140625,0.1047710953478063,0.029321626871196372,0.921875
3316,3,0.15625,0.10991898581302567,0.02952939942668788,0.921875
3317,3,0.140625,0.1129895872317231,0.029653025793781835,0.921875
3318,3,0.140625,0.11575312850855078,0.029764088521683846,0.921875
3319,3,0.09375,0.1135528156576957,0.029675676730033563,0.921875
3320,3,0.09375,0.11157253409192613,0.029596002294375003,0.921875
3321,3,0.0625,0.10666528068273351,0.02939815079950131,0.921875
3322,3,0.078125,0.10381125261446016,0.02928281782242346,0.921875
3323,3,0.09375,0.10280512735301414,0.029242114607284122,0.921875
3324,3,0.046875,0.09721211461771273,0.029015430369641354,0.921875
3325,3,0.046875,0.09217840315594146,0.028810832293247348,0.921875
3326,3,0.140625,0.09702306284034731,0.02900775603815774,0.921875
3327,3,0.171875,0.10450825655631257,0.029311001710819656,0.921875
3328,3,0.28125,0.12218243090068132,0.03002171200366609,0.921875
3329,3,0.21875,0.13183918781061318,0.030406564779241405,0.921875
3330,3,0.140625,0.13271776902955187,0.03044144914098411,0.921875
3331,3,0.140625,0.13350849212659668,0.030472826064088843,0.921875
3332,3,0.171875,0.137345142913937,0.030624810711148327,0.921875
3333,3,0.0625,0.1298606286225433,0.030327924692845478,0.921875
3334,3,0.1875,0.13562456576028897,0.030556705340043556,0.921875
3335,3,0.203125,0.1423746091842601,0.030823384331264525,0.921875
3336,3,0.203125,0.14844964826583407,0.031062205173677998,0.921875
3337,3,0.1875,0.15235468343925065,0.03121510408486255,0.921875
3338,3,0.1875,0.1558692150953256,0.03135229105238536,0.921875
3339,3,0.140625,0.15434479358579303,0.0312928360916336,0.921875
3340,3,0.25,0.16391031422721372,0.03166462315283249,0.921875
3341,3,0.078125,0.15533178280449236,0.03133133902753901,0.921875
3342,3,0.1875,0.15854860452404312,0.03145660537771057,0.921875
3343,3,0.109375,0.1536312440716388,0.031264980296918064,0.921875
3344,3,0.109375,0.14920561966447493,0.03109184276465168,0.921875
3345,3,0.03125,0.13741005769802744,0.03062737851089567,0.921875
3346,3,0.140625,0.1377315519282247,0.030640093843469468,0.921875
3347,3,0.09375,0.13333339673540223,0.030465879607651625,0.921875
3348,3,0.03125,0.12312505706186201,0.030059391454664703,0.921875
3349,3,0.15625,0.1264375513556758,0.030191610222810222,0.921875
3350,3,0.078125,0.12160629622010823,0.029998670536778946,0.921875
3351,3,0.046875,0.1141331665980974,0.029699007950943462,0.921875
3352,3,0.0625,0.10896984993828765,0.029491139295646715,0.921875
3353,3,0.109375,0.10901036494445888,0.02949277292100906,0.921875
3354,3,0.125,0.11060932845001299,0.029557213713159697,0.921875
3355,3,0.140625,0.11361089560501168,0.029678012036147464,0.921875
3356,3,0.140625,0.11631230604451051,0.029786537499287332,0.921875
3357,3,0.140625,0.11874357544005945,0.029884050692619613,0.921875
3358,3,0.140625,0.1209317178960535,0.029971680750088943,0.921875
3359,3,0.140625,0.12290104610644814,0.03005043926269614,0.921875
3360,3,0.25,0.13561094149580333,0.030556165704704076,0.921875
3361,3,0.125,0.134549847346223,0.03051412076781674,0.921875
3362,3,0.21875,0.1429698626116007,0.030846835389130203,0.921875
3363,3,0.1875,0.1474228763504406,0.031021921947547285,0.921875
3364,3,0.328125,0.16549308871539653,0.03172584206867791,0.921875
3365,3,0.28125,0.17706877984385685,0.03217088741325493,0.921875
3366,3,0.328125,0.19217440185947116,0.03274424306883556,0.921875
3367,3,0.390625,0.21201946167352403,0.033483927378627584,0.921875
3368,3,0.25,0.21581751550617162,0.03362365276206095,0.921875
3369,3,0.15625,0.20986076395555447,0.033404243136268545,0.921875
3370,3,0.1875,0.20762468755999902,0.03332149913750941,0.921875
3371,3,0.125,0.19936221880399912,0.03301398307330499,0.921875
3372,3,0.1875,0.19817599692359922,0.03296960801806294,0.921875
3373,3,0.109375,0.1892958972312393,0.03263565372692354,0.921875
3374,3,0.140625,0.18442880750811538,0.03245132347168264,0.921875
3375,3,0.046875,0.17067342675730385,0.03192559768270287,0.921875
3376,3,0.09375,0.16298108408157347,0.03162864199037501,0.921875
3377,3,0.1875,0.1654329756734161,0.031723518584693626,0.921875
3378,3,0.25,0.1738896781060745,0.032049139252906915,0.921875
3379,3,0.203125,0.17681321029546704,0.03216111360864606,0.921875
3380,3,0.265625,0.18569438926592033,0.032499341258323294,0.921875
3381,3,0.3125,0.1983749503393283,0.03297705452584567,0.921875
3382,3,0.41562498807907106,0.22009995411330258,0.0337804673762566,0.921875
3383,3,0.32187498807907106,0.23027745750987944,0.034149983104986056,0.921875
3384,3,0.203125,0.22756221175889152,0.03405184107117307,0.921875
3385,3,0.171875,0.22199349058300236,0.03384955557263625,0.921875
3386,3,0.21875,0.22166914152470213,0.033837732185727804,0.921875
3387,3,0.09375,0.2088772273722319,0.03336787366750193,0.921875
3388,3,0.09375,0.1973645046350087,0.032939218865585124,0.921875
3389,3,0.1875,0.19637805417150783,0.032902242634117805,0.921875
3390,3,0.203125,0.19705274875435708,0.032927537133785614,0.921875
3391,3,0.171875,0.19453497387892138,0.03283305345646824,0.921875
3392,3,0.078125,0.18289397649102926,0.03239300899402246,0.921875
3393,3,0.203125,0.18491707884192632,0.03246985628406902,0.921875
3394,3,0.15625,0.1820503709577337,0.03236091934853602,0.921875
3395,3,0.234375,0.18728283386196032,0.03255952289491934,0.921875
3396,3,0.15625,0.1841795504757643,0.03244185921096137,0.921875
3397,3,0.140625,0.17982409542818786,0.03227610737294554,0.921875
3398,3,0.15625,0.17746668588536907,0.03218609987061638,0.921875
3399,3,0.140625,0.17378251729683217,0.032045029002885,0.921875
3400,3,0.1875,0.17515426556714894,0.032097612331156426,0.921875
3401,3,0.046875,0.16232633901043406,0.031603271533489234,0.921875
3402,3,0.140625,0.16015620510939066,0.03151907753961824,0.921875
3403,3,0.109375,0.1550780845984516,0.0313214451906935,0.921875
3404,3,0.1468749761581421,0.15425777375442065,0.03128943987247902,0.921875
3405,3,0.046875,0.1435194963789786,0.03086847951989203,0.921875
3406,3,0.171875,0.14635504674108074,0.030979992669058928,0.921875
3407,3,0.09375,0.14109454206697267,0.030772917157142872,0.921875
3408,3,0.078125,0.1347975878602754,0.03052394021566678,0.921875
3409,3,0.109375,0.13225532907424786,0.030423090570394513,0.921875
3410,3,0.125,0.1315297961668231,0.030394275011956535,0.921875
3411,3,0.171875,0.13556431655014078,0.03055431892391995,0.921875
3412,3,0.109375,0.1329453848951267,0.030450483084870958,0.921875
3413,3,0.21875,0.14152584640561403,0.030789927085118813,0.921875
3414,3,0.078125,0.13518576176505262,0.030539322280305384,0.921875
3415,3,0.0625,0.12791718558854737,0.030250572646921676,0.921875
3416,3,0.078125,0.12293796702969263,0.03005191483350954,0.921875
3417,3,0.09375,0.12001917032672337,0.02993515064694718,0.921875
3418,3,0.125,0.12051725329405102,0.029955092087098335,0.921875
3419,3,0.0625,0.11471552796464593,0.029722411468753804,0.921875
3420,3,0.0625,0.10949397516818135,0.029512269740227512,0.921875
3421,3,0.15625,0.11416957765136322,0.02970047146275703,0.921875
3422,3,0.15625,0.1183776198862269,0.02986938276431249,0.921875
3423,3,0.1875,0.12528985789760422,0.03014583377242465,0.921875
3424,3,0.109375,0.1236983721078438,0.030082296785385838,0.921875
3425,3,0.15625,0.1269535348970594,0.030212178711405274,0.921875
3426,3,0.15625,0.12988318140735347,0.030328821704961484,0.921875
3427,3,0.140625,0.13095736326661814,0.030371529416912842,0.921875
3428,3,0.15625,0.13348662693995633,0.030471958667875894,0.921875
3429,3,0.15625,0.13576296424596068,0.030562186774054912,0.921875
3430,3,0.171875,0.1393741678213646,0.030705012401375482,0.921875
3431,3,0.09375,0.13481175103922816,0.030524501533592277,0.921875
3432,3,0.0625,0.12758057593530533,0.030237164321433665,0.921875
3433,3,0.0625,0.12107251834177479,0.029977315155583925,0.921875
3434,3,0.0,0.10896526650759732,0.0294909544824023,0.921875
3435,3,0.078125,0.10588123985683759,0.0293664862554194,0.921875
3436,3,0.0625,0.10154311587115383,0.029191026675497098,0.921875
3437,3,0.09375,0.10076380428403844,0.029159461062509363,0.921875
3438,3,0.078125,0.09849992385563461,0.029067686711068925,0.921875
3439,3,0.125,0.10114993147007115,0.029175102656232705,0.921875
3440,3,0.234375,0.11447243832306403,0.029712643398888836,0.921875
3441,3,0.171875,0.12021269449075762,0.02994289943221818,0.921875
3442,3,0.171875,0.12537892504168185,0.03014938756396156,0.921875
3443,3,0.15625,0.12846603253751365,0.030272428338553387,0.921875
3444,3,0.171875,0.13280692928376228,0.030444988038498152,0.921875
3445,3,0.140625,0.13358873635538607,0.030476009249666453,0.921875
3446,3,0.15625,0.13585486271984745,0.030565826209897635,0.921875
3447,3,0.140625,0.1363318764478627,0.030584713292784213,0.921875
3448,3,0.3125,0.15394868880307644,0.03127737486964456,0.921875
3449,3,0.375,0.1760538199227688,0.03213205800577956,0.921875
3450,3,0.125,0.17094843793049191,0.03193617576374513,0.921875
3451,3,0.21875,0.17572859413744274,0.03211960787515139,0.921875
3452,3,0.15625,0.17378073472369848,0.032044960627176704,0.921875
3453,3,0.125,0.16890266125132863,0.031857422434610615,0.921875
3454,3,0.078125,0.15982489512619577,0.03150620978113702,0.921875
3455,3,0.140625,0.1579049056135762,0.031431566619204536,0.921875
3456,3,0.0,0.14211441505221858,0.03081313011743188,0.9375
3457,3,0.15625,0.14352797354699673,0.030868813271077256,0.9375
3458,3,0.140625,0.14323767619229708,0.030857382830776537,0.9375
3459,3,0.25,0.15391390857306736,0.031276017042305655,0.9375
3460,3,0.109375,0.14946001771576062,0.03110181226276312,0.9375
3461,3,0.1875,0.15326401594418454,0.031250637839972194,0.9375
3462,3,0.03125,0.14106261434976608,0.030771657756210748,0.9375
3463,3,0.109375,0.13789385291478948,0.030646511799338555,0.9375
3464,3,0.15625,0.13972946762331054,0.030719043728605275,0.9375
3465,3,0.09375,0.1351315208609795,0.030537173155117038,0.9375
3466,3,0.09375,0.13099336877488155,0.030372960369388597,0.9375
3467,3,0.03125,0.1210190318973934,0.029975174852775573,0.9375
3468,3,0.0625,0.11516712870765405,0.029740554168492635,0.9375
3469,3,0.09375,0.11302541583688865,0.029654466922141454,0.9375
3470,3,0.125,0.11422287425319978,0.029702613614841666,0.9375
3471,3,0.140625,0.1168630868278798,0.02980864154706646,0.9375
3472,3,0.171875,0.12236427814509182,0.03002898281268688,0.9375
3473,3,0.203125,0.13044035033058266,0.030350977914288386,0.9375
3474,3,0.2562499761581421,0.1430213129133386,0.03084886185415935,0.9375
3475,3,0.171875,0.14590668162200474,0.030962376555310745,0.9375
3476,3,0.15625,0.14694101345980426,0.031003005608890882,0.9375
3477,3,0.1875,0.15099691211382382,0.03116199698248939,0.9375
3478,3,0.171875,0.15308472090244143,0.031243633699612153,0.9375
3479,3,0.203125,0.1580887488121973,0.031438719209578365,0.9375
3480,3,0.25,0.16727987393097757,0.03179484738221446,0.9375
3481,3,0.3125,0.18180188653787982,0.03235146225603694,0.9375
3482,3,0.34375,0.19799669788409183,0.03296289579326355,0.9375
3483,3,0.28125,0.20632202809568262,0.033273200545886554,0.9375
3484,3,0.421875,0.22787732528611435,0.034063247358945774,0.9375
3485,3,0.3125,0.2363395927575029,0.03436792305564644,0.9375
3486,3,0.4375,0.2564556334817526,0.03507919960241904,0.9375
3487,3,0.359375,0.26674757013357736,0.03543582499200736,0.9375
3488,3,0.390625,0.2791353131202196,0.03585833917640073,0.9375
3489,3,0.375,0.28872178180819763,0.03618016277921208,0.9375
3490,3,0.234375,0.28328710362737786,0.03599827359972111,0.9375
3491,3,0.1875,0.2737083932646401,0.03567415584324378,0.9375
3492,3,0.09375,0.2557125539381761,0.03505325765813081,0.9375
3493,3,0.125,0.2426412985443585,0.0345927327720239,0.9375
3494,3,0.171875,0.23556466868992265,0.034340154847692456,0.9375
3495,3,0.15625,0.2276332018209304,0.03405441110501896,0.9375
3496,3,0.1875,0.22361988163883734,0.03390877355260535,0.9375
3497,3,0.203125,0.2215703934749536,0.03383413165866038,0.9375
3498,3,0.234375,0.22285085412745825,0.033880786960829745,0.9375
3499,3,0.28125,0.22869076871471242,0.0340926718058904,0.9375
3500,3,0.203125,0.22613419184324118,0.034000096147506924,0.9375
3501,3,0.296875,0.23320827265891708,0.034255552542482186,0.9375
3502,3,0.203125,0.23019994539302535,0.034147185933491864,0.9375
3503,3,0.265625,0.2337424508537228,0.03427475293292218,0.9375
3504,3,0.265625,0.2369307057683505,0.03438908661902159,0.9375
3505,3,0.140625,0.22730013519151548,0.03404235127799084,0.9375
3506,3,0.09375,0.21394512167236393,0.033554845509994165,0.9375
3507,3,0.25,0.21755060950512753,0.03368720913124702,0.9375
3508,3,0.3125,0.22704554855461478,0.034033129823547725,0.9375
3509,3,0.296875,0.2340284936991533,0.03428502918628512,0.9375
3510,3,0.3125,0.24187564432923797,0.03456551426039004,0.9375
3511,3,0.125,0.23018807989631418,0.03414675772123719,0.9375
3512,3,0.28125,0.23529427190668276,0.03433045928379102,0.9375
3513,3,0.21875,0.23363984471601448,0.034271065862426266,0.9375
3514,3,0.328125,0.24308836024441302,0.034608613209589544,0.9375
3515,3,0.234375,0.2422170242199717,0.03457765338251792,0.9375
3516,3,0.28125,0.24612032179797452,0.03471607350343099,0.9375
3517,3,0.15625,0.23713328961817706,0.03439633610863931,0.9375
3518,3,0.234375,0.23685746065635935,0.03438646508044569,0.9375
3519,3,0.265625,0.23973421459072342,0.03448924678252511,0.9375
3520,3,0.125,0.2282607931316511,0.03407712203660057,0.9375
3521,3,0.203125,0.225747213818486,0.03398605853168673,0.9375
3522,3,0.171875,0.2203599924366374,0.03378996432203517,0.9375
3523,3,0.234375,0.22176149319297367,0.033841099110400445,0.9375
3524,3,0.125,0.21208534387367628,0.03348635624613905,0.9375
3525,3,0.125,0.20337680948630865,0.033163745380046517,0.9375
3526,3,0.125,0.1955391285376778,0.0328707659804245,0.9375
3527,3,0.0625,0.18223521568391002,0.03236795287613669,0.9375
3528,3,0.140625,0.17807419411551903,0.03220931449959429,0.9375
3529,3,0.09375,0.16964177470396713,0.03188589211098492,0.9375
3530,3,0.078125,0.1604900972335704,0.03153204183740942,0.9375
3531,3,0.109375,0.15537858751021336,0.031333164107111545,0.9375
3532,3,0.125,0.15234072875919202,0.031214558572350466,0.9375
3533,3,0.140625,0.15116915588327284,0.03116873732033056,0.9375
3534,3,0.15625,0.15167724029494556,0.031188614392847726,0.9375
3535,3,0.125,0.149009516265451,0.031084156344780657,0.9375
3536,3,0.203125,0.15442106463890592,0.03129581260243081,0.9375
3537,3,0.015625,0.14054145817501534,0.030751096182363397,0.9375
3538,3,0.203125,0.14679981235751383,0.030997461138666912,0.9375
3539,3,0.234375,0.15555733112176245,0.03134013328332518,0.9375
3540,3,0.15625,0.15562659800958623,0.0313428337018325,0.9375
3541,3,0.15625,0.15568893820862761,0.03134526394324233,0.9375
3542,3,0.21875001192092897,0.16199504557985775,0.031590428798987595,0.9375
3543,3,0.28125,0.17392054102187196,0.032050322951260875,0.9375
3544,3,0.203125,0.17684098691968475,0.0321621759920136,0.9375
3545,3,0.203125,0.1794693882277163,0.03226257750095359,0.9375
3546,3,0.1875,0.18027244940494466,0.0322932026249051,0.9375
3547,3,0.265625,0.1888077044644502,0.03261720532803094,0.9375
3548,3,0.109375,0.18086443401800517,0.03231576294038338,0.9375
3549,3,0.140625,0.17684049061620466,0.032162157009948296,0.9375
3550,3,0.140625,0.1732189415545842,0.032023405738814924,0.9375
3551,3,0.078125,0.16370954739912577,0.03165685167543228,0.9375
3552,3,0.078125,0.1551510926592132,0.031324292608871006,0.9375
3553,3,0.09375,0.14901098339329188,0.031084213854499124,0.9375
3554,3,0.078125,0.1419223850539627,0.030805560915812935,0.9375
3555,3,0.15625,0.14335514654856643,0.03086200853119821,0.9375
3556,3,0.15625,0.1446446318937098,0.03091275738378682,0.9375
3557,3,0.109375,0.1411176687043388,0.030773829376809628,0.9375
3558,3,0.09375,0.13638090183390492,0.0305866540448493,0.9375
3559,3,0.0625,0.12899281165051443,0.03029339733561523,0.9375
3560,3,0.203125,0.136406030485463,0.0305876487771612,0.9375
3561,3,0.1875,0.1415154274369167,0.030789516244954285,0.9375
3562,3,0.125,0.13986388469322503,0.03072435107169317,0.9375
3563,3,0.0625,0.13212749622390255,0.030418014603965933,0.9375
3564,3,0.09375,0.1282897466015123,0.03026540935547973,0.9375
3565,3,0.125,0.12796077194136107,0.03025230861107116,0.9375
3566,3,0.234375,0.13860219474722496,0.03067451295432094,0.9375
3567,3,0.21875,0.14661697527250248,0.03099028083983012,0.9375
3568,3,0.234375,0.15539277774525223,0.031333717419877845,0.9375
3569,3,0.21875,0.16172849997072702,0.03158009332728794,0.9375
3570,3,0.21875,0.16743064997365434,0.03180066523167804,0.9375
3571,3,0.1875,0.16943758497628889,0.031878028919584384,0.9375
3572,3,0.265625,0.17905632647866,0.03224681590870392,0.9375
3573,3,0.171875,0.178338193830794,0.0322193984623813,0.9375
3574,3,0.21875,0.1823793744477146,0.032373437375641925,0.9375
3575,3,0.125,0.17664143700294316,0.032154543102841396,0.9375
3576,3,0.125,0.17147729330264883,0.031956510191924345,0.9375
3577,3,0.109375,0.16526706397238394,0.03171710513069186,0.9375
3578,3,0.125,0.16124035757514554,0.03156115903768863,0.9375
3579,3,0.109375,0.15605382181763097,0.031359485824651194,0.9375
3580,3,0.09375,0.14982343963586786,0.031116050671687125,0.9375
3581,3,0.046875,0.1395285956722811,0.030711111457540824,0.9375
3582,3,0.203125,0.14588823610505297,0.030961651702584317,0.9375
3583,3,0.0625,0.1375494124945477,0.030632890472316283,0.9375
3584,3,0.046875,0.12848197124509292,0.03027306290966913,0.9375
3585,3,0.03125,0.11875877412058364,0.029884659798054814,0.9375
3586,3,0.03125,0.11000789670852527,0.029532982347925146,0.9375
3587,3,0.125,0.11150710703767275,0.0295933682497325,0.9375
3588,3,0.0625,0.10660639633390548,0.02939577318012181,0.9375
3589,3,0.15625,0.11157075670051493,0.02959593073931125,0.9375
3590,3,0.09375,0.10978868103046344,0.029524148071702585,0.9375
3591,3,0.046875,0.1034973129274171,0.02927011976159038,0.9375
3592,3,0.125,0.10564758163467539,0.029357046852921016,0.9375
3593,3,0.09999997615814209,0.10508282108702205,0.02933422618211362,0.9375
3594,3,0.09375,0.10394953897831984,0.02928841043189706,0.9375
3595,3,0.078125,0.10136708508048785,0.02918389783739316,0.9375
3596,3,0.09375,0.10060537657243906,0.029153042357775855,0.9375
3597,3,0.03125,0.09366983891519516,0.02887150838159568,0.9375
3598,3,0.109375,0.09524035502367564,0.028935351208094498,0.9375
3599,3,0.203125,0.10602881952130808,0.029372447566303972,0.9375
3600,3,0.09375,0.10480093756917727,0.029322833130246775,0.9375
3601,3,0.2625,0.12057084381225955,0.029957237267065125,0.9375
3602,3,0.0625,0.11476375943103359,0.02972434937588045,0.9375
3603,3,0.1312499761581421,0.11641238110374444,0.029790554310857767,0.9375
3604,3,0.078125,0.11258364299337,0.029636695327016946,0.9375
3605,3,0.09375,0.110700278694033,0.0295608772805629,0.9375
3606,3,0.0,0.0996302508246297,0.02911352273251318,0.9375
3607,3,0.09375,0.09904222574216673,0.02908968118463815,0.9375
3608,3,0.0625,0.09538800316795007,0.028941350539911426,0.9375
3609,3,0.140625,0.09991170285115505,0.029124931520923714,0.9375
3610,3,0.125,0.10242053256603954,0.029226549532966734,0.9375
3611,3,0.140625,0.10624097930943559,0.029381016618242856,0.9375
3612,3,0.15625,0.11124188137849203,0.029582689380948525,0.9375
3613,3,0.125,0.11261769324064283,0.029638065269943066,0.9375
3614,3,0.140625,0.11541842391657854,0.029750647511975616,0.9375
3615,3,0.140625,0.11793908152492068,0.029851801041721117,0.9375
3616,3,0.265625,0.13270767337242861,0.030441048415538727,0.9375
3617,3,0.296875,0.14912440603518573,0.031088659683951428,0.9375
3618,3,0.203125,0.15452446543166715,0.031299847558725835,0.9375
3619,3,0.234375,0.16250951888850043,0.0316103709738334,0.9375
3620,3,0.28125,0.17438356699965038,0.032068077455715695,0.9375
3621,3,0.3125,0.18819521029968533,0.03259404674441802,0.9375
3622,3,0.28125,0.19750068926971678,0.03294432059884895,0.9375
3623,3,0.296875,0.2074381203427451,0.03331458607383575,0.9375
3624,3,0.203125,0.20700680830847062,0.033298598760326814,0.9375
3625,3,0.21875,0.20818112747762357,0.033342108966794674,0.9375
3626,3,0.15625,0.20298801472986122,0.03314926999770994,0.9375
3627,3,0.140625,0.1967517132568751,0.03291625344914005,0.9375
3628,3,0.234375,0.2005140419311876,0.03305701752810377,0.9375
3629,3,0.078125,0.18827513773806884,0.03259706964007304,0.9375
3630,3,0.1875,0.18819762396426196,0.032594138034001144,0.9375
3631,3,0.15625,0.18500286156783577,0.032473111320632804,0.9375
3632,3,0.09375,0.1758775754110522,0.032125311579150474,0.9375
3633,3,0.296875,0.18797731786994698,0.03258580470150812,0.9375
3634,3,0.234375,0.19261708608295228,0.03276091448259561,0.9375
3635,3,0.15625,0.18898037747465704,0.032623731544233384,0.9375
3636,3,0.21875,0.19195733972719134,0.032736065759455486,0.9375
3637,3,0.21875,0.19463660575447223,0.03283687219529708,0.9375
3638,3,0.203125,0.195485445179025,0.032868750825594116,0.9375
3639,3,0.09375,0.1853119006611225,0.03248483554151418,0.9375
3640,3,0.25000001192092897,0.19178071178710313,0.0327294103626604,0.9375
3641,3,0.1875,0.1913526406083928,0.03271327548003035,0.9375
3642,3,0.234375,0.19565487654755354,0.03287511051901638,0.9375
3643,3,0.28125,0.20421438889279817,0.03319490883342192,0.9375
3644,3,0.36874998807907106,0.22066794881142546,0.03380120755575883,0.9375
3645,3,0.15625,0.2142261539302829,0.03356518236633106,0.9375
3646,3,0.28125,0.2209285385372546,0.03381071829907122,0.9375
3647,3,0.296875,0.22852318468352917,0.034086612208607446,0.9375
3648,3,0.28125,0.23379586621517623,0.034276672186586005,0.9375
3649,3,0.234375,0.2338537795936586,0.034278752914081806,0.9375
3650,3,0.171875,0.22765590163429275,0.03405523285369678,0.9375
3651,3,0.203125,0.22520281147086346,0.033966299333793366,0.9375
3652,3,0.375,0.24018253032377712,0.03450523080511174,0.9375
3653,3,0.265625,0.2427267772913994,0.03459576983384741,0.9375
3654,3,0.21875,0.24032909956225948,0.03451045454179879,0.9375
3655,3,0.15625,0.23192118960603353,0.03420923792396335,0.9375
3656,3,0.296875,0.23841657064543015,0.034442215710978295,0.9375
3657,3,0.25,0.23957491358088714,0.0344835649604942,0.9375
3658,3,0.140625,0.22967992222279843,0.03412841307719158,0.9375
3659,3,0.078125,0.2145244300005186,0.033576149851503166,0.9375
3660,3,0.15625,0.20869698700046674,0.03336120435941586,0.9375
3661,3,0.109375,0.19876478830042005,0.032991640967185265,0.9375
3662,3,0.109375,0.18982580947037803,0.03265566829389156,0.9375
3663,3,0.171875,0.1880307285233402,0.03258782519176807,0.9375
3664,3,0.140625,0.1832901556710062,0.032408069930155714,0.9375
3665,3,0.234375,0.18839864010390558,0.032601740079996756,0.9375
3666,3,0.15625,0.18518377609351502,0.032479975233357945,0.9375
3667,3,0.140625,0.18072789848416354,0.032310560775791274,0.9375
3668,3,0.09375,0.1720301086357472,0.03197775521729184,0.9375
3669,3,0.171875,0.17201459777217248,0.03197715927430902,0.9375
3670,3,0.15625,0.17043813799495525,0.03191654535917146,0.9375
3671,3,0.140625,0.16745682419545974,0.031801675110079926,0.9375
3672,3,0.09375,0.16008614177591377,0.03151635665639232,0.9375
3673,3,0.203125,0.16439002759832239,0.03168318674764458,0.9375
3674,3,0.125,0.16045102483849016,0.03153052493675169,0.9375
3675,3,0.234375,0.16784342235464114,0.03181658840984889,0.9375
3676,3,0.15625,0.16668408011917704,0.031771850292368196,0.9375
3677,3,0.15625,0.16564067210725933,0.03173154591758955,0.9375
3678,3,0.15625,0.1647016048965334,0.03169523968774839,0.9375
3679,3,0.171875,0.16541894440688007,0.03172297623139409,0.9375
3680,3,0.171875,0.16606454996619205,0.03174792387827576,0.9375
3681,3,0.125,0.16195809496957286,0.03158899616054472,0.9375
3682,3,0.1875,0.16451228547261557,0.031687916524961085,0.9375
3683,3,0.234375,0.171498556925354,0.031957327567395104,0.9375
3684,3,0.203125,0.17466120123281859,0.03207871949091968,0.9375
3685,3,0.1875,0.17594508110953672,0.032127895749130414,0.9375
3686,3,0.046875,0.16303807299858306,0.0316308495376477,0.9375
3687,3,0.015625,0.14829676569872474,0.031056209262044096,0.9375
3688,3,0.0625,0.13971708912885228,0.03071855494697122,0.9375
3689,3,0.203125,0.14605788021596705,0.030968317799525826,0.9375
3690,3,0.015625,0.13301459219437034,0.030453229586976695,0.9375
3691,3,0.09375,0.12908813297493332,0.03029719086924053,0.9375
3692,3,0.140625,0.13024181967744,0.030343084213057578,0.9375
3693,3,0.109375,0.128155137709696,0.03026004919640393,0.9375
3694,3,0.125,0.1278396239387264,0.03024748337828151,0.9375
3695,3,0.1875,0.13380566154485374,0.030484613459755255,0.9375
3696,3,0.171875,0.13761259539036835,0.03063538938308474,0.9375
3697,3,0.265625,0.15041383585133153,0.031139172646763504,0.9375
3698,3,0.140625,0.14943495226619838,0.031100830074993747,0.9375
3699,3,0.265625,0.16105395703957853,0.031553926713985596,0.9375
3700,3,0.15625,0.16057356133562067,0.03153528197651003,0.9375
3701,3,0.25,0.1695162052020586,0.031881056699210424,0.9375
3702,3,0.265625,0.17912708468185273,0.0322495163440497,0.9375
3703,3,0.140625,0.17527687621366747,0.03210230905912382,0.9375
3704,3,0.21875,0.17962418859230073,0.03226848274340399,0.9375
3705,3,0.28125,0.18978676973307065,0.03265419414813333,0.9375
3706,3,0.296875,0.20049559275976359,0.03305632864831925,0.9375
3707,3,0.1875,0.19919603348378723,0.03300776967168463,0.9375
3708,3,0.203125,0.19958893013540852,0.033022457665801634,0.9375
3709,3,0.234375,0.20306753712186768,0.033152231227432286,0.9375
3710,3,0.34375,0.2171357834096809,0.03367200812311137,0.9375
3711,3,0.21875,0.2172972050687128,0.03367792417265374,0.9375
3712,3,0.34375,0.22994248456184152,0.03413789307428525,0.9375
3713,3,0.4375,0.2506982361056574,0.034877527066448706,0.9375
3714,3,0.390625,0.26469091249509163,0.035364962024090764,0.9375
3715,3,0.328125,0.27103432124558247,0.03558287490562399,0.9375
3716,3,0.296875,0.2736183891210242,0.035671089131291744,0.9375
3717,3,0.21875,0.26813155020892177,0.03548339664919383,0.9375
3718,3,0.125,0.25381839518802957,0.03498701308739477,0.9375
3719,3,0.140625,0.2424990556692266,0.034587678143427794,0.9375
3720,3,0.0625,0.22449915010230395,0.03394074073951009,0.9375
3721,3,0.15625,0.21767423509207356,0.03369173789128126,0.9375
3722,3,0.203125,0.21621931158286622,0.033638398821807476,0.9375
3723,3,0.1875,0.2133473804245796,0.03353284852781104,0.9375
3724,3,0.3125,0.22326264238212165,0.03389577600999796,0.9375
3725,3,0.28125,0.22906137814390948,0.034106068137019836,0.9375
3726,3,0.21875,0.22803024032951855,0.03406878091991991,0.9375
3727,3,0.28125,0.2333522162965667,0.03426072766976326,0.9375
3728,3,0.265625,0.23657949466691,0.034376514127083084,0.9375
3729,3,0.3937500238418579,0.2522965475844048,0.03493366814901654,0.9375
3730,3,0.524999988079071,0.2795668916338714,0.03587292474652972,0.9375
3731,3,0.33749998807907106,0.28536020127839135,0.0360678289263982,0.9375
3732,3,0.1875,0.2755741811505522,0.0357376402847187,0.9375
3733,3,0.1875,0.266766763035497,0.035436485338723976,0.9375
3734,3,0.109375,0.2510275867319473,0.034889105278854186,0.9375
3735,3,0.125,0.2384248280587526,0.03444251068878028,0.9375
3736,3,0.125,0.22708234525287735,0.03403446282202383,0.9375
3737,3,0.3499999761581421,0.23937410834340384,0.03447640116786381,0.9375
3738,3,0.15625,0.23106169750906347,0.034178269004555194,0.9375
3739,3,0.125,0.22045552775815713,0.03379345267239811,0.9375
3740,3,0.171875,0.2155974749823414,0.03361557430789601,0.9375
3741,3,0.25,0.21903772748410727,0.03374164343823071,0.9375
3742,3,0.234375,0.22057145473569656,0.0337976850733427,0.9375
3743,3,0.140625,0.2125768092621269,0.033504469298709164,0.9375
3744,3,0.140625,0.20538162833591422,0.03323829024129027,0.9375
3745,3,0.15625,0.2004684655023228,0.03305531570978277,0.9375
3746,3,0.125,0.19292161895209053,0.032772378707419725,0.9375
3747,3,0.0625,0.1798794570568815,0.03227821865471313,0.9375
3748,3,0.046875,0.16657901135119335,0.031767793450576745,0.9375
3749,3,0.0625,0.15617111021607402,0.03136405638046944,0.9375
3750,3,0.15625,0.15617899919446662,0.0313643637859936,0.9375
3751,3,0.140625,0.15462359927501998,0.031303715678991505,0.9375
3752,3,0.15625,0.15478623934751798,0.03131006106141332,0.9375
3753,3,0.140625,0.15337011541276618,0.0312547821107931,0.9375
3754,3,0.078125,0.14584560387148957,0.030959976344776232,0.9375
3755,3,0.015625,0.1328235434843406,0.030445647454473854,0.9375
3756,3,0.109375,0.13047868913590654,0.03035250216008439,0.9375
3757,3,0.109375,0.1283683202223159,0.030268537942227353,0.9375
3758,3,0.1875,0.13428148820008431,0.03050348206135083,0.9375
3759,3,0.171875,0.13804083938007589,0.030652323488143642,0.9375
3760,3,0.234375,0.1476742554420683,0.03103178735373174,0.9375
3761,3,0.15625,0.14853182989786148,0.031065427954470894,0.9375
3762,3,0.1875,0.15242864690807534,0.031217995339091333,0.9375
3763,3,0.15625,0.15281078221726782,0.031232930297439277,0.9375
3764,3,0.125,0.15002970399554105,0.031124129970855192,0.9375
3765,3,0.15625,0.15065173359598696,0.03114848639659284,0.9375
3766,3,0.046875,0.14027406023638828,0.030740543134732935,0.9375
3767,3,0.109375,0.13718415421274943,0.030618442026969225,0.9375
3768,3,0.09375,0.13284073879147448,0.030446329926134264,0.9375
3769,3,0.125,0.13205666491232704,0.03041520184368813,0.9375
3770,3,0.1875,0.13760099842109433,0.030634930726837924,0.9375
3771,3,0.0625,0.1300908985789849,0.030337082750006905,0.9375
3772,3,0.171875,0.1342693087210864,0.030502999173961067,0.9375
3773,3,0.09375,0.13021737784897774,0.030342112313659544,0.9375
3774,3,0.140625,0.13125814006407996,0.03038348193430336,0.9375
3775,3,0.140625,0.13219482605767197,0.030420688184718544,0.9375
3776,3,0.15625,0.13460034345190477,0.030516122377676837,0.9375
3777,3,0.140625,0.1352028091067143,0.030539997709809794,0.9375
3778,3,0.30624998807907106,0.15230752700394998,0.031213260633115997,0.9375
3779,3,0.234375,0.16051427430355497,0.03153298043365373,0.9375
3780,3,0.375,0.18196284687319947,0.03235758852392145,0.9375
3781,3,0.6875000119209289,0.2325165633779724,0.034230671077169116,0.9375
3782,3,0.40625001192092897,0.24988990823226806,0.03484908928166097,0.9375
3783,3,0.40625001192092897,0.2655259186011341,0.03539375686290108,0.9375
3784,3,0.203125,0.2592858267410207,0.03517776813342529,0.9375
3785,3,0.203125,0.2536697440669186,0.03498180721067207,0.9375
3786,3,0.1875,0.24705276966022674,0.03474903722687263,0.9375
3787,3,0.25,0.24734749269420406,0.034759447919902604,0.9375
3788,3,0.1875,0.24136274342478364,0.034547266088731786,0.9375
3789,3,0.109375,0.22816396908230527,0.03407361934499164,0.9375
3790,3,0.078125,0.21316007217407473,0.033525952470866226,0.9375
3791,3,0.125,0.20434406495666724,0.03319973108806762,0.9375
3792,3,0.25,0.2089096584610005,0.03336907355000382,0.9375
3793,3,0.25,0.21301869261490047,0.03352074638056416,0.9375
3794,3,0.171875,0.20890432335341041,0.033368876165157525,0.9375
3795,3,0.125,0.20051389101806938,0.033057011893163735,0.9375
3796,3,0.140625,0.19452500191626246,0.03283267874587189,0.9375
3797,3,0.203125,0.1953850017246362,0.03286498009510818,0.9375
3798,3,0.15625,0.19147150155217257,0.03271775630632428,0.9375
3799,3,0.25,0.1973243513969553,0.03293771450913907,0.9375
3800,3,0.25,0.20259191625725978,0.03313451639779311,0.9375
3801,3,0.1875,0.2010827246315338,0.03307824506080415,0.9375
3802,3,0.328125,0.2137869521683804,0.03354902630222705,0.9375
3803,3,0.234375,0.21584575695154237,0.03362468945595215,0.9375
3804,3,0.21875,0.21613618125638814,0.033635348468574064,0.9375
3805,3,0.140625,0.20858506313074934,0.03335706224437091,0.9375
3806,3,0.1875,0.2064765568176744,0.033278933630592776,0.9375
3807,3,0.203125,0.20614140113590695,0.033266497966046006,0.9375
3808,3,0.09375,0.19490226102231625,0.03284685207004485,0.9375
3809,3,0.140625,0.18947453492008465,0.032642402006755444,0.9375
3810,3,0.125,0.18302708142807617,0.03239806969692514,0.9375
3811,3,0.125,0.17722437328526858,0.03217683663947334,0.9375
3812,3,0.1875,0.1782519359567417,0.03221610396326224,0.9375
3813,3,0.328125,0.19323924236106754,0.0327843318751606,0.9375
3814,3,0.234375,0.1973528181249608,0.03293878103260551,0.9375
3815,3,0.234375,0.20105503631246474,0.03307721182447145,0.9375
3816,3,0.28125,0.20907453268121826,0.033375172879957386,0.9375
3817,3,0.296875,0.21785457941309644,0.033698343257692075,0.9375
3818,3,0.234375,0.2195066214717868,0.03375878725565658,0.9375
3819,3,0.21875,0.21943095932460813,0.03375602151228543,0.9375
3820,3,0.125,0.2099878633921473,0.033408940131657044,0.9375
3821,3,0.140625,0.20305157705293259,0.03315163693195255,0.9375
3822,3,0.078125,0.19055891934763933,0.032683339703039375,0.9375
3823,3,0.109375,0.1824405274128754,0.03237576369667531,0.9375
3824,3,0.328125,0.19700897467158784,0.032925896577000735,0.9375
3825,3,0.234375,0.20074557720442907,0.033065661739996526,0.9375
3826,3,0.36874998807907106,0.21754601829189327,0.03368704092943871,0.9375
3827,3,0.3937500238418579,0.23516641884688974,0.03432587374595299,0.9375
3828,3,0.359375,0.24758727696220076,0.03476791503033096,0.9375
3829,3,0.359375,0.2587660492659807,0.035159693846790345,0.9375
3830,3,0.1875,0.2516394443393826,0.03491060158386005,0.9375
3831,3,0.1875,0.24522549990544434,0.03468440246130935,0.9375
3832,3,0.359375,0.2566404499148999,0.035085647782794105,0.9375
3833,3,0.359375,0.26691390492340994,0.03544154728388118,0.9375
3834,3,0.25,0.2652225144310689,0.03538329794506216,0.9375
3835,3,0.21875,0.260575262987962,0.035222550808406854,0.9375
3836,3,0.265625,0.2610802366891658,0.035240067345190876,0.9375
3837,3,0.265625,0.2615347130202492,0.035255821906385286,0.9375
3838,3,0.203125,0.2556937417182243,0.035052600561564805,0.9375
3839,3,0.25,0.2551243675464019,0.0350327049173136,0.9375
3840,3,0.359375,0.2655494307917617,0.03539456718922656,0.9375
3841,3,0.3125,0.2702444877125855,0.03555584740814475,0.9375
3842,3,0.234375,0.266657538941327,0.03543272716344463,0.9375
3843,3,0.078125,0.2478042850471943,0.03477557560358852,0.9375
3844,3,0.15625,0.23864885654247486,0.0344505124397443,0.9375
3845,3,0.203125,0.23509647088822738,0.03432336470579555,0.9375
3846,3,0.28125001192092897,0.23971182499149754,0.03448844827721267,0.9375
3847,3,0.28125001192092897,0.24386564368444066,0.0346362020646744,0.9375
3848,3,0.265625,0.2460415793159966,0.03471328798825229,0.9375
3849,3,0.28125,0.24956242138439694,0.034837559366034235,0.9375
3850,3,0.1875,0.24335617924595723,0.034618122268717695,0.9375
3851,3,0.125,0.2315205613213615,0.03419480668533571,0.9375
3852,3,0.125,0.22086850518922535,0.033808527519937244,0.9375
3853,3,0.1624999761581421,0.21503165228611704,0.03359479161118458,0.9375
3854,3,0.046875,0.19821598705750534,0.03297110491120645,0.9375
3855,3,0.109375,0.1893318883517548,0.03263701343884672,0.9375
3856,3,0.0625,0.17664869951657933,0.03215482092329236,0.9375
3857,3,0.0625,0.16523382956492141,0.031715820312586934,0.9375
3858,3,0.078125,0.15652294660842928,0.03137776419563681,0.9375
3859,3,0.109375,0.15180815194758635,0.031193734516511924,0.9375
3860,3,0.125,0.1491273367528277,0.03108877455392252,0.9375
3861,3,0.046875,0.13890210307754494,0.030686363984037963,0.9375
3862,3,0.125,0.13751189276979042,0.030631406494906033,0.9375
3863,3,0.109375,0.1346982034928114,0.03052000122997278,0.9375
3864,3,0.125,0.13372838314353025,0.030481548413805067,0.9375
3865,3,0.296875,0.1500430448291772,0.031124652479574827,0.9375
3866,3,0.125,0.14753874034625947,0.031026469293190164,0.9375
3867,3,0.0625,0.13903486631163353,0.03069160933044193,0.9375
3868,3,0.03125,0.12825637968047018,0.03026408072370201,0.9375
3869,3,0.03125,0.11855574171242317,0.029876522532234825,0.9375
3870,3,0.109375,0.11763766754118085,0.029839713966815236,0.9375
3871,3,0.171875,0.12306140078706276,0.030056847684460514,0.9375
3872,3,0.15625,0.12638026070835648,0.0301893260101736,0.9375
3873,3,0.078125,0.12155473463752084,0.029996607992347185,0.9375
3874,3,0.125,0.12189926117376876,0.03001038824962824,0.9375
3875,3,0.109375,0.12064683505639189,0.02996027899755624,0.9375
3876,3,0.171875,0.1257696515507527,0.030164975036884412,0.9375
3877,3,0.109375,0.12413018639567744,0.0300995429444271,0.9375
3878,3,0.21875001192092897,0.13359216894820258,0.030476145412059633,0.9375
3879,3,0.140625,0.13429545205338234,0.03050403568962943,0.9375
3880,3,0.203125,0.1411784068480441,0.030776225087851095,0.9375
3881,3,0.2249999761581421,0.1495605637790539,0.031105751951401445,0.9375
3882,3,0.109375,0.1455420074011485,0.030948043996600606,0.9375
3883,3,0.171875,0.14817530666103365,0.031051445224221475,0.9375
3884,3,0.046875,0.1380452759949303,0.030652498897179525,0.9375
3885,3,0.078125,0.13205324839543728,0.030415066167806745,0.9375
3886,3,0.109375,0.12978542355589354,0.030324933390498826,0.9375
3887,3,0.0625,0.1230568812003042,0.03005666707297406,0.9375
3888,3,0.109375,0.12168869308027379,0.03000196639368552,0.9375
3889,3,0.1875,0.1282698237722464,0.030264616055458757,0.9375
3890,3,0.234375,0.13888034139502176,0.0306855041507229,0.9375
3891,3,0.28125,0.15311730725551959,0.03124490675955118,0.9375
3892,3,0.359375,0.17374307652996762,0.03204351611232588,0.9375
3893,3,0.453125,0.20168126887697085,0.03310057321115422,0.9375
3894,3,0.421875,0.22370064198927375,0.033911711116564956,0.9375
3895,3,0.234375,0.22476807779034638,0.03395051134429263,0.9375
3896,3,0.375,0.23979127001131173,0.03449128151151838,0.9375
3897,3,0.1875,0.23456214301018055,0.034304191116095194,0.9375
3898,3,0.265625,0.2376684287091625,0.034415477280040845,0.9375
3899,3,0.1875,0.23265158583824624,0.03423552963405594,0.9375
3900,3,0.49374998807907106,0.2587614260623287,0.03515953302641527,0.9375
3901,3,0.359375,0.26882278345609584,0.03550712205273079,0.9375
3902,3,0.21875,0.26381550511048624,0.03533473826532104,0.9375
3903,3,0.140625,0.2514964545994376,0.034905579500709945,0.9375
3904,3,0.265625,0.25290930913949383,0.034955160088990835,0.9375
3905,3,0.1875,0.24636837822554444,0.03472484664153088,0.9375
3906,3,0.234375,0.24516904040299,0.034682402922767176,0.9375
3907,3,0.171875,0.237839636362691,0.03442159842321487,0.9375
3908,3,0.15625,0.22968067272642193,0.03412844017896953,0.9375
3909,3,0.3125,0.23796260545377973,0.03442599409324421,0.9375
3910,3,0.171875,0.23135384490840175,0.03418879921773515,0.9375
3911,3,0.203125,0.22853096041756155,0.03408689339518026,0.9375
3912,3,0.078125,0.2134903643758054,0.03353811172488003,0.9375
3913,3,0.1875,0.21089132793822485,0.03344230861371971,0.9375
3914,3,0.109375,0.20073969514440235,0.03306544216392245,0.9375
3915,3,0.359375,0.2166032256299621,0.03365248223084663,0.9375
3916,3,0.171875,0.21213040306696587,0.03348801733125089,0.9375
3917,3,0.1875,0.2096673627602693,0.033397094657332205,0.9375
3918,3,0.109375,0.19963812648424234,0.0330242963807192,0.9375
3919,3,0.234375,0.2031118138358181,0.03315387987880121,0.9375
3920,3,0.234375,0.2062381324522363,0.03327008757061172,0.9375
3921,3,0.171875,0.20280181920701265,0.0331423355067849,0.9375
3922,3,0.171875,0.19970913728631137,0.03302695024077039,0.9375
3923,3,0.203125,0.20005072355768022,0.033039713396829866,0.9375
3924,3,0.15625,0.1956706512019122,0.03287570257121072,0.9375
3925,3,0.078125,0.183916086081721,0.03243185295341486,0.9375
3926,3,0.171875,0.1827119774735489,0.03238608824398704,0.9375
3927,3,0.109375,0.175378279726194,0.03210619301386138,0.9375
3928,3,0.125,0.1703404517535746,0.031912786474700666,0.9375
3929,3,0.125,0.16580640657821716,0.03173795037445297,0.9375
3930,3,0.09375,0.15860076592039543,0.03145863375758437,0.9375
3931,3,0.03125,0.1458656893283559,0.03096076566838602,0.9375
3932,3,0.15625,0.1469041203955203,0.031001557008578248,0.9375
3933,3,0.171875,0.1494012083559683,0.03109950779076432,0.9375
3934,3,0.328125,0.16727358752037147,0.0317946047972997,0.9375
3935,3,0.25,0.1755462287683343,0.03211262497287378,0.9375
3936,3,0.25,0.18299160589150087,0.032396720967773275,0.9375
3937,3,0.21875,0.1865674453023508,0.03253243074155983,0.9375
3938,3,0.171875,0.18509820077211572,0.03247672865256268,0.9375
3939,3,0.125,0.17908838069490413,0.03224803925742508,0.9375
3940,3,0.203125,0.18149204262541374,0.03233966664976397,0.9375
3941,3,0.21875,0.18521783836287237,0.03248126742029945,0.9375
3942,3,0.203125,0.18700855452658516,0.03254913809272304,0.9375
3943,3,0.171875,0.18549519907392664,0.032491787747051984,0.9375
3944,3,0.109375,0.17788317916653398,0.032202016730464515,0.9375
3945,3,0.0625,0.1663448612498806,0.03175875122712539,0.9375
3946,3,0.03125,0.15283537512489254,0.031233891297422618,0.9375
3947,3,0.0625,0.14380183761240328,0.030879594271759687,0.9375
3948,3,0.03125,0.13254665385116296,0.03043465669459344,0.9375
3949,3,0.21875,0.14116698846604667,0.030775774718071688,0.9375
3950,3,0.203125,0.147362789619442,0.031019563540726866,0.9375
3951,3,0.1875,0.1513765106574978,0.03117685037459026,0.9375
3952,3,0.1875,0.15498885959174802,0.031317965050645116,0.9375
3953,3,0.296875,0.16917747363257324,0.03186801009665272,0.9375
3954,3,0.328125,0.1850722262693159,0.0324757431697159,0.9375
3955,3,0.4375,0.2103150036423843,0.0334210266125186,0.9375
3956,3,0.296875,0.2189710032781459,0.03373920308936151,0.9375
3957,3,0.4375,0.2408239029503313,0.034528082192435396,0.9375
3958,3,0.296875,0.24642901265529815,0.03472699070126348,0.9375
3959,3,0.328125,0.25459861138976836,0.03501431995536308,0.9375
3960,3,0.203125,0.2494512502507915,0.03483364420823332,0.9375
3961,3,0.125,0.23700612522571235,0.03439178572909074,0.9375
3962,3,0.1875,0.23205551270314112,0.034214074857348814,0.9375
3963,3,0.09375,0.21822496143282702,0.033711904691459835,0.9375
3964,3,0.09375,0.20577746528954433,0.033252989234853675,0.9375
3965,3,0.140625,0.19926221876058992,0.03301024436480168,0.9375
3966,3,0.21875,0.20121099688453092,0.033083031354215246,0.9375
3967,3,0.234375,0.20452739719607785,0.0332065474846185,0.9375
3968,3,0.203125,0.20438715747647007,0.033201333415245476,0.9375
3969,3,0.171875,0.20113594172882307,0.03308023086003042,0.9375
3970,3,0.125,0.19352234755594078,0.03279498269320211,0.9375
3971,3,0.21875,0.1960451128003467,0.03288975393242781,0.9375
3972,3,0.1875,0.19519060152031203,0.03285768102223454,0.9375
3973,3,0.125,0.18817154136828085,0.03259315152665119,0.9375
3974,3,0.28125001192092897,0.19747938842354565,0.032943522677517025,0.9375
3975,3,0.109375,0.18866894958119107,0.032611960225773236,0.9375
3976,3,0.15625,0.18542705462307196,0.03248920328935996,0.9375
3977,3,0.15625,0.18250934916076478,0.032378381578690114,0.9375
3978,3,0.09375,0.1736334142446883,0.03203930933177663,0.9375
3979,3,0.0625,0.1625200728202195,0.03161077997407266,0.9375
3980,3,0.0625,0.15251806553819755,0.03122149050348746,0.9375
3981,3,0.09375,0.1466412589843778,0.03099123455966121,0.9375
3982,3,0.15625,0.14760213308594003,0.03102895710606726,0.9375
3983,3,0.078125,0.14065441977734602,0.030755553641546536,0.9375
3984,3,0.1875,0.1453389777996114,0.030940062656303908,0.9375
3985,3,0.171875,0.14799258001965027,0.03104427718248657,0.9375
3986,3,0.15625,0.14881832201768525,0.031076661165424853,0.9375
3987,3,0.09375,0.1433114898159167,0.03086028948351814,0.9375
3988,3,0.15625,0.14460534083432505,0.030911211808572626,0.9375
3989,3,0.140625,0.14420730675089255,0.030895551819413843,0.9375
3990,3,0.15625,0.1454115760758033,0.030942916730240425,0.9375
3991,3,0.171875,0.14805791846822297,0.031046840415130113,0.9375
3992,3,0.21875,0.15512712662140068,0.03132335791864292,0.9375
3993,3,0.0625,0.1458644139592606,0.030960715548967756,0.9375
3994,3,0.125,0.14377797256333458,0.030878654886320724,0.9375
3995,3,0.140625,0.14346267530700113,0.030866242383090648,0.9375
3996,3,0.140625,0.14317890777630102,0.030855068512452635,0.9375
3997,3,0.125,0.14136101699867093,0.03078342715433551,0.9375
3998,3,0.140625,0.14128741529880384,0.030780524456605465,0.9375
3999,4,0.0,0.12715867376892345,0.03022035405012352,0.578125
4000,4,0.046875,0.11913030639203111,0.029899547524681047,0.578125
4001,4,0.03125,0.110342275752828,0.02954645539214923,0.578125
4002,4,0.0,0.0993080481775452,0.029100459936809587,0.578125
4003,4,0.0,0.08937724335979068,0.02869674892200887,0.640625
4004,4,0.0625,0.08668951902381161,0.028587137223097282,0.640625
4005,4,0.0,0.07802056712143045,0.028232657228751307,0.671875
4006,4,0.0,0.07021851040928741,0.027912486705959607,0.734375
4007,4,0.015625,0.06475915936835866,0.027687869137379154,0.734375
4008,4,0.109375,0.06922074343152279,0.02787146941579395,0.734375
4009,4,0.046875,0.06698616908837052,0.02777955157818829,0.734375
4010,4,0.03125,0.06341255217953347,0.02763239579544313,0.734375
4011,4,0.09375,0.06644629696158012,0.027757332756249087,0.734375
4012,4,0.0,0.05980166726542211,0.027483517823238823,0.78125
4013,4,0.03125,0.056946500538879896,0.027365671741888992,0.78125
4014,4,0.1875,0.07000185048499191,0.027903581357196873,0.78125
4015,4,0.109375,0.07393916543649273,0.02806529759585453,0.78125
4016,4,0.046875,0.07123274889284346,0.027954164838193858,0.78125
4017,4,0.03125,0.06723447400355913,0.02778976925355957,0.78125
4018,4,0.046875,0.06519852660320322,0.027705963059693695,0.78125
4019,4,0.171875,0.07586617394288289,0.028144351130161078,0.78125
4020,4,0.0625,0.07452955654859461,0.028089524471840016,0.78125
4021,4,0.109375,0.07801410089373516,0.02823239230706483,0.78125
4022,4,0.015625,0.07177519080436164,0.0279764486018876,0.78125
4023,4,0.0,0.06459767172392547,0.027681218072570415,0.84375
4024,4,0.046875,0.06282540455153293,0.027608200068461805,0.84375
4025,4,0.015625,0.05810536409637964,0.027413516555066443,0.84375
4026,4,0.078125,0.06010732768674168,0.0274961273501709,0.84375
4027,4,0.21875,0.07597159491806751,0.028148674089132082,0.84375
4028,4,0.078125,0.07618693542626076,0.028157503882947132,0.84375
4029,4,0.03125,0.07169324188363468,0.027973082409184925,0.84375
4030,4,0.046875,0.06921141769527121,0.02787108596902125,0.84375
4031,4,0.078125,0.07010277592574408,0.027907729777433332,0.84375
4032,4,0.09375,0.07246749833316968,0.028004881942093243,0.84375
4033,4,0.0,0.06522074849985271,0.027706878120787162,0.859375
4034,4,0.125,0.07119867364986743,0.027952764852190056,0.859375
4035,4,0.109375,0.0750163062848807,0.028109493964107748,0.859375
4036,4,0.09375,0.07688967565639263,0.02818631337091664,0.859375
4037,4,0.171875,0.08638820809075336,0.02857484019147823,0.859375
4038,4,0.109375,0.08868688728167802,0.02866860826826767,0.859375
4039,4,0.140625,0.09388069855351021,0.028880083033783824,0.859375
4040,4,0.0625,0.09074262869815919,0.028752377210126134,0.859375
4041,4,0.0625,0.08791836582834328,0.0286372702205023,0.859375
4042,4,0.125,0.09162652924550896,0.0287883687075899,0.859375
4043,4,0.140625,0.09652637632095806,0.0289875899504672,0.859375
4044,4,0.09375,0.09624873868886226,0.02897631519650534,0.859375
4045,4,0.109375,0.09756136481997604,0.029029605721252114,0.859375
4046,4,0.0,0.08780522833797844,0.028632655817131564,0.890625
4047,4,0.03125,0.0821497055041806,0.028401674935790478,0.890625
4048,4,0.09375,0.08330973495376254,0.028449102083396745,0.890625
4049,4,0.03125,0.0781037614583863,0.02823606563920076,0.890625
4050,4,0.109375,0.08123088531254767,0.02836409176129794,0.890625
4051,4,0.15625,0.08873279678129291,0.028670479950960993,0.890625
4052,4,0.03125,0.08298451710316362,0.028435808272857473,0.890625
4053,4,0.171875,0.09187356539284726,0.028798424892550602,0.890625
4054,4,0.0625,0.08893620885356254,0.02867877234400379,0.890625
4055,4,0.09375,0.08941758796820629,0.028698393174507966,0.890625
4056,4,0.09375,0.08985082917138565,0.028716047940912218,0.890625
4057,4,0.125,0.09336574625424708,0.0288591407455101,0.890625
4058,4,0.234375,0.10746667162882237,0.029430501008802148,0.890625
4059,4,0.078125,0.10453250446594013,0.02931198199082265,0.890625
4060,4,0.171875,0.11126675401934612,0.029583690909948057,0.890625
4061,4,0.140625,0.1142025786174115,0.02970179788011748,0.890625
4062,4,0.203125,0.12309482075567034,0.030058183194391366,0.890625
4063,4,0.078125,0.1185978386801033,0.02987820981040956,0.890625
4064,4,0.125,0.11923805481209297,0.029903864452751245,0.890625
4065,4,0.078125,0.11512674933088368,0.029738932169752832,0.890625
4066,4,0.15625,0.11923907439779531,0.02990390530088314,0.890625
4067,4,0.140625,0.12137766695801577,0.029989524467294346,0.890625
4068,4,0.15625,0.1248649002622142,0.030128874915482093,0.890625
4069,4,0.21875,0.13425341023599277,0.03050236883032726,0.890625
4070,4,0.328125,0.1536405692123935,0.03126534444225983,0.890625
4071,4,0.171875,0.15546401229115414,0.03133649493284298,0.890625
4072,4,0.21875,0.16179261106203874,0.031582579495616325,0.890625
4073,4,0.140625,0.15967584995583486,0.03150041980459352,0.890625
4074,4,0.21875,0.1655832649602514,0.03172932731803657,0.890625
4075,4,0.0625,0.15527493846422627,0.031329122370443975,0.890625
4076,4,0.234375,0.16318494461780364,0.03163653830727667,0.890625
4077,4,0.1875,0.16561645015602328,0.031730609831878885,0.890625
4078,4,0.203125,0.16936730514042098,0.03187532215574145,0.890625
4079,4,0.09375,0.16180557462637887,0.03158308219354951,0.890625
4080,4,0.171875,0.16281251716374098,0.03162211165878693,0.890625
4081,4,0.171875,0.16371876544736688,0.031657208526943335,0.890625
4082,4,0.265625,0.1739093889026302,0.03204989523331655,0.890625
4083,4,0.15625,0.17214345001236717,0.031982109645948616,0.890625
4084,4,0.09375,0.16430410501113044,0.031679862361340475,0.890625
4085,4,0.1875,0.16662369451001738,0.03176951877247578,0.890625
4086,4,0.171875,0.16714882505901563,0.03178979008040847,0.890625
4087,4,0.15625,0.16605894255311407,0.03174770725755907,0.890625
4088,4,0.140625,0.16351554829780268,0.03164934085402737,0.890625
4089,4,0.140625,0.16122649346802242,0.031560621152182326,0.890625
4090,4,0.09375,0.15447884412122018,0.03129806734482989,0.890625
4091,4,0.1875,0.15778095970909814,0.03142674375217367,0.890625
4092,4,0.171875,0.15919036373818832,0.03148155487678541,0.890625
4093,4,0.125,0.1557713273643695,0.0313484755672434,0.890625
4094,4,0.203125,0.16050669462793254,0.03153268617948425,0.890625
4095,4,0.234375,0.1678935251651393,0.03181852077821384,0.890625
4096,4,0.15625,0.16672917264862538,0.03177359125556734,0.890625
4097,4,0.21875,0.17193125538376286,0.031973957028680486,0.890625
4098,4,0.234375,0.17817562984538657,0.03221318932989633,0.890625
4099,4,0.171875,0.1775455668608479,0.03218911490290347,0.890625
4100,4,0.265625,0.18635351017476312,0.03252432511726954,0.890625
4101,4,0.3125,0.1989681591572868,0.03299924802507604,0.890625
4102,4,0.21875,0.20094634324155813,0.03307315546133096,0.890625
4103,4,0.171875,0.19803920891740232,0.03296448734858176,0.890625
4104,4,0.078125,0.18604778802566208,0.03251273882540195,0.890625
4105,4,0.078125,0.17525550922309588,0.032101490613617015,0.890625
4106,4,0.15625,0.1733549583007863,0.032028625473050056,0.890625
4107,4,0.21875,0.17789446247070767,0.032202447848855335,0.890625
4108,4,0.140625,0.1741675162236369,0.03205979405738409,0.890625
4109,4,0.046875,0.16143826460127322,0.031568836521448054,0.890625
4110,4,0.1875,0.1640444381411459,0.031669814179217895,0.890625
4111,4,0.234375,0.17107749432703132,0.031941138885860365,0.890625
4112,4,0.109375,0.16490724489432818,0.03170319275290436,0.890625
4113,4,0.140625,0.16247902040489537,0.03160918903395662,0.890625
4114,4,0.125,0.15873111836440584,0.031463702323834865,0.890625
4115,4,0.265625,0.16942050652796525,0.03187737117475142,0.890625
4116,4,0.09375,0.16185345587516872,0.03158493887134283,0.890625
4117,4,0.234375,0.16910561028765186,0.03186524168370626,0.890625
4118,4,0.171875,0.16938254925888668,0.03187590928388739,0.890625
4119,4,0.234375,0.17588179433299803,0.03212547308757842,0.890625
4120,4,0.125,0.17079361489969824,0.0319302209525256,0.890625
4121,4,0.078125,0.1615267534097284,0.0315722688715769,0.890625
4122,4,0.203125,0.16568657806875559,0.031733319951471425,0.890625
4123,4,0.125,0.16161792026188004,0.03157580482071427,0.890625
4124,4,0.140625,0.15951862823569204,0.031494311381919576,0.890625
4125,4,0.03125,0.14669176541212284,0.030993218092615543,0.890625
4126,4,0.03125,0.13514758887091055,0.030537809808435165,0.890625
4127,4,0.21875,0.1435078299838195,0.03086802020330322,0.890625
4128,4,0.0625,0.13540704698543757,0.030548089118621276,0.890625
4129,4,0.25,0.14686634228689383,0.031000073612822476,0.890625
4130,4,0.125,0.14467970805820446,0.030914137119078356,0.890625
4131,4,0.078125,0.13802423725238402,0.0306516670898773,0.890625
4132,4,0.015625,0.1257843135271456,0.030165559873810584,0.890625
4133,4,0.1875,0.13195588217443105,0.030411199443652323,0.890625
4134,4,0.03125,0.12188529395698795,0.030009829655181477,0.890625
4135,4,0.140625,0.12375926456128915,0.030084729065004107,0.890625
4136,4,0.015625,0.11294583810516023,0.029651266036095393,0.890625
4137,4,0.046875,0.1063387542946442,0.029384965354809847,0.890625
4138,4,0.03125,0.09882987886517978,0.029081069673625212,0.890625
4139,4,0.09375,0.0983218909786618,0.02906046470909522,0.890625
4140,4,0.1875,0.10723970188079562,0.029421340340024357,0.890625
4141,4,0.203125,0.11682823169271606,0.029807242964572767,0.890625
4142,4,0.203125,0.12545790852344446,0.030152538834159238,0.890625
4143,4,0.09375,0.12228711767110001,0.03002589780914354,0.890625
4144,4,0.15625,0.12568340590399,0.030161534750945393,0.890625
4145,4,0.1875,0.131865065313591,0.030407592570691262,0.890625
4146,4,0.1875,0.1374285587822319,0.03062811032558931,0.890625
4147,4,0.140625,0.13774820290400872,0.03064075231810398,0.890625
4148,4,0.046875,0.12866088261360786,0.03028018545751134,0.890625
4149,4,0.046875,0.12048229435224708,0.029953692671344945,0.890625
4150,4,0.171875,0.12562156491702237,0.03015906782620222,0.890625
4151,4,0.125,0.12555940842532012,0.030156588209780455,0.890625
4152,4,0.078125,0.12081596758278812,0.029967048380775976,0.890625
4153,4,0.046875,0.1134218708245093,0.029670411327801124,0.890625
4154,4,0.171875,0.11926718374205837,0.029905031447772058,0.890625
4155,4,0.109375,0.11827796536785254,0.029865387889992795,0.890625
4156,4,0.234375,0.12988766883106728,0.03032900018557083,0.890625
4157,4,0.390625,0.15596140194796054,0.03135588403847047,0.890625
4158,4,0.4406250238418579,0.1844277641373503,0.032451283859897755,0.890625
4159,4,0.375,0.20348498772361528,0.033167771921043664,0.890625
4160,4,0.25,0.20813648895125375,0.033340456082496174,0.890625
4161,4,0.265625,0.21388534005612836,0.03355264621036707,0.890625
4162,4,0.09375,0.20187180605051552,0.03310767800119224,0.890625
4163,4,0.125,0.194184625445464,0.032819886279793174,0.890625
4164,4,0.125,0.18726616290091758,0.03255889177858574,0.890625
4165,4,0.203125,0.18885204661082583,0.03261888135892658,0.890625
4166,4,0.15625,0.18559184194974326,0.03249545273904579,0.890625
4167,4,0.109375,0.17797015775476893,0.03220533993308231,0.890625
4168,4,0.015625,0.16173564197929205,0.03158037029464164,0.890625
4169,4,0.125,0.15806207778136283,0.0314376816183306,0.890625
4170,4,0.15625,0.15788087000322656,0.031430631408082665,0.890625
4171,4,0.0625,0.1483427830029039,0.031058014095680316,0.890625
4172,4,0.140625,0.14757100470261353,0.031027735505782833,0.890625
4173,4,0.125,0.1453139042323522,0.030939076894839587,0.890625
4174,4,0.15625,0.14640751380911698,0.030982053671196216,0.890625
4175,4,0.140625,0.1458292624282053,0.030959334145110026,0.890625
4176,4,0.125,0.14374633618538474,0.03087740957569395,0.890625
4177,4,0.203125,0.14968420256684628,0.031110596038395718,0.890625
4178,4,0.15625,0.15034078231016165,0.03113631222017865,0.890625
4179,4,0.21875,0.1571817040791455,0.031403418858423036,0.890625
4180,4,0.109375,0.15240103367123095,0.0312169159500979,0.890625
4181,4,0.109375,0.14809843030410785,0.031048429629931026,0.890625
4182,4,0.171875,0.15047608727369707,0.03114160997916813,0.890625
4183,4,0.15625,0.15105347854632736,0.03116421067645376,0.890625
4184,4,0.21875,0.15782313069169462,0.03142838472749106,0.890625
4185,4,0.171875,0.15922831762252515,0.031483029966859775,0.890625
4186,4,0.21875,0.16518048586027265,0.03171375800369107,0.890625
4187,4,0.25,0.17366243727424538,0.03204042273313876,0.890625
4188,4,0.171875,0.17348369354682083,0.03203356516198344,0.890625
4189,4,0.15625,0.17176032419213874,0.031967388602042665,0.890625
4190,4,0.1875,0.17333429177292486,0.03202783242397957,0.890625
4191,4,0.03125,0.15912586259563238,0.03147904790789692,0.890625
4192,4,0.203125,0.16352577633606913,0.03164973687250882,0.890625
4193,4,0.171875,0.16436069870246223,0.03168205202713662,0.890625
4194,4,0.046875,0.15261212883221603,0.031225166937097305,0.890625
4195,4,0.0625,0.14360091594899443,0.03087168496566391,0.890625
4196,4,0.125,0.14174082435409502,0.030798403345197234,0.890625
4197,4,0.125,0.1400667419186855,0.030732359684784234,0.890625
4198,4,0.078125,0.13387256772681697,0.03048726697882181,0.890625
4199,4,0.171875,0.13767281095413525,0.03063777082418606,0.890625
4200,4,0.09375,0.13328052985872174,0.030463782076877506,0.890625
4201,4,0.0625,0.12620247687284958,0.030182237085194005,0.890625
4202,4,0.109375,0.12451972918556463,0.030115096485889194,0.890625
4203,4,0.140625,0.12613025626700816,0.030179357123196388,0.890625
4204,4,0.15625,0.12914223064030733,0.030299343697963985,0.890625
4205,4,0.140625,0.1302905075762766,0.030345020177338866,0.890625
4206,4,0.078125,0.12507395681864894,0.03013721838808808,0.890625
4207,4,0.0625,0.11881656113678404,0.029886975627309714,0.890625
4208,4,0.078125,0.11474740502310564,0.029723692273621056,0.890625
4209,4,0.1875,0.12202266452079508,0.030015323324498695,0.890625
4210,4,0.171875,0.12700789806871557,0.030214345344371382,0.890625
4211,4,0.203125,0.134619608261844,0.030516885993877682,0.890625
4212,4,0.25937498807907106,0.1470951462435667,0.03100905714541409,0.890625
4213,4,0.3125,0.16363563161921005,0.03165399012273526,0.890625
4214,4,0.35312498807907106,0.18258456726519615,0.03238124256635077,0.890625
4215,4,0.265625,0.19088861053867653,0.0326957772081049,0.890625
4216,4,0.15625,0.1874247494848089,0.032564894997218645,0.890625
4217,4,0.203125,0.18899477453632801,0.0326242756327756,0.890625
4218,4,0.1875,0.1888452970826952,0.032618626247196095,0.890625
4219,4,0.296875,0.1996482673744257,0.03302467538474415,0.890625
4220,4,0.3125,0.21093344063698313,0.03344386317395478,0.890625
4221,4,0.171875,0.20702759657328482,0.03329936948782592,0.890625
4222,4,0.109375,0.19726233691595632,0.03293539098723696,0.890625
4223,4,0.140625,0.1915986032243607,0.03272254718570264,0.890625
4224,4,0.078125,0.18025124290192462,0.0322923942116746,0.890625
4225,4,0.109375,0.17316361861173216,0.032021282493385414,0.890625
4226,4,0.171875,0.17303475675055893,0.03201633646321535,0.890625
4227,4,0.140625,0.16979378107550305,0.031891744803962695,0.890625
4228,4,0.328125,0.18562690296795276,0.032496782272074726,0.890625
4229,4,0.32187498807907106,0.19925171147906456,0.03300985150515829,0.890625
4230,4,0.25,0.2043265403311581,0.03319907944099788,0.890625
4231,4,0.234375,0.2073313862980423,0.03331063050628623,0.890625
4232,4,0.109375,0.19753574766823806,0.03294563383348858,0.890625
4233,4,0.140625,0.19184467290141427,0.032731820577707606,0.890625
4234,4,0.140625,0.18672270561127285,0.03253831219016314,0.890625
4235,4,0.15625,0.18367543505014558,0.032422710853773976,0.890625
4236,4,0.1875,0.18405789154513102,0.032437238985108106,0.890625
4237,4,0.140625,0.17971460239061793,0.03227193139141508,0.890625
4238,4,0.125,0.17424314215155612,0.032062693751248886,0.890625
4239,4,0.078125,0.1646313279364005,0.03169252141258778,0.890625
4240,4,0.0625,0.15441819514276048,0.031295700622553504,0.890625
4241,4,0.125,0.15147637562848443,0.031180757241266444,0.890625
4242,4,0.171875,0.153516238065636,0.03126048909654048,0.890625
4243,4,0.21875,0.1600396142590724,0.03151454968623616,0.890625
4244,4,0.34375,0.17841065283316515,0.03222216572146173,0.890625
4245,4,0.375,0.19806958754984866,0.03296562463928314,0.890625
4246,4,0.34375,0.21263762879486378,0.03350671011306951,0.890625
4247,4,0.3125,0.22262386591537742,0.033872521487725606,0.890625
4248,4,0.28125,0.22848647932383967,0.03408528483136543,0.890625
4249,4,0.21875,0.2275128313914557,0.034050053237340665,0.890625
4250,4,0.171875,0.22194904825231013,0.03384793579871411,0.890625
4251,4,0.1875,0.2185041434270791,0.03372212300661744,0.890625
4252,4,0.140625,0.2107162290843712,0.033435844174336836,0.890625
4253,4,0.09375,0.1990196061759341,0.033001172132043316,0.890625
4254,4,0.046875,0.18380514555834068,0.032427638701054744,0.890625
4255,4,0.125,0.1779246310025066,0.032203600520963216,0.890625
4256,4,0.171875,0.17731966790225595,0.032180479859818804,0.890625
4257,4,0.28125,0.18771270111203034,0.03257579281218487,0.890625
4258,4,0.40625,0.2095664310008273,0.03339336341118981,0.890625
4259,4,0.203125,0.20892228790074457,0.033369540801131234,0.890625
4260,4,0.234375,0.2114675591106701,0.033463573377603736,0.890625
4261,4,0.140625,0.2043833031996031,0.03320119010313193,0.890625
4262,4,0.28125,0.21206997287964277,0.03348578958259148,0.890625
4263,4,0.1875,0.2096129755916785,0.03339508412439654,0.890625
4264,4,0.171875,0.20583917803251064,0.033255280296815196,0.890625
4265,4,0.203125,0.2055677602292596,0.033245202852315435,0.890625
4266,4,0.0625,0.19126098420633364,0.03270981983794787,0.890625
4267,4,0.14062501192092897,0.18619738697779317,0.032518408786722235,0.890625
4268,4,0.078125,0.17539014828001387,0.032106647578515723,0.890625
4269,4,0.046875,0.1625386334520125,0.03161149925155509,0.890625
4270,4,0.29687501192092897,0.17597227129890414,0.03212893656362723,0.890625
4271,4,0.0,0.15837504416901374,0.03144985554825797,0.890625
4272,4,0.0625,0.14878753975211237,0.03107545433331878,0.890625
4273,4,0.109375,0.14484628577690112,0.03092068900075458,0.890625
4274,4,0.203125,0.150674157199211,0.03114936419203746,0.890625
4275,4,0.1875,0.1543567414792899,0.0312933023759236,0.890625
4276,4,0.125,0.1514210673313609,0.031178593537868494,0.890625
4277,4,0.171875,0.1534664605982248,0.03125854505930166,0.890625
4278,4,0.171875,0.15530731453840232,0.03133038489535433,0.890625
4279,4,0.17187501192092897,0.15696408427665498,0.031394945462039456,0.890625
4280,4,0.109375,0.1522051758489895,0.031209259247135815,0.890625
4281,4,0.15625,0.15260965826409054,0.03122507037940599,0.890625
4282,4,0.125,0.1498486924376815,0.031117039887695364,0.890625
4283,4,0.109375,0.14580132319391334,0.030958236146465173,0.890625
4284,4,0.109375,0.142158690874522,0.030814875167420642,0.890625
4285,4,0.109375,0.13888032178706977,0.03068550337597998,0.890625
4286,4,0.140625,0.1390547896083628,0.0306923964349499,0.890625
4287,4,0.15625,0.14077431064752652,0.030760284106617703,0.890625
4288,4,0.21875,0.14857187958277387,0.03106699843893795,0.890625
4289,4,0.21875,0.15558969162449648,0.031341394900047184,0.890625
4290,4,0.15625,0.15565572246204684,0.03134396909193093,0.890625
4291,4,0.21875,0.16196515021584218,0.031589269708118,0.890625
4292,4,0.203125,0.166081135194258,0.031748564578019355,0.890625
4293,4,0.1875,0.1682230216748322,0.03183122662670548,0.890625
4294,4,0.171875,0.16858821950734898,0.031845304713444066,0.890625
4295,4,0.328125,0.18454189755661407,0.03245561671508528,0.890625
4296,4,0.265625,0.19265020780095266,0.03276216153410815,0.890625
4297,4,0.296875,0.2030726870208574,0.03315242298892093,0.890625
4298,4,0.3125,0.21401541831877166,0.0335574314541142,0.890625
4299,4,0.140625,0.2066763764868945,0.03328634557987305,0.890625
4300,4,0.25,0.21100873883820503,0.03344664256962739,0.890625
4301,4,0.28125,0.2180328649543845,0.033704871860513595,0.890625
4302,4,0.21875,0.21810457845894607,0.03370749754218164,0.890625
4303,4,0.078125,0.20410662061305146,0.03319090074207864,0.890625
4304,4,0.203125,0.20400845855174632,0.03318724951228344,0.890625
4305,4,0.140625,0.1976701126965717,0.03295066649269746,0.890625
4306,4,0.17187501192092897,0.19509060261900743,0.03285392582115382,0.890625
4307,4,0.125,0.18808154235710667,0.03258974734468854,0.890625
4308,4,0.203125,0.18958588812139598,0.032646607902850906,0.890625
4309,4,0.265625,0.19718979930925637,0.03293267299762306,0.890625
4310,4,0.1875,0.19622081937833072,0.032896345269077795,0.890625
4311,4,0.171875,0.19378623744049764,0.032804907782509336,0.890625
4312,4,0.25,0.19940761369644788,0.033015680123451734,0.890625
4313,4,0.046875,0.1841543523268031,0.032440902309822855,0.890625
4314,4,0.09375,0.1751139170941228,0.03209606662185518,0.890625
4315,4,0.109375,0.16854002538471052,0.031843447136795024,0.890625
4316,4,0.1875,0.17043602284623946,0.03191646397361244,0.890625
4317,4,0.15625,0.1690174205616155,0.031861844075868374,0.890625
4318,4,0.203125,0.17242817850545394,0.03199304651798322,0.890625
4319,4,0.15625,0.17081036065490857,0.03193086506970897,0.890625
4320,4,0.09375,0.1631043245894177,0.03163341574803779,0.890625
4321,4,0.078125,0.15460639213047594,0.03130304429360746,0.890625
4322,4,0.21875,0.16102075291742837,0.03155263827343025,0.890625
4323,4,0.171875,0.16210617762568552,0.03159473729836321,0.890625
4324,4,0.1875,0.16464555986311696,0.031693071909654556,0.890625
4325,4,0.25,0.17318100387680527,0.032021949736274175,0.890625
4326,4,0.203125,0.17617540348912475,0.03213671141861954,0.890625
4327,4,0.09375,0.16793286314021227,0.03182003790604329,0.890625
4328,4,0.1875,0.16988957682619105,0.03189543280262205,0.890625
4329,4,0.0,0.15290061914357195,0.031236440697467133,0.890625
4330,4,0.03125,0.14073555722921474,0.03075875508291856,0.890625
4331,4,0.0,0.12666200150629328,0.030200558312628575,0.890625
4332,4,0.0625,0.12024580135566396,0.029944224945436526,0.890625
4333,4,0.09375,0.11759622122009755,0.02983805173389017,0.890625
4334,4,0.140625,0.1198990990980878,0.02993034245055569,0.890625
4335,4,0.09375,0.11728418918827901,0.02982553605102973,0.890625
4336,4,0.03125,0.10868077026945112,0.02947948202357005,0.890625
4337,4,0.15625,0.11343769324250601,0.02967104758339493,0.890625
4338,4,0.0,0.1020939239182554,0.029213328586960664,0.921875
4339,4,0.0,0.09188453152642986,0.028798871265562104,0.9375
4340,4,0.140625,0.09675857837378687,0.028997018305833733,0.9375
4341,4,0.125,0.09958272053640818,0.029111595896279343,0.9375
4342,4,0.203125,0.10993694848276736,0.029530123299839436,0.9375
4343,4,0.265625,0.12550575363449062,0.030154447667516238,0.9375
4344,4,0.1875,0.13170517827104156,0.03040124193975513,0.9375
4345,4,0.28125,0.14665966044393738,0.030991957247271315,0.9375
4346,4,0.1875,0.15074369439954363,0.03115208619597705,0.9375
4347,4,0.1875,0.15441932495958927,0.03129574471281738,0.9375
4348,4,0.09375,0.14835239246363033,0.031058390977565343,0.9375
4349,4,0.03125,0.13664215321726728,0.03059699492302434,0.9375
4350,4,0.078125,0.13079043789554054,0.030364894886870067,0.9375
4351,4,0.15625,0.1333363941059865,0.030465998528031835,0.9375
4352,4,0.046875,0.12469025469538784,0.030121903875056807,0.9375
4353,4,0.125,0.12472122922584906,0.030123140295233632,0.9375
4354,4,0.109375,0.12318660630326417,0.030061850921780334,0.9375
4355,4,0.140625,0.12493044567293775,0.030131490969256006,0.9375
4356,4,0.125,0.12493740110564397,0.030131768568168737,0.9375
4357,4,0.25,0.13744366099507957,0.030628707689603338,0.9375
4358,4,0.25,0.1486992948955716,0.031071994488575096,0.9375
4359,4,0.15625,0.14945436540601445,0.03110159077917675,0.9375
4360,4,0.28125,0.162633928865413,0.03161519203559351,0.9375
4361,4,0.25,0.1713705359788717,0.031952406187672366,0.9375
4362,4,0.171875,0.17142098238098452,0.031954345517420484,0.9375
4363,4,0.171875,0.17146638414288606,0.03195609083663528,0.9375
4364,4,0.25,0.17931974572859746,0.03225686817651268,0.9375
4365,4,0.125,0.17388777115573772,0.03204906611371446,0.9375
4366,4,0.09375,0.16587399404016395,0.031740561874797756,0.9375
4367,4,0.125,0.16178659463614758,0.031582346190178655,0.9375
4368,4,0.171875,0.16279543517253284,0.03162144984320759,0.9375
4369,4,0.171875,0.16370339165527956,0.031656613371029506,0.9375
4370,4,0.140625,0.1613955524897516,0.03156717968655324,0.9375
4371,4,0.15625,0.16088099724077645,0.03154721483582963,0.9375
4372,4,0.21875,0.1666678975166988,0.031771225486105656,0.9375
4373,4,0.078125,0.15781360776502892,0.0314280141724785,0.9375
4374,4,0.046875,0.14671974698852605,0.030994316975291664,0.9375
4375,4,0.18750001192092897,0.15079777348176635,0.03115420299117997,0.9375
4376,4,0.09375,0.1450929961335897,0.03093039109877804,0.9375
4377,4,0.078125,0.13839619652023072,0.030666371271570143,0.9375
4378,4,0.046875,0.12924407686820766,0.030303396468126555,0.9375
4379,4,0.25,0.1413196691813869,0.03078179650282308,0.9375
4380,4,0.078125,0.13500020226324821,0.03053196971244376,0.9375
4381,4,0.203125,0.14181268203692338,0.030801236272494183,0.9375
4382,4,0.25,0.15263141383323103,0.031225920649712052,0.9375
4383,4,0.265625,0.16393077244990792,0.03166541499177981,0.9375
4384,4,0.140625,0.16160019520491714,0.03157511736819211,0.9375
4385,4,0.09375,0.15481517568442543,0.03131118991808358,0.9375
4386,4,0.078125,0.1471461581159829,0.03101105980077758,0.9375
4387,4,0.1875,0.1511815423043846,0.031169221995778065,0.9375
4388,4,0.203125,0.15637588807394615,0.031372035180912305,0.9375
4389,4,0.140625,0.15480079926655155,0.031310629072533104,0.9375
4390,4,0.09375,0.1486957193398964,0.031071854295391107,0.9375
4391,4,0.1875,0.15257614740590675,0.031223760648505863,0.9375
4392,4,0.171875,0.15450603266531607,0.03129912829196598,0.9375
4393,4,0.140625,0.15311792939878446,0.031244931064655698,0.9375
4394,4,0.21875,0.15968113645890603,0.031500625182843855,0.9375
4395,4,0.21875,0.16558802281301543,0.03172951119791775,0.9375
4396,4,0.140625,0.1630917205317139,0.03163292755000068,0.9375
4397,4,0.15625,0.1624075484785425,0.031606419082632085,0.9375
4398,4,0.078125,0.15397929363068824,0.031278569655721164,0.9375
4399,4,0.09375,0.1479563642676194,0.031042856377449614,0.9375
4400,4,0.125,0.14566072784085748,0.03095271044601654,0.9375
4401,4,0.078125,0.13890715505677173,0.03068656359249604,0.9375
4402,4,0.09375,0.13439143955109456,0.03050784117566754,0.9375
4403,4,0.109375,0.1318897955959851,0.030408574779411154,0.9375
4404,4,0.234375,0.14213831603638657,0.030814072138141347,0.9375
4405,4,0.1875,0.14667448443274791,0.030992539427767637,0.9375
4406,4,0.078125,0.13981953598947314,0.03072260006120378,0.9375
4407,4,0.046875,0.13052508239052585,0.030354346572935367,0.9375
4408,4,0.25,0.14247257415147324,0.030827244580124365,0.9375
4409,4,0.125,0.14072531673632593,0.030758351034668337,0.9375
4410,4,0.171875,0.14384028506269333,0.030881107618440696,0.9375
4411,4,0.15625,0.145081256556424,0.030929929472621093,0.9375
4412,4,0.234375,0.15401063090078163,0.03127979300400216,0.9375
4413,4,0.140625,0.15267206781070347,0.031227509483091182,0.9375
4414,4,0.125,0.14990486102963313,0.031119240080202316,0.9375
4415,4,0.171875,0.15210187492666982,0.031205220386489475,0.9375
4416,4,0.21875,0.15876668743400285,0.03146508527679739,0.9375
4417,4,0.171875,0.16007751869060258,0.031516021770666154,0.9375
4418,4,0.171875,0.16125726682154232,0.03156181505657621,0.9375
4419,4,0.1875,0.16388154013938808,0.03166350942256637,0.9375
4420,4,0.265625,0.17405588612544926,0.03205551349320273,0.9375
4421,4,0.265625,0.1832127975129043,0.032405129586384966,0.9375
4422,4,0.296875,0.1945790177616139,0.032834708420949335,0.9375
4423,4,0.1875,0.1938711159854525,0.03280809954682211,0.9375
4424,4,0.15625,0.19010900438690725,0.0326663600130334,0.9375
4425,4,0.203125,0.19141060394821652,0.03271546065359884,0.9375
4426,4,0.25000001192092897,0.19726954474548777,0.03293566105376257,0.9375
4427,4,0.43750001192092897,0.22129259146303187,0.033824000264089125,0.9375
4428,4,0.28125,0.22728833231672868,0.03404192382527548,0.9375
4429,4,0.3125,0.23580949908505583,0.034348930866788994,0.9375
4430,4,0.40625,0.25285354917655023,0.034953205091724025,0.9375
4431,4,0.43124998807907106,0.2706931930668023,0.0355712054518889,0.9375
4432,4,1.006249976158142,0.34424887137593624,0.03795266487395008,0.9375
4433,4,0.46875,0.3566989842383426,0.0383280780717758,0.9375
4434,4,0.4250000238418579,0.3635290881986941,0.038530542690714736,0.9375
4435,4,0.28125,0.3553011793788247,0.03828633795620618,0.9375
4436,4,0.234375,0.34320856144094225,0.0379209257724036,0.9375
4437,4,0.203125,0.32920020529684807,0.037488012380038495,0.9375
4438,4,0.171875,0.31346768476716325,0.03698964358322393,0.9375
4439,4,0.21875,0.3039959162904469,0.03668346606031839,0.9375
4440,4,0.265625,0.3001588246614022,0.036558132765435285,0.9375
4441,4,0.328125,0.30295544219526194,0.03664955407262315,0.9375
4442,4,0.28125,0.30078489797573577,0.03657863342923491,0.9375
4443,4,0.3125,0.3019564081781622,0.03661694111572358,0.9375
4444,4,0.25,0.29676076736034596,0.03644651919127755,0.9375
4445,4,0.34375,0.3014596906243114,0.036600707221913185,0.9375
4446,4,0.1875,0.29006372156188026,0.03622484968795759,0.9375
4447,4,0.1875,0.27980734940569224,0.03588104726842836,0.9375
4448,4,0.140625,0.265889114465123,0.03540627113196062,0.9375
4449,4,0.21875,0.2611752030186107,0.035243360190588054,0.9375
4450,4,0.171875,0.2522451827167496,0.03493186578957484,0.9375
4451,4,0.15625,0.24264566444507465,0.03459288790062307,0.9375
4452,4,0.171875,0.23556859800056718,0.03434029571614882,0.9375
4453,4,0.125,0.22451173820051046,0.03394119815664625,0.9375
4454,4,0.15625,0.2176855643804594,0.033692152883179304,0.9375
4455,4,0.1312499761581421,0.2090420055582277,0.0333739696657771,0.9375
4456,4,0.25,0.21313780500240492,0.03352513257115316,0.9375
4457,4,0.21875,0.21369902450216444,0.03354579090524137,0.9375
4458,4,0.203125,0.21264162205194798,0.03350685723387999,0.9375
4459,4,0.265625,0.21793995984675318,0.033701469955335454,0.9375
4460,4,0.15625,0.21177096386207786,0.03347476442468778,0.9375
4461,4,0.109375,0.20153136747587005,0.03309498262851731,0.9375
4462,4,0.125,0.19387823072828303,0.03280836707608995,0.9375
4463,4,0.09375,0.18386540765545473,0.032429927910192675,0.9375
4464,4,0.171875,0.18266636688990925,0.03238435364761107,0.9375
4465,4,0.171875,0.18158723020091833,0.03234329077511808,0.9375
4466,4,0.15625,0.1790535071808265,0.03224670830842802,0.9375
4467,4,0.234375,0.18458565646274386,0.032457277807228395,0.9375
4468,4,0.3125,0.19737709081646948,0.032939690398533214,0.9375
4469,4,0.296875,0.20732688173482255,0.0333104635567203,0.9375
4470,4,0.296875,0.2162816935613403,0.03364068765108241,0.9375
4471,4,0.265625,0.22121602420520628,0.03382120728622135,0.9375
4472,4,0.1875,0.21784442178468563,0.03369797125685747,0.9375
4473,4,0.109375,0.20699747960621706,0.03329825289176961,0.9375
4474,4,0.109375,0.19723523164559534,0.03293437537511156,0.9375
4475,4,0.078125,0.1853242084810358,0.03248530239660472,0.9375
4476,4,0.21875,0.18866678763293224,0.03261187849567099,0.9375
4477,4,0.203125,0.190112608869639,0.032666496076460765,0.9375
4478,4,0.328125,0.2039138479826751,0.033183730013268894,0.9375
4479,4,0.296875,0.2132099631844076,0.03352778943282586,0.9375
4480,4,0.1875,0.21063896686596684,0.03343299134111428,0.9375
4481,4,0.171875,0.20676257017937016,0.03328954227398628,0.9375
4482,4,0.125,0.19858631316143316,0.032984963771760925,0.9375
4483,4,0.296875,0.20841518184528984,0.033350774235309404,0.9375
4484,4,0.21875,0.20944866366076087,0.03338900925436569,0.9375
4485,4,0.21875,0.21037879729468478,0.033423383007415104,0.9375
4486,4,0.21875,0.21121591756521632,0.03345428870252142,0.9375
4487,4,0.328125,0.2229068258086947,0.03388282475363599,0.9375
4488,4,0.234375,0.22405364322782523,0.033924547817044924,0.9375
4489,4,0.1875,0.2203982789050427,0.03379136235048366,0.9375
4490,4,0.1875,0.21710845101453843,0.03367100629067871,0.9375
4491,4,0.1875,0.21414760591308457,0.03356229356719948,0.9375
4492,4,0.125,0.2052328453217761,0.03323276368540018,0.9375
4493,4,0.0625,0.1909595607895985,0.03269845323595854,0.9375
4494,4,0.234375,0.19530110471063866,0.032861830227256486,0.9375
4495,4,0.234375,0.1992084942395748,0.03300823559753107,0.9375
4496,4,0.109375,0.1902251448156173,0.03267074387527462,0.9375
4497,4,0.21875,0.1930776303340556,0.03277825039838156,0.9375
4498,4,0.234375,0.19720736730065003,0.03293333129072954,0.9375
4499,4,0.171875,0.19467413057058502,0.032838282058636835,0.9375
4500,4,0.09375,0.18458171751352653,0.03245712828730985,0.9375
4501,4,0.140625,0.1801860457621739,0.032289908726718594,0.9375
4502,4,0.125,0.1746674411859565,0.03207895864337922,0.9375
4503,4,0.1875,0.17595069706736086,0.0321281107248397,0.9375
4504,4,0.15625,0.17398062736062478,0.032052627369295594,0.9375
4505,4,0.0625,0.1628325646245623,0.03162288835421173,0.9375
4506,4,0.140625,0.16061180816210607,0.031536766668302185,0.9375
4507,4,0.171875,0.16173812734589546,0.03158046667684247,0.9375
4508,4,0.234375,0.16900181461130592,0.03186124281062476,0.9375
4509,4,0.0625,0.15835163315017534,0.031448945007526666,0.9375
4510,4,0.3125,0.1737664698351578,0.032044413452314444,0.9375
4511,4,0.09375,0.16576482285164204,0.03173634354917774,0.9375
4512,4,0.203125,0.16950084056647785,0.03188046500183942,0.9375
4513,4,0.140625,0.16661325650983008,0.031769115742956745,0.9375
4514,4,0.078125,0.1577644308588471,0.03142610055830406,0.9375
4515,4,0.109375,0.15292548777296236,0.031237412398951527,0.9375
4516,4,0.109375,0.1485704389956661,0.03106694194949604,0.9375
4517,4,0.1624999761581421,0.14996339271191372,0.031121532730569786,0.9375
4518,4,0.1875,0.15371705344072234,0.03126833103279406,0.9375
4519,4,0.2249999761581421,0.1608453457124643,0.03154583121656751,0.9375
4520,4,0.1875,0.16351081114121788,0.03164915743527652,0.9375
4521,4,0.3499999761581421,0.1821597276429103,0.03236508063453352,0.9375
4522,4,0.109375,0.17488125487861927,0.03208715241622538,0.9375
4523,4,0.25000001192092897,0.18239313058285025,0.03237396068521653,0.9375
4524,4,0.140625,0.17821631752456524,0.032214743487182694,0.9375
4525,4,0.33749998807907106,0.19414468458001582,0.032818384873055294,0.9375
4526,4,0.1875,0.19348021612201424,0.03279339784741702,0.9375
4527,4,0.1875,0.1928821945098128,0.03277089476704373,0.9375
4528,4,0.109375,0.18453147505883152,0.03245522106544548,0.9375
4529,4,0.09375,0.17545332755294837,0.032109067253532145,0.9375
4530,4,0.15625,0.17353299479765355,0.03203545673809543,0.9375
4531,4,0.1875,0.17492969531788818,0.03208900852182528,0.9375
4532,4,0.140625,0.17149922578609939,0.031957353278197674,0.9375
4533,4,0.15625,0.16997430320748946,0.03189869437580803,0.9375
4534,4,0.15625,0.16860187288674053,0.03184583094945736,0.9375
4535,4,0.15625,0.16736668559806647,0.031798197197228234,0.9375
4536,4,0.109375,0.1615675170382598,0.03157384994296141,0.9375
4537,4,0.15625,0.16103576533443384,0.03155322081437336,0.9375
4538,4,0.125,0.15743218880099047,0.03141316995732992,0.9375
4539,4,0.15625,0.15731396992089142,0.03140856808443131,0.9375
4540,4,0.15625,0.15720757292880227,0.03140442600133989,0.9375
4541,4,0.1875,0.16023681563592204,0.031522207814130225,0.9375
4542,4,0.21875,0.16608813407232983,0.03174883494703626,0.9375
4543,4,0.21875,0.17135432066509687,0.03195178279708836,0.9375
4544,4,0.25,0.17921888859858717,0.03225301969847467,0.9375
4545,4,0.25,0.18629699973872846,0.032522183746060584,0.9375
4546,4,0.296875,0.1973547997648556,0.032938855274766136,0.9375
4547,4,0.25,0.20261931978837003,0.03313553730965443,0.9375
4548,4,0.140625,0.19641988780953304,0.0329038115131319,0.9375
4549,4,0.15625,0.19240289902857974,0.032752849186580155,0.9375
4550,4,0.234375,0.19660010912572176,0.032910569528130644,0.9375
4551,4,0.15625,0.1925650982131496,0.03275895702354948,0.9375
4552,4,0.140625,0.18737108839183464,0.03256286378988106,0.9375
4553,4,0.1875,0.18738397955265118,0.03256335176277349,0.9375
4554,4,0.21875,0.19052058159738608,0.03268189314968028,0.9375
4555,4,0.265625,0.19803102343764747,0.032964180900927974,0.9375
4556,4,0.109375,0.1891654210938827,0.03263072403901479,0.9375
4557,4,0.328125,0.20306137898449445,0.03315200192179934,0.9375
4558,4,0.15625,0.19838024108604502,0.032977252528521996,0.9375
4559,4,0.234375,0.20197971697744052,0.033111701157469635,0.9375
4560,4,0.203125,0.2020942452796965,0.03311597051042876,0.9375
4561,4,0.21875001192092897,0.20375982194381975,0.03317799949043125,0.9375
4562,4,0.21875,0.2052588397494378,0.033233729315398024,0.9375
4563,4,0.09375,0.194107955774494,0.032817004154855244,0.9375
4564,4,0.203125,0.19500966019704458,0.03285088594906169,0.9375
4565,4,0.171875,0.19269619417734013,0.03276389287644437,0.9375
4566,4,0.3937500238418579,0.21280157714379191,0.03351274980073703,0.9375
4567,4,0.21875,0.21339641942941273,0.033534653735608815,0.9375
4568,4,0.34375001192092897,0.22643177867856434,0.034010886668157596,0.9375
4569,4,0.359375,0.2397261008107079,0.03448895741432911,0.9375
4570,4,0.28125,0.24387849072963708,0.034636657825779925,0.9375
4571,4,0.1875,0.23824064165667336,0.03443593030895437,0.9375
4572,4,0.325,0.24691657749100604,0.034744225074706515,0.9375
4573,4,0.15625,0.23784991974190545,0.03442196604032402,0.9375
4574,4,0.078125,0.2218774277677149,0.033845325293514895,0.9375
4575,4,0.140625,0.21375218499094342,0.03354774704373606,0.9375
4576,4,0.140625,0.20643946649184908,0.03327755765208086,0.9375
4577,4,0.09375,0.19517051984266418,0.03285692693813718,0.9375
4578,4,0.171875,0.19284096785839774,0.03276934292647852,0.9375
4579,4,0.203125,0.19386937107255797,0.032808033934131224,0.9375
4580,4,0.234375,0.1979199339653022,0.03296002167449056,0.9375
4581,4,0.109375,0.18906544056877198,0.03262694610241517,0.9375
4582,4,0.265625,0.19672139651189477,0.032915116890684916,0.9375
4583,4,0.203125,0.19736175686070528,0.032939115921206186,0.9375
4584,4,0.171875,0.19481308117463475,0.032843502158706246,0.9375
4585,4,0.046875,0.1800192730571713,0.03228355019970386,0.9375
4586,4,0.109375,0.17295484575145417,0.03201326898606315,0.9375
4587,4,0.078125,0.16347186117630877,0.031647649295926665,0.9375
4588,4,0.203125,0.1674371750586779,0.03180091699087804,0.9375
4589,4,0.125,0.16319345755281012,0.03163686801561671,0.9375
4590,4,0.28125001192092897,0.17499911298962198,0.03209166826963919,0.9375
4591,4,0.1875,0.17624920169065977,0.03213953566197442,0.9375
4592,4,0.171875,0.1758117815215938,0.03212279277904864,0.9375
4593,4,0.328125,0.19104310336943442,0.032701603958355134,0.9375
4594,4,0.203125,0.192251293032491,0.032747139324891705,0.9375
4595,4,0.125,0.1855261637292419,0.032492962059554154,0.9375
4596,4,0.140625,0.18103604735631773,0.032322300627948004,0.9375
4597,4,0.046875,0.16761994262068597,0.03180796815800773,0.9375
4598,4,0.1875,0.16960794835861737,0.031884589585932176,0.9375
4599,4,0.15625,0.16827215352275562,0.031833120893314845,0.9375
4600,4,0.203125,0.17175743817048006,0.03196727769102419,0.9375
4601,4,0.171875,0.17176919435343205,0.03196772948418674,0.9375
4602,4,0.171875,0.17177977491808885,0.031968136093814124,0.9375
4603,4,0.109375,0.16553929742627996,0.031727628038542476,0.9375
4604,4,0.125,0.16148536768365196,0.03157066361353592,0.9375
4605,4,0.140625,0.15939933091528677,0.03148967585376206,0.9375
4606,4,0.203125,0.16377189782375812,0.031659265344568824,0.9375
4607,4,0.09375,0.1567697080413823,0.03138737576386558,0.9375
4608,4,0.15625,0.15671773723724408,0.03138535162453282,0.9375
4609,4,0.15625,0.15667096351351967,0.0313835298225555,0.9375
4610,4,0.125,0.15350386716216768,0.031260005963853046,0.9375
4611,4,0.15625,0.1537784804459509,0.03127072952388254,0.9375
4612,4,0.171875,0.15558813240135583,0.03134133411247567,0.9375
4613,4,0.203125,0.16034181916122026,0.03152628499046348,0.9375
4614,4,0.15625,0.15993263724509824,0.031510394786709514,0.9375
4615,4,0.140625,0.15800187352058842,0.031435339386287245,0.9375
4616,4,0.09375,0.15157668616852957,0.03118468121559652,0.9375
4617,4,0.140625,0.15048151755167663,0.031141822585165815,0.9375
4618,4,0.0625,0.14168336579650898,0.03079613797777639,0.9375
4619,4,0.234375,0.1509525292168581,0.031160260011968144,0.9375
4620,4,0.140625,0.14991977629517228,0.031119824312471664,0.9375
4621,4,0.203125,0.15524029866565503,0.03132777153201294,0.9375
4622,4,0.265625,0.1662787687990895,0.031756198575708806,0.9375
4623,4,0.25,0.17465089191918057,0.03207832437305366,0.9375
4624,4,0.234375,0.1806233027272625,0.032306575085908694,0.9375
4625,4,0.1875,0.18131097245453626,0.032332771740502635,0.9375
4626,4,0.171875,0.18036737520908264,0.03229682108771386,0.9375
4627,4,0.28125001192092897,0.19045563888026726,0.03267944261270821,0.9375
4628,4,0.171875,0.18859757499224053,0.03260926189231542,0.9375
4629,4,0.203125,0.19005031749301649,0.0326641446066298,0.9375
4630,4,0.1875,0.18979528574371482,0.03265451571885547,0.9375
4631,4,0.15625,0.18644075716934333,0.03252763096204213,0.9375
4632,4,0.25,0.192796681452409,0.03276767583776325,0.9375
4633,4,0.28125,0.20164201330716808,0.03309910925954451,0.9375
4634,4,0.28125,0.20960281197645125,0.033394708391995265,0.9375
4635,4,0.1875,0.20739253077880612,0.03331289658020089,0.9375
4636,4,0.234375,0.21009077770092552,0.03341274286849379,0.9375
4637,4,0.203125,0.20939419993083297,0.033386995398344825,0.9375
4638,4,0.1875,0.20720477993774966,0.03330593786339291,0.9375
4639,4,0.15625,0.2021093019439747,0.03311653174906284,0.9375
4640,4,0.140625,0.19596087174957724,0.03288659333897036,0.9375
4641,4,0.171875,0.1935522845746195,0.032796108783073936,0.9375
4642,4,0.046875,0.17888455611715756,0.03224025964979995,0.9375
4643,4,0.125,0.17349610050544179,0.03203404119681433,0.9375
4644,4,0.125,0.1686464904548976,0.03184755057842796,0.9375
4645,4,0.15625,0.16740684140940784,0.03179974660648043,0.9375
4646,4,0.296875,0.18035365726846703,0.032296298196199995,0.9375
4647,4,0.234375,0.18575579154162034,0.032501669396911695,0.9375
4648,4,0.265625,0.1937427123874583,0.03280327096140701,0.9375
4649,4,0.234375,0.19780594114871247,0.032955753236081575,0.9375
4650,4,0.171875,0.19521284703384123,0.03285851634169026,0.9375
4651,4,0.078125,0.1835040623304571,0.03241619924245286,0.9375
4652,4,0.15625,0.1807786560974114,0.03231249478149222,0.9375
4653,4,0.0625,0.16895079048767025,0.03185927689592557,0.9375
4654,4,0.140625,0.16611821143890323,0.03174999682645326,0.9375
4655,4,0.171875,0.16669389029501291,0.031772229056376125,0.9375
4656,4,0.203125,0.1703370012655116,0.031912653696630315,0.9375
4657,4,0.21875001192092897,0.17517830233105336,0.032098533127283106,0.9375
4658,4,0.31250001192092897,0.18891047329004093,0.032621089637414315,0.9375
4659,4,0.234375,0.19345692596103684,0.032792521718486484,0.9375
4660,4,0.25000001192092897,0.19911123455702603,0.033004598751422344,0.9375
4661,4,0.171875,0.19638761110132344,0.03290260105194392,0.9375
4662,4,0.1375,0.1904988499911911,0.03268107315124953,0.9375
4663,4,0.140625,0.185511464992072,0.03249240462494332,0.9375
4664,4,0.203125,0.1872728184928648,0.03255914374210347,0.9375
4665,4,0.234375,0.19198303664357833,0.03273703392640728,0.9375
4666,4,0.09999997615814209,0.18278473059503472,0.032388854925216114,0.9375
4667,4,0.109375,0.17544375753553124,0.03210870074498095,0.9375
4668,4,0.09375,0.16727438178197812,0.03179463544696221,0.9375
4669,4,0.078125,0.15835944360378032,0.03144924878686616,0.9375
4670,4,0.046875,0.1472109992434023,0.031013605255329868,0.9375
4671,4,0.03125,0.13561489931906207,0.03055632246831856,0.9375
4672,4,0.109375,0.13299090938715585,0.030452289746752844,0.9375
4673,4,0.046875,0.12437931844844027,0.030109490685953685,0.9375
4674,4,0.203125,0.13225388660359624,0.030423033295616426,0.9375
4675,4,0.15625,0.1346534979432366,0.030518229282697984,0.9375
4676,4,0.109375,0.13212564814891295,0.030417941217460626,0.9375
4677,4,0.1875,0.13766308333402166,0.030637386117751565,0.9375
4678,4,0.203125,0.1442092750006195,0.030895629268992454,0.9375
4679,4,0.203125,0.15010084750055758,0.031126916320293675,0.9375
4680,4,0.30624998807907106,0.16571576155840892,0.03173444770814504,0.9375
4681,4,0.21875,0.17101918540256802,0.03193889657281411,0.9375
4682,4,0.0,0.15391726686231122,0.031276148152332844,0.9375
4683,4,0.203125,0.1588380401760801,0.031467859398794526,0.9375
4684,4,0.09375,0.1523292361584721,0.031214109302029638,0.9375
4685,4,0.109375,0.14803381254262488,0.031045894753427047,0.9375
4686,4,0.09375,0.1426054312883624,0.03083247926386694,0.9375
4687,4,0.0625,0.13459488815952617,0.030515906139493107,0.9375
4688,4,0.1875,0.13988539934357355,0.03072520050873222,0.9375
4689,4,0.109375,0.13683435940921618,0.030604601560635065,0.9375
4690,4,0.125,0.13565092346829455,0.030557749311264912,0.9375
4691,4,0.15625,0.1377108311214651,0.030639274412971103,0.9375
4692,4,0.140625,0.1380022480093186,0.03065079768860751,0.9375
4693,4,0.21875,0.14607702320838672,0.030969069959211594,0.9375
4694,4,0.09375,0.14084432088754806,0.03076304625895275,0.9375
4695,4,0.1875,0.14550988879879326,0.03094678146084618,0.9375
4696,4,0.234375,0.15439639991891393,0.03129485007192252,0.9375
4697,4,0.171875,0.15614425992702255,0.03136301010446021,0.9375
4698,4,0.078125,0.1483423339343203,0.031057996483193347,0.9375
4699,4,0.125,0.14600810054088825,0.03096636182050809,0.9375
4700,4,0.09375,0.14078229048679944,0.030760598947087027,0.9375
4701,4,0.09375,0.1360790614381195,0.030574704062705106,0.9375
4702,4,0.18750001192092897,0.14122115648640043,0.030777911206214755,0.9375
4703,4,0.203125,0.14741154083776037,0.031021477036885122,0.9375
4704,4,0.28125,0.16079538675398433,0.03154389226014795,0.9375
4705,4,0.125,0.1572158480785859,0.03140474817016873,0.9375
4706,4,0.171875,0.1586817632707273,0.031461783289359425,0.9375
4707,4,0.140625,0.1568760869436546,0.03139151868994724,0.9375
4708,4,0.171875,0.15837597824928915,0.03144989187769925,0.9375
4709,4,0.15625,0.15816338042436023,0.03144162249968952,0.9375
4710,4,0.15625,0.15797204238192422,0.03143417876829906,0.9375
4711,4,0.0625,0.1484248381437318,0.031061232194182522,0.9375
4712,4,0.140625,0.14764485432935864,0.031030633606047176,0.9375
4713,4,0.28125,0.16100536889642278,0.031552041304860716,0.9375
4714,4,0.25,0.1699048320067805,0.03189602007516324,0.9375
4715,4,0.171875,0.17010184880610243,0.03190360381114942,0.9375
4716,4,0.296875,0.1827791639254922,0.0323886432409587,0.9375
4717,4,0.265625,0.19106374753294297,0.03270238249008639,0.9375
4718,4,0.296875,0.20164487277964865,0.033099215899484585,0.9375
4719,4,0.3125,0.2127303855016838,0.03351012731225737,0.9375
4720,4,0.3125,0.22270734695151542,0.033875561596502464,0.9375
4721,4,0.3125,0.2316866122563639,0.034200788952671236,0.9375
4722,4,0.3125,0.2397679510307275,0.034490449920187634,0.9375
4723,4,0.21875,0.23766615592765478,0.03441539601301784,0.9375
4724,4,0.21875,0.23577454033488932,0.03434767792373066,0.9375
4725,4,0.21875,0.2340720863014004,0.034286594956107586,0.9375
4726,4,0.140625,0.22472737767126036,0.03394903284034838,0.9375
4727,4,0.109375,0.21319213990413433,0.03352713320055476,0.9375
4728,4,0.109375,0.2028104259137209,0.03314265607778435,0.9375
4729,4,0.203125,0.20284188332234881,0.03314382773541615,0.9375
4730,4,0.15625,0.19818269499011393,0.03296985874158455,0.9375
4731,4,0.03125,0.18148942549110253,0.03233956700149835,0.9375
4732,4,0.109375,0.17427798294199226,0.0320640295678772,0.9375
4733,4,0.1875,0.17560018464779303,0.032114691108491016,0.9375
4734,4,0.15625,0.17366516618301372,0.032040527419848155,0.9375
4735,4,0.109375,0.16723614956471233,0.03179316008365964,0.9375
4736,4,0.078125,0.1583250346082411,0.03144791047004163,0.9375
4737,4,0.125,0.154992531147417,0.03131810826148842,0.9375
4738,4,0.171875,0.1566807780326753,0.03138391209683782,0.9375
4739,4,0.109375,0.15195020022940775,0.03119928958195646,0.9375
4740,4,0.125,0.149255180206467,0.03109378513354252,0.9375
4741,4,0.1624999761581421,0.1505796598016345,0.031145664883114533,0.9375
4742,4,0.125,0.14802169382147107,0.031045419335971238,0.9375
4743,4,0.125,0.14571952443932396,0.030955021354127345,0.9375
4744,4,0.125,0.14364757199539158,0.030873521697663026,0.9375
4745,4,0.109375,0.14022031479585242,0.03073842177230999,0.9375
4746,4,0.15625,0.14182328331626717,0.030801654205481005,0.9375
4747,4,0.078125,0.13545345498464045,0.030549927520480483,0.9375
4748,4,0.078125,0.1297206094861764,0.03032235526478313,0.9375
4749,4,0.15625,0.13237354853755876,0.03042778439242419,0.9375
4750,4,0.15625,0.13476119368380288,0.03052249780757187,0.9375
4751,4,0.109375,0.1322225743154226,0.03042178999434668,0.9375
4752,4,0.09375,0.12837531688388032,0.030268816521789407,0.9375
4753,4,0.125,0.1280377851954923,0.030255375777595014,0.9375
4754,4,0.109375,0.12617150667594307,0.030181002095285892,0.9375
4755,4,0.078125,0.12136685600834876,0.029989091952331126,0.9375
4756,4,0.09375,0.11860517040751388,0.029878503666843595,0.9375
4757,4,0.109375,0.11768215336676249,0.029841498051671328,0.9375
4758,4,0.15625,0.12153893803008625,0.029995976089015542,0.9375
4759,4,0.171875,0.12657254422707764,0.030196992111700446,0.9375
4760,4,0.1875,0.13266528980436987,0.030439366058732105,0.9375
4761,4,0.0625,0.1256487608239329,0.03016015272245914,0.9375
4762,4,0.125,0.1255838847415396,0.030157564659067146,0.9375
4763,4,0.125,0.12552549626738563,0.030155235303289753,0.9375
4764,4,0.140625,0.12703544664064706,0.030215443255748972,0.9375
4765,4,0.0625,0.12058190197658236,0.029957679905923795,0.9375
4766,4,0.03125,0.11164871177892413,0.02959906901844725,0.9375
4767,4,0.234375,0.12392134060103172,0.030091202518175382,0.9375
4768,4,0.265625,0.13809170654092853,0.03065433457177585,0.9375
4769,4,0.265625,0.15084503588683568,0.031156052887085325,0.9375
4770,4,0.3937500238418579,0.1751355346823379,0.03209689477719263,0.9375
4771,4,0.265625,0.1841844812141041,0.03244204645323122,0.9375
4772,4,0.756249976158142,0.24139103070850787,0.03454827281448682,0.9375
4773,4,0.4875000238418579,0.26600193002184286,0.035410157019268064,0.9375
4774,4,0.40625001192092897,0.28002673821175145,0.03588845562147388,0.9375
4775,4,0.37500001192092897,0.2895240655826692,0.03620688978543132,0.9375
4776,4,0.109375,0.27150915902440226,0.03559910900301677,0.9375
4777,4,0.171875,0.261545743121962,0.0352562041466161,0.9375
4778,4,0.15625,0.2510161688097658,0.034888703969668186,0.9375
4779,4,0.15625,0.24153955192878923,0.03455355799172696,0.9375
4780,4,0.1312499761581421,0.23051059435172452,0.03415839469492303,0.9375
4781,4,0.1875,0.22620953491655207,0.03400282845740737,0.9375
4782,4,0.078125,0.21140108142489686,0.03346112084434905,0.9375
4783,4,0.140625,0.2043234732824072,0.03319896539257919,0.9375
4784,4,0.15625,0.19951612595416648,0.03301973642993801,0.9375
4785,4,0.109375,0.19050201335874983,0.03268119251569392,0.9375
4786,4,0.140625,0.18551431202287486,0.03249251259632104,0.9375
4787,4,0.1875,0.18571288082058737,0.0325000424021361,0.9375
4788,4,0.21875,0.18901659273852864,0.03262510016319587,0.9375
4789,4,0.265625,0.19667743346467575,0.03291346867510213,0.9375
4790,4,0.1875,0.19575969011820818,0.03287904418385632,0.9375
4791,4,0.1875,0.19493372110638735,0.03284803374779883,0.9375
4792,4,0.0625,0.18169034899574862,0.032347216488713686,0.9375
4793,4,0.1875,0.18227131409617375,0.03236932630797678,0.9375
4794,4,0.125,0.17654418268655636,0.03215082254737495,0.9375
4795,4,0.296875,0.18857726441790074,0.03260849401046351,0.9375
4796,4,0.34375,0.20409453797611066,0.03319045133820391,0.9375
4797,4,0.39999998807907106,0.2236850829864067,0.03391114519782421,0.9375
4798,4,0.46875001192092897,0.2481915758798589,0.03478924192105141,0.9375
4799,4,0.234375,0.24680991829187302,0.034740455832466016,0.9375
4800,4,0.34375,0.2565039264626857,0.03508088468215876,0.9375
4801,4,0.6250000119209289,0.29335353500851,0.03633402156014358,0.9375
4802,4,0.618749988079071,0.32589318031556613,0.03738431736455233,0.9375
4803,4,0.95,0.3883038622840095,0.03924409606920135,0.9375
4804,4,0.390625,0.3885359760556085,0.03925062639963803,0.9375
4805,4,0.265625,0.37624487845004767,0.0389008674637106,0.9375
4806,4,0.568749976158142,0.3954953882208571,0.0394450861449725,0.9375
4807,4,0.3125,0.3871958493987714,0.0392128833577699,0.9375
4808,4,0.296875,0.3781637644588942,0.03895600319659702,0.9375
4809,4,0.234375,0.3637848880130048,0.03853807723061113,0.9375
4810,4,0.203125,0.34771889921170435,0.03805812074464358,0.9375
4811,4,0.203125,0.33325950929053394,0.03761451723881205,0.9375
4812,4,0.21875,0.32180855836148053,0.0372554564661713,0.9375
4813,4,0.1875,0.3083777025253325,0.03682567735477156,0.9375
4814,4,0.34375,0.3119149322727992,0.03693976447304657,0.9375
4815,4,0.171875,0.29791093904551924,0.03648436316847379,0.9375
4816,4,0.140625,0.2821823451409673,0.03596112086467957,0.9375
4817,4,0.140625,0.26802661062687055,0.03547979277089958,0.9375
4818,4,0.125,0.2537239495641835,0.03498370564826169,0.9375
4819,4,0.21875,0.2502265546077651,0.0348609365117427,0.9375
4820,4,0.109375,0.2361413991469886,0.03436082364814489,0.9375
4821,4,0.046875,0.21721475923228975,0.03367490269847202,0.9375
4822,4,0.0625,0.20174328330906077,0.03310288577884964,0.9375
4823,4,0.0625,0.1878189549781547,0.03257981329484091,0.9375
4824,4,0.1875,0.18778705948033922,0.03257860646366222,0.9375
4825,4,0.25,0.1940083535323053,0.03281325961711314,0.9375
4826,4,0.171875,0.19179501817907477,0.03272994947715146,0.9375
4827,4,0.15625,0.1882405163611673,0.032595760272340187,0.9375
4828,4,0.25,0.19441646472505056,0.03282860005509451,0.9375
4829,4,0.15625,0.19059981825254552,0.032684882830810544,0.9375
4830,4,0.140625,0.185602336427291,0.03249585070027249,0.9375
4831,4,0.078125,0.17485460278456189,0.03208613114439113,0.9375
4832,4,0.09375,0.1667441425061057,0.03177416920638248,0.9375
4833,4,0.15625,0.16569472825549514,0.03173363490744084,0.9375
4834,4,0.0625,0.15537525542994562,0.031333034180004236,0.9375
4835,4,0.078125,0.14765022988695106,0.031030844553744927,0.9375
4836,4,0.1937499761581421,0.15226020451407016,0.031211410617521668,0.9375
4837,4,0.15625,0.15265918406266316,0.031227005967956176,0.9375
4838,4,0.140625,0.15145576565639685,0.031179950974729937,0.9375
4839,4,0.09375,0.14568518909075717,0.030953671870191588,0.9375
4840,4,0.1875,0.14986667018168146,0.031117744108905124,0.9375
4841,4,0.203125,0.1551925031635133,0.03132590759951305,0.9375
4842,4,0.203125,0.159985752847162,0.031512457801393196,0.9375
4843,4,0.140625,0.1580496775624458,0.03143719920074214,0.9375
4844,4,0.09375,0.15161970980620124,0.031186364126225705,0.9375
4845,4,0.1875,0.15520773882558112,0.03132650176914013,0.9375
4846,4,0.140625,0.15374946494302302,0.03126959659412051,0.9375
4847,4,0.15625,0.15399951844872073,0.031279359198377425,0.9375
4848,4,0.171875,0.15578706660384867,0.0313490890754145,0.9375
4849,4,0.28125,0.1683333599434638,0.03183548057356938,0.9375
4850,4,0.09375,0.1608750239491174,0.03154698301815627,0.9375
4851,4,0.1875,0.16353752155420564,0.03165019163010951,0.9375
4852,4,0.21875,0.16905876939878509,0.031863437120212786,0.9375
4853,4,0.140625,0.1662153924589066,0.03175375068435495,0.9375
4854,4,0.078125,0.15740635321301594,0.03141216430241731,0.9375
4855,4,0.078125,0.14947821789171434,0.031102525422747298,0.9375
4856,4,0.109375,0.1454678961025429,0.030945130740258293,0.9375
4857,4,0.234375,0.1543586064922886,0.031293375160404195,0.9375
4858,4,0.25,0.16392274584305974,0.03166510432232899,0.9375
4859,4,0.3125,0.17878047125875376,0.032236286332440606,0.9375
4860,4,0.25,0.18590242413287839,0.032507228563402775,0.9375
4861,4,0.3125,0.19856218171959056,0.03298406085756587,0.9375
4862,4,0.203125,0.19901846354763153,0.033001129399147455,0.9375
4863,4,0.15625,0.1947416171928684,0.03284081749260709,0.9375
4864,4,0.15625,0.19089245547358155,0.03269592223235858,0.9375
4865,4,0.09375,0.18117820992622338,0.03232771554577007,0.9375
4866,4,0.125,0.17556038893360104,0.03211316721913586,0.9375
4867,4,0.15625,0.17362935004024094,0.03203915341555757,0.9375
4868,4,0.171875,0.17345391503621685,0.032032422586345526,0.9375
4869,4,0.171875,0.17329602353259516,0.032026363893290506,0.9375
4870,4,0.18750001192092897,0.17471642237142854,0.03208083584749072,0.9375
4871,4,0.25,0.1822447801342857,0.032368316778343946,0.9375
4872,4,0.125,0.17652030212085712,0.03214990892107887,0.9375
4873,4,0.109375,0.1698057719087714,0.031892206451580654,0.9375
4874,4,0.140625,0.16688769471789427,0.03177971102113742,0.9375
4875,4,0.15625,0.16582392524610484,0.031738627290481984,0.9375
4876,4,0.140625,0.16330403272149438,0.03164115039695411,0.9375
4877,4,0.015625,0.14853612944934494,0.031065596556956954,0.9375
4878,4,0.09375,0.14305751650441045,0.030850287750633778,0.9375
4879,4,0.03125,0.1318767648539694,0.030408057241671668,0.9375
4880,4,0.0625,0.12493908836857245,0.030131835908475138,0.9375
4881,4,0.1937499761581421,0.13182017714752942,0.030405809709746212,0.9375
4882,4,0.18750001192092897,0.13738816062486936,0.03062651235394121,0.9375
4883,4,0.21875,0.14552434456238242,0.030947349699961997,0.9375
4884,4,0.18750001192092897,0.14972191129823706,0.031112073344788084,0.9375
4885,4,0.25000001192092897,0.15974972136050625,0.031503289589902485,0.9375
4886,4,0.5125,0.19502474922445562,0.032851452651829316,0.9375
4887,4,0.265625,0.20208477430201005,0.03311561747412371,0.9375
4888,4,0.140625,0.19593879687180907,0.03288576507752213,0.9375
4889,4,0.171875,0.19353241718462816,0.03279536146919443,0.9375
4890,4,0.25,0.19917917546616534,0.03300713931593394,0.9375
4891,4,0.203125,0.1995737579195488,0.03302189058428518,0.9375
4892,4,0.203125,0.1999288821275939,0.03303516140427118,0.9375
4893,4,0.15625,0.19556099391483453,0.03287158672590167,0.9375
4894,4,0.21875,0.19787989452335109,0.032958522464351526,0.9375
4895,4,0.203125,0.19840440507101598,0.032978156835418965,0.9375
4896,4,0.125,0.1910639645639144,0.032702390674660596,0.9375
4897,4,0.0625,0.17820756810752297,0.03221440928868201,0.9375
4898,4,0.15625,0.17601181129677068,0.032130450069004286,0.9375
4899,4,0.296875,0.1880981301670936,0.03259037479626499,0.9375
4900,4,0.15625,0.18491331715038423,0.03246971353983382,0.9375
4901,4,0.140625,0.18048448543534582,0.03230128473480894,0.9375
4902,4,0.109375,0.17337353689181123,0.032029338387357796,0.9375
4903,4,0.140625,0.1700986832026301,0.031903481968950965,0.9375
4904,4,0.21875,0.17496381488236712,0.03209031583952874,0.9375
4905,4,0.234375,0.1809049333941304,0.03231730588108971,0.9375
4906,4,0.21875,0.18468944005471738,0.032461217153030485,0.9375
4907,4,0.25000001192092897,0.19122049724133855,0.03270829328922289,0.9375
4908,4,0.265625,0.1986609475172047,0.03298775618161833,0.9375
4909,4,0.140625,0.19285735276548424,0.0327699596899021,0.9375
4910,4,0.125,0.1860716174889358,0.032513642044620206,0.9375
4911,4,0.03125,0.17058945574004222,0.03192236727027834,0.9375
4912,4,0.140625,0.167593010166038,0.031806929178164654,0.9375
4913,4,0.109375,0.1617712091494342,0.03158174956495839,0.9375
4914,4,0.09375,0.15496908823449076,0.03131719385146993,0.9375
4915,4,0.125,0.15197217941104169,0.031200149060974614,0.9375
4916,4,0.1875,0.15552496146993752,0.03133887127538596,0.9375
4917,4,0.0625,0.14622246532294378,0.03097478424495433,0.9375
4918,4,0.21875,0.1534752187906494,0.03125888711253458,0.9375
4919,4,0.15625,0.15375269691158447,0.03126972278985958,0.9375
4920,4,0.15625,0.15400242722042604,0.03127947275080074,0.9375
4921,4,0.125,0.15110218449838342,0.0311661166726966,0.9375
4922,4,0.15625,0.15161696604854508,0.031186256803310358,0.9375
4923,4,0.234375,0.15989276944369057,0.03150884625528066,0.9375
4924,4,0.234375,0.16734099249932152,0.03179720580117174,0.9375
4925,4,0.1875,0.16935689324938935,0.03187492113641198,0.9375
4926,4,0.203125,0.17273370392445042,0.032004779003769405,0.9375
4927,4,0.296875,0.18514783353200537,0.032478611668015515,0.9375
4928,4,0.234375,0.19007055017880484,0.03266490839730763,0.9375
4929,4,0.203125,0.19137599516092435,0.03271415594446518,0.9375
4930,4,0.3125,0.20348839564483193,0.03316789876079645,0.9375
4931,4,0.171875,0.20032705608034873,0.03305003496896607,0.9375
4932,4,0.109375,0.19123185047231386,0.03270872136575982,0.9375
4933,4,0.18750001192092897,0.19085866661717538,0.03269464775591554,0.9375
4934,4,0.31250001192092897,0.20302280114755075,0.03315056539483576,0.9375
4935,4,0.265625,0.20928302103279567,0.03338288405618248,0.9375
4936,4,0.265625,0.2149172189295161,0.03359058682852348,0.9375
4937,4,0.28125,0.2215504970365645,0.03383340614892637,0.9375
4938,4,0.25,0.22439544733290803,0.033936972202695447,0.9375
4939,4,0.3499999761581421,0.23695590021543145,0.034389988305752274,0.9375
4940,4,0.21875,0.2351353101938883,0.03432475790245171,0.9375
4941,4,0.203125,0.2319342791744995,0.03420970931038594,0.9375
4942,4,0.25000001192092897,0.23374085244914244,0.03427469549910307,0.9375
4943,4,0.265625,0.2369292672042282,0.03438903513323978,0.9375
4944,4,0.125,0.22573634048380536,0.03398566400774506,0.9375
4945,4,0.078125,0.21097520643542483,0.03344540485581647,0.9375
4946,4,0.125,0.20237768579188237,0.0331265342484881,0.9375
4947,4,0.140625,0.19620241721269413,0.03289565499994127,0.9375
4948,4,0.109375,0.1875196754914247,0.032568487916059145,0.9375
4949,4,0.078125,0.17658020794228224,0.03215220076769866,0.9375
4950,4,0.109375,0.16985968714805402,0.03189428212784572,0.9375
4951,4,0.15625,0.16849871843324862,0.03184185495174143,0.9375
4952,4,0.21875,0.17352384658992376,0.032035105748920566,0.9375
4953,4,0.046875,0.1608589619309314,0.03154635966076667,0.9375
4954,4,0.078125,0.15258556573783827,0.031224128756168534,0.9375
4955,4,0.18750001192092897,0.15607701035614732,0.03136038948384135,0.9375
4956,4,0.125,0.1529693093205326,0.031239124606160823,0.9375
4957,4,0.140625,0.15173487838847935,0.03119086876123896,0.9375
4958,4,0.54375,0.1909363905496314,0.03269757934634594,0.9375
4959,4,0.171875,0.18903025149466826,0.032625616331152206,0.9375
4960,4,0.15625,0.18575222634520144,0.032501534222258856,0.9375
4961,4,0.15625,0.1828020037106813,0.03238951176419193,0.9375
4962,4,0.125,0.1770218033396132,0.03216909105912313,0.9375
4963,4,0.203125,0.1796321230056519,0.03226878539734776,0.9375
4964,4,0.171875,0.1788564107050867,0.032239185271086844,0.9375
4965,4,0.28125,0.18909576963457803,0.03262809217907793,0.9375
4966,4,0.296875,0.1998736926711202,0.03303309933209916,0.9375
4967,4,0.21875,0.2017613234040082,0.0331035584793069,0.9375
4968,4,0.34375,0.2159601910636074,0.03362888978672583,0.9375
4969,4,0.203125,0.21467667195724666,0.03358174628253912,0.9375
4970,4,0.25,0.218209004761522,0.03371132056260905,0.9375
4971,4,0.25,0.22138810428536979,0.03382748397504857,0.9375
4972,4,0.21875,0.22112429385683283,0.033817860866384795,0.9375
4973,4,0.34375,0.23338686447114954,0.03426197321940793,0.9375
4974,4,0.575,0.2675481780240346,0.03546335554605833,0.9375
4975,4,0.28125,0.2689183602216311,0.035510400755893665,0.9375
4976,4,0.265625,0.268589024199468,0.035499101232872345,0.9375
4977,4,0.140625,0.2557926217795212,0.035056054181717415,0.9375
4978,4,0.140625,0.2442758596015691,0.0346507511469086,0.9375
4979,4,0.171875,0.2370357736414122,0.03439284671621797,0.9375
4980,4,0.171875,0.23051969627727098,0.03415872304433822,0.9375
4981,4,0.109375,0.21840522664954387,0.03371850294179274,0.9375
4982,4,0.0625,0.2028147039845895,0.033142815420481656,0.9375
4983,4,0.140625,0.19659573358613056,0.03291040546751067,0.9375
4984,4,0.125,0.18943616022751752,0.03264095245450132,0.9375
4985,4,0.140625,0.1845550442047658,0.03245611577066486,0.9375
4986,4,0.15625,0.1817245397842892,0.032348518038228684,0.9375
4987,4,0.21875001192092897,0.18542708699795318,0.03248920451725681,0.9375
4988,4,0.28125,0.19500937829815784,0.032850875361622206,0.9375
4989,4,0.15625,0.19113344046834208,0.03270501062489083,0.9375
4990,4,0.203125,0.19233259642150785,0.03275020152546717,0.9375
4991,4,0.203125,0.19341183677935708,0.03279082549406599,0.9375
4992,4,0.078125,0.1818831531014214,0.03235455544163914,0.9375
4993,4,0.078125,0.17150733779127925,0.031957665099926806,0.9375
4994,4,0.2249999761581421,0.17685660162796552,0.032162773201471206,0.9375
4995,4,0.078125,0.16698344146516897,0.03178340691232716,0.9375
4996,4,0.109375,0.16122259731865207,0.03156046999217343,0.9375
4997,4,0.1875,0.16385033758678685,0.03166230166392842,0.9375
4998,4,0.375,0.18496530382810816,0.03247168622160312,0.9375
