step,gap,gap_ema,mu
6,0.0597376823425293,0.005973768234252929,0.025149342429387208
7,0.11747264862060547,0.017123656272888182,0.02542804957013152
8,-0.3886840343475342,-0.023457112789154046,0.024413679714530234
9,0.09461450576782227,-0.011649950933456417,0.024708764402174538
10,0.13638877868652344,0.003153922028541565,0.025078847789274834
11,-0.522675633430481,-0.04942903351736068,0.02376527956671752
12,-0.21730518341064453,-0.06621664850668905,0.023346999021995482
13,-1.1794226169586182,-0.17753724535188195,0.020607620679149813
14,-0.030536890029907227,-0.16283720981968447,0.0209646737099346
15,0.44010162353515625,-0.10254332648420039,0.022445364678008645
16,0.1418520212173462,-0.07810379171404574,0.02305136595063078
17,-0.4822709560394287,-0.11852050814658402,0.022050783704282914
18,-0.03962898254394531,-0.11063135558632015,0.022245444890600218
19,-0.010642647743225098,-0.10063248480201063,0.02249264607622312
20,-0.520325779914856,-0.14260181431329516,0.021458925078328996
21,0.4619706869125366,-0.082144564190712,0.022950992539317983
22,0.1341456174850464,-0.06051554602313616,0.02348895544710307
23,0.23217129707336426,-0.031246861713486125,0.024219082594451283
24,0.9084675312042236,0.06272457757828483,0.026566061155239008
25,-0.6664187908172607,-0.010189759261269714,0.024745264834892665
26,0.2795588970184326,0.018785106366700513,0.025469572426193
27,-0.42616891860961914,-0.02571029613093144,0.024357384184312058
28,-1.8383221626281738,-0.20697148278065564,0.01989835249468586
29,0.7701740264892578,-0.10925693185366431,0.022279393461947964
30,-0.6056170463562012,-0.15889294330391798,0.02106077194093625
31,-1.6991677284240723,-0.3129204218159334,0.017422710551468695
32,0.7318191528320312,-0.20844646435113695,0.019863024177077873
33,1.2936495542526245,-0.05823686249076085,0.02354572214282563
34,-0.4133260250091553,-0.09374577874260029,0.022663197010130955
35,0.4315798282623291,-0.04121321804210737,0.02397025250171971
36,0.7234213948249817,0.03525024324460152,0.025880891252154987
37,-0.15446478128433228,0.01627874079170815,0.02540693257506936
38,0.16026252508163452,0.030677119220700787,0.02576668748940881
39,-0.132743239402771,0.014335083358353613,0.025358352537789532
40,0.1857161521911621,0.03147319024163446,0.02578657005779793
41,0.22576671838760376,0.05090254305623139,0.02627146561438556
42,-0.25602567195892334,0.02020972155471592,0.02550517426415317
43,0.08418348431587219,0.026607097830831546,0.025665020522153793
44,-0.24450093507766724,-0.0005037054600183256,0.02498740736456454
45,0.20294040441513062,0.019840705527496564,0.025495952562058756
46,0.39236729592084885,0.057093364566831784,0.02642578526266103
47,-0.027514874935150146,0.04863254061663359,0.026214855904775094
48,-0.407158225774765,0.003053463977493745,0.025076336362193183
49,0.2548929750919342,0.028237415088937786,0.02570574781080903
50,0.30685701966285706,0.05609937554632971,0.026401014966877537
51,0.2560747601091862,0.07609691400261535,0.026898759190383866
52,-0.0037915408611297607,0.06810806851624085,0.02670007380957823
53,0.1650831401348114,0.0778055756780979,0.026941223771576553
54,-0.3923118859529495,0.03079382951499316,0.02576960249218171
55,-0.03408002853393555,0.02430644371010029,0.02560754145165228
56,0.13340598344802856,0.03521639768389312,0.025880046162654546
57,0.1400638222694397,0.04570114014244778,0.02614173374138964
58,0.008470773696899414,0.04197810349789294,0.026048836586773073
59,0.17391356825828552,0.055171649973932195,0.02637789347129106
60,-0.10020801424980164,0.039633683551558815,0.025990323600115817
61,0.0329800546169281,0.038968320658095745,0.025973715194425
62,0.11186286807060242,0.04625777539934641,0.026155620244159006
63,-0.06894221901893616,0.034737775957518154,0.025868095246396383
64,0.0797819197177887,0.03924219033354521,0.02598055147675208
65,0.01921585202217102,0.03723955650240779,0.025930558790800647
66,-0.008301734924316406,0.03268542735973537,0.02581684481615161
67,0.09809829294681549,0.03922671391844338,0.02598016516135135
68,0.0661957859992981,0.04192362112652885,0.026047476921733637
69,0.11908632516860962,0.049639891530736925,0.026239978970363356
70,-0.6788063943386078,-0.02320473705619753,0.024419985674661603
71,0.10660597681999207,-0.01022366566857857,0.024744417263010562
72,0.27075640857219696,0.017874341755498974,0.025446810960711264
73,-0.36028288304805756,-0.019941380724856673,0.024501531553559358
74,0.025446012616157532,-0.015402641390755254,0.02461496441353851
75,0.02136148512363434,-0.011726228739316296,0.024706857717515768
76,0.20305700600147247,0.009752094734762578,0.025243794639855606
77,-0.06650391221046448,0.0021264940402398744,0.02505316227087317
78,0.07409396767616272,0.009323241403832158,0.025233074281976187
79,0.08760857582092285,0.017151774845541225,0.025428752328026688
80,0.025540828704833984,0.0179906802314705,0.025449718487519257
81,0.19773364067077637,0.03596497627540109,0.025898736941020503
82,-0.09045678377151489,0.023322800270709494,0.02558296430887
83,-0.2380363941192627,-0.00281311916828772,0.024929672206308973
84,0.08860248327255249,0.006328441075796299,0.025158208914855498
85,0.031101346015930176,0.008805731569809686,0.02522013759938484
86,-0.04151880741119385,0.0037732776717093333,0.025094331494107697
87,-0.13892900943756104,-0.010496951039217701,0.024737585862068513
88,-0.0015141665935516357,-0.009598672594651095,0.02476004055460421
89,0.026405125856399536,-0.0059982927495460334,0.024850044479699383
90,-0.4337541460990906,-0.048773878084500476,0.023781619026619214
91,-0.05979081988334656,-0.04987557226438508,0.02375414357492535
92,0.12175789475440979,-0.032712225562505595,0.024182485944593726
93,-0.15489819645881653,-0.04493082265213669,0.023877484702092208
94,-0.004797786474227905,-0.04091751903434581,0.02397763252445445
95,-0.4092099964618683,-0.07774676677709805,0.023060237593119762
96,-0.2550162076950073,-0.09547371086888898,0.02262038308978861
97,0.1152389645576477,-0.07440244332623532,0.023143363595143372
98,0.10254542529582977,-0.05670765646402882,0.023583826287183522
99,0.056649088859558105,-0.04537198193167012,0.023866478173982783
100,-0.2543070614337921,-0.06626548988188231,0.02334578332973341
101,-0.35029447078704834,-0.0946683879723989,0.022640335279205826
102,0.0916815847158432,-0.07603339070357469,0.023102819738920154
103,0.08415670692920685,-0.06001438094029654,0.023501439179757423
104,-0.06942546367645264,-0.06095548921391215,0.023477997339538027
105,0.1767195165157318,-0.037187988640947765,0.024070728622019612
106,0.03442865610122681,-0.030026324166730307,0.024249567407319046
107,0.09060294181108475,-0.017963397568948804,0.024550963358665096
108,-0.005546018481254578,-0.01672165966017938,0.024581997467542305
109,-0.07226034998893738,-0.02227552869305518,0.02444320387355416
110,0.13160615414381027,-0.006887360409368637,0.0248278187122724
111,0.19295132160186768,0.01309650779175499,0.025327393976964842
112,-0.24779334664344788,-0.01299247765176529,0.02467520633404169
113,0.015906810760498047,-0.010102548810538958,0.024747444871729175
114,-0.14668874442577362,-0.02376116837206242,0.024406082560392107
115,-0.4031694233417511,-0.061701993869031274,0.02345940474248216
116,-0.22474850714206696,-0.07800664519633484,0.02305377987655269
117,0.10764835774898529,-0.05944114490180282,0.023515719077537345
118,0.0656718909740448,-0.04692984131421806,0.02382761453195988
119,0.03553976118564606,-0.03868288106423165,0.024033410049188693
120,0.08472785353660583,-0.0263418076041479,0.024341607087119986
121,0.012267976999282837,-0.022480829143804826,0.02443807393171939
122,0.053821831941604614,-0.014850563035263883,0.024628763214474512
123,-0.05535653233528137,-0.018901159965265632,0.02452752726376274
124,-0.0072557926177978516,-0.017736623230518854,0.024556630911097943
125,-0.031249061226844788,-0.019087867030151445,0.024522861270807404
126,-0.016862213611602783,-0.018865301688296577,0.02452842340110745
127,-0.4137236326932907,-0.058351134788795986,0.023542875021402367
128,-0.22217971086502075,-0.07473399239641845,0.023135120786945827
129,0.012020647525787354,-0.06605852840419787,0.023350934783700886
130,-0.5247024893760681,-0.11192292450138489,0.022213552219018013
131,-0.07924038171768188,-0.10865467022301459,0.022294272665713412
132,0.39743056893348694,-0.058046146307364446,0.023550473966060484
133,0.06196907162666321,-0.046044624513961685,0.02384969719412358
134,-0.791359156370163,-0.12057607769958179,0.022000121985538836
135,0.2012457698583603,-0.08839389294378758,0.022795890277668648
136,0.10258874297142029,-0.0692956293522668,0.023270376863700003
137,0.08336710929870605,-0.054029355487169514,0.02365057892109578
138,-0.12055736780166626,-0.060682156718619186,0.023484805438138426
139,0.021979570388793945,-0.05241598400787788,0.023690799161819445
140,-0.06873315572738647,-0.05404770117982874,0.0236501216154864
141,-0.1950061321258545,-0.06814354427443131,0.023299043399950835
142,0.1314249038696289,-0.048186699460025295,0.023796264044090118
143,0.04833725094795227,-0.03853430441922754,0.02403711893400882
144,0.05395025014877319,-0.029285848962427467,0.02426806301523228
145,0.07286900281906128,-0.019070363784278597,0.024523298692707786
146,0.13842839002609253,-0.003320488403241487,0.024916988095005286
147,0.017306119203567505,-0.0012578276425605883,0.024968554325519702
148,-0.09770458936691284,-0.010902503814995811,0.024727448203458666
149,-0.3099316954612732,-0.04080542297962354,0.023980430251966018
150,0.11230555176734924,-0.025494325504926266,0.02436277991238564
151,-0.09937882423400879,-0.03288277537783452,0.024178226782342542
152,0.044654667377471924,-0.025129031102303873,0.02437190642391794
153,0.23901012539863586,0.0012848845477900946,0.025032122096017663
154,0.11833358556032181,0.012989754649043263,0.025324725602377942
155,-0.3040536046028137,-0.01871458127614243,0.024532190081376366
156,0.0032880157232284546,-0.016514321576205342,0.024587179488436858
157,-0.10628800094127655,-0.02549168951271246,0.024362845769381688
158,-0.15879005193710327,-0.038821525755151534,0.02402994913189807
159,-0.04919812083244324,-0.03985918526288071,0.02400404775382549
160,0.024525225162506104,-0.03342074422034203,0.024164792332000296
161,-0.1907825469970703,-0.049156924498014856,0.023772065789650656
162,0.0638655424118042,-0.03785467780703295,0.024054084836441482
163,-0.4970390945672989,-0.08377311948305954,0.022910557585006208
164,-0.008526921272277832,-0.07624849966198138,0.023097473071927787
165,-0.05667901039123535,-0.07429155073490679,0.023146120642312442
166,-0.028725236654281616,-0.06973491932684427,0.02325944751433469
167,0.06663122773170471,-0.056098304620989366,0.023599011722175246
168,0.15629680454730988,-0.03485879370415944,0.024128882970557902
169,0.09881245344877243,-0.02149166898886625,0.02446279098355119
170,0.07799677550792694,-0.011542824539186933,0.024711442201912213
171,-0.002646505832672119,-0.010653192668535452,0.024733680258131854
172,0.13800667971372604,0.0042127945696906945,0.02510531924118708
173,0.047975197434425354,0.00858903485616416,0.025214720591341958
174,-0.13523130118846893,-0.005792998748299146,0.02485517665132316
175,0.1882779449224472,0.013614095618775484,0.025340331364649134
176,0.07947180420160294,0.020199866477058227,0.025504927987763732
177,-0.7588532269001007,-0.05770544286065765,0.023558963085165606
178,-0.6332098841667175,-0.11525588699126363,0.022131294142665167
179,0.05934121459722519,-0.09779617683241476,0.022562860305952927
180,0.005511343479156494,-0.08746542480125764,0.022818923436426605
181,0.015687108039855957,-0.07715017151714627,0.02307506336730746
182,-0.14874300360679626,-0.08430945472611126,0.022897243462665015
183,0.0691072940826416,-0.06896777984523597,0.02327853405437341
184,0.09675049781799316,-0.052395952078913066,0.023691298587172883
185,0.07207983732223511,-0.039948373138798246,0.024001821603535773
186,-0.045481592416763306,-0.04050169506659475,0.023988010914179694
187,-0.019751116633415222,-0.0384266372232768,0.024039806632140295
188,-0.1463160514831543,-0.04921557864926455,0.023770602977687145
189,0.0879342257976532,-0.03550059820457277,0.024112857699830955
190,0.1567744016647339,-0.016273098217642112,0.024593208451920163
191,0.28771044686436653,0.014125256290558745,0.02535310792320815
192,-0.3333198130130768,-0.020619250639804798,0.024484591774471154
193,-0.07968688011169434,-0.02652601358699375,0.02433700515391919
194,0.13787733018398285,-0.010085679209896095,0.02474786656877658
195,0.11035814881324768,0.0019587035924182802,0.025048967527188843
196,-0.2916461229324341,-0.02740177906006695,0.024315126928944764
197,-0.3373446762561798,-0.05839606877967823,0.023541755490740796
198,-0.09097392857074738,-0.06165385475878514,0.023460603653594425
199,0.03474202752113342,-0.05201426653079329,0.023700814767047575
200,0.12573915719985962,-0.034238924157728,0.024144361226160267
201,0.08587498962879181,-0.02222753277907602,0.024444403177493294
202,-0.16491812467575073,-0.03649659196874349,0.024087990097597087
203,0.10365769267082214,-0.022481163504786926,0.024438065576918022
204,-0.04934370517730713,-0.025167417672038946,0.024370947366342405
205,-0.18320368230342865,-0.04097104413517791,0.023976296637711933
206,0.10578751564025879,-0.026295188157634243,0.024342771766365724
207,0.03165470063686371,-0.02050019927818445,0.02448756680078052
208,-0.4099149703979492,-0.059441676390160916,0.023515705837165474
209,0.00021886825561523438,-0.053475621925583305,0.02366438233872936
210,-0.1527051329612732,-0.06339857302915229,0.023417155789858826
211,0.09453227370977402,-0.04760548835525967,0.023810761039238598
212,-0.008092150092124939,-0.0436541545289462,0.023909338867701455
213,0.06954425573348999,-0.03233431350270258,0.02419192375948438
214,0.2340942621231079,-0.005691455940121534,0.024857715137822537
215,-0.35239842534065247,-0.04036215288017462,0.02399149377216246
216,-0.15409132838249207,-0.051735070430406364,0.02370777592037053
217,-0.401346892118454,-0.08669625259921113,0.022838007657350938
218,-0.2115497589111328,-0.09918160323040329,0.022528558458636463
219,-0.2887589931488037,-0.11813934222224333,0.022060180661107046
220,0.09482482075691223,-0.09684292592432778,0.02258646728619343
221,0.2109718918800354,-0.06606144414389147,0.023350862207386885
222,0.42737497482448816,-0.016717802247053513,0.024582093875917043
223,-1.0877233743667603,-0.12381835945902415,0.021920263417513998
224,0.19175562262535095,-0.09226096125058664,0.0226999982053494
225,0.11166626214981079,-0.0718682389105469,0.023206381004637323
226,-0.15268518030643463,-0.07994993305013567,0.02300549947428167
227,0.12297514826059341,-0.05965742491906277,0.023510331205746998
228,-0.16020619869232178,-0.06971230229638867,0.023260010200229494
229,-0.18244926631450653,-0.08098599869820046,0.022979764829551906
230,0.08874337375164032,-0.06401306145321638,0.02340185575790807
231,0.14361312612891197,-0.04325044269500354,0.02391941263114448
232,0.13616978377103806,-0.025308420048399387,0.024367424551281703
233,0.018105879426002502,-0.020966990100959197,0.02447590204560905
234,0.10249923169612885,-0.008620367921250397,0.024784496140026285
235,-0.07345882058143616,-0.015104213187268973,0.024622423382979364
236,-0.22739243507385254,-0.036333035375927324,0.024092073595138954
237,0.034605905413627625,-0.02923914129697183,0.024269229707552083
238,0.09999975562095642,-0.016315251605179007,0.024592154896975638
239,-0.08451101183891296,-0.0231348276285524,0.024421732472435353
240,0.010053291916847229,-0.01981601567401244,0.024504664441662945
241,-0.4796454906463623,-0.06579896317124742,0.023357395790367504
242,-0.012993291020393372,-0.06051839595616202,0.023488884459074676
243,-0.14701344072818756,-0.06916790043336457,0.023273554830204796
244,-0.1660444140434265,-0.07885555179437076,0.023032687229216732
245,0.050430119037628174,-0.06592698471117087,0.023354209095537364
246,-0.1359378695487976,-0.07292807319493354,0.023180023543958334
247,-0.017494022846221924,-0.06738466816006239,0.0233179284494347
248,-0.26339462399482727,-0.08698566374353887,0.02283082666941924
249,0.1505587175488472,-0.06323122561430028,0.023421322748481438
250,0.08607251942157745,-0.04830085111071251,0.02379341688462376
251,0.14586907625198364,-0.0288838583744429,0.02427810428320458
252,0.18635153770446777,-0.007360318766551837,0.024815995353598044
253,0.054834455251693726,-0.0011408413647272823,0.024971478978255364
254,0.11506083607673645,0.010479326379419089,0.025261973569901265
255,0.08706231415271759,0.018137625156748938,0.025453390912152114
256,-0.2906230092048645,-0.012738438279412397,0.024681556267217384
257,-0.0038710683584213257,-0.01185170128731329,0.024703721339732986
258,-0.03499874472618103,-0.014166405631200064,0.02464586354910275
259,0.011287927627563477,-0.011620972305323711,0.024709488769805613
260,-0.14803820848464966,-0.025262695923256303,0.024368566923867706
261,0.040636345744132996,-0.018672791756517374,0.024533234454364096
262,0.11896148324012756,-0.004909364256852886,0.024877266879609148
263,0.026786640286445618,-0.0017397638025230364,0.024956505948819194
264,-0.06341499090194702,-0.007907286512465434,0.024802321957122928
265,0.09786444902420044,0.0026698870412011503,0.02506674701743259
266,0.040758609771728516,0.0064787593142538865,0.02516196671671497
267,-0.10360944271087646,-0.004530060888259146,0.024886749252482375
268,0.057568296790122986,0.001679774879579066,0.025041994332491803
269,-0.01537729799747467,-2.5932408126307267e-05,0.024999351689796986
270,-0.14578840136528015,-0.014602179303841688,0.024634971461273136
271,-0.28545230627059937,-0.041687192000517445,0.02395842348828092
272,0.18372392654418945,-0.019146080146046764,0.02452140647464308
273,-0.23736704885959625,-0.040968177017401707,0.023976368195478766
274,-0.4584278464317322,-0.08271414395883475,0.02293684936055665
275,0.01920546591281891,-0.07252218297166939,0.023190117319801182
276,-0.5313944071531296,-0.1184094053898154,0.022053522654765872
277,0.26184557005763054,-0.08038390784507082,0.022994719532944633
278,0.12701093405485153,-0.0596444236550786,0.023510655083546477
279,-1.106082171201706,-0.1642881984097413,0.02092935240022404
280,-0.7406349182128906,-0.2219228703900562,0.01954124943466895
281,0.5087135420180857,-0.14885922914924204,0.021305765976187743
282,0.3574284240603447,-0.0982304638282834,0.022552106767510103
283,-0.5044843554496765,-0.1388558529904227,0.021550743543746666
284,-0.15470024943351746,-0.14044029263473218,0.021511895104226342
285,-0.0030367374420166016,-0.12669993711546063,0.021849342592781776
286,0.2558074817061424,-0.08844919523330033,0.022794518473682093
287,0.20401990413665771,-0.059202285296304544,0.023521669602781393
288,0.2466665357351303,-0.028615403193161068,0.024284810118519535
289,0.09307467937469482,-0.01644639493637548,0.024588877193289817
290,0.18771858513355255,0.003970103070617317,0.025099252055305
291,-0.0015892088413238525,0.0034141718794231998,0.02508535396534103
292,0.05186891555786133,0.008259646247267011,0.025206486460580046
293,-0.03395329415798187,0.004038352206742124,0.02510095825635036
294,-0.10378764569759369,-0.0067442475836914555,0.024831396366705047
295,-0.41637086868286133,-0.04770690969360843,0.023808231255558237
296,0.21589678525924683,-0.021346540198322914,0.02446641753926983
297,-0.18319720029830933,-0.03753160620832155,0.02406215016191511
298,0.24687254428863525,-0.009091191158625875,0.024772726482366832
299,-0.03249317407608032,-0.01143138945037132,0.024714227711555452
300,-0.4922313690185547,-0.05951138740718965,0.023513969212225205
301,-0.8067421615123749,-0.13423446481770815,0.021664150455942863
302,0.15818142890930176,-0.10499287544500717,0.022384780685927964
303,0.0030364692211151123,-0.09418994097839493,0.022652190428466553
304,0.09569965302944183,-0.07520098157761126,0.023123511425995856
305,-0.21640649437904358,-0.08932153285775449,0.0227728814308797
306,0.09158723056316376,-0.07123065651566267,0.023222239241902167
307,-0.007513880729675293,-0.06485897893706392,0.023380795385824604
308,-0.0463813841342926,-0.0630112194567868,0.02342680104627326
309,0.10317831486463547,-0.04639226602464457,0.023841024695350585
310,-0.05543801188468933,-0.047296840610649045,0.02381845988495749
311,0.21432238817214966,-0.021134917732369182,0.024471705714681602
312,-0.06953197717666626,-0.02597462367679889,0.02435078040690434
313,-0.07908467948436737,-0.031285629257555736,0.02421811435269009
314,0.06758305430412292,-0.02139876090138787,0.02446511261785957
315,0.13768158853054047,-0.005490725958195039,0.024862733230485146
316,0.04690694063901901,-0.0002509592984736358,0.024993726017669873
317,-0.002118408679962158,-0.000437704236622488,0.02498905739478325
318,-0.39946502447128296,-0.04034043626008853,0.0239920358046336
319,-0.13078522682189941,-0.049384915316269616,0.023766379833752634
320,0.012483417987823486,-0.04319808198586031,0.02392071920622972
321,-0.328355610370636,-0.07171383482433788,0.0232102212801588
322,0.3260165750980377,-0.03194079383210032,0.024201751597217346
323,0.04376903176307678,-0.02436981127258261,0.024390875297301346
324,0.31982459872961044,0.010049629727636684,0.025251232285508143
325,0.16609519720077515,0.025654186474950526,0.0256412139990988
326,-0.22869813442230225,0.00021895438522525484,0.02500547385954316
327,-0.05332063138484955,-0.005135004191782224,0.024871626023536597
328,0.01908595860004425,-0.002712907912599577,0.024932177468573256
329,-0.03317379951477051,-0.0057589970728166694,0.024856026664851552
330,-0.001965530216693878,-0.005379650387204391,0.02486551003772584
331,0.10423649102449417,0.0055819637539654635,0.02513954764449546
332,0.12212559580802917,0.01723632695937183,0.025430865506079415
333,0.12844567000865936,0.028357261264300583,0.025708741567330964
334,0.048237189650535583,0.03034525410292408,0.025758398580350034
335,0.10205739736557007,0.03751646842918868,0.0259374719259768
336,0.03912949562072754,0.03767777114834257,0.025941498799104398
337,0.09762687981128693,0.04367268201463701,0.026091123437498417
338,0.14875154569745064,0.05418056838291837,0.02635319035653662
339,-0.006593331694602966,0.048103178375166235,0.026201652761231792
340,-0.04633539915084839,0.038659320622564775,0.025966001819731185
341,0.012675955891609192,0.03606098414946922,0.02590113402766119
342,0.01941889524459839,0.03439677525898214,0.025859580407420035
343,-0.3242505341768265,-0.0014679556845987145,0.02496330113424575
344,-0.3025168925523758,-0.031572849371376416,0.02421094093810524
345,0.03856232762336731,-0.024559331671902045,0.024386140121972658
346,0.018037140369415283,-0.020299684467770314,0.024492577585458548
347,0.14719127863645554,-0.0035505881573477307,0.024911235669073724
348,-0.2845366895198822,-0.031649198293601175,0.024209034121085216
349,-0.130889892578125,-0.04157326772205355,0.023961266664950888
350,-0.019106537103652954,-0.039326594660213494,0.024017341668187912
351,0.17968721687793732,-0.017425213506398415,0.024564413748303277
352,-0.1632814109325409,-0.03201083324901266,0.024200002400875314
353,0.1624031960964203,-0.01256943031446937,0.02468578078985556
354,0.22134360671043396,0.010821873388020957,0.025270536273683187
355,0.19884580373764038,0.029624266422982895,0.025740390085166365
356,0.08272336423397064,0.034934176204081666,0.025872999298847517
357,0.042854949831962585,0.03572625356686976,0.025892776535189982
358,-0.07840482890605927,0.02431314531957686,0.025607708892917587
359,0.10168622434139252,0.032050453221758424,0.0258009870829231
360,0.15841716527938843,0.04468712442752142,0.026116435058667814
361,-0.10198864340782166,0.03001954764398712,0.02575026333222565
362,-0.07564221322536469,0.019453371557051943,0.025486272949788953
363,0.08566954731941223,0.02607498913328797,0.025651727030858454
364,-0.16930779814720154,0.006536710405239024,0.02516341543263432
365,-0.07553189992904663,-0.00167015062818954,0.024958246273117914
366,0.024687476456165314,0.0009656120802459451,0.02502414029450329
367,0.09178341925144196,0.010047392797365544,0.0252511763678977
368,0.06879620254039764,0.01592227377166875,0.025398023209404444
369,-0.15424972772598267,-0.001094926378096387,0.02497262685148648
370,-0.16078132390975952,-0.017063566131262697,0.02457345224454838
371,-0.17521044611930847,-0.03287825413006727,0.02417833969142353
372,-0.054737359285354614,-0.035064164645596,0.02412375496757799
373,0.15212110430002213,-0.016345637751034196,0.02459139544588034
374,-0.12397609651088715,-0.027108683627019486,0.024322448874281893
375,-0.008721813559532166,-0.025269996620270758,0.02436838452290976
376,-0.04957097768783569,-0.027700094727027252,0.02430767469540592
377,-0.06515666842460632,-0.03144575209678516,0.024214115217383786
378,-0.0002139359712600708,-0.02832257048423265,0.024292125005995223
379,0.04815545678138733,-0.020674767757670652,0.024483204438029038
380,0.053069908171892166,-0.013300300164714372,0.024667512101130662
381,0.014212295413017273,-0.010549040606941208,0.0247362837670665
382,-0.16031509637832642,-0.025525646184079723,0.02436199740474153
383,0.11213953793048859,-0.011759127772622896,0.02470603535508435
384,-0.2792084217071533,-0.03850405716607593,0.02403787399447955
385,0.2027473747730255,-0.014378913972165792,0.0246405519226972
386,0.41387224197387695,0.02844620162243847,0.025710963283634997
387,0.27062638476490974,0.05266421993668559,0.02631538963669841
388,0.00016689300537109375,0.04741448724355414,0.026184474694972537
389,-0.17511208355426788,0.025161830163771944,0.025628913034371998
390,-0.39560961723327637,-0.016915314575932875,0.02457715746384343
391,0.23479118943214417,0.008255335824874822,0.025206378707367683
392,-0.2716674208641052,-0.019736939844023173,0.02450664056443134
393,0.27965304255485535,0.01020205839586467,0.025255042611510032
394,-0.1175452172756195,-0.0025726691712837438,0.024935683412613676
395,-0.12091723084449768,-0.014407125338605135,0.024639846784622062
396,0.03252401947975159,-0.009714010856769463,0.024757157366905456
397,-0.10871198773384094,-0.019613808544476606,0.024509717655557806
398,-0.2317579984664917,-0.04082822753667811,0.023979861086803073
399,0.11686551570892334,-0.025058853212117975,0.024373659766849656
400,0.2310151308774948,0.0005485451968432961,0.025013713628545597
401,-0.06245175004005432,-0.005751484326846464,0.024856214477279863
402,-0.008086025714874268,-0.005984938465649244,0.024850378324811795
403,0.19375861436128616,0.013989416817044294,0.025349712607363684
404,0.2939562201499939,0.04198609715033925,0.02604903607627801
405,-0.22679603099822998,0.015107884335482328,0.02537766837478593
406,0.1774025559425354,0.03133735149618763,0.025783177436379298
407,0.4384293556213379,0.07204655190870264,0.02679805381772532
408,0.2476479411125183,0.0896066908290842,0.027234190762562283
409,0.028850913047790527,0.08353111305095484,0.02708343439456123
410,-0.4031077027320862,0.03486723147265074,0.025871327717474142
411,-0.3273423910140991,-0.0013537307760242354,0.02496615675127296
412,0.27715955674648285,0.026497597976226465,0.025662284954893956
413,0.19698753952980042,0.04354659213158386,0.026087977177778512
414,-0.06032803654670715,0.03315912926375476,0.025828674536942927
415,-0.32179391384124756,-0.0023361750467454645,0.02494159573008259
416,-0.41454172134399414,-0.04355672967647033,0.02391176986370112
417,0.07809880375862122,-0.03139117633296118,0.02421547826554431
418,-0.245193213224411,-0.05277138002210616,0.02368193879278846
419,0.0036763250827789307,-0.04712660951161765,0.023822706190598657
420,-0.2658879905939102,-0.0690027476198469,0.023277664007106496
421,0.22003670036792755,-0.040098802821069465,0.02399806687934444
422,-0.09912167489528656,-0.046001090028491176,0.023850783254247932
423,0.06414800882339478,-0.034986180143302584,0.02412570219037706
424,-0.12965238094329834,-0.04445280022330216,0.02388941142478723
425,0.03509753942489624,-0.03649776625848232,0.02408796077942405
426,-0.15596026182174683,-0.04844401581480877,0.023789846128730488
427,0.2365482784807682,-0.01994478638525108,0.024501446445903564
428,0.36071935296058655,0.018121627549332678,0.0254529911033916
429,-0.6604914665222168,-0.04973968185782226,0.023757532421081286
430,-0.4837680459022522,-0.09314251826226524,0.02267814759562929
431,0.6146682053804398,-0.022361445897994756,0.02444105701299274
432,-0.11820703744888306,-0.03194600505308358,0.02420162144953813
433,-0.16626900434494019,-0.04537830498226923,0.023866320422735395
434,0.1518528014421463,-0.02565519433982768,0.02435876082085549
435,-0.07360711693763733,-0.030450386599608643,0.02423897553437287
436,-0.2948756814002991,-0.05689291607967768,0.023579209707175273
437,-0.2336687445640564,-0.07457049892811556,0.023139185429452383
438,-0.04583930969238281,-0.07169738000454229,0.02321063054274163
439,0.017621561884880066,-0.06276548581560006,0.02343292015461504
440,-0.45113155245780945,-0.101602092479821,0.022468652055220403
441,0.07346135377883911,-0.08409574785395499,0.0229025484328202
442,-0.2644603103399277,-0.10213220410255225,0.022455535842230166
443,0.3318943977355957,-0.058729543918737456,0.023533447139271642
444,-0.08623161911964417,-0.061479751438828126,0.023464939779843444
445,-0.33144474029541016,-0.08847625032448633,0.022793847362003936
446,0.22648266702890396,-0.056980358589147316,0.023577030715888157
447,-0.25312477350234985,-0.07659480008046757,0.023088865927521435
448,-0.38509152829647064,-0.10744447290206788,0.02232417710871193
449,-0.23854798078536987,-0.12055482369039808,0.02200064568628291
450,-0.13612335920333862,-0.12211167724169213,0.021962291768364745
451,0.03373461961746216,-0.1065270475557767,0.022346852210930607
452,-0.05773112177848816,-0.10164745497804785,0.02246752962473285
453,0.005352705717086792,-0.09094743890853438,0.022732562238584275
454,0.0703883171081543,-0.07481386330686551,0.023133135136939903
455,0.0782909095287323,-0.05950338602330573,0.023514168540142866
456,0.07840938866138458,-0.0457121085548367,0.023857992620355286
457,0.13464409112930298,-0.027676488586422736,0.024308264396715965
458,0.07329842448234558,-0.017578997279545906,0.024560570331432035
459,0.1529371738433838,-0.0005273801672529416,0.024986815497041015
460,0.1700182855129242,0.016527186400764768,0.02541314204441148
461,0.01875080168247223,0.016749547928935512,0.025418699543939046
462,0.03830549120903015,0.018905142256944975,0.025472572257963
463,-0.2007693275809288,-0.003062304726842397,0.024923442621139765
464,-0.14603550732135773,-0.01735962498629393,0.02456605296539828
465,-0.021576501429080963,-0.017781312630572633,0.024555514028377343
466,-0.36635539680719376,-0.052638721048234735,0.023685246071587653
467,0.15169035270810127,-0.03220581367260114,0.02419513291219866
468,0.04554456938058138,-0.02443077536728289,0.02438935210198567
469,-0.24640098214149475,-0.04662779604470407,0.023835149163893045
470,-0.006327107548713684,-0.04259772719510504,0.02393570048962462
471,0.06838696449995041,-0.0314992580255995,0.02421277889325471
472,0.049156591296195984,-0.023433673093419947,0.024414265384929485
473,-0.27946069836616516,-0.04903637562069446,0.023775072258718517
474,-0.10107654333114624,-0.05424039239173964,0.023645318429880848
475,-0.033587440848350525,-0.05217509723740073,0.02369680489146325
476,-0.02074260264635086,-0.049031847778295744,0.02377518518305186
477,-0.051551029086112976,-0.049283765909077466,0.023768902424272154
478,0.1581769622862339,-0.028537693089546335,0.024286751285483358
479,-0.07249434292316437,-0.03293335807290814,0.024176963583429564
480,0.08559749834239483,-0.021080272431377847,0.02447307123873298
481,0.03924274444580078,-0.015047970743659989,0.02462382912453605
482,0.18428659439086914,0.004885485769792919,0.02512213617253216
483,0.011217057704925537,0.00551864296330618,0.0251379646734948
484,0.0040267109870910645,0.0053694497656846685,0.025134234954102358
485,-0.7625023275613785,-0.07141772796702163,0.023217586166644953
486,-0.09220367670059204,-0.07349632284037866,0.023165893177745756
487,0.40269117057323456,-0.025877573499017356,0.024353205031240027
488,-0.11925935745239258,-0.03521575189435487,0.0241199699620782
489,-0.04566161334514618,-0.036260338039434,0.024093888636275228
490,0.05362721532583237,-0.027271582702907367,0.024318379406706146
491,-0.19894152879714966,-0.0444385773123316,0.02388976629608018
492,0.09176018834114075,-0.030818700746984368,0.02422977631673154
493,0.04550199210643768,-0.023186631461642165,0.024420438071074555
494,-0.0964169055223465,-0.030509658867712598,0.02423749510346405
495,-0.07617330551147461,-0.0350760235320888,0.024123458859751423
496,0.1690850704908371,-0.014659914129796218,0.024633528399559367
497,-0.028159737586975098,-0.016009896475514106,0.0245997867813164
498,-0.38002195954322815,-0.0524111027822855,0.0236909208578322
499,0.028988629579544067,-0.044271129546102544,0.023893944265294162
500,-0.04320436716079712,-0.044164453307572,0.023896605963674777
501,0.06659802794456482,-0.033088205182358325,0.02417309662110598
502,-0.10414242744445801,-0.04019362740856829,0.023995700081320903
503,0.05395457148551941,-0.030778807519159526,0.024230772701993697
504,0.19509878009557724,-0.008191048757685854,0.024795228360637668
505,0.04191476106643677,-0.003180467775273593,0.02492048857371395
506,0.19087699055671692,0.016225278057925455,0.025405596359687824
507,-0.15589085221290588,-0.0009863349691576762,0.024975341633767408
508,-0.8245939910411835,-0.08334710057636023,0.022921134037599846
509,-0.07586804032325745,-0.08259919455104996,0.022939703551111888
510,-0.6477689146995544,-0.13911616656590037,0.021544359815656892
511,0.099856436252594,-0.11521890628405095,0.022132206490946892
512,-0.05972933769226074,-0.10966994942487192,0.022269190763107
513,0.1479029655456543,-0.0839126579278193,0.02290709353201656
514,0.1318615972995758,-0.062335232405079787,0.023443634514572168
515,0.21685258578509092,-0.03441645058606272,0.024139928291242414
516,-0.027484267950057983,-0.03372323232246224,0.024157238646299706
517,0.19011641666293144,-0.01133926742392288,0.02471653046370627
518,0.04356996342539787,-0.005848344338990806,0.02485379305843318
519,0.008638344705104828,-0.004399675434581243,0.024890008823839568
520,-0.34428177773952484,-0.038387885665075595,0.024040773993421638
521,-0.3012413904070854,-0.06467323613927657,0.023385419531951723
522,-0.09508362412452698,-0.0677142749378016,0.023309725765309555
523,-0.11413460969924927,-0.07235630841394637,0.02319424249919603
524,0.10717855393886566,-0.05440282217866517,0.02364126964427913
525,0.08393541350960732,-0.040568998609837925,0.02398633108725903
526,-0.04564929008483887,-0.041077027757338014,0.023973651501347497
527,0.09732423722743988,-0.027236901258860226,0.024319245799097066
528,-0.08428272604942322,-0.03294148373791653,0.024176760662028066
529,-0.19103629142045975,-0.04875096450617085,0.02378219050615106
530,-0.02672538161277771,-0.04654840621683154,0.023837129608020792
531,0.04678158462047577,-0.037215407133100814,0.024070044107497985
532,-0.449685201048851,-0.07846238652467583,0.023042455795678034
533,0.033844947814941406,-0.0672316530907141,0.023321736547926734
534,-0.014001131057739258,-0.06190860088741662,0.02345425924733053
535,0.05220171809196472,-0.05049756898947849,0.02373863275707663
536,0.10932441428303719,-0.03451537066222693,0.024137458224691915
537,-0.003571033477783203,-0.031420936943782556,0.024214734983643862
538,0.12745919078588486,-0.015532924170815818,0.0246117081231787
539,-0.06163713335990906,-0.02014334508972514,0.024496484472120265
540,0.35982340574264526,0.017853329993511892,0.025446285834256017
541,-0.3536718487739563,-0.01929918788323492,0.024517580195242195
542,-0.24196463823318481,-0.0415657329182299,0.023961454709913177
543,0.07022061944007874,-0.030387097682399045,0.024240556294174546
544,0.06730249524116516,-0.020618138390042628,0.024484619568897276
545,-0.11516103148460388,-0.030072427699498753,0.02424841585912076
546,-0.17710942029953003,-0.04477612695950188,0.02388134432427186
547,-0.21467018127441406,-0.0617655323909931,0.023457822317810097
548,0.018984690308570862,-0.0536905101210367,0.02365902552876668
549,0.05108112841844559,-0.04321334626708847,0.02392033831067215
550,-0.13951337337493896,-0.05284334897787352,0.023680144576929803
551,-0.060309574007987976,-0.05358997148088496,0.023661531776683987
552,-0.0008065178990364075,-0.0483116261227001,0.02379314813693279
553,0.005323648452758789,-0.042948098665154213,0.02392695720874534
554,0.06028565764427185,-0.032624723034211614,0.02418467117482838
555,-0.42754046618938446,-0.0721162973497289,0.0232002115744266
556,-0.22448790073394775,-0.08735345768815078,0.022821701335850524
557,0.052626833319664,-0.0733554285873693,0.023169396611824725
558,-0.6180209368467331,-0.12782197941330567,0.02182174097446879
559,0.1017182432115078,-0.10486795715082432,0.02238786950912218
560,0.09918706864118576,-0.08446245457162332,0.02289344557550453
561,-0.47511549293994904,-0.1235277584084559,0.02192741844826837
562,0.18516570702195168,-0.09265841186541515,0.02269014640141477
563,0.01075582206249237,-0.0823169884726244,0.022946710949281773
564,-0.013749614357948303,-0.0754602510611568,0.023117066332162723
565,0.0662325955927372,-0.06129096639576739,0.023469641666170077
566,-0.03385864198207855,-0.05854773395439851,0.023537976795330887
567,0.11984506994485855,-0.04070845356447281,0.023982850464832933
568,-0.2086944431066513,-0.057507052518690656,0.023563906421184208
569,0.08836102671921253,-0.04292024459490034,0.02392765227846222
570,-0.0046479105949401855,-0.039093011194904326,0.024023172286156996
571,0.11342941224575043,-0.023840768850838856,0.024404093675312277
572,-0.10353875905275345,-0.031810567871030315,0.024205003940547337
573,0.032820917665958405,-0.025347419317331445,0.02436645019474534
574,0.007284998893737793,-0.02208417749622452,0.024447985300871118
575,-0.07224904000759125,-0.02710066374736119,0.024322649224047675
576,-0.1068563424050808,-0.03507623161313315,0.024123453664120303
577,-0.621764287352562,-0.09374503718707602,0.022663215387045382
578,0.04521404579281807,-0.07984912888908662,0.023008003558349123
579,-0.4022226631641388,-0.11208648231659182,0.022209514143707653
580,-0.1742684245109558,-0.11830467653602822,0.022056104538869928
581,0.1191001757979393,-0.09456419130263147,0.022642917014575818
582,0.05115848779678345,-0.07999192339268998,0.02300445640077035
583,0.01658187061548233,-0.07033454399187276,0.023244530185319953
584,-0.08282677829265594,-0.07158376742195108,0.023213456329486626
585,-0.013529568910598755,-0.06577834757081585,0.023357908956115198
586,0.18316497653722763,-0.040884015160011514,0.023978468721680975
587,0.04844881594181061,-0.0319507320498293,0.02420150339515839
588,-0.11948579549789429,-0.0407042383946358,0.02398295566965746
589,0.12360230833292007,-0.024273583721880217,0.02439327956355499
590,-0.3318677544593811,-0.055033000795630296,0.0236255622550321
591,0.18561621010303497,-0.030968079705763776,0.024226045404690196
592,0.29988402500748634,0.0021171307655612273,0.025052928190060053
593,-0.37697938829660416,-0.03579252114065531,0.024105568892125964
594,-0.006405100226402283,-0.03285377904923,0.024178950907985802
595,0.030917935073375702,-0.02647660763696943,0.02433823943560654
596,0.02610548958182335,-0.021218397915090156,0.02446961964575399
597,0.07942939549684525,-0.011153618573896618,0.02472117109795993
598,-0.0891679972410202,-0.018955056440608974,0.02452618033450587
599,-0.23242713510990143,-0.040302264307538214,0.023992988553617558
600,-0.014697209000587463,-0.03774175877684314,0.024056903782831197
601,0.15946696139872074,-0.018020886759286755,0.024549526594062614
602,0.07027515769004822,-0.00919128231435326,0.024770224412560035
603,0.1577780619263649,0.00750565210971855,0.025187637779243096
604,0.01645222306251526,0.008400309204998221,0.025210002790518923
605,0.03239394724369049,0.010799673008867448,0.025269981329064845
606,-0.12119200080633163,-0.002399494372652456,0.024940012755810634
607,0.08513950556516647,0.006354405621129436,0.025158858002386254
608,0.040576159954071045,0.009776581054423597,0.025244406739486264
609,-0.024351373314857483,0.006363785617495491,0.02515909249281293
610,0.006905995309352875,0.006418006586681229,0.025160447961679322
611,-0.12305010855197906,-0.006528804927184798,0.024836782195882742
612,-0.005021139979362488,-0.006378038432402567,0.024840551201276526
613,0.1629992201924324,0.010559687430080927,0.025263982373864232
614,0.0591808520257473,0.015421803889647565,0.02538551453515693
615,0.19541408121585846,0.03342103162226865,0.02583521484502846
616,0.04630818963050842,0.03470974742309263,0.025867395377234988
617,0.06010118126869202,0.03724889080765257,0.025930791825032985
618,-0.3504351079463959,-0.0015195090677522644,0.02496201230254289
619,0.13446282595396042,0.012078724434419,0.02530195342644614
620,0.04460686817765236,0.015331538808742336,0.025383258441613196
621,-0.232427716255188,-0.009444386697650693,0.024763897352355548
622,0.15663555264472961,0.007163607236587332,0.025179087117504592
623,-0.08399778604507446,-0.001952532091578845,0.024951186759742085
624,0.2656334862112999,0.024806069738709025,0.02562002457315107
625,0.07032875716686249,0.02935833848152437,0.025733747665501672
626,0.060817815363407135,0.03250428616971265,0.025812321094229512
627,0.13536089658737183,0.04278994721147856,0.026069096262111253
628,0.057429760694503784,0.04425392855978108,0.026105626551440688
629,0.052891917526721954,0.045117727456475167,0.026127178458522433
630,-0.0526747927069664,0.035338475440131016,0.025883094311569033
631,0.07623030990362167,0.03942765888648008,0.02598518102386386
632,0.00020529329776763916,0.03550542232760884,0.025887262751356794
633,0.0502135194838047,0.036976232043228426,0.025923984735960887
634,-0.018560834228992462,0.03142252541600634,0.025785304688979056
635,-0.06678687036037445,0.021601585838368263,0.02553995566233626
636,-0.17428454756736755,0.0020129724977946857,0.02505032424447263
637,-0.05321060121059418,-0.0035093848730441994,0.024912265738345624
638,-0.0864962637424469,-0.011808072759984467,0.024704811900289073
639,-0.9688927084207535,-0.10751653632606134,0.022322396175897555
640,0.10876176692545414,-0.0858887060009098,0.022858046731684747
641,-0.12734517455101013,-0.09003435285591983,0.02275520348161029
642,0.0409998893737793,-0.07693092863294992,0.023080512036167792
643,-0.12931638956069946,-0.08216947472572488,0.022950373960612794
644,-0.027821823954582214,-0.07673470964861061,0.023085388665946806
645,-0.015634655952453613,-0.07062470427899492,0.023237312092590626
646,-0.048155009746551514,-0.06837773482575057,0.02329321583203432
647,-0.129484623670578,-0.07448842371023331,0.023141225954513258
648,-0.05525077134370804,-0.07256465847358079,0.023189061000940366
649,0.08153321593999863,-0.05715487103222285,0.023572682082452605
650,-0.0033572912216186523,-0.05177511305116243,0.023706777531514303
651,-0.06131204590201378,-0.05272880633624757,0.023683000178811038
652,-0.030063346028327942,-0.0504622603054556,0.023739513228633897
653,-0.043942540884017944,-0.04981028836331183,0.02375577162450874
654,-0.007807597517967224,-0.04561001927877737,0.023860539538410216
655,0.13187811523675919,-0.02786120582722372,0.02430365002480685
656,0.16630498133599758,-0.008444587110901597,0.02478889034035421
657,-0.03457707166671753,-0.01105783556648319,0.024723565377827578
658,0.16153545677661896,0.006201493667827022,0.025155035354223823
659,0.3049020767211914,0.03607155197316345,0.02590139787989213
660,0.5382565855979919,0.08629005533564629,0.027151913003616048
661,0.4582502841949463,0.12348607822157628,0.028071555281504332
662,-0.22672952711582184,0.08846451768783647,0.02720586160593958
663,0.08362824656069279,0.08798089057512211,0.027193864546915664
664,0.10638324776664376,0.08982112629427427,0.02723950873208468
665,0.10444119945168495,0.09128313361001533,0.027275760839292423
666,-0.00502420961856842,0.08165239928715695,0.02703678549889752
667,-0.4236103892326355,0.03112612043517772,0.025777901807507938
668,0.0140705406665802,0.02942056245831797,0.0257353019220612
669,-0.017451070249080658,0.02473339918757811,0.025618208923574616
670,0.09000298380851746,0.03126035764967204,0.02578125447460111
671,0.0017174333333969116,0.02830606521804453,0.025707462692980406
672,0.07618590071797371,0.03309404876803745,0.025827049308681238
673,0.04268841817975044,0.03405348570920875,0.025851008213801804
674,-0.040849290788173676,0.026563208059470506,0.025663924053004425
675,0.031811513006687164,0.027088038554192173,0.025677035377714832
676,0.12567075341939926,0.03694631004071288,0.025923237706905827
677,-0.3124387264251709,0.002007806394124508,0.025050195092402867
678,0.32041817903518677,0.03384884365823073,0.025845898055194456
679,0.04444313049316406,0.03490827234172406,0.025872352491385767
680,-0.9232854843139648,-0.06091110332384481,0.02347910287699384
681,-0.675765722990036,-0.12239656529046392,0.021955274964361733
682,-0.4429740309715271,-0.15445431185857023,0.02116905768836674
683,-0.012316662818193436,-0.14024054695453256,0.021516791671395367
684,0.38958433736115694,-0.08725805852296362,0.02282406822794279
685,-0.4305673837661743,-0.12158899104728468,0.021975166812700047
686,0.011663421988487244,-0.10826374974370749,0.022303931609329957
687,-0.47111643850803375,-0.1445490186201401,0.021411234840547494
688,-0.009496301412582397,-0.13104374689938433,0.021742531269959144
689,0.07343755289912224,-0.11059561691953368,0.022246327513954122
690,-0.15005266666412354,-0.11454132189399266,0.022148924492922824
691,-0.1251177191734314,-0.11559896162193653,0.02212283054335914
692,0.3401216119527817,-0.07002690426446473,0.02325218342177232
693,-0.01082158088684082,-0.06410637192670235,0.023399532542776158
694,0.0869123637676239,-0.04900449835726973,0.023775867278338594
695,0.15410981327295303,-0.028693067194247454,0.024282870111801344
696,0.10089511796832085,-0.015734248677990628,0.02460667624045407
697,-0.2570308446884155,-0.03986390827903311,0.024003929865838193
698,0.2537861242890358,-0.01049890502222623,0.02473753701787644
699,0.16806018352508545,0.007357003832504934,0.025183921777538212
700,0.0075594037771224976,0.00737724382696669,0.025184427749937833
701,0.14326558262109756,0.020966077706379774,0.025524075154550647
702,-0.14390426874160767,0.004479043061581032,0.025111975327730653
703,0.021113157272338867,0.006142454482656816,0.025153559430818453
704,0.005752190947532654,0.006103428129144399,0.0251525838085577
705,0.04678874462842941,0.010171959779072901,0.025254290224172107
706,0.18235409446060658,0.027390173247226264,0.025684583143390834
707,-0.23470233380794525,0.001180922541709116,0.025029523049818665
708,0.12480511143803596,0.013543341431341798,0.025338562836068196
709,0.17514870688319206,0.02970387797652682,0.02574237862366188
710,0.07420829869806767,0.03415432004868091,0.025853526142607882
711,-0.21824855357408524,0.008914032686404297,0.02522284491477398
712,-0.022006474435329437,0.005821981974230924,0.025145547904887745
713,-0.040931299328804016,0.0011466538439274306,0.025028666333534545
714,-0.04031072556972504,-0.0029990840974378156,0.024925023122357236
715,-0.049400605261325836,-0.007639236213826617,0.024809022809651044
716,-0.3274124190211296,-0.03961655449455691,0.024010103954632673
717,-0.023740552365779877,-0.038028954281679204,0.024049734190701007
718,0.08476165682077408,-0.02574989317143388,0.02435639491337889
719,0.10712144337594509,-0.012462759516695987,0.024688447142084468
720,0.029292821884155273,-0.008287201376610862,0.02479282470833765
721,-0.06978261470794678,-0.014436742709744451,0.024639106504326814
722,0.04985809326171875,-0.008007259112598131,0.02479982280036712
723,-0.1219015121459961,-0.019396684415937927,0.02451514369412661
724,-0.019756048917770386,-0.019432620866121172,0.02451424562142407
725,0.07821317948400974,-0.009668040831108083,0.024758306509620544
726,0.05080612003803253,-0.0036206247441940226,0.02490948477691385
727,-0.02041466534137726,-0.0053000288039123464,0.024867500520550152
728,-0.005085408687591553,-0.005278566792280267,0.02486803705583032
729,0.0913843885064125,0.0043877287375890086,0.025109692514501222
730,-0.17118123173713684,-0.013169167309883573,0.024670789848338984
731,-0.17539360374212265,-0.02939161095310748,0.024265421240057494
732,0.07110576331615448,-0.019341873526181285,0.02451651345241511
733,-0.009790167212486267,-0.01838670289481178,0.02454038422069378
734,-0.14037753641605377,-0.030585786246935975,0.02423559369386212
735,-0.122576504945755,-0.039784858116817874,0.024005902988901175
736,-0.06852081418037415,-0.0426584537231735,0.023934185081821255
737,0.07174153625965118,-0.031218454724891036,0.0242197920768559
738,0.05297689884901047,-0.022798919367500888,0.024430125750840675
739,0.11028474383056164,-0.009490553047694637,0.024762743297049163
740,-0.062238238751888275,-0.014765321618113999,0.02463089378268714
741,0.020004786550998688,-0.01128831080120273,0.024717804216224395
742,0.024481434375047684,-0.007711336283577688,0.024807220414089292
743,0.035482510924339294,-0.003391951562785991,0.02491520153614169
744,0.08177579194307327,0.005124822787799934,0.025128119448062078
745,-0.6801145821809769,-0.06339911770907773,0.023417142227446713
746,-0.14284607768058777,-0.07134381370622873,0.02321942463982835
747,0.329255610704422,-0.03128387126516367,0.024218158259512696
748,0.13924621790647507,-0.014230862347999796,0.024644252456003452
749,-0.1445637121796608,-0.027264147331165896,0.02431856515285642
750,-0.08131306245923042,-0.03266903884397235,0.02418356445956164
751,-0.30673496425151825,-0.060075631384726935,0.023499913426217406
752,-0.18786059319972992,-0.07285412756622722,0.02318186239732497
753,0.012013740837574005,-0.06436734072584711,0.023393035170318134
754,0.04681342840194702,-0.0532492638130677,0.023670025207906818
755,0.046076998114585876,-0.04331663762030234,0.0239177608544911
756,-0.1200176402926445,-0.05098673788753656,0.023726434968284676
757,-0.00997491180896759,-0.046885555279679664,0.023828719250292542
758,0.05615571513772011,-0.03658142823793969,0.024085872019971023
759,-0.1806158423423767,-0.05098486964838339,0.023726481553058978
760,-0.06633166968822479,-0.05251954965236753,0.02368821713520903
761,-0.05398976802825928,-0.052666571489956696,0.023684551737228055
762,-0.05118049681186676,-0.0525179640221477,0.023688256666827348
763,-0.07948265224695206,-0.05521443284462813,0.023621040208542526
764,0.08843744546175003,-0.040849245013990315,0.023979336525221818
765,0.018692001700401306,-0.034895120342551156,0.024127975908398
766,-0.6858105063438416,-0.09998665894268019,0.022508630348093576
767,0.2889123447239399,-0.06109675857601819,0.02347447872574504
768,0.08695603162050247,-0.04629147955636613,0.02384353895364541
769,0.2826103738043457,-0.013401294220294954,0.024664987699728885
770,0.0020899698138237,-0.011852167816883087,0.024703709678131902
771,0.1368142506107688,0.003014474025882098,0.02507536162237549
772,0.1044390993192792,0.013156936555221805,0.025328904435767685
773,-0.008592963218688965,0.010981946577830729,0.025274537627833545
774,-0.05763322114944458,0.004120429805103199,0.025103010162161394
775,-0.4887668192386627,-0.04516829509927338,0.023871559923195992
776,-0.17158310115337372,-0.05780977570468341,0.02355636344595909
777,0.219944566488266,-0.030034341485388475,0.024249367154998612
778,-0.32316339015960693,-0.059347246352810315,0.023518058279618406
779,0.24207013845443726,-0.029205507872085562,0.02427006982555598
780,0.18954330682754517,-0.007330626402122495,0.024816737622658156
781,-0.9290890097618103,-0.09950646473809126,0.02252051654995969
782,-0.20514798164367676,-0.1100706164286498,0.022259294037748116
783,-0.027099475264549255,-0.10177350231223975,0.022464410816927086
784,0.07204168103635311,-0.08439198397738047,0.022895194842012717
785,0.041329339146614075,-0.07181985166498102,0.02320758446334887
786,-0.09135549515485764,-0.07377341601396868,0.023159003273724665
787,-0.05727996677160263,-0.07212407108973207,0.023200018238274597
788,-0.01835896074771881,-0.06674756005553074,0.023333784725157684
789,-0.06055433303117752,-0.06612823735309542,0.023349199650665203
790,-0.12967804074287415,-0.07248321769207329,0.02319108634901995
791,0.11365529894828796,-0.05386936602803717,0.023654567038749737
792,-0.13685044646263123,-0.06216747407149657,0.023447812262241033
793,0.05620771646499634,-0.05032995501784728,0.023742812474405336
794,0.06070967763662338,-0.03922599175240021,0.02401985286504816
795,-0.018011346459388733,-0.037104527223099065,0.02407281228101661
796,0.09451257437467575,-0.02394281706332159,0.02440154392572175
797,-0.17852184921503067,-0.03940072027849249,0.024015491396204756
798,0.0643268870189786,-0.02902795954874539,0.02427450477268719
799,-0.034777555614709854,-0.029602919155341835,0.024260143128778028
800,0.10718472115695477,-0.015924155124112178,0.024601929768707828
801,0.053269729018211365,-0.009004766709879826,0.02477488691671336
802,-0.08632899820804596,-0.01673718985969644,0.02458160932119646
803,-0.1511424034833908,-0.030177711222065872,0.02424578615828663
804,0.10349537059664726,-0.01681040304019456,0.02457977950657021
805,0.00803808867931366,-0.01432555386824374,0.02464188565054598
806,0.018281467258930206,-0.011064851755526347,0.0247233899945611
807,-0.05222919583320618,-0.015181286163294328,0.024620497000338512
808,-0.24936485290527344,-0.03859964283749223,0.024035487900773374
809,0.19614920020103455,-0.015124758533639562,0.024621909866640666
810,-0.46898192167282104,-0.0605104748475577,0.023489081763379636
811,-0.016545727849006653,-0.0561140001477026,0.023598620566618697
812,-0.02795318514108658,-0.053297918647041,0.023668812282688897
813,-0.1843021661043167,-0.06639834339276857,0.02334247656283778
814,-0.4229379892349243,-0.10205230797698414,0.02245751257058679
815,0.23334383964538574,-0.06851269321474715,0.02328985762922874
816,0.2913905680179596,-0.03252236709147648,0.024187227360230823
817,0.17077723145484924,-0.012192407236843911,0.02469520492201243
818,-0.4556959867477417,-0.056542765187933684,0.023587935379535345
819,0.0960027426481247,-0.041288214404327846,0.023968380779435063
820,0.04812273383140564,-0.032347119580754494,0.024191603942153684
821,-0.26752619445323944,-0.05586502706800298,0.02360482542210549
822,-0.08992011845111847,-0.05927053620631453,0.023519969303283452
823,0.014812726527452469,-0.05186220993293783,0.023704605945777172
824,0.14749985048547387,-0.03192600389109667,0.02420212096895052
825,-0.2776782810688019,-0.05650123160886719,0.023588970408843366
826,-0.06845500692725182,-0.05769660914070565,0.023559183194516817
827,0.0039636194705963135,-0.051530586279575456,0.0237128744197015
828,0.07144077867269516,-0.0392334497843484,0.024019666700897682
829,-0.20644289255142212,-0.05595439406105576,0.023602598216550186
830,-0.24547268450260162,-0.07490622310521035,0.02313083903346108
831,0.08173593878746033,-0.05924200691594329,0.023520680037016947
832,0.022385969758033752,-0.05107920924854559,0.023724129194551035
833,-0.17111332714557648,-0.06308262103824867,0.02342502308335629
834,-0.29452013969421387,-0.08622637290384519,0.022849667269994402
835,-0.2618423104286194,-0.10378796665632262,0.022414577514157447
836,0.06359022855758667,-0.0870501471349317,0.022829226730169776
837,-0.0215817391872406,-0.08050330634016259,0.02299175380375367
838,0.005377873778343201,-0.07191518832831202,0.02320521331470812
839,-0.10197073221206665,-0.07492074271668749,0.023130478072689115
840,0.07043755054473877,-0.060384913390544866,0.023492209357883334
841,-0.050271183252334595,-0.059373540376723835,0.023517403239867847
842,0.04316210001707077,-0.04911997633734437,0.02377298726688868
843,0.05181838944554329,-0.03902613975905561,0.024024841524083646
844,-0.10774454474449158,-0.04589798025759921,0.023853355563624012
845,-0.024679630994796753,-0.04377614533131896,0.023906294918383093
846,0.1380095686763525,-0.02559757393055182,0.024360200385501275
847,0.08182611130177975,-0.014855205407318666,0.024628647180773008
848,0.1250823810696602,-0.0008614467596207848,0.024978463836336742
849,-0.3247087448835373,-0.033246176572012426,0.024169151677648913
850,0.1958055105060339,-0.010341007864207798,0.024741484018255683
851,-0.2903234660625458,-0.03833925368404159,0.024041988005332134
852,0.1696915328502655,-0.017536175030610886,0.024561640557703934
853,0.28366614878177643,0.012584057350627838,0.025314584828213894
854,0.4656386822462082,0.057889519840185866,0.0264456235005276
855,0.2691805958747864,0.07901862744364592,0.026971364363790957
856,0.10582195222377777,0.0816989599216591,0.02703794178411034
857,0.227185919880867,0.09624765591757989,0.027398788819323994
858,0.041831791400909424,0.09080606946591285,0.02726393255319187
859,0.19401516765356064,0.10112697928467763,0.02751959132594797
860,-0.015338897705078125,0.08948039158570206,0.02723105846359431
861,-0.04673776030540466,0.0758585763965914,0.026892835014120806
862,0.09308677166700363,0.07758139592363263,0.026935652972344237
863,-0.2913021445274353,0.040693041878525835,0.02601676488057024
864,0.04181910306215286,0.04080564799688854,0.02601957536410914
865,0.09562512300908566,0.04628759549810825,0.026156364152662655
866,-0.05517864227294922,0.0361409717210025,0.025903131113054884
867,0.08122046664357185,0.040648921213259435,0.026015663686460147
868,-0.000351589173078537,0.03654887017462564,0.02591331511573844
869,0.10712414234876633,0.043606397392039704,0.026089469473758245
870,0.02479393780231476,0.04172515143306721,0.026042523848774514
871,-0.21341431885957718,0.016211204403802772,0.025405244610863843
872,0.03672797605395317,0.01826288156881781,0.025456521285401542
873,-0.020804688334465027,0.014356124578489528,0.025358878460052605
874,0.016796201467514038,0.01460013226739198,0.025364977373724458
875,0.018309790641069412,0.014971098104759722,0.025374249492385842
876,-0.022039905190467834,0.011269997775236967,0.025281738016365803
877,0.1570583190768957,0.02584882990540284,0.02564607685937388
878,-0.03280150145292282,0.019983796769570277,0.02549952842509547
879,0.034742092713713646,0.021459626363984616,0.0255364083201675
880,0.0505031943321228,0.024363983160798436,0.025608979086380226
881,0.025341808795928955,0.02446176572431149,0.02561142219411285
882,0.14164131879806519,0.03617972103168686,0.02590409858023871
883,0.1292588710784912,0.045487636036367296,0.02613640721946361
884,-0.20944476127624512,0.01999439630510606,0.025499793307632242
885,-0.34966322779655457,-0.01697136610505999,0.024575756577815952
886,-0.6575740277767181,-0.08103163227222579,0.022978631444245314
887,-0.5743186622858047,-0.13036033527358368,0.021759327983664388
888,0.1030605398118496,-0.10701824776504035,0.02233471114570464
889,0.08193621039390564,-0.08812280194914576,0.02280261503361263
890,0.15807611122727394,-0.06350291063150379,0.023414557823251258
891,0.07755580823868513,-0.0493970387444849,0.023766077486214537
892,-0.6873760521411896,-0.11319494008415534,0.022182151350258042
893,-1.193483754992485,-0.2212238215749883,0.019557894983984542
894,0.14585842564702034,-0.18451559685278746,0.020438757002473662
895,0.02841918170452118,-0.1632221189970566,0.02095530227546398
896,-0.3338758051395416,-0.18028748761130511,0.020541019389140682
897,0.034805186092853546,-0.15877822024088925,0.02106356885937262
898,0.13972873613238335,-0.128927524603562,0.021794552876122725
899,0.18175221607089043,-0.09785955053611677,0.022561291029761985
900,-0.13248927891254425,-0.10132252337375952,0.02247556982246706
901,0.20964845642447472,-0.0702254253939361,0.023247244720337814
902,-0.03490379452705383,-0.06669326230724788,0.023335136143938392
903,-0.14654667675495148,-0.07467860375201824,0.023136497803575323
904,-0.2779902517795563,-0.09500976855477203,0.02263187707003693
905,0.02056106925010681,-0.08345268477428415,0.022918512707736524
906,-0.036631301045417786,-0.07877054640139751,0.02303479921824235
907,0.12634173035621643,-0.05825931872563611,0.023545162637414005
908,0.0552653968334198,-0.04690684716973052,0.02382818812198374
909,-0.5058434903621674,-0.0928005114889742,0.022686624283559664
910,-0.3954364061355591,-0.12306410095363268,0.021938835443316675
911,0.2264536488801241,-0.08811232597025702,0.022802874909993276
912,0.019787423312664032,-0.07732235104196492,0.02307078445558633
913,-0.112925224006176,-0.08088263833838602,0.0229823319859875
914,0.1021093837916851,-0.06258343612537892,0.023437453565890585
915,-0.37034790217876434,-0.09335988273071746,0.02267276046521738
916,0.05360257625579834,-0.07866363683206588,0.023037455464337858
917,0.07177813351154327,-0.06361945979770497,0.02341165583400353
918,-0.015386372804641724,-0.058796151098398655,0.023531787696554916
919,-0.32885298132896423,-0.0858018341214552,0.022860202602110333
920,-0.15097405016422272,-0.09231905572573196,0.0226985581439792
921,-0.0994681715965271,-0.09303396731281147,0.022680837988557852
922,0.07094302028417587,-0.07663626855311274,0.02308783527740658
923,-0.30828313529491425,-0.09980095522729289,0.022513226920046224
924,-0.22071729600429535,-0.11189258930499313,0.022214301180207906
925,0.10398101806640625,-0.0903052285678532,0.02274848635126882
926,0.13926927745342255,-0.06734777796572562,0.023318846531538904
927,-0.0557587593793869,-0.06618887610709175,0.023347690297828856
928,-0.48667211830616,-0.10823720032699856,0.02230458762734598
929,-0.08094947040081024,-0.10550842733437973,0.022372033619335777
930,0.025469716638326645,-0.0924106129371091,0.022696288630633613
931,0.010751038789749146,-0.08209444776442328,0.022952237038670553
932,-0.1440555602312088,-0.08829055901110183,0.02279845356906745
933,-0.4326673597097397,-0.12272823908096561,0.021947106439152077
934,0.1553097367286682,-0.09492444150000223,0.02263399112290196
935,0.23106900602579117,-0.0623250967474229,0.023443886924119445
936,-0.0207386314868927,-0.05816645022136988,0.023547476500079104
937,-0.25613659620285034,-0.07796346481951792,0.023054852847281065
938,-0.15058964490890503,-0.08522608282845663,0.02287449163855946
939,0.10674015432596207,-0.06602945911301476,0.023351658355307777
940,0.08808433264493942,-0.05061807993721935,0.02373562767121443
941,0.20680182054638863,-0.024876089888858557,0.02437822600285122
942,-0.015012145042419434,-0.023889695404214647,0.024402871207865804
943,-0.13192743062973022,-0.0346934689267662,0.024133011095501537
944,0.0011550188064575195,-0.031108620153443827,0.024222535276174698
945,-0.2587307393550873,-0.05387083207360817,0.023654530493766174
946,0.06379395723342896,-0.042104353142904456,0.023948012744084465
947,-0.26790332049131393,-0.0646842498777454,0.023385145337140457
948,-0.07633748650550842,-0.0658495735405217,0.02335613599749779
949,0.0016073882579803467,-0.0591038773606715,0.023524121212763375
950,-0.15480896830558777,-0.06867438645516312,0.02328583425819235
951,0.0167311429977417,-0.06013383350987264,0.023498463616949544
952,-0.02082231640815735,-0.056202681799701115,0.023596410502660176
953,0.11763334646821022,-0.03881907897290998,0.024030010209363153
954,-0.36690229177474976,-0.07162740025309396,0.023212371082675737
955,0.23618405498564243,-0.04084625472922032,0.023979411157744542
956,-0.06772482395172119,-0.04353411165147041,0.023912334243470508
957,-0.15347152203321457,-0.05452785268964482,0.02363815313569253
958,0.04806685447692871,-0.044268381972987464,0.02389401282017961
959,-0.4941558390855789,-0.0892571276842466,0.022774478791246496
960,-0.02792409434914589,-0.08312382435073652,0.02292667744890091
961,0.12261515855789185,-0.0625499260598737,0.023438288046613832
962,0.2900013420730829,-0.027294799246578044,0.02431779942494402
963,-0.3613181710243225,-0.06069713642435248,0.02348443232145893
964,0.2196938395500183,-0.03265803882691541,0.024183839166796804
965,-0.05255037546157837,-0.03464727249038171,0.02413416461927978
966,0.14538822323083878,-0.016643722918259662,0.024583945343921287
967,-0.1496884524822235,-0.029948195874656046,0.024251518859278454
968,0.22664410434663296,-0.004288965852527152,0.02489277651115286
969,0.09424366056919098,0.005564296789644659,0.025139105984105466
970,0.05162995308637619,0.010170862419317812,0.02525426279301629
971,0.084752656519413,0.017629041829327327,0.025440680394670304
972,0.003244630992412567,0.016190600745635855,0.0254047296545817
973,0.009938932955265045,0.015565433966598773,0.02538910442524447
974,-0.014769315719604492,0.012531958997978447,0.02531328257477877
975,0.1269296407699585,0.023971727175176448,0.025599178412408642
976,-0.9324054270982742,-0.0716659882521686,0.02321141131784643
977,0.03697316348552704,-0.060802073078399035,0.023481818563095443
978,-0.1718640699982643,-0.07190827277038556,0.023205385312669476
979,-0.2391464039683342,-0.08863208589018041,0.022789981864800992
980,0.09629763662815094,-0.07013911363834728,0.02324939192070554
981,-0.2650419920682907,-0.08962940148134163,0.02276524600678178
982,0.06004780903458595,-0.07466168042974888,0.02313691853641823
983,-0.17713280767202377,-0.08490879315397637,0.022882366754725554
984,0.04325597360730171,-0.07209231647784857,0.023200807990062734
985,-0.26512333005666733,-0.09139541783573045,0.022721455344723303
986,0.03339477628469467,-0.07891639842368794,0.02303117549056007
987,0.06469962373375893,-0.06455479620794326,0.023388368202475765
988,0.06560790352523327,-0.051538526234625605,0.023712676447068662
989,0.05594755336642265,-0.04078991827452078,0.023980817225138673
990,0.10753522254526615,-0.025957404192542093,0.02435121060389217
991,0.06501731276512146,-0.01685993249677574,0.024578541621034154
992,0.12029939144849777,-0.0031440001022483913,0.024921400256422876
993,-0.054170846939086914,-0.008246684785932242,0.02479383755388266
994,-0.07180158793926239,-0.014602175101265255,0.024634971566315143
995,-0.22540712356567383,-0.03568266994770611,0.024108311667449273
996,0.025363996624946594,-0.029578003290440844,0.024260765480313317
997,-0.30434125661849976,-0.05705432862324673,0.023575187463903687
998,0.25002166628837585,-0.02634672913208448,0.024341484134273103
999,-7.059320688247681,-0.729644125043644,0.009428810482291173
1000,-10.080488920211792,-1.6647286045604586,0.0017287171752008214
1001,-13.079537093639374,-2.80620945346835,0.00018194670351770427
1002,-11.715689539909363,-3.697157462112451,3.071800028843395e-05
1003,-14.026484072208405,-4.7300901231220465,3.894324156670273e-06
1004,-8.837586224079132,-5.140839733217755,1.7126888519946937e-06
1005,-8.201546221971512,-5.44691038209313,9.286149980770663e-07
1006,-7.35090959072113,-5.63731030295593,6.345399617170824e-07
1007,-6.217619955539703,-5.695341268214308,5.650079075667169e-07
1008,-6.243088185787201,-5.7501159599715965,5.06382096507041e-07
1009,-4.37888015806675,-5.6129923797811125,6.6616372953337e-07
1010,-3.7477154433727264,-5.4264646861402746,9.673736706928783e-07
1011,-3.251497745513916,-5.208967992077639,1.4945309461061706e-06
1012,-5.7068870067596436,-5.2587598935458395,1.35287429898553e-06
1013,-3.095535308122635,-5.042437435003519,2.0851936104348386e-06
1014,-2.9982942044734955,-4.838023111950517,3.1382624700928968e-06
1015,-1.929256334900856,-4.547146434245551,5.614615549128898e-06
1016,-1.3176780343055725,-4.224199594251554,1.0709860677627087e-05
1017,-1.6466661989688873,-3.9664462547232873,1.7930928877849915e-05
1018,-1.376651644706726,-3.707466793721631,3.00914983744292e-05
1019,-1.0812122821807861,-3.4448413425675466,5.086005698567765e-05
1020,-0.9281206130981445,-3.1931692696206064,8.407899300491387e-05
1021,-0.8015759587287903,-2.9540099385314247,0.00013550987698929964
1022,-1.7329680621623993,-2.8319057508945225,0.000172863716492535
1023,-1.6649227738380432,-2.7152074531888744,0.00021810828731934015
1024,-0.9801349639892578,-2.541700204268913,0.00030803031845403456
1025,-1.7213341891765594,-2.4596636027596777,0.0003625540551818001
1026,-0.5685685276985168,-2.2705540952535617,0.0005274557327651525
1027,-0.7281020879745483,-2.1163088945256603,0.000715334649839365
1028,-0.6510410904884338,-1.9697821141219376,0.0009542676866865119
1029,-1.8870419263839722,-1.9615080953481412,0.0009698814636192358
1030,-0.5729873180389404,-1.822656017617221,0.0012724355748472927
1031,0.09359902143478394,-1.6310305137120205,0.001844795078990086
1032,-0.8383529782295227,-1.5517627601637707,0.0021481032352446564
1033,-0.48539936542510986,-1.4451264206899046,0.0026318754309101536
1034,-0.010384678840637207,-1.301652246504978,0.0034463025676681304
1035,-0.38656431436538696,-1.210143453291019,0.004081937119306864
1036,-0.47055763006210327,-1.1361848709681273,0.004671864279478066
1037,-0.7233978509902954,-1.094906168970344,0.0050334541120673135
1038,-0.8827755451202393,-1.0736931065853335,0.005228786216896604
1039,-0.7761095762252808,-1.0439347535493282,0.005514072182291807
1040,-0.7349504232406616,-1.0130363205184616,0.005824626267999762
1041,-1.1677072644233704,-1.0285034149089525,0.00566731462292994
1042,-1.790582001209259,-1.104711273538983,0.004945376332587449
1043,-1.41737562417984,-1.1359777086030687,0.0046736193803562165
1044,-1.9994505643844604,-1.2223249941812078,0.003991533326034869
1045,-1.0712342858314514,-1.207215923346232,0.0041039397740917916
1046,-1.2962290942668915,-1.216117240438298,0.004037372613733703
1047,-1.1347172856330872,-1.207977244957777,0.004098207483766976
1048,-1.4332016706466675,-1.230499687526666,0.003931894898670212
1049,-0.9257099032402039,-1.20002070909802,0.0041584769101974265
1050,-1.332871913909912,-1.2133058295792092,0.004058290213473355
1051,-0.8834753036499023,-1.1803227769862783,0.004311165922388521
1052,-1.0947481989860535,-1.1717653191862558,0.004379068365803861
1053,-0.5634755492210388,-1.1109363421897342,0.004890171900465168
1054,-0.8582822978496552,-1.0856709377557263,0.0051176839801842875
1055,-0.7715659141540527,-1.054260435395559,0.005413569601867598
1056,-1.0418624877929688,-1.0530206406353,0.005425551290808701
1057,-0.849220871925354,-1.0326406637643055,0.005625868560275918
1058,-0.8869089782238007,-1.018067495210255,0.005773043894234476
1059,-0.9984226524829865,-1.0161030109375282,0.005793137438343643
1060,-0.6550318002700806,-0.9799958898707835,0.006173396859423882
1061,-0.5121113061904907,-0.9332074315027542,0.0066978549013760914
1062,-0.3135969042778015,-0.871246378780259,0.00744982923548849
1063,-0.000887751579284668,-0.7842105160601616,0.008622080130099253
1064,-0.6631102561950684,-0.7721004900736523,0.00879627027616841
1065,-1.62984037399292,-0.8578744784655792,0.007620976777883752
1066,-1.2964300513267517,-0.9017300357516964,0.007071519720120463
1067,-1.2058410048484802,-0.9321411326613748,0.006710234970289016
1068,-1.4813982546329498,-0.9870668448585322,0.006097279022118367
1069,-1.5240057110786438,-1.0407607314805434,0.005545292644292401
1070,-2.2117213010787964,-1.1578567884403685,0.004491495188917805
1071,-1.8678568601608276,-1.2288567956124146,0.003943814796723205
1072,-0.9725214242935181,-1.203223258480525,0.004134121820857508
1073,-1.0515189170837402,-1.1880528243408466,0.004250650088948626
1074,0.1986222267150879,-1.0493853192352531,0.005460818303007421
1075,-1.694863200187683,-1.113933107330496,0.0048637927345199575
1076,-0.15806257724761963,-1.0183460543222085,0.0057701995888156535
1077,0.020316660404205322,-0.9144797828495672,0.0069181132579640165
1078,-0.11285078525543213,-0.8343168830901537,0.00793032091480749
1079,-1.0208765268325806,-0.8529728474643964,0.007684515876276473
1080,-0.891068696975708,-0.8567824324155275,0.00763509539532309
1081,-1.9921278953552246,-0.9703169787094972,0.006278911309043869
1082,-2.227987766265869,-1.0960840574651343,0.005022800147483082
1083,-3.4978737831115723,-1.336263030029778,0.0032307063844415986
1084,-2.5577800273895264,-1.4584147297657526,0.0025663932805961276
1085,-1.720362901687622,-1.4846095469579397,0.0024417992057050816
1086,-1.2043814659118652,-1.4565867388533322,0.002575308989315887
1087,-1.755383312702179,-1.486466396238217,0.0024331883866129706
1088,-0.9079123735427856,-1.4286109939686737,0.0027154600927226744
1089,-1.910731315612793,-1.4768230261330857,0.002478223578915891
1090,-1.6486756205558777,-1.494008285575365,0.0023985094996817682
1091,-1.907108023762703,-1.5353182593940986,0.002216742546407584
1092,-2.5394248962402344,-1.6357289230787122,0.0018281719333975409
1093,-1.4563221037387848,-1.6177882411447195,0.0018924324496426806
1094,-1.0181109011173248,-1.55782050714198,0.0021233334646262245
1095,-0.8328419327735901,-1.4853226497051408,0.0024384889005254445
1096,-1.643111228942871,-1.5011015076289138,0.0023663223738635774
1097,-1.1422663629055023,-1.4652179931565728,0.0025334674511754206
1098,-0.5134693384170532,-1.3700431276826208,0.003032449455090864
1099,-1.1968885362148285,-1.3527276685358416,0.0031326107766010227
1100,-1.7280089557170868,-1.3902557972539662,0.0029193211513166045
1101,-0.34536516666412354,-1.285766734194982,0.0035496550280873667
1102,-1.2679192423820496,-1.2839819850136889,0.003561444039142693
1103,-1.5358311533927917,-1.309166901851599,0.0033983884040314225
1104,-0.294839084148407,-1.2077341200812797,0.004100037273794661
1105,-0.9718213677406311,-1.1841428448472149,0.0042811630383993915
1106,-1.355121374130249,-1.2012406977755183,0.004149183664238091
1107,-1.995792031288147,-1.280695831126781,0.0035832450548766433
1108,-1.0101928412914276,-1.2536455321432456,0.0037674313669139366
1109,-1.4877892285585403,-1.277059901784775,0.0036075100182419943
1110,-0.960699200630188,-1.2454238316693165,0.0038251144349168036
1111,-1.0594380050897598,-1.2268252490113607,0.003958600241693261
1112,-0.9946203827857971,-1.2036047623888044,0.004131229185567645
1113,-0.8492019176483154,-1.1681644779147555,0.004407928595453723
1114,-1.6857364177703857,-1.2199216719003185,0.004009223278897496
1115,-0.7259871363639832,-1.170528218346685,0.004388964239184652
1116,-1.3600207567214966,-1.189477472184166,0.004239581448243788
1117,-1.3080198168754578,-1.2013317066532951,0.004148491163058712
1118,-1.5564628541469574,-1.2368448214026615,0.0038861670087795043
1119,-1.0170007348060608,-1.2148604127430014,0.0040467115435003235
1120,-0.5417121052742004,-1.1475455819961213,0.004576516274744675
1121,-0.9638619422912598,-1.1291772180256352,0.00473156302883172
1122,-0.9931253790855408,-1.1155720341316258,0.0048494197697326845
1123,-1.0470856428146362,-1.108723394999927,0.00490973327626976
1124,-0.5847391486167908,-1.0563249703616133,0.005393669002626221
1125,-1.4848435521125793,-1.0991768285367098,0.004994921435363891
1126,-1.1247058510780334,-1.1017297307908422,0.004972012910065461
1127,-0.38892868161201477,-1.0304496258729594,0.005647784832163448
1128,-0.8736768066883087,-1.0147723439544944,0.005806782542502499
1129,-1.7251763045787811,-1.085812740016923,0.00511638128474134
1130,-0.9181803464889526,-1.069049500664126,0.0052724287352189
1131,-0.9678342938423157,-1.058927979981945,0.005368669584151258
1132,-1.4239606261253357,-1.0954312445962842,0.005028702342566433
1133,-0.6836113035678864,-1.0542492504934444,0.005413677591587206
1134,-0.6712116897106171,-1.0159454944151618,0.005794751210387565
1135,-1.7934815883636475,-1.0936991038100103,0.005044392794523232
1136,-0.26441019773483276,-1.0107702132024927,0.005847990071071242
1137,-0.7969101667404175,-0.9893842085562853,0.006072509329008413
1138,-0.08667826652526855,-0.8991136143531836,0.007103350011240729
1139,-0.3358518183231354,-0.8427874347501788,0.007817933733751118
1140,-0.2790982723236084,-0.7864185185075218,0.008590616285159506
1141,-0.3627118468284607,-0.7440478513396157,0.009210386203971901
1142,0.27461960911750793,-0.6421811052939034,0.01084042968841511
1143,0.18822449445724487,-0.5591405453187885,0.01231651313852139
1144,0.8687117099761963,-0.41635531978929013,0.015153611246862368
1145,0.5775364339351654,-0.3169661444168446,0.017330971936663487
1146,0.3925599455833435,-0.2460135354168258,0.018970807898307178
1147,-0.26724773645401,-0.2481369555205442,0.018920835612780525
1148,0.3904286324977875,-0.18428039671871105,0.02044444151669046
1149,0.12235823273658752,-0.1536165337731812,0.021189512948510437
1150,-0.9765661358833313,-0.2359114939841962,0.01920924288318974
1151,-0.9302981495857239,-0.30535015954434896,0.0175949731111808
1152,-0.3015502393245697,-0.30497016752237105,0.01760364042111968
1153,-0.8697144389152527,-0.36144459466165924,0.01633785406543146
1154,-1.3264186382293701,-0.45794199901843036,0.01428986499269979
1155,-0.7471367716789246,-0.4868614762844798,0.01370695305290114
1156,-0.7170143127441406,-0.5098767599304459,0.013253770732858534
1157,-0.6669778227806091,-0.5255868662154622,0.012949988783926936
1158,-0.7333253026008606,-0.5463607098540021,0.012555308189882217
1159,-1.5719608068466187,-0.6489207195532638,0.010726426168029045
1160,-1.4359760284423828,-0.7276262504421758,0.009459725848811475
1161,-0.4305838346481323,-0.6979220088627713,0.009923821569439994
1162,-0.8281815052032471,-0.7109479584968189,0.009718226783464895
1163,-0.9108883440494537,-0.7309419970520823,0.009408967116888232
1164,-1.6958068013191223,-0.8274284774787862,0.008022679911273646
1165,-1.6048568189144135,-0.9051713116223489,0.00702983608574323
1166,-1.1295028626918793,-0.9276044667293019,0.006763123387684153
1167,-0.40023332834243774,-0.8748673528906155,0.007404033125518317
1168,-0.7198325991630554,-0.8593638775178595,0.007601755471522304
1169,-0.9008326828479767,-0.8635107580508712,0.007548447855357101
1170,0.009994089603424072,-0.7761602732854417,0.008737568090461206
1171,-1.5661397576332092,-0.8551582217202185,0.0076561338051192585
1172,-0.5486682057380676,-0.8245092201220035,0.008062082715668823
1173,-0.27367281913757324,-0.7694255800235605,0.008835117218294613
1174,-1.0970950722694397,-0.8021925292481484,0.008368481721899424
1175,-0.8074336647987366,-0.8027166428032073,0.00836118037698296
1176,-1.2243037223815918,-0.8448753507610457,0.007790431405611225
1177,-0.6848768591880798,-0.8288755016037491,0.00800320645326314
1178,-1.1380524635314941,-0.8597931977965236,0.007596222309337562
1179,-0.649054229259491,-0.8387193009428204,0.007871746909476698
1180,-0.45754843950271606,-0.80060221479881,0.008390667326401455
1181,-0.6955060362815857,-0.7900925969470876,0.008538462782497603
1182,-0.7347328066825867,-0.7845566179206375,0.008617142186134968
1183,-0.4737659692764282,-0.7534775530562166,0.009069524236775399
1184,0.13175475597381592,-0.6649543221532133,0.010458723845872346
1185,0.24458777904510498,-0.5740001120333815,0.01204272699145766
1186,-0.08343303203582764,-0.5249434040336262,0.01296234186840985
1187,-0.8541420698165894,-0.5578632706119224,0.0123402413192851
1188,0.07518559694290161,-0.49455838385644,0.013554328392976224
1189,-0.491024374961853,-0.49420498296698134,0.01356131267625138
1190,0.023369282484054565,-0.4424475564218777,0.014608220961253474
1191,-0.573682963848114,-0.45557109716450134,0.014338308291696392
1192,-0.6232374608516693,-0.4723377335332182,0.01399784441051224
1193,-0.6216761469841003,-0.4872715748783064,0.013698794142626758
1194,-0.8193403482437134,-0.5204784522148471,0.013048270038229687
1195,-0.7135685086250305,-0.5397874578558655,0.012679323417302994
1196,-1.0698155164718628,-0.5927902637174651,0.011702514326215961
1197,-0.4812943935394287,-0.5816406766996615,0.01190357787636893
1198,-0.4117465615272522,-0.5646512651824205,0.012214491971129822
1199,-0.27068546414375305,-0.5352546850785538,0.012765311406138997
1200,-0.08385762572288513,-0.4901149791429869,0.013642307864577298
1201,-0.5232442021369934,-0.4934279014423875,0.013576678129723975
1202,-0.2924409508705139,-0.47332920638520015,0.01397786692213837
1203,-0.1990576982498169,-0.44590205557166185,0.014536883129058115
1204,-0.688023030757904,-0.47011415309028604,0.014042711405297488
1205,-0.6853379905223846,-0.4916365368334959,0.013612140864177155
1206,-0.7751160264015198,-0.5199844857902983,0.013057799045728822
1207,-0.31617066264152527,-0.49960310347542103,0.013454875958905333
1208,-0.5614091753959656,-0.5057837106674754,0.013333660797028968
1209,-0.4039895534515381,-0.4956042949458817,0.013533671231167325
1210,-0.8008645176887512,-0.5261303172201687,0.012939561664809588
1211,-0.442285418510437,-0.5177458273491955,0.01310104092138994
1212,-1.180402472615242,-0.5840114918758001,0.01186062625723553
1213,-0.5562039017677307,-0.5812307328649933,0.011911015587544312
1214,-0.9498913884162903,-0.6180967984201229,0.011254962009341694
1215,-0.7371744513511658,-0.6300045637132272,0.011048616049427716
1216,-0.6201223731040955,-0.629016344652314,0.011065636984770174
1217,-0.8522822856903076,-0.6513429387561135,0.01068566676029871
1218,-0.38269805908203125,-0.6244784507887053,0.01114403781915022
1219,-1.082748532295227,-0.6703054589393576,0.010370480564488022
1220,-0.3520069122314453,-0.6384756042685663,0.010903482110979773
1221,-0.6935746669769287,-0.6439855105394026,0.01080982172731922
1222,-0.20772504806518555,-0.600359464291981,0.011567367389662658
1223,-0.6908121109008789,-0.6094047289528708,0.011407301586340289
1224,-1.1457740664482117,-0.6630416627024049,0.010490398356313263
1225,-0.026364237070083618,-0.5993739201391728,0.011584902182382126
1226,-0.671768307685852,-0.6066133588938407,0.011456530921625732
1227,0.27425214648246765,-0.5185268083562099,0.013085945025577476
1228,-0.27292531728744507,-0.4939666592493334,0.013566023957823052
1229,-0.7164616882801056,-0.5162161621524106,0.013130640958961357
1230,-0.9343332648277283,-0.5580278724199423,0.012337181755047392
1231,-1.4923911690711975,-0.6514642020850678,0.010683629193461733
1232,-1.4211140275001526,-0.7284291846265762,0.009447414989450948
1233,-1.0059391260147095,-0.7561801787653896,0.009029462584715302
1234,-1.2570132911205292,-0.8062634900009035,0.008311903558272812
1235,-1.2038105726242065,-0.8460181982632338,0.007775411092882297
1236,-1.4012024700641632,-0.9015366254433268,0.007073868585441859
1237,-0.8898665308952332,-0.9003696159885174,0.007088055125085448
1238,-0.6259388327598572,-0.8729265376656513,0.0074285505095819
1239,-1.4205410480499268,-0.9276879887040788,0.006762146519625945
1240,-1.2584693431854248,-0.9607661241522133,0.006384539907098162
1241,-1.7334465980529785,-1.0380341715422898,0.00557223519091716
1242,-0.9064272046089172,-1.0248734748489525,0.005703897655102983
1243,-1.5947487354278564,-1.081861000906843,0.005152794907586741
1244,-1.444296419620514,-1.1181045427782101,0.004827284872433249
1245,-2.1224088072776794,-1.218534969228157,0.0040194628084662875
1246,-0.2529728412628174,-1.121978756431623,0.004793597668168865
1247,-1.3374997973442078,-1.1435308605228816,0.004610009367677355
1248,-0.7902927994728088,-1.1082070544178744,0.004914307497430742
1249,-0.7919273972511292,-1.0765790887012,0.0052018235972782385
1250,-0.6809135675430298,-1.0370125365853828,0.005582359943541752
1251,-0.4084601402282715,-0.9741572969496718,0.006236862544196519
1252,-0.4548981189727783,-0.9222313791519825,0.006826217221211003
1253,-0.06357473134994507,-0.8363657143717788,0.007903017408325337
1254,0.2430192232131958,-0.7284272206132814,0.009447445087370797
1255,-0.9414564371109009,-0.7497301422630432,0.009125301712597135
1256,-0.17087209224700928,-0.6918443372614399,0.010020861788757489
1257,-1.206865668296814,-0.7433464703649773,0.009220930892665775
1258,-0.693996250629425,-0.738411448391422,0.00929538908230929
1259,-0.4781322479248047,-0.7123835283447604,0.00969576735528016
1260,-0.44088780879974365,-0.6852339563902587,0.010127212930065365
1261,0.17785239219665527,-0.5989253215315673,0.011592889790576282
1262,0.21596074104309082,-0.5174367152741015,0.013107018974460087
1263,0.2612571120262146,-0.4395673325440699,0.014667856482388103
1264,0.3302786201238632,-0.3625827372772766,0.016312826300378315
1265,-0.2065659761428833,-0.34698106116383726,0.01665761298834085
1266,-0.07531633973121643,-0.31981458902057514,0.01726651845069328
1267,-0.9972550272941589,-0.3875586328479335,0.01576865899737875
1268,-0.4099670350551605,-0.3897994730686562,0.015720316439371683
1269,-0.2675786018371582,-0.3775773859455064,0.015984957038790618
1270,-0.9883680045604706,-0.4386564478070028,0.014686746112654858
1271,-1.061349332332611,-0.5009257362595636,0.01342887777719515
1272,-0.3292020857334137,-0.4837533712069486,0.013768887008296916
1273,-0.34551382064819336,-0.4699294161510731,0.01404644293413539
1274,-0.8396714925765991,-0.5069036237936256,0.013311771380207059
1275,-0.8167770802974701,-0.53789096944401,0.012715253759289162
1276,-0.5082634687423706,-0.5349282193738462,0.012771519325586617
1277,-0.5296844840049744,-0.534403845836959,0.0127814947183129
1278,-0.4525603950023651,-0.5262195007534997,0.012937851034761336
1279,-1.0397720336914062,-0.5775747540472903,0.011977488085401493
1280,-0.5055262744426727,-0.5703699060868286,0.012109227824298283
1281,-0.2662227749824524,-0.5399551929763909,0.012676148783170728
1282,-1.1009316444396973,-0.5960528381227216,0.011644127439708317
1283,-1.6345114707946777,-0.6998987013899172,0.009892413126438236
1284,-0.8017712831497192,-0.7100859595658974,0.009731731675514006
1285,-1.6204246282577515,-0.8011198264350827,0.00838344126056583
1286,-0.6977038383483887,-0.7907782276264133,0.008528758146905764
1287,-2.047863334417343,-0.9164867383055062,0.006894221419589994
1288,-0.36099639534950256,-0.8609377040099058,0.0075814878472461825
1289,-1.7044195532798767,-0.9452858889369029,0.006558964471838966
1290,-1.4520630836486816,-0.9959636084080807,0.0060026560723480255
1291,-0.808709979057312,-0.9772382454730039,0.00620330311141233
1292,-1.1012974679470062,-0.9896441677204041,0.006069736109593279
1293,-0.09385201334953308,-0.9000649522833171,0.007091762621949552
1294,-0.8186033964157104,-0.8919187966965564,0.007191495779558291
1295,-0.8596484363079071,-0.8886917606576915,0.007231325848821794
1296,-0.1427709460258484,-0.8140996791945072,0.008203859020446255
1297,-0.9244557619094849,-0.8251352874660051,0.008053619197745037
1298,-0.896554708480835,-0.8322772295674881,0.007957578099115379
1299,-0.901470273733139,-0.8391965339840533,0.007865418522045527
1300,-0.11580902338027954,-0.7668577829236759,0.00887253522148061
1301,-0.9820894002914429,-0.7883809446604526,0.008562728322006516
1302,-0.5153717994689941,-0.7610800301413068,0.008957182987816259
1303,-0.7750109434127808,-0.7624731214684541,0.008936715721683168
1304,-0.17579281330108643,-0.7038050906517174,0.00983056335827453
1305,-0.5660751461982727,-0.690032096206373,0.010049934518281855
1306,-0.36349058151245117,-0.6573779447369807,0.0105846049968336
1307,-0.7487612962722778,-0.6665162798905104,0.01043290933436933
1308,-0.004299372434616089,-0.6002945891449211,0.011568521077060204
1309,0.09273016452789307,-0.5309921137776397,0.01284652244346981
1310,-0.757757306098938,-0.5536686330097695,0.012418381884149246
1311,-2.3168249130249023,-0.7299842610112828,0.009423606986780166
1312,-1.1395708322525024,-0.7709429181354047,0.00881306484453629
1313,-0.7318750023841858,-0.7670361265602829,0.00886993238243154
1314,-3.138317286968231,-1.0041642426010777,0.005916562700049652
1315,-0.7852051258087158,-0.9822683309218415,0.00614884573944174
1316,-1.1228739023208618,-0.9963288880617435,0.005998798315573969
1317,-0.653795063495636,-0.9620755056051327,0.00636996946376872
1318,-1.2683282494544983,-0.9927007799900692,0.006037210263451574
1319,-0.3317081928253174,-0.9266015212735941,0.006774863078014709
1320,-0.43848875164985657,-0.8777902443112204,0.007367235843491065
1321,-0.04820513725280762,-0.7948317336053792,0.008471562500369064
1322,-0.23341193795204163,-0.7386897540400454,0.00929117777181924
1323,0.13860419392585754,-0.6509603592434552,0.010692097032615151
1324,0.15412592887878418,-0.5704517304312312,0.012107726155670876
1325,-0.049681782722473145,-0.5183747356603554,0.013088883619353498
1326,-0.3924858570098877,-0.5057858477953087,0.01333361900369541
1327,-0.12465238571166992,-0.4676725015869448,0.014092079426779197
1328,-0.2125338315963745,-0.44215863458788773,0.014614196708578546
1329,-0.6036103963851929,-0.4583038107676183,0.01428248093733141
1330,-0.44620323181152344,-0.4570937528720088,0.014307185445788562
1331,-0.6551723182201385,-0.4769016094068218,0.013906030376898519
1332,-0.5577706098556519,-0.4849885094517048,0.01374425414269468
1333,-1.1772450804710388,-0.5542141665536382,0.01240820059724474
1334,-1.0055110454559326,-0.5993438544438676,0.011585437402666323
1335,-0.11651062965393066,-0.5510605319648739,0.012467134095409442
1336,0.0820799171924591,-0.48774648704914064,0.013689349545793093
1337,-0.12260735034942627,-0.4512325733791692,0.01442720862573637
1338,-0.3494158089160919,-0.44105089693286154,0.014637121249318721
1339,-0.5862277746200562,-0.455568584701581,0.014338359679490213
1340,-0.41921502351760864,-0.45193322858318374,0.014412829388115712
1341,0.1225590705871582,-0.3944839986661496,0.015619515167206381
1342,-0.8570062518119812,-0.4407362239807327,0.014643637223060514
1343,-0.0993642807006836,-0.40659902965272776,0.015360471382956282
1344,-0.6447263956069946,-0.4304117662481544,0.014858365741814126
1345,-0.35993099212646484,-0.42336368883598546,0.015005990751871548
1346,0.20662939548492432,-0.3603643804038945,0.016361626251244987
1347,-0.7849725484848022,-0.4028251972119853,0.015440907198080313
1348,-0.3351637125015259,-0.39605904874093933,0.01558570269258816
1349,-0.24122071266174316,-0.38057521513301973,0.015919827373819976
1350,-0.3633524179458618,-0.378852935414304,0.01595722767886803
1351,-0.37556135654449463,-0.378523777527323,0.015964380845029186
1352,-0.39733409881591797,-0.3804048096561825,0.015923525745513846
1353,-0.027263730764389038,-0.3450907017670032,0.016699636017190305
1354,-0.9560948014259338,-0.40619111173289624,0.01536915453852664
1355,-0.3962002992630005,-0.4051920304859067,0.015390433033604867
1356,-0.5910000205039978,-0.42377282948771583,0.014997398243779223
1357,-1.1249750852584839,-0.49389305506479264,0.013567479203320743
1358,-1.7728333473205566,-0.621787084290369,0.01119072313820077
1359,-3.1241037845611572,-0.8720187543174478,0.007440041085302777
1360,-1.6723037958145142,-0.9520472584671544,0.006482287865939372
1361,-1.082275390625,-0.9650700716829389,0.006336753459160346
1362,-0.7212238311767578,-0.9406854476323208,0.006611574451395194
1363,-1.519844889640808,-0.9986013918331695,0.005974846238293573
1364,-1.3627592325210571,-1.0350171759019582,0.005602181042784843
1365,-0.8439090251922607,-1.0159063608309884,0.00579515219832414
1366,-0.29479098320007324,-0.9437948230678969,0.0065759770399588455
1367,-0.7751734256744385,-0.9269326833285509,0.006770984856510814
1368,-0.2551608681678772,-0.8597555018124836,0.007596708009991457
1369,-0.5278931260108948,-0.8265692642323247,0.008034260976318734
1370,0.0902058482170105,-0.7348917529873912,0.009348776111172732
1371,-0.13524270057678223,-0.6749268477463303,0.01029471459133457
1372,-0.36162328720092773,-0.64359649169179,0.01081641532266035
1373,0.013744056224822998,-0.5778624369001287,0.011972248276692507
1374,0.2837144136428833,-0.49170475184582757,0.01361078938487912
1375,0.044512808322906494,-0.4380829958289542,0.014698645458156027
1376,-0.4218602180480957,-0.4364607180508684,0.014732338787115391
1377,-0.21238160133361816,-0.4140528063791434,0.015202288866448546
1378,-0.363476425409317,-0.40899516828216076,0.015309521105118327
1379,-0.6839895248413086,-0.43649460393807554,0.014731634546342293
1380,-1.0115408897399902,-0.49399923251826694,0.01356537997539929
1381,-0.12471979856491089,-0.4570712891229313,0.014307644307061225
1382,-0.33948588371276855,-0.44531274858191505,0.014549038182227482
1383,-0.41225868463516235,-0.4420073421872398,0.014617326449633254
1384,-0.15264102816581726,-0.4130707107850976,0.015223078194955329
1385,-0.09734013676643372,-0.38149765338323127,0.01589981531218958
1386,-0.24257534742355347,-0.3676054227872635,0.016202614321986133
1387,-0.6674681305885315,-0.3975916935673903,0.015552839035702707
1388,-0.32300758361816406,-0.3901332825724677,0.01571312190068534
1389,-0.2795644998550415,-0.3790764043007251,0.015952372286764098
1390,-0.37463700771331787,-0.37863246464198436,0.01596201869909663
1391,-0.9396888017654419,-0.4347380983543301,0.014768165312955665
1392,-0.6937087774276733,-0.46063516626166445,0.014234956300754234
1393,-1.3612401485443115,-0.5506956644899291,0.01247396460218846
1394,-0.4886275827884674,-0.5444888563197829,0.012590541532210744
1395,-0.9839403033256531,-0.5884340010203699,0.011780790251765101
1396,-0.6220606565475464,-0.5917966665730876,0.011720336029527392
1397,-0.7321224212646484,-0.6058292420422436,0.011470386643061872
1398,-1.4550729542970657,-0.6907536132677258,0.01003835208240777
1399,-1.4300792813301086,-0.7646861800739639,0.00890427677734
1400,-1.0555077195167542,-0.793768334018243,0.008486537639460489
1401,-0.9306530654430389,-0.8074568071607225,0.008295376999809366
1402,-0.5422521829605103,-0.7809363447407013,0.00866890462396901
1403,-0.19339758157730103,-0.7221824684243613,0.009543516150207343
1404,-0.434959352016449,-0.69346015678357,0.009994993320768416
1405,-0.2941194176673889,-0.6535260828719519,0.010649027076645081
1406,-1.0897801220417023,-0.697151486788927,0.00993608500308243
1407,0.46870625019073486,-0.5805657130909608,0.011923087995701237
1408,-0.7268315851688385,-0.5951923002987487,0.011659507865861514
1409,-0.43376100063323975,-0.5790491703321978,0.01195064991367593
1410,-1.8685761392116547,-0.7080018672201435,0.009764441825132374
1411,-1.486421525478363,-0.7858438330459654,0.008598796733243716
1412,-0.858553946018219,-0.7931148443431908,0.008495750736888975
1413,-1.3371348977088928,-0.847516849679761,0.007755750306380977
1414,-1.2420856356620789,-0.8869737282779928,0.007252605537112728
1415,-1.2979153394699097,-0.9280678893971845,0.006757704725621684
1416,-1.0575755834579468,-0.9410186588032609,0.006607751912756712
1417,-0.5287122130393982,-0.8997880142268746,0.0070951341257107295
1418,-0.3811095058917999,-0.8479201633933672,0.007750466175384056
1419,-0.930234432220459,-0.8561515902760763,0.007643261062435747
1420,-0.3743356168270111,-0.8079699929311698,0.008288277855712442
1421,-0.7041319310665131,-0.797586186744704,0.008432871208445566
1422,0.3776296079158783,-0.6800646072786458,0.01021096511677637
1423,-0.7892125248908997,-0.6909793990398713,0.010034729621659055
1424,-0.9898541569709778,-0.7208668748329818,0.009563850553217618
1425,-1.0446462631225586,-0.7532448136619395,0.009072980649497025
1426,-0.46756184101104736,-0.7246765163968503,0.009505057743323463
1427,-0.46894586086273193,-0.6991034508434384,0.009905040162305402
1428,-1.2868956327438354,-0.7578826690334781,0.009004297076976664
1429,-3.321971833705902,-1.0142915855007204,0.005811719261364128
1430,-0.7038683295249939,-0.9832492599031477,0.006138273890934189
1431,-0.49366700649261475,-0.9342910345620945,0.006685293710795743
1432,-0.5660741329193115,-0.8974693443978161,0.0071234146253616355
1433,-1.1345876455307007,-0.9211811745111046,0.006838607060086769
1434,-0.5543187856674194,-0.8844949356267361,0.007283399664402047
1435,-0.7662888765335083,-0.8726743297174133,0.007431741446817838
1436,-0.19570261240005493,-0.8049771579856775,0.008329747814929097
1437,-0.17869293689727783,-0.7423487358768376,0.009235947107811912
1438,0.11279323697090149,-0.6568345385920636,0.010593676121467003
1439,-0.21190357208251953,-0.6123414419411092,0.01135567000495673
1440,0.016871094703674316,-0.5494201882766309,0.012497861798010462
1441,-0.5105401575565338,-0.5455321852046211,0.012570895174842204
1442,-0.7438092231750488,-0.5653598890016639,0.012201414644315574
1443,-0.11624413728713989,-0.5204483138302115,0.013048851302905746
1444,0.2637103199958801,-0.44203245044760237,0.014616807015269122
1445,0.1542232632637024,-0.38240687907647186,0.015880103040795283
1446,-0.04981499910354614,-0.3491476910791793,0.01660951359217448
1447,-0.12153074145317078,-0.3263859961165785,0.017118257368300506
1448,0.05709509551525116,-0.28803788695339555,0.017991802850894797
1449,-0.8861527740955353,-0.3478493756676095,0.016638327947024512
1450,-0.20400238037109375,-0.33346467613795794,0.01695923754002066
1451,-0.2506181001663208,-0.32518001854079426,0.017145420419002615
1452,-0.5355911254882812,-0.34622112923554293,0.016674500054317615
1453,-0.8044252991676331,-0.392041546228752,0.01567202770199963
1454,0.42882169783115387,-0.3099552218227614,0.017490090994740942
1455,-0.6541258990764618,-0.3443722895481314,0.016715620302193562
1456,0.20886224508285522,-0.28904883608503273,0.01796852183199101
1457,-0.4052164554595947,-0.30066559802248893,0.017701959809216045
1458,-0.47237321734428406,-0.31783635995466847,0.01731126904681182
1459,-1.1166289448738098,-0.39771561844658254,0.015550183444216185
1460,-0.7390940189361572,-0.43185345849554,0.014828272336673207
1461,-0.8573690056800842,-0.4744050132139945,0.013956209911592824
1462,-0.45483648777008057,-0.4724481606696031,0.013995618517116365
1463,-0.10716089606285095,-0.4359194342089279,0.01474359079240727
1464,-0.28989511728286743,-0.42131700251632187,0.015049016113187277
1465,-0.12895160913467407,-0.39208046317815715,0.01567119023863742
1466,0.26781514286994934,-0.3260909025733465,0.017124902054397744
1467,0.4627799391746521,-0.24720381839854663,0.01894278960642569
1468,-0.2872008681297302,-0.25120352337166496,0.018848758542012508
1469,-0.4890310764312744,-0.2749862786776259,0.018293538795798387
1470,-0.5411651134490967,-0.3016041621547729,0.017680501160838955
1471,0.6561866998672485,-0.20582507595257082,0.01992582558809515
1472,-0.3610585331916809,-0.22134842167648183,0.01955492767073755
1473,-1.1962490379810333,-0.318838483306937,0.017288592643875084
1474,-1.645440697669983,-0.45149870474324155,0.014421745924848043
1475,-1.5931286811828613,-0.5656617023872035,0.012195847697024833
1476,-0.6548011898994446,-0.5745756511384276,0.01203220676482349
1477,-0.37849193811416626,-0.5549672798360015,0.012394154443084934
1478,-0.9318323135375977,-0.5926537832061611,0.011704961200189759
1479,-0.4738677144050598,-0.580775176326051,0.011919284607277736
1480,-0.06557810306549072,-0.5292554689999951,0.01287970595999782
1481,-0.078646719455719,-0.4841945940455675,0.013760084379607553
1482,0.16871130466461182,-0.4189040041745496,0.015099832175698477
1483,-0.08997306227684021,-0.38601090998477866,0.01580209541862575
1484,-0.18256604671478271,-0.36566642365777907,0.01624511557108143
1485,-0.47242462635040283,-0.37634224392704146,0.016011832296613893
1486,-0.7576470077037811,-0.41447272030471544,0.015193404868752475
1487,-0.4890519380569458,-0.42193064207993847,0.015036108833001077
1488,-0.41610556840896606,-0.4213481347128412,0.01504836112738555
1489,-0.4723658561706543,-0.4264499068586225,0.014941245471711868
1490,-0.951439619064331,-0.47894887807919334,0.013864964824079121
1491,-0.425018310546875,-0.47355582132596147,0.01397330323921808
1492,-0.4477860927581787,-0.47097884846918314,0.014025253329847982
1493,-1.233500897884369,-0.5472310534107017,0.012538948309550865
1494,-0.20024675130844116,-0.5125326232004757,0.013202096347494247
1495,-0.3008024990558624,-0.4913596107860143,0.013617628199674083
1496,-0.1106831431388855,-0.45329196402130145,0.014384968977749957
1497,-0.14657801389694214,-0.4226205690088655,0.015021604464140631
1498,-0.40424177050590515,-0.42078268915856953,0.015060259984573283
1499,0.02011573314666748,-0.3766928469280459,0.016004201152626695
1500,-0.729402482509613,-0.4119638104862026,0.015246528579840574
1501,0.07648849487304688,-0.36311857995027763,0.01630104996469357
1502,-0.3165973722934723,-0.35846645918459713,0.01640343662147927
1503,-0.5723864436149597,-0.3798584576276334,0.01593538650640019
1504,-0.2950557470321655,-0.37137818656808663,0.016120084757208313
1505,-0.8310868144035339,-0.41734904935163136,0.0151326299642463
1506,-1.8627676963806152,-0.5618909140545297,0.012265523363372915
1507,-1.3002857565879822,-0.635730398307875,0.010950364517615052
1508,-1.6205167174339294,-0.7342090302204805,0.009359159003708008
1509,-2.101149320602417,-0.8709030592586741,0.007454183459629841
1510,-0.7364504933357239,-0.857457802666379,0.007626361281075048
1511,-0.742914617061615,-0.8460034841059026,0.007775604329122759
1512,-1.4503920376300812,-0.9064423394583204,0.007014492374095666
1513,-0.41665756702423096,-0.8574638622149116,0.007626282954062012
1514,-0.2401963472366333,-0.7957371107170838,0.008458829269523337
1515,-1.4870488047599792,-0.8648682801213732,0.0075310639840050824
1516,-1.1363164782524109,-0.892013099934477,0.007190334580420477
1517,-1.0477351546287537,-0.9075853054039047,0.00700071855297325
1518,-2.0415491461753845,-1.0209816894810526,0.005743347966059036
1519,-1.4333521127700806,-1.0622187318099554,0.005337210993190948
1520,-0.11799776554107666,-0.9677966351830676,0.006306639054799965
1521,-1.0113070011138916,-0.97214767177615,0.00625883631652418
1522,0.3509093225002289,-0.8398419723485121,0.007856866217638713
1523,-0.4111964702606201,-0.7969774221397229,0.008441410268423283
1524,0.020565152168273926,-0.7152231647089232,0.009651457523309245
1525,-0.12000983953475952,-0.6557018321915068,0.010612602753610962
1526,-0.1385730504989624,-0.6039889540222524,0.011502951618317731
1527,-0.07208555936813354,-0.5507986145568405,0.012472037071004373
1528,-0.7437785863876343,-0.5700966117399199,0.012114244334959574
1529,0.013798385858535767,-0.5117071119800743,0.013218144242379437
1530,-0.627045214176178,-0.5232409221996848,0.012995062766058869
1531,-0.13885614275932312,-0.4848024442556486,0.013747963165771532
1532,-0.42624709010124207,-0.47894690884020796,0.013865004288528807
1533,-0.8167672157287598,-0.5127289395290632,0.013198281807683628
1534,-1.5055451691150665,-0.6120105624876635,0.011361479076897104
1535,-0.7196676731109619,-0.6227762735499933,0.011173548179146515
1536,-1.5202744603157043,-0.7125260922265644,0.009693539102571645
1537,-2.055956721305847,-0.8468691551344927,0.007764242417311199
1538,-1.3445396423339844,-0.8966362038544419,0.007133599258325564
1539,-0.6610012650489807,-0.8730727099738957,0.007426701653973639
1540,-1.4973342418670654,-0.9354988631632127,0.006671315974456505
1541,-0.17645186185836792,-0.8595941630327283,0.007598787096420616
1542,-0.9267032146453857,-0.866305068193994,0.0075127009547306944
1543,-0.18093174695968628,-0.7977677360705632,0.008430325973514072
1544,0.17881426215171814,-0.700109536248335,0.00988906751230382
1545,0.23834818601608276,-0.6062637640218933,0.011462706977518472
1546,-0.3642263114452362,-0.5820600187642276,0.01189597295532498
1547,-0.23685812950134277,-0.5475398298379391,0.012533147636905896
1548,-0.43651634454727173,-0.5364374813088724,0.01274283651775156
1549,-0.6950350999832153,-0.5522972431763067,0.012444000813261115
1550,-1.0242640972137451,-0.5994939285800505,0.011582766000973951
1551,-1.1469874382019043,-0.6542432795422358,0.010637010387533875
1552,-0.46066024899482727,-0.634884976487495,0.010964831744414412
1553,-0.7794863879680634,-0.6493451176355518,0.0107192765370103
1554,-0.3664306700229645,-0.6210536728742931,0.011203469236281249
1555,-1.0223708152770996,-0.6611853871145738,0.010521206442236856
1556,-0.727912425994873,-0.6678580910026037,0.0104107706787133
1557,-0.19790250062942505,-0.620862531965286,0.011206792806543223
1558,-1.0562462210655212,-0.6644009008753095,0.01046788151606087
1559,-0.1778339147567749,-0.615744202263456,0.01129605131507746
1560,-0.5886411070823669,-0.6130338927453471,0.011343519808687695
1561,-0.1933799386024475,-0.5710684973310571,0.01209641111442458
1562,-0.5841865539550781,-0.5723803029934593,0.012072369027533395
1563,-0.3001921772956848,-0.5451614904236819,0.012577873193632298
1564,0.3008073568344116,-0.46056460569787255,0.01423639327877916
1565,0.4597312808036804,-0.3685350170477173,0.016182258930526345
1566,1.201062023639679,-0.21157531297897775,0.01978815396817487
1567,0.35382479429244995,-0.15503530225183498,0.021154875260153035
1568,0.43510937690734863,-0.09602083433591663,0.022606829635441514
1569,1.0822528004646301,0.021806529144138026,0.025545076832174204
1570,-0.763707160949707,-0.05674483986524646,0.02358289968702905
1571,1.1615900099277496,0.06508864511405313,0.02662492209768373
1572,-1.0058050155639648,-0.04200072095374864,0.02395059897258692
1573,0.6785051226615906,0.03004986340778526,0.02575102054304771
1574,-0.3273874521255493,-0.005693868145548189,0.024857654834641106
1575,0.04690659046173096,-0.00043382228482027625,0.02498915444355988
1576,-1.2897765040397644,-0.12936809046031467,0.021783720412964423
1577,-0.2670097053050995,-0.14313225194479315,0.021445931165817028
1578,-0.16271281242370605,-0.14509030799268444,0.0213979824929969
1579,-0.24138855934143066,-0.15472013312755906,0.021162568470108625
1580,-0.2718368172645569,-0.16643180154125883,0.020877201399186664
1581,-0.2909071445465088,-0.1788793358417838,0.02057511181983475
1582,-0.6743676066398621,-0.22842816292159163,0.019386592759381094
1583,-0.2323198914527893,-0.22881733577471142,0.019377354764537183
1584,-0.5017862319946289,-0.25611422539670314,0.018733563505662767
1585,-0.6696482300758362,-0.29746762586461645,0.017775164066195816
1586,-1.4932734370231628,-0.41704820698047107,0.015138980116761184
1587,-1.4222514629364014,-0.517568532576064,0.013104469487172503
1588,-0.335003137588501,-0.4993119930773078,0.01346060240563079
1589,0.12226051092147827,-0.4371547426774292,0.014717918982145355
1590,0.13734543323516846,-0.3797047250861694,0.0159387247349782
1591,-0.5026217699050903,-0.39199642956806147,0.01567299860890857
1592,0.1428481936454773,-0.3385119672467076,0.016846292646228472
1593,-0.2074717879295349,-0.3254079493149904,0.017140284999774533
1594,0.011356830596923828,-0.291731471323799,0.01790680802337984
1595,-0.06820234656333923,-0.269378558847753,0.018423837785098304
1596,-0.6017530262470245,-0.3026160055876802,0.017657380315435834
1597,-0.25079596042633057,-0.2974340010715452,0.017775934487288814
1598,-0.39412081241607666,-0.30710268220599835,0.017555024765461575
1599,-0.10546669363975525,-0.28693908334937407,0.018017122027783227
1600,-0.7704796195030212,-0.3352931369647388,0.016918278834432112
1601,-0.47065484523773193,-0.3488293077920381,0.01661657735824219
1602,-0.6758633852005005,-0.3815327155328843,0.015899054912732215
1603,-0.007368326187133789,-0.3441162765983093,0.0167213182927639
1604,0.3017054796218872,-0.27953410097628967,0.018188154360374097
1605,0.3158685266971588,-0.21999383820894483,0.019587195286016493
1606,-0.13638216257095337,-0.21163267064514568,0.01978678236395258
1607,0.3696727156639099,-0.15350213201424012,0.02119230659750547
1608,0.349909245967865,-0.10316099421602962,0.022430085191023803
1609,0.1389775276184082,-0.07894714203258585,0.023030411669008283
1610,0.33722808957099915,-0.037329618872227355,0.02406719277704057
1611,-0.34326159954071045,-0.06792281693907566,0.02330453612093054
1612,-1.1972335577011108,-0.18085389101527916,0.020527311151168733
1613,-0.42976105213165283,-0.20574460712691653,0.019927754466209917
1614,-0.5460880100727081,-0.2397789474214957,0.01911782636793964
1615,-0.4672921299934387,-0.26253026567869,0.018583483781328184
1616,-0.6118046939373016,-0.2974577085045511,0.017775391294093393
1617,-0.2990458905696869,-0.2976165267110647,0.017771752586430222
1618,-0.8679142594337463,-0.35464629998333286,0.016487758428844347
1619,-1.174888789653778,-0.4366705489503774,0.014727978246263396
1620,-0.7004674673080444,-0.46305024078614404,0.014185825575013543
1621,-1.1902004778385162,-0.5357652644913812,0.012755606443030976
1622,-0.7575119733810425,-0.5579399353803473,0.012338816236335275
1623,-0.6604316532611847,-0.568189107168431,0.012149297281981579
1624,-0.11661285161972046,-0.52303148161356,0.012999091815190825
1625,-0.36711370944976807,-0.5074397043971808,0.013301301449616117
1626,0.27414190769195557,-0.42928154318826717,0.014881982274468894
1627,0.0955166220664978,-0.3768017266627907,0.016001831693173853
1628,0.30529487133026123,-0.30859206686348556,0.017521107341777725
1629,-0.015406310558319092,-0.2792734912329689,0.018194186327526066
1630,-0.7072179317474365,-0.3220679352844157,0.017215610976719625
1631,-1.3791125416755676,-0.42777239592353083,0.014913550298590601
1632,-0.15829932689666748,-0.4008250890208445,0.01548363202464056
1633,-0.7465783357620239,-0.43540041369496246,0.014754384690346612
1634,-0.5304926633834839,-0.4449096386638146,0.014557356182860443
1635,-0.11036080121994019,-0.4114547549194272,0.015257320048877253
1636,-0.1076204776763916,-0.38107132719512365,0.015909062681206353
1637,0.3011622428894043,-0.3128479701866709,0.017424355484993485
1638,0.008556842803955078,-0.28070748888760827,0.018161006220996968
1639,0.19174309074878693,-0.23346243092396876,0.01926721726700019
1640,-0.9784755110740662,-0.30796373893897844,0.017535412435277935
1641,0.041441917419433594,-0.27302317330313725,0.018339108615656425
1642,0.14083144068717957,-0.2316377119041056,0.019310454525349484
1643,0.059207916259765625,-0.2025531490877185,0.02000430587364556
1644,0.06697571277618408,-0.17560026290132824,0.020654566350386233
1645,0.060404837131500244,-0.1519997528980454,0.021229003153361597
1646,-0.3005295991897583,-0.1668527375272167,0.020866964904576013
1647,-0.482841432094574,-0.19845160698395242,0.020102830143591793
1648,-0.08421885967254639,-0.18702833225281182,0.020378057664840063
1649,-0.42824995517730713,-0.21115049454526133,0.019798313748706484
1650,-0.8639708757400513,-0.2764325326647403,0.018259997387310416
1651,-1.1698878407478333,-0.36577806347304964,0.016242666950189024
1652,-0.23480772972106934,-0.3526810300978516,0.016531223203471584
1653,-0.20062974095344543,-0.337475901183411,0.016869446884735555
1654,-0.20575422048568726,-0.3243037331136386,0.017165170510244656
1655,-0.2162582278251648,-0.3134991825847912,0.017409573027549013
1656,-0.2359793782234192,-0.30574720214865403,0.01758591897544367
1657,0.1857021450996399,-0.25660226742382464,0.01872213043630688
1658,-0.08161252737045288,-0.23910329341848746,0.01913378514835618
1659,0.09753938019275665,-0.20543902605736306,0.01993507997128209
1660,0.14460977911949158,-0.17043414553967762,0.02077992871054534
1661,-0.27281588315963745,-0.1806723193016736,0.02053170529341264
1662,-0.08216023445129395,-0.17082111081663565,0.020770530851577363
1663,-0.023169606924057007,-0.1560559604273778,0.021129966341276517
1664,-0.303471177816391,-0.1707974821662791,0.02077110466297123
1665,-0.5494862794876099,-0.20866636189841214,0.019857759087218735
1666,-1.335757315158844,-0.32137545722445526,0.01723124782159181
1667,-0.29111194610595703,-0.3183491061126054,0.01729966469587078
1668,-2.0115156173706055,-0.4876657572384054,0.01369095473647132
1669,0.23617398738861084,-0.41528178277570377,0.015176296019597283
1670,-0.990138053894043,-0.4727674098875376,0.013989184588409063
1671,-0.1646500825881958,-0.4419556771576035,0.014618395318885867
1672,-0.7592868804931641,-0.47368879749115955,0.013970625724603659
1673,-1.1480525732040405,-0.5411251750624476,0.012654019753200775
1674,-0.979843020439148,-0.5849969596001177,0.011842804170402243
1675,0.1024746298789978,-0.5162498006522062,0.013129989568809867
1676,-1.183708667755127,-0.5829956873624982,0.011879016314524734
1677,0.5624428987503052,-0.46845182875121794,0.014076310671751677
1678,0.353931188583374,-0.38621352701775874,0.015797715987111417
1679,0.015519261360168457,-0.34604024817996604,0.01667852081964911
1680,0.011568725109100342,-0.31027935085105945,0.01748271970567771
1681,-0.13457036018371582,-0.2927084517843251,0.017884355949914214
1682,-0.06345608830451965,-0.2697832154363446,0.01841442236279586
1683,-0.04236793518066406,-0.24704168741077656,0.01894660508884202
1684,-0.06599509716033936,-0.22893702838573285,0.019374513884906262
1685,-1.9428675770759583,-0.4003300832547554,0.015494216028408454
1686,-0.6311158537864685,-0.4234086603079267,0.015005046152477464
1687,-0.9144059419631958,-0.47250838847345356,0.013994404589041288
1688,-0.07900851964950562,-0.4331584015910588,0.014801063808429719
1689,-0.36816638708114624,-0.42665920014006753,0.0149368605485588
1690,-0.07524758577346802,-0.39151803870340757,0.015683295552120686
1691,-0.868192732334137,-0.4391855080664805,0.014675772903940077
1692,-0.4167137145996094,-0.4369383287197934,0.014722414549509125
1693,-0.8026597499847412,-0.47351047084628817,0.013974216456435942
1694,-0.9704233705997467,-0.523201760821634,0.012995816059484895
1695,-1.0174663066864014,-0.5726282154081108,0.01206782908029776
1696,-0.30124735832214355,-0.545490129699514,0.012571686705189537
1697,-0.37405407428741455,-0.5283465241583041,0.012897096224138536
1698,0.7481265366077423,-0.40069921808169945,0.015486322965805977
1699,0.4969397783279419,-0.31093531844073535,0.017467806195770274
1700,-0.9945529699325562,-0.3792970835899174,0.015947578275930067
1701,1.1441612243652344,-0.2269512527944023,0.019421665600252037
1702,-0.6128979921340942,-0.26554592672837146,0.018513113328560198
1703,1.6138858795166016,-0.07760274610387422,0.02306381647378043
1704,1.265699863433838,0.056727514849896965,0.0264166685788286
1705,0.9234633892774582,0.14340110229265307,0.028560654002724225
1706,-0.025796949863433838,0.1264812970770444,0.028145278072575615
1707,-0.1894022822380066,0.09489293914553931,0.02736522836991443
1708,-0.9455469250679016,-0.00915104727580475,0.02477123020392387
1709,-0.629408448934555,-0.07117678744167977,0.023223579163898583
1710,-1.0742502212524414,-0.1714841308227559,0.020754431574550855
1711,-0.6476941108703613,-0.21910512882751643,0.01960837557794368
1712,-1.406517744064331,-0.33784639035119785,0.016861165314482316
1713,-0.152724027633667,-0.31933415407944477,0.017277381607995464
1714,-1.0589525699615479,-0.39329599566765505,0.01564504514897837
1715,-1.383384108543396,-0.4923048069552291,0.013598904682227195
1716,-2.462757110595703,-0.6893500373192765,0.010060892730245933
1717,-0.9360071420669556,-0.7140157477940444,0.009670279266582009
1718,-0.7349567711353302,-0.716109850128173,0.009637653240586026
1719,-0.4340607225894928,-0.6879049373743049,0.01008413976889823
1720,-0.398722380399704,-0.6589866816768448,0.010557783530633
1721,-0.8471167385578156,-0.6777996873649419,0.010247822506132168
1722,-0.7474418878555298,-0.6847639074140007,0.010134807288088236
1723,-0.07686835527420044,-0.6239743522000206,0.011152771494334628
1724,-0.8789311051368713,-0.6494700274937056,0.010717172900641711
1725,-0.8174210786819458,-0.6662651326125296,0.010437056883775471
1726,-0.13789305090904236,-0.613427924442181,0.011336609971730395
1727,-0.5121404528617859,-0.6032991772841415,0.011515174312712033
1728,-1.0162588357925415,-0.6445951431349816,0.010799494740225523
1729,-0.9450304806232452,-0.6746386768838079,0.010299427036396212
1730,-0.47008174657821655,-0.6541829838532487,0.010638020265639161
1731,-0.4094393849372864,-0.6297086239616525,0.011053711302834779
1732,-0.2999340295791626,-0.5967311645234036,0.011632013647818545
1733,-0.8745088577270508,-0.6245089338437684,0.011143509846544379
1734,-1.0763437747955322,-0.6696924179389447,0.010380562013841464
1735,-0.23893797397613525,-0.6266169735426639,0.011107041458263054
1736,-0.8639785647392273,-0.6503531326623202,0.010702308882774987
1737,-0.5311213135719299,-0.6384299507532811,0.010904260593182974
1738,-0.6880545616149902,-0.6433924118394521,0.010819875496536213
1739,-1.203138381242752,-0.6993670087797821,0.009900854029551275
1740,-0.3871081471443176,-0.6681411226162356,0.010406105340546996
1741,0.06473451852798462,-0.5948535585018135,0.011665566087731963
1742,0.1044919490814209,-0.5249190077434901,0.012962810375181663
1743,-0.19524866342544556,-0.4919519733116856,0.013605892124472814
1744,-0.3637962341308594,-0.479136399393603,0.013861207128387018
1745,-0.4088716208934784,-0.47210992154359055,0.014002437128412246
1746,-0.18541133403778076,-0.44344006279300957,0.014587703966789529
1747,-0.0018496215343475342,-0.3992810186671434,0.015516659851357698
1748,0.2413870096206665,-0.3352142158383624,0.016920045720803016
1749,-0.16491913795471191,-0.3181847080499974,0.017303384915380502
1750,0.03151756525039673,-0.283214480719958,0.01810306155016093
1751,-0.09535622596740723,-0.26442865524470294,0.018539172081464248
1752,0.13806992769241333,-0.22417879695099133,0.019487566685021187
1753,0.19734957814216614,-0.1820259594416756,0.020498953286510187
1754,-0.033831000328063965,-0.16720646353031443,0.02085836395143564
1755,0.09284383058547974,-0.141201434118735,0.021493238980520538
1756,-0.03643438220024109,-0.1307247289268856,0.02175037163961475
1757,-0.5370824635028839,-0.1713605023844854,0.020757433213143058
1758,-0.3386451303958893,-0.18808896518562582,0.02035245317635529
1759,-0.10706710815429688,-0.17998677948249292,0.020548298329268633
1760,-0.7772206366062164,-0.23971016519486527,0.019119450755381347
1761,0.12391185760498047,-0.2033479629148807,0.019985232006875957
1762,-0.042183369398117065,-0.18723150356320434,0.020373152175080407
1763,-0.08574742078781128,-0.17708309528566502,0.020618624831473507
1764,0.17932435870170593,-0.14144234988692791,0.0214873347911934
1765,0.2202070951461792,-0.1052774053836172,0.022377745487295028
1766,-0.016148388385772705,-0.09636450368383274,0.022598316913542225
1767,-0.17965704202651978,-0.10469375751810145,0.02239217703416273
1768,0.10078179836273193,-0.08414620193001811,0.022901295964732265
1769,-0.5144051015377045,-0.12717209189078674,0.021837726891900267
1770,-0.9195226430892944,-0.2064071470106375,0.019911874930434472
1771,0.19401845335960388,-0.1663645869736134,0.020878836082395637
1772,-0.3190460801124573,-0.1816327362874978,0.02050846587938864
1773,-0.21859723329544067,-0.18532918598829207,0.0204190972635485
1774,-0.8098339438438416,-0.24777966177384703,0.018929240516991234
1775,-0.16603922843933105,-0.23960561844039543,0.019121919872289103
1776,0.0875583291053772,-0.20688922368581816,0.019900323367471676
1777,-0.4783071279525757,-0.2340310141124939,0.019253751899249556
1778,-0.20810037851333618,-0.23143795055257815,0.01931519011595358
1779,-1.0322495102882385,-0.3115191065261442,0.017454538652756788
1780,-0.7787963449954987,-0.3582468303730796,0.016408278476666167
1781,0.13115176558494568,-0.30930697077727703,0.017504837718963058
1782,0.2773614972829819,-0.2506401239712511,0.01886199264908003
1783,-0.22644668817520142,-0.24822078039164616,0.018918863945277888
1784,-0.025378704071044922,-0.22593657275958604,0.01944577506643683
1785,0.49326543509960175,-0.15401637197366727,0.021179749812027845
1786,0.17322441935539246,-0.1212922928407613,0.021982475943051437
1787,-0.35303014516830444,-0.1444660780735156,0.021413265649954737
1788,-0.5428505539894104,-0.18430452566510508,0.02044385832562505
1789,-0.07197690010070801,-0.1730717631086654,0.02071589586305928
1790,-0.07363194227218628,-0.1631277810250175,0.02095759902663004
1791,-0.5664706230163574,-0.20346206522415144,0.019982494289146096
1792,-0.5814168453216553,-0.2412575432339018,0.019082920016419085
1793,0.2831258624792099,-0.18881920266259064,0.0203348305510476
1794,0.1374497264623642,-0.15619230975009515,0.021126639363479638
1795,0.14145657420158386,-0.12642742135492727,0.021856047510247
1796,-0.5541309863328934,-0.16919777785272386,0.020809963416761498
1797,-0.907961905002594,-0.24307419056771085,0.01904006647225678
1798,-1.3772502839565277,-0.3564917999065925,0.01644699545969347
1799,-0.8449936807155609,-0.4053419879874893,0.01538723818592879
1800,-1.2896820902824402,-0.49377599821698437,0.013569793763349458
1801,-1.6310172379016876,-0.6075001221854547,0.011440875566123776
1802,-0.7793806493282318,-0.6246881748997324,0.011140405716500542
1803,-0.56528639793396,-0.6187479972031551,0.011243607243776682
1804,-0.10810673236846924,-0.5676838707196865,0.01215859320540372
1805,0.19088509678840637,-0.49182697396887726,0.013608368124029832
1806,0.17275285720825195,-0.4253689908511643,0.014963903596990636
1807,-0.1402571201324463,-0.39685780377929253,0.015568570687599669
1808,-0.14507323503494263,-0.37167934690485754,0.016113506347261032
1809,0.19025959074497223,-0.3154854531398746,0.01736452101812028
1810,-0.672740638256073,-0.35121097165149445,0.016563773536442995
1811,-0.1345944106578827,-0.3295493155521333,0.017047106031240045
1812,0.22332164645195007,-0.27426221935172496,0.018310340909867932
1813,-0.7099040150642395,-0.31782639892297637,0.01731149451880831
1814,-0.36928993463516235,-0.322972752494195,0.017195189463495537
1815,-0.29483914375305176,-0.32015939162008067,0.017258724078103638
1816,-0.8159421682357788,-0.36973766928165047,0.016155944171226986
1817,-1.0126875042915344,-0.4340326527826388,0.014782851553702757
1818,-0.3190220594406128,-0.4225315934484362,0.015023474553472081
1819,-0.7640159130096436,-0.45668002540455693,0.014315637965286735
1820,-1.3364869356155396,-0.5446607164256552,0.012587303927327397
1821,-0.14763081073760986,-0.5049577258568506,0.013349819866143973
1822,-0.511685311794281,-0.5056304844505937,0.013336657481906253
1823,-0.5092538595199585,-0.5059928219575301,0.01332957184473855
1824,-0.40589869022369385,-0.49598340878414654,0.01352618847207044
1825,-0.002800494432449341,-0.44666511734897685,0.014521153114129293
1826,-0.269408643245697,-0.4289394699386489,0.014889134315446124
1827,-0.6897844970226288,-0.45502397264704686,0.0143495013128881
1828,-0.17427057027816772,-0.42694863241015896,0.014930797843214667
1829,-0.34592384099960327,-0.41884615326910335,0.015101051669891952
1830,-1.1473703384399414,-0.49169857178618714,0.013610911821075312
1831,-1.2973281741142273,-0.5722615320189911,0.012074544457978141
1832,-0.8813469409942627,-0.6031700729165183,0.01151746302503781
1833,-1.763370394706726,-0.719190105095539,0.009589815381188867
1834,-2.1082485914230347,-0.8580959537282886,0.007618116027720655
1835,-1.1171804368495941,-0.8840044020404192,0.007289506419805112
1836,-1.5982202291488647,-0.9554259847512637,0.006444258403049349
1837,-1.4975157976150513,-1.0096349660376425,0.005859725128034278
1838,-0.1427617073059082,-0.9229476401644691,0.006817777941856124
1839,-0.41714799404144287,-0.8723676755521664,0.007435622762079432
1840,0.33029457926750183,-0.7521014500701997,0.009089975632089223
1841,0.23686951398849487,-0.6532043536643303,0.010654420892139853
1842,0.6724019944667816,-0.5206437188512191,0.013045082917058857
1843,-1.1311681270599365,-0.5816961596720908,0.011902571480614861
1844,0.48372936248779297,-0.4751536074561024,0.013941152138686777
1845,0.24888718128204346,-0.40274952858228785,0.015442522387911148
1846,-0.989946186542511,-0.46146919437831013,0.014217977792159824
1847,-0.4289776086807251,-0.45822003580855164,0.014284190459553606
1848,0.0835108757019043,-0.40404694465750607,0.01541484124992312
1849,-1.4676900207996368,-0.5104112522717191,0.013243360879309185
1850,0.191646546125412,-0.44020547243200603,0.01465463141362638
1851,0.12181210517883301,-0.38400371467092215,0.01584551484226852
1852,0.11194175481796265,-0.3344091677220337,0.016938074286729027
1853,-0.4917093515396118,-0.3501391861037915,0.016587525600985233
1854,-0.37202173471450806,-0.3523274409648631,0.01653904948983589
1855,-0.363166868686676,-0.3534113837370444,0.016515063607170904
1856,-0.2010597288608551,-0.33817621824942545,0.016853794329076497
1857,-0.03390350937843323,-0.3077489473623263,0.017540303810272575
1858,-0.14394792914390564,-0.2913688455404842,0.017915144728292254
1859,-0.9533600509166718,-0.35756796607810293,0.016423249086994617
1860,0.13840723037719727,-0.30797044643257293,0.01753525969792381
1861,-0.2809848189353943,-0.30527188368285507,0.01759675836063752
1862,-0.36479055881500244,-0.3112237511960698,0.01746125050387241
1863,-0.8383959829807281,-0.36394097437453565,0.016282984558142994
1864,-0.22601795196533203,-0.35014867213361534,0.01658731530385999
1865,-0.842646598815918,-0.3993984648018456,0.015514146304790833
1866,-1.5324344336986542,-0.5127020616915264,0.01319880401784556
1867,-0.3371341824531555,-0.49514527376768935,0.013542734644613958
1868,-1.1109245419502258,-0.556723200585943,0.012361446565311197
1869,-0.1822696328163147,-0.5192778438089802,0.013071438554330468
1870,-0.3216859996318817,-0.4995186593912704,0.013456536904071982
1871,-0.18552932143211365,-0.4681197255953547,0.014083029070540362
1872,-1.523986279964447,-0.5737063810322639,0.01204809849331315
1873,0.4033154845237732,-0.4760041944766602,0.013924054907913673
1874,-0.3705596923828125,-0.46545974426727543,0.01413691037285517
1875,0.4627002477645874,-0.37264374506408915,0.016092449950051945
1876,-1.0151074528694153,-0.4368901158446218,0.014723416184586516
1877,0.3800640106201172,-0.35519470319814794,0.0164756400661313
1878,0.26890432834625244,-0.29278480004370794,0.0178826019093441
1879,-0.5108104348182678,-0.31458736352116395,0.017384884474318723
1880,0.04246163368225098,-0.2788824638008225,0.01820323849492985
1881,-1.0044043064117432,-0.35143464806191455,0.016558818761510614
1882,-0.29164910316467285,-0.34545609357219037,0.016691509170303855
1883,-0.07550361752510071,-0.3184608459674814,0.017297136311849638
1884,-0.6850622296333313,-0.35512098433406636,0.016477268808268924
1885,-0.09661376476287842,-0.32927026237694756,0.017053376929091184
1886,-0.7979813814163208,-0.3761413742808849,0.01601620524599567
1887,-0.3217529356479645,-0.3707025304175928,0.01613484860417905
1888,-0.19729730486869812,-0.3533620078627034,0.016516155831376646
1889,0.3020462244749069,-0.2878211846289424,0.01799679498029891
1890,-0.38808977603912354,-0.2978480437699605,0.017766448863139137
1891,0.19417962431907654,-0.2486452769610568,0.018908880481491665
1892,0.28150469064712524,-0.1956302802002386,0.02017069416577559
1893,0.04594215750694275,-0.17147303642952047,0.020754700935897718
1894,0.23850497603416443,-0.130475235183152,0.02175650379494913
1895,-0.2906419038772583,-0.1464919020525626,0.021363676992681588
1896,-0.5909035205841064,-0.19093306390571696,0.020283844434576998
1897,-0.2749629616737366,-0.19933605368251892,0.020081571106502535
1898,-1.10190749168396,-0.289593197482663,0.017955991282592794
1899,0.2617816925048828,-0.23445570848390845,0.019243696447717895
1900,-0.03730154037475586,-0.21474029167299322,0.019712518514375683
1901,-1.3977519273757935,-0.3330414552432732,0.016968724838644672
1902,-0.20790934562683105,-0.320528244281629,0.01725038788861059
1903,-0.6100889891386032,-0.34948431876732644,0.01660204669095423
1904,-0.6669178605079651,-0.3812276729413903,0.015905671079052563
1905,-0.4737294018268585,-0.3904778458299371,0.015705697459399242
1906,-0.6244710385799408,-0.4138771651049375,0.015206005725744022
1907,-0.24931278824806213,-0.39742072741925,0.015556503084802928
1908,-0.4616643190383911,-0.40384508658116414,0.015419146204352805
1909,0.023093968629837036,-0.36115118106006405,0.016344309436125627
1910,-0.7482408881187439,-0.39986015176593204,0.015504267591892516
1911,-0.3082488924264908,-0.39069902583198796,0.015700932608292698
1912,-0.07488608360290527,-0.35911773160907967,0.016389083212099195
1913,-0.7038943469524384,-0.3935953931434156,0.015638609006305922
1914,-0.38293465971946716,-0.39252931980102074,0.015661532941508616
1915,-1.0351399183273315,-0.4567903796536518,0.014313383117598772
1916,0.09184736013412476,-0.4019266056748742,0.015460094176590175
1917,-0.013599991798400879,-0.36309394428722686,0.016301591291978685
1918,-0.929791271686554,-0.41976367702715955,0.015081716901658626
1919,-0.10971885919570923,-0.38875919524401453,0.01574274880079222
1920,0.10955524444580078,-0.338927751275033,0.016837005007371102
1921,-0.2705257534980774,-0.3320875514973375,0.016990117857187865
1922,-0.26978799700737,-0.32585759604834075,0.017130156343183184
1923,-0.33824318647384644,-0.3270961550908913,0.01710227163175388
1924,0.025657236576080322,-0.2918208159241941,0.017904754269563256
1925,-0.07114481925964355,-0.26975321625773907,0.018415120305401836
1926,-0.4775351285934448,-0.2905314074913096,0.017934403831736917
1927,-0.7446364760398865,-0.33594191434616727,0.01690375742296937
1928,-0.28748637437820435,-0.33109636034937096,0.0170123609703444
1929,-0.5136464536190033,-0.3493513696763342,0.01660499549722372
1930,-0.2286798059940338,-0.33728421330810415,0.016873732480800333
1931,0.17588970065116882,-0.28596682191217687,0.01803953832273369
1932,0.10123157501220703,-0.24724698221973848,0.01894177386839399
1933,0.3836255371570587,-0.1841597302820588,0.020447358073553953
1934,-0.34093186259269714,-0.19983694351312262,0.020069534727741888
1935,-0.043586790561676025,-0.18421192821797797,0.02044609641247193
1936,0.03818255662918091,-0.16197247973326206,0.020985731650400158
1937,-1.332431674003601,-0.2790183991602959,0.01820009141388345
1938,0.11815148591995239,-0.23930141065227112,0.01912910514332411
1939,0.11205935478210449,-0.20416533410883356,0.019965623153101686
1940,0.6194705963134766,-0.12180174106660258,0.02196992606043774
1941,0.1584668755531311,-0.09377487940462922,0.022662475851881185
1942,0.6886766850948334,-0.015529722954682981,0.024611788134280034
1943,-0.40497809648513794,-0.05447456030772847,0.0236394814955961
1944,0.5304006040096283,0.0040129561240071915,0.025100323364571065
1945,0.9426381140947342,0.09787547192107987,0.027439103216678723
1946,0.4969423711299896,0.13778216184197084,0.028422921250470492
1947,-0.7940503358840942,0.04459891206936435,0.026114234139060884
1948,0.383762001991272,0.0785152210615551,0.026958856963877703
1949,0.1906977891921997,0.08973347787461955,0.02723733508820547
1950,0.76025390625,0.15678552071215757,0.028887833582756674
1951,0.6482633501291275,0.20593330365385457,0.030076768584831732
1952,1.0171309262514114,0.28705306591361024,0.03198550513841062
1953,0.3318139612674713,0.2915291554489964,0.032088540980592425
1954,0.07410383224487305,0.26978662312858404,0.03158565691779725
1955,-0.05682641267776489,0.23712531954794916,0.030819466547800663
1956,0.04696965217590332,0.21810975281074457,0.03036789234282284
1957,0.3484896197915077,0.2311477395088209,0.030677929304832187
1958,0.2146385759115219,0.229496823149091,0.03063877069669283
1959,0.0829479843378067,0.21484193926796258,0.0302899089509589
1960,-0.5950675904750824,0.1338509862936581,0.02832643279187784
1961,-0.14457663893699646,0.10600822377059266,0.027640322573460108
1962,-0.3913627862930298,0.05627112276423042,0.026405295121574718
1963,-1.5793625116348267,-0.10729224067567526,0.022327939376163508
1964,-0.6544805467128754,-0.16201107127939524,0.020984791742679445
1965,-1.2267068326473236,-0.26848064741618805,0.018444737261709795
1966,-0.23975437879562378,-0.26560802055413163,0.018511665521823997
1967,-0.4056144058704376,-0.2796086590857622,0.01818642882624724
1968,-0.6566920280456543,-0.3173169959817514,0.01732302690220932
1969,-0.19167155027389526,-0.3047524514109658,0.017608607227470128
1970,0.29500918090343475,-0.24477628817952576,0.01899994874477149
1971,0.02234494686126709,-0.21806416467544648,0.019633194827650323
1972,0.07435712218284607,-0.18882203598961725,0.02033476218446727
1973,-0.7789965867996216,-0.24783949107061765,0.018927833003267513
1974,0.09102100133895874,-0.21395344182966003,0.01973131295138053
1975,-0.23585575819015503,-0.21614367346570953,0.019679013336006
1976,0.3001333475112915,-0.16451597136800944,0.02092380925142657
1977,-0.2455342411994934,-0.17261779835115784,0.020726912563702245
1978,-0.45287755131721497,-0.20064377364776353,0.020050151607953662
1979,-0.532837986946106,-0.23386319497759778,0.019257725879608084
1980,-0.47955965995788574,-0.25843284147562656,0.01867927167186134
1981,-0.5489537119865417,-0.2874849285267181,0.018004542446719018
1982,-0.8378217816352844,-0.34251861383757476,0.016756898722672966
1983,0.10461527109146118,-0.2978052253446712,0.01776742971822253
1984,-1.133030652999878,-0.38132776811019187,0.01590349992101428
1985,0.3729093074798584,-0.30590406055118685,0.01758234257323367
1986,-0.28125548362731934,-0.3034392028588001,0.01763858020974612
1987,-0.994181752204895,-0.3725134577934096,0.016095293760954758
1988,-0.9358551502227783,-0.42884762703634643,0.014891054896792648
1989,-0.32328182458877563,-0.41829104679158935,0.01511275612615489
1990,-1.0306891202926636,-0.47953085414169677,0.01385330479165979
1991,-1.1332696080207825,-0.5449047295296053,0.012582708009627472
1992,-1.4622345566749573,-0.6366377122441406,0.01093485345234784
1993,-1.6106595993041992,-0.7340399009501464,0.009361732504053095
1994,-0.37948763370513916,-0.6985846742256456,0.009913283867027509
1995,-1.0098565816879272,-0.7297118649718738,0.009427774002002507
1996,-0.8617817759513855,-0.742918856069825,0.009227364306435453
1997,-0.5483911037445068,-0.7234660808372931,0.009523707919439206
1998,0.17804038524627686,-0.6333154342289362,0.010991726866686237
1999,-11.961345434188843,-1.7661184342249265,0.0014204390547598025
2000,-10.614385724067688,-2.6509451632092027,0.0002478734071602502
2001,-10.347250670194626,-3.420575713907745,5.3386534725472695e-05
2002,-8.697947263717651,-3.9483128688887357,1.8592915464684718e-05
2003,-9.434157907962799,-4.496897372796142,6.208127797169214e-06
2004,-8.81778359413147,-4.928985994929675,2.616281323966256e-06
2005,-7.274528503417969,-5.163540245778504,1.636672240728112e-06
2006,-8.46295976638794,-5.493482197839446,8.460278232044162e-07
2007,-11.007772445678711,-6.044911222623373,2.8081764311305716e-07
2008,-7.4147889614105225,-6.181898996502087,2.135201697227306e-07
2009,-10.046686053276062,-6.568377702179484,9.857090999612817e-08
2010,-6.714314699172974,-6.582971401878833,9.573546786750813e-08
2011,-7.454672336578369,-6.670141495348787,8.04188791819535e-08
2012,-4.401798963546753,-6.443307242168584,1.2658532001584265e-07
2013,-6.233135223388672,-6.4222900402905925,1.320196588810848e-07
2014,-4.385052293539047,-6.218566265615438,1.9842219602311974e-07
2015,-3.4606289863586426,-5.942772537689759,3.4446124879259634e-07
2016,-3.380797863006592,-5.686575070221442,5.750010821880573e-07
2017,-3.2736750841140747,-5.445285071610705,9.31638428564673e-07
2018,-1.877020537853241,-5.088458618234959,1.9018422285098925e-06
2019,-2.383732855319977,-4.817986041943461,3.2665711832553266e-06
2020,-2.519921600818634,-4.588179597830979,5.172290553933247e-06
2021,-3.9612010717391968,-4.5254817452218,5.86321168670288e-06
2022,-3.0561341047286987,-4.37854698117249,7.865821595229943e-06
2023,-3.1374599933624268,-4.254438282391483,1.008147992374981e-05
2024,-1.9451559782028198,-4.023510051972616,1.599759146450835e-05
2025,-3.346476197242737,-3.9558066664996283,1.831643154598847e-05
2026,-3.5043197870254517,-3.910657978552211,2.004663509953814e-05
2027,-2.8780784606933594,-3.8074000267663255,2.4642811941224072e-05
2028,-2.4828765392303467,-3.6749476780127277,3.211234305885002e-05
2029,-2.217788875102997,-3.5292317977217547,4.2967970244573585e-05
2030,-2.078496217727661,-3.3841582397223453,5.741541589328362e-05
2031,-2.2779884934425354,-3.2735412650943645,7.161198783599181e-05
2032,-2.274841070175171,-3.173671245602445,8.741666414869866e-05
2033,-2.057315468788147,-3.0620356679210157,0.00010923699834122865
2034,-1.6212801933288574,-2.9179601204617995,0.00014561141993406492
2035,-2.921037197113037,-2.9182678281269236,0.00014552209673129927
2036,-1.9372074604034424,-2.8201617913545753,0.00017695744416403297
2037,-1.640427589416504,-2.702188371160768,0.00022383625196306778
2038,-1.9325501918792725,-2.625224553232618,0.0002608897028765676
2039,-1.8184731602668762,-2.5445494139360436,0.00030629074620187077
2040,-1.8900872468948364,-2.4791031972319226,0.00034882519973308953
2041,-1.4581699967384338,-2.377009877182574,0.00042716846073491757
2042,-2.2596294283866882,-2.3652718323029855,0.0004372266146714459
2043,-1.8576568365097046,-2.3145103327236574,0.00048349485075087464
2044,-2.393003225326538,-2.3223596219839457,0.0004760356355411183
2045,-1.7967075109481812,-2.2697944108803694,0.0005282492684279137
2046,-1.9537432193756104,-2.238189291729894,0.0005623302855376353
2047,-1.8007484674453735,-2.194445209301442,0.0006131133304910601
2048,-1.6514973044395447,-2.140150418815252,0.0006824804119246175
2049,-1.0735504627227783,-2.0334904232060045,0.0008420281618604661
2050,-2.0718605518341064,-2.0373274360688147,0.0008356987346954609
2051,-1.7593047618865967,-2.009525168650593,0.0008826400534932756
2052,-0.891625165939331,-1.897735168379467,0.0010989213607040331
2053,-1.4352071285247803,-1.8514823643939984,0.0012028657772424631
2054,-1.0085893869400024,-1.7671930666485989,0.001417475888721677
2055,-2.4125726222991943,-1.8317310222136585,0.0012501213953179243
2056,-1.5688385963439941,-1.805441779626692,0.001315833486708625
2057,-0.8862302899360657,-1.7135206306576294,0.0015730481803475271
2058,-1.2482369542121887,-1.6669922630130851,0.00172117721963783
2059,-1.1319636702537537,-1.6134894037371519,0.0019081495050547544
2060,-1.7059270739555359,-1.6227331707589903,0.0018745070066347536
2061,-1.0346792340278625,-1.5639277770858775,0.0020986376404961596
2062,-1.3266074061393738,-1.5401957399912272,0.0021961686303575436
2063,-1.4259968996047974,-1.5287758559525844,0.0022446280973446846
2064,-1.478913128376007,-1.5237895831949266,0.0022661051459621647
2065,-2.4011999368667603,-1.61153061856211,0.0019153525579204311
2066,-2.1341418623924255,-1.6637917429451416,0.00173184705025974
2067,-1.501468539237976,-1.647559422574425,0.0017869510859219832
2068,-1.4572765827178955,-1.628531138588772,0.0018536970961368705
2069,-1.4470951557159424,-1.6103875403014891,0.0019195680625477358
2070,-2.0377705693244934,-1.6531258432037896,0.001767867063336458
2071,-1.5221590995788574,-1.6400291688412965,0.0018130838803007002
2072,-1.7946784496307373,-1.6554940969202405,0.0017598073658117313
2073,-1.2923316061496735,-1.6191778478431837,0.0018873785345852687
2074,-1.5541583895683289,-1.6126759020156984,0.0019111378361584945
2075,-1.4755475521087646,-1.598963067025005,0.001962192033547827
2076,-2.056438535451889,-1.6447106138676932,0.0017967945887924998
2077,-1.8611273765563965,-1.6663522901365635,0.0017233056656555076
2078,-1.5544427633285522,-1.6551613374557623,0.0017609376793258878
2079,-1.212473750114441,-1.6108925787216302,0.001917704457829533
2080,-1.6549817323684692,-1.615301494086314,0.0019015090637020213
2081,-1.5360840559005737,-1.6073797502677398,0.00193070294702271
2082,-1.9649380445480347,-1.6431355796957694,0.0018022592003083774
2083,-1.6888380646705627,-1.6477058281932486,0.0017864466152074901
2084,-1.9442182779312134,-1.677357073167045,0.0016870566065820905
2085,-2.088169574737549,-1.7184383233240954,0.0015581322514943742
2086,-2.293249011039734,-1.7759193920956593,0.0013936353571317793
2087,-1.5378851294517517,-1.7521159658312686,0.0014596029525142397
2088,-1.2202787399291992,-1.6989322432410616,0.0016181135733050796
2089,-1.6881754696369171,-1.6978565658806473,0.0016214854430874255
2090,-0.8868057727813721,-1.6167514865707198,0.0018962115284918404
2091,-1.4865585565567017,-1.6037321935693178,0.0019442894466779354
2092,-1.5684257745742798,-1.600201551669814,0.0019575278061323797
2093,-1.9014623165130615,-1.6303276281541388,0.001847294380964615
2094,-1.4190320372581482,-1.6091980690645398,0.001923964114188507
2095,-1.5998144149780273,-1.6082597036558886,0.0019274389460803639
2096,-1.3165851831436157,-1.5790922516046613,0.002038499724773194
2097,-3.086705267429352,-1.7298535531871302,0.001524034377709271
2098,-1.8839580416679382,-1.7452640020352108,0.00147914712912726
2099,-1.3759078979492188,-1.7083283916266117,0.0015889467530455334
2100,-2.5474432706832886,-1.7922398795322791,0.0013500886111234907
2101,-2.026494562625885,-1.8156653478416398,0.0012898887018883824
2102,-3.118559956550598,-1.9459548087125356,0.0009999124708245646
2103,-1.5136722326278687,-1.902726551104069,0.001088243240311053
2104,-2.0990798473358154,-1.9223618807272436,0.0010472131968095174
2105,-2.0033416748046875,-1.9304598601349878,0.0010307360056043345
2106,-1.5990077257156372,-1.8973146466930528,0.0010998256513834418
2107,-1.2800163328647614,-1.8355848153102237,0.0012407612005700213
2108,-1.7259318232536316,-1.8246195161045644,0.001267574951921097
2109,-1.383629322052002,-1.7805204966993082,0.0013812223047397045
2110,-0.5507190227508545,-1.657540349304463,0.001752872031289962
2111,-0.5152184367179871,-1.5433081580458154,0.002183135351352924
2112,-0.8173336982727051,-1.4707107120685043,0.002507176432625565
2113,-1.0119563937187195,-1.424835280233526,0.002734917443126105
2114,-0.9045246839523315,-1.3728042206054067,0.003016757429930858
2115,-0.6901888251304626,-1.3045426810579124,0.0034277992927915614
2116,-1.1925128698349,-1.2933396999356113,0.0035000323685963827
2117,-0.275437593460083,-1.1915494892880585,0.004223529821333125
2118,-1.0647339224815369,-1.1788679326074063,0.004322642284077018
2119,-1.157351553440094,-1.176716294690675,0.004339665920757689
2120,-0.9748979806900024,-1.1565344632906078,0.004502318318574192
2121,-1.1111193895339966,-1.1519929559149467,0.004539669354089205
2122,-0.9844529628753662,-1.1352389566109886,0.004679882978617245
2123,-0.8220175504684448,-1.103916815996734,0.004952461435612912
2124,-1.2223906517028809,-1.1157641995673488,0.004847737013867991
2125,-1.2078899145126343,-1.1249767710618774,0.0047676736167676734
2126,-1.2045921087265015,-1.13293830482834,0.004699437582051542
2127,-1.0071591138839722,-1.1203603857339033,0.004807644151193995
2128,-0.8614461421966553,-1.0944689613801786,0.005037413745409534
2129,-1.330106794834137,-1.1180327447255745,0.0048279111645431645
2130,-1.1159952282905579,-1.1178289930820728,0.0048296888787995925
2131,-0.40658921003341675,-1.0467050147772072,0.005486949166968579
2132,-1.3397526741027832,-1.0760097807097648,0.00520713267430642
2133,-1.0943622589111328,-1.0778450285299017,0.005190035231492116
2134,-1.1693480610847473,-1.0869953317853862,0.005105528601802878
2135,-0.7451374530792236,-1.05280954391477,0.005427593701679035
2136,-0.9841275811195374,-1.0459413476352468,0.0054944143636041125
2137,-1.089490532875061,-1.0502962661592283,0.005451962176490928
2138,-0.9362784624099731,-1.0388944857843028,0.005563721641819814
2139,-1.4533507823944092,-1.0803401154453134,0.00516687025404939
2140,-1.5091903805732727,-1.1232251419581094,0.004782804811672102
2141,-0.27153313159942627,-1.0380559409222412,0.00557201962375401
2142,-0.24396741390228271,-0.9586470882202454,0.0064081802367418825
2143,-1.5502480864524841,-1.0178071880434691,0.005775702934841934
2144,-0.6226851940155029,-0.9782949886406725,0.006191828216550056
2145,-1.0264841318130493,-0.9831139029579102,0.006139731754452498
2146,-0.6014592051506042,-0.9449484331771796,0.006562811455894041
2147,-0.9235167503356934,-0.942805264893031,0.006587288231476593
2148,-0.6560044288635254,-0.9141251812900804,0.0069223418364560045
2149,-1.6298818588256836,-0.9857008490436407,0.006111920515851644
2150,-1.3505359888076782,-1.0221843630200445,0.005731131401645831
2151,-0.9176363945007324,-1.0117295661681132,0.00583808913350085
2152,-1.170770525932312,-1.027633662144533,0.005676061424220784
2153,-1.399365782737732,-1.0648068742038528,0.00531258327085245
2154,-0.9938248097896576,-1.0577086677624332,0.005380367196732528
2155,-1.6363233625888824,-1.1155701372450781,0.004849436383002802
2156,-1.0881348848342896,-1.1128266120039991,0.0048735178943419034
2157,-1.0785947442054749,-1.1094034252241467,0.004903714730389997
2158,-1.1742896437644958,-1.1158920470781815,0.004846617766493283
2159,-0.4491539001464844,-1.0492182323850117,0.005462444072379957
2160,-0.8900383114814758,-1.033300240294658,0.005619285578746885
2161,-1.4332037270069122,-1.0732905889658835,0.0052325565775008034
2162,-1.252645492553711,-1.0912260793246662,0.005066869799514221
2163,-0.8157122731208801,-1.0636746987042875,0.00532334425375105
2164,-1.158149540424347,-1.0731221828762934,0.0052341347404345215
2165,-0.8106375336647034,-1.0468737179551344,0.005485301215696741
2166,-1.2730039954185486,-1.0694867457014758,0.00526830566180277
2167,-0.9106254577636719,-1.0536006169076955,0.005419943357361371
2168,-1.12124764919281,-1.0603653201362069,0.005354909032062118
2169,-1.1324669122695923,-1.0675754793495456,0.005286349237960319
2170,-1.182066023349762,-1.0790245337495672,0.005179073003078337
2171,-1.2678539752960205,-1.0979074779042124,0.005006346874500495
2172,-1.6097897291183472,-1.149095703025626,0.004563642939498999
2173,-1.8957091569900513,-1.2237570484220683,0.003981026431775322
2174,-1.6292132139205933,-1.264302664971921,0.00369385060597891
2175,-1.5860280394554138,-1.2964752024202701,0.0034796750336940963
2176,-1.7734100818634033,-1.3441686903645833,0.0031832529110610397
2177,-1.3213564157485962,-1.3418874629029847,0.0031968788250875653
2178,-1.2756720185279846,-1.3352659184654847,0.003236738076260267
2179,-1.6575194597244263,-1.3674912725913788,0.0030470201900510427
2180,-1.0660818219184875,-1.3373503275240897,0.003224141070202769
2181,-1.4587030410766602,-1.3494855988793466,0.003151704531280457
2182,-1.0807718634605408,-1.3226142253374662,0.0033141855548820135
2183,-1.0965960025787354,-1.3000124030615932,0.003456841194025624
2184,-1.0928504467010498,-1.279296207425539,0.0035925677894432864
2185,-1.4605727195739746,-1.2974238586403826,0.0034735374752619
2186,-1.8115155696868896,-1.3488330297450333,0.0031555608551222867
2187,-0.6040458679199219,-1.2743543135625222,0.0036256644428558473
2188,-0.6555683612823486,-1.2124757183345047,0.004064485316572798
2189,-1.9049349427223206,-1.2817216407732863,0.003576426435924924
2190,-0.8223229646682739,-1.2357817731627851,0.003893794040776867
2191,-0.8036649525165558,-1.1925700910981623,0.004215643656735821
2192,-1.0471153855323792,-1.178024620541584,0.004329307304718919
2193,-0.7438501715660095,-1.1346071756440266,0.0046852455805664805
2194,-1.2421602010726929,-1.1453624781868932,0.004594701738372833
2195,-0.9002106189727783,-1.1208472922654817,0.00480341423179861
2196,-0.41886961460113525,-1.0506495244990472,0.005448531230619697
2197,-1.4902518391609192,-1.0946097559652346,0.005036138317181316
2198,-1.143900990486145,-1.0995388794173255,0.004991666862768217
2199,-0.7384324073791504,-1.063428232213508,0.005325689385942049
2200,-1.1073858737945557,-1.0678239963716127,0.005284000000022565
2201,-0.8549429178237915,-1.0465358885168305,0.005488601686741267
2202,-1.5894739627838135,-1.1008296959435289,0.0049800787060691985
2203,-1.6280905604362488,-1.1535557823928009,0.004526784720074597
2204,-1.5919316411018372,-1.1973933682637043,0.004178554936650138
2205,-1.5992026925086975,-1.2375743006882036,0.003880941145038251
2206,-1.4752104580402374,-1.261337916423407,0.00371418650115346
2207,-1.4388077855110168,-1.279084903332168,0.003593977204782522
2208,-1.8089271783828735,-1.3320691308372385,0.0032561467085056445
2209,-2.3226529955863953,-1.431127517312154,0.002702564256132408
2210,-1.7963794767856598,-1.4676527132595045,0.0025217815604796972
2211,-1.9640932083129883,-1.5172967627648528,0.0022943647434070444
2212,-1.4487332105636597,-1.5104404075447335,0.0023245706207533565
2213,-2.1969860196113586,-1.579094968751396,0.00203848909863605
2214,-0.6991292238235474,-1.4910983942586111,0.0024118337117378596
2215,-1.4768452048301697,-1.4896730753157672,0.002418385769786908
2216,-1.9667212963104248,-1.537377897415233,0.0022080323714764685
2217,-1.471879482269287,-1.5308280559006384,0.0022358452526963705
2218,-1.242548018693924,-1.502000052179967,0.002362274431129233
2219,-1.1098523139953613,-1.4627852783615065,0.0025451949028976475
2220,-0.645932674407959,-1.3811000179661517,0.002970066228727034
2221,-1.5382603406906128,-1.396816050238598,0.002883462838582843
2222,-1.1853063106536865,-1.3756650762801068,0.003000578604787473
2223,-0.6264978051185608,-1.3007483491639522,0.0034521078739783925
2224,-1.2671308517456055,-1.2973865994221176,0.003473778343583131
2225,-1.9044479131698608,-1.358092730796892,0.003101250887292693
2226,-1.8558971881866455,-1.4078731765358674,0.0028239590095922354
2227,-2.0849006175994873,-1.4755759206422294,0.0024841050275000616
2228,-2.163879632949829,-1.5444062918729893,0.0021785545464427787
2229,-1.5961037874221802,-1.5495760414279085,0.002157112212246157
2230,-0.9229266047477722,-1.4869110977598947,0.0024311304402303727
2231,-0.4455082416534424,-1.3827708121492495,0.0029607447652574294
2232,-1.0590507984161377,-1.3503988107759382,0.0031463153318430827
2233,-1.1623340845108032,-1.3315923381494248,0.0032590507188241104
2234,-0.5604196190834045,-1.2544750662428228,0.0037616559725656587
2235,0.051714688539505005,-1.12385609076459,0.004777349509694885
2236,-0.1754661202430725,-1.0290170937124383,0.005662154257237409
2237,-0.6570531725883484,-0.9918207016000293,0.006046559858295079
2238,0.21032452583312988,-0.8716061788567134,0.007445268244984184
2239,-0.18798434734344482,-0.8032439957053866,0.008353839044534737
2240,-0.8449275493621826,-0.8074123510710662,0.00829599221135798
2241,-0.7493236064910889,-0.8016034766130685,0.008376693802204332
2242,-0.17836415767669678,-0.7392795447194314,0.009282257948848807
2243,-0.9254627227783203,-0.7578978625253202,0.009004072739661013
2244,-0.8015167713165283,-0.7622597534044411,0.008939848145881312
2245,-1.9676921963691711,-0.8828029977009141,0.007304480890367318
2246,-2.1094794273376465,-1.0054706406645872,0.005902946769690304
2247,-1.132361888885498,-1.0181597654866783,0.00577210160787588
2248,-2.786548614501953,-1.1949986503882057,0.004196931972428698
2249,-2.617350697517395,-1.3372338551011245,0.003224843758900798
2250,-2.7855337262153625,-1.4820638422125483,0.00245365146641056
2251,-2.1603421568870544,-1.5498916736799988,0.002155809626736591
2252,-1.1672973036766052,-1.5116322366796593,0.0023192929545541195
2253,-1.7093117237091064,-1.531400185382604,0.002233402542651683
2254,-1.3412969410419464,-1.5123898609485384,0.0023159439658930834
2255,-1.8538836538791656,-1.5465392402416012,0.0021696832716762036
2256,-0.6237936019897461,-1.4542646764164158,0.002586676685932814
2257,-1.5932407975196838,-1.4681622885267427,0.0025193422266605557
2258,-0.44534075260162354,-1.3658801349342309,0.0030562532491872733
2259,-1.2224440574645996,-1.351536527187268,0.0031396132748177496
2260,-1.0795298218727112,-1.3243358566558123,0.003303546246780622
2261,-0.5265121459960938,-1.2445534855898406,0.003831267937538997
2262,-0.4118828773498535,-1.1612864247658419,0.0044635330936345285
2263,-0.724825382232666,-1.1176403205125243,0.004831335550804447
2264,-0.12725389003753662,-1.0186016774650257,0.005767590549743428
2265,-0.11973464488983154,-0.9287149742075064,0.006750144685991614
2266,-0.1578267216682434,-0.8516261489535801,0.007702048673561942
2267,-0.2700216770172119,-0.7934657017599432,0.0084908032531274
2268,-0.024309992790222168,-0.7165501308629711,0.009630804355662747
2269,-0.6247283816337585,-0.7073679559400499,0.00977440765972609
2270,-0.382815957069397,-0.6749127560529846,0.01029494499501274
2271,-0.04215037822723389,-0.6116365182704095,0.01136804849513672
2272,-0.4934673309326172,-0.5998195995366302,0.011576970359919208
2273,-0.32228755950927734,-0.572066395533895,0.012078119192896057
2274,-1.5208942890167236,-0.6669491848821779,0.010425763012488182
2275,-0.7068370580673218,-0.6709379722006923,0.0103600864729074
2276,-1.136443853378296,-0.7174885603184527,0.009616218776715908
2277,-0.5757243633270264,-0.70331214061931,0.009838352093220927
2278,-0.24519795179367065,-0.6575007217367461,0.010582556257056876
2279,-1.0428272783756256,-0.6960333774006341,0.009953900809356063
2280,-1.0536866784095764,-0.7317987075015283,0.009395886325198709
2281,-0.789441704750061,-0.7375630072263816,0.009308236751050922
2282,-0.27497661113739014,-0.6913043676174824,0.010029517610927144
2283,-0.1635267734527588,-0.63852660820101,0.010902612441043147
2284,-0.8788988590240479,-0.6625638332833138,0.010498322419528867
2285,-0.7602567672729492,-0.6723331266822773,0.010337187109233672
2286,-0.8549288511276245,-0.690592699126812,0.010040934353520459
2287,-0.008318841457366943,-0.6223653133598674,0.011180681261701025
2288,-0.9917290806770325,-0.6593016900915839,0.010552537423281369
2289,-0.26303350925445557,-0.6196748720078711,0.011227459623901152
2290,-0.8615553379058838,-0.6438629185976724,0.010811899260194392
2291,-1.0309514999389648,-0.6825717767318017,0.01017028058485411
2292,-0.4788944721221924,-0.6622040462708407,0.010504291831444497
2293,-0.6352151036262512,-0.6595051520063818,0.010549150011255228
2294,-0.35290223360061646,-0.6288448601658052,0.011068592517882662
2295,-0.8646314144134521,-0.6524235155905699,0.010667519987698213
2296,-1.1909095644950867,-0.7062721204810215,0.009791653644691953
2297,-1.043967843055725,-0.7400416927384919,0.0092707412369871
2298,-1.456965446472168,-0.8117340681118594,0.008236356350737864
2299,-0.7108925580978394,-0.8016499171104574,0.008376046133880056
2300,-1.0750208497047424,-0.8289870103698859,0.00800170740287903
2301,-1.319646954536438,-0.878053004786541,0.007363935283694014
2302,-1.2874095439910889,-0.9189886587069958,0.006864534367085797
2303,-1.745161771774292,-1.0016059700137254,0.005943305058839811
2304,-1.506177306175232,-1.0520631036298762,0.005434821104494551
2305,-1.5726930499076843,-1.104126098257657,0.004950594145951036
2306,-1.7523800730705261,-1.168951495738944,0.004401606123619234
2307,-1.758557379245758,-1.2279120840896254,0.003950684045528203
2308,-2.3994362354278564,-1.3450644992234486,0.003177917004291023
2309,-1.827378660440445,-1.3932959153451483,0.0029026521671872557
2310,-1.773817241191864,-1.43134804792982,0.002701436910493167
2311,-2.4536630511283875,-1.5335795482496768,0.002224121022991681
2312,-1.42574143409729,-1.522795736834438,0.0022704092098026736
2313,-1.4534306526184082,-1.5158592284128352,0.002300666729707761
2314,-1.5670095086097717,-1.5209742564325288,0.00227831773818969
2315,-1.4855737090110779,-1.5174342016903837,0.0022937630882050985
2316,-1.215819239616394,-1.4872727054829846,0.0024294582448761283
2317,-0.6771088242530823,-1.4062563173599945,0.0028325875037662675
2318,0.03519725799560547,-1.2621109598244344,0.0037088741150210006
2319,-0.1900004744529724,-1.1548999112872882,0.0045157294752004905
2320,-0.22542715072631836,-1.0619526352311912,0.005339748752242084
2321,-0.40131741762161255,-0.9958891134702333,0.006003443084173763
2322,-0.08320820331573486,-0.9046210224547835,0.007036487820761977
2323,-0.5132660269737244,-0.8654855229066776,0.007523170724078309
2324,-0.2730634808540344,-0.8062433187014133,0.008312183142248937
2325,-0.875119149684906,-0.8131309017997626,0.008217155019841297
2326,-0.6042814254760742,-0.7922459541673937,0.008508012933709832
2327,-1.0366441011428833,-0.8166857688649427,0.008168450884264085
2328,-0.16273093223571777,-0.7512902852020202,0.009102047813087549
2329,-0.17331969738006592,-0.6934932264198248,0.009994464415802483
2330,0.10534024238586426,-0.6136098795392559,0.011333420166527837
2331,-0.561249852180481,-0.6083738768033785,0.011425464594170043
2332,-1.4141863584518433,-0.688955124968225,0.010067241623956993
2333,-1.0767395496368408,-0.7277335674350865,0.009458079716477177
2334,0.31746530532836914,-0.623213680158741,0.011165959624495668
2335,-0.2680000066757202,-0.587692312810439,0.011794153368719827
2336,0.06633150577545166,-0.52228993095185,0.013013363681129243
2337,-1.1900634765625,-0.589067285512915,0.011769388554393183
2338,-0.23660385608673096,-0.5538209425702966,0.012415538769645705
2339,-0.23203575611114502,-0.5216424239243814,0.013025833888390084
2340,-1.1392083764076233,-0.5833990191727056,0.011871712073471714
2341,-1.3514502048492432,-0.6602041377403594,0.010537518754847288
2342,-0.536399245262146,-0.647823648492538,0.010744924056605827
2343,-0.47715699672698975,-0.6307569833159832,0.011035669069723694
2344,-1.0050718784332275,-0.6681884728277075,0.010405324996087798
2345,-0.8179793357849121,-0.683167559123428,0.010160630428996138
2346,-0.7318060398101807,-0.6880314071921032,0.010082103671904784
2347,-1.3692365884780884,-0.7561519253207016,0.009029880677620864
2348,-0.81810462474823,-0.7623471952634544,0.008938564321348633
2349,-0.7007235884666443,-0.7561848345837734,0.009029393689621799
2350,-0.30102241039276123,-0.7106685921646723,0.009722602043057613
2351,-1.6903743743896484,-0.8086391703871699,0.008279028117875988
2352,-1.321071982383728,-0.8598824515868257,0.007595072404529524
2353,-0.8743625283241272,-0.861330459260556,0.007576436897872953
2354,-0.8413233160972595,-0.8593297449442263,0.007602195520598815
2355,-0.4417375326156616,-0.8175705237113698,0.008156365294226859
2356,-1.2224297523498535,-0.8580564465752182,0.007618626268889506
2357,-0.7210310101509094,-0.8443539029327873,0.007797292591043833
2358,-1.8664615154266357,-0.9465646641821721,0.006544403848889136
2359,-1.4958781003952026,-1.0014960078034751,0.0059444568660449275
2360,-2.1123622059822083,-1.1125826276213484,0.004875664643830431
2361,-0.9702160358428955,-1.098345968443503,0.00500239739274412
2362,-1.422629475593567,-1.1307743191585096,0.004717897381908899
2363,-0.5190832614898682,-1.0696052133916454,0.005267189041250058
2364,-1.20871102809906,-1.0835157948623868,0.005137518839216839
2365,-1.9022002816200256,-1.1653842435381507,0.004430329205305591
2366,-1.417963445186615,-1.1906421637029971,0.004230551945346597
2367,-2.2764769196510315,-1.2992256392978005,0.003461907997679815
2368,-1.5274202823638916,-1.3220451036044096,0.0033177095989252708
2369,-0.4367303252220154,-1.23351362576617,0.0039101131068207656
2370,-1.2870336174964905,-1.2388656249392023,0.00387170609925276
2371,0.07066237926483154,-1.1079128245187988,0.0049169157553218
2372,-0.3615398406982422,-1.0332755261367432,0.00561953211995648
2373,-0.04949188232421875,-0.9348971617554908,0.006678276140512216
2374,0.3521559238433838,-0.8061918531956034,0.008312896513185909
2375,0.1649923324584961,-0.7090734346301935,0.009747613020952877
2376,0.2726828455924988,-0.6108978066079243,0.011381030519000475
2377,-0.21676814556121826,-0.5714848405032537,0.01208877706499194
2378,0.45244133472442627,-0.4690922229804857,0.014063361093918581
2379,-0.25040656328201294,-0.44722365701063843,0.01450964556329197
2380,-0.26471376419067383,-0.42897266772864195,0.014888440131895065
2381,0.041981518268585205,-0.38187724912891924,0.015891583980298638
2382,-0.3818287253379822,-0.38187239674982554,0.01589168918719786
2383,-0.5072140097618103,-0.394406558051024,0.01562117866010032
2384,-0.37602925300598145,-0.3925688275465198,0.015660683074439963
2385,-0.8050304651260376,-0.4338149913044716,0.014787384625491916
2386,-1.3231306672096252,-0.5227465588949869,0.013004574229574094
2387,-0.8842748999595642,-0.5588993930014445,0.012320990719158296
2388,-1.2866744995117188,-0.631676903652472,0.01101985466391938
2389,-1.1046890020370483,-0.6789781134909296,0.010228633486894503
2390,-0.6164220571517944,-0.6727225078570161,0.010330802686470148
2391,-1.2341553568840027,-0.7288657927597147,0.009440725925065648
2392,-1.2499281167984009,-0.7809720251635834,0.008668393270741034
2393,-0.4406595230102539,-0.7469407749482505,0.009166992132940324
2394,0.14356255531311035,-0.6578904419221144,0.010576055045254907
2395,-0.3887101411819458,-0.6309724118480976,0.011031964166722447
2396,-2.173167586326599,-0.7851919292959477,0.008608083827091788
2397,-0.7794339060783386,-0.7846161269741868,0.008616293377408293
2398,-0.4359733462333679,-0.7497518489001049,0.009124977859285328
2399,-1.5080114603042603,-0.8255778100405204,0.008047641269121586
2400,-1.4688656330108643,-0.8899065923375549,0.007216310176553737
2401,-0.9385422468185425,-0.8947701577856536,0.00715645456902468
2402,-0.6931098699569702,-0.8746041290027853,0.007407354383280188
2403,-1.090555191040039,-0.8961992352065107,0.007138945783467124
2404,-0.39463913440704346,-0.8460432251265639,0.007775082432228714
2405,-0.4544914960861206,-0.8068880522225196,0.008303250548735567
2406,-1.1641004085540771,-0.8426092878556753,0.007820283968560993
2407,-0.9285596609115601,-0.8512043251612638,0.007707547163115282
2408,-1.2515743374824524,-0.8912413263933826,0.007199842370069837
2409,-0.6990306973457336,-0.8720202634886177,0.007440021970291218
2410,-0.3903614282608032,-0.8238543799658362,0.008070942885879914
2411,-0.45682406425476074,-0.7871513483947287,0.008580193655076137
2412,-1.0191085934638977,-0.8103470729016455,0.00825545806237127
2413,-1.8340144157409668,-0.9127138071855777,0.006939193796883288
2414,-1.0447765588760376,-0.9259200823546236,0.006782849266522165
2415,-1.991448998451233,-1.0324729739642846,0.005627543281494061
2416,-2.205446720123291,-1.1497703485801851,0.004558050371076839
2417,-0.813820868730545,-1.1161754005952211,0.004844137956228442
2418,-1.6401792168617249,-1.1685757822218714,0.004404623378346951
2419,-2.7348411083221436,-1.3252023148318988,0.0032982037369783898
2420,-2.0365766882896423,-1.396339752177673,0.0028860523005042257
2421,-1.1276063323020935,-1.369466410190115,0.0030357367198935023
2422,-0.7325770854949951,-1.305777477720603,0.0034199227638610414
2423,-0.9789811372756958,-1.2730978436761125,0.00363412392826036
2424,-0.14665669202804565,-1.160453728511306,0.004470307664074386
2425,-0.8042168617248535,-1.1248300418326607,0.004768939470832399
2426,-0.21303534507751465,-1.033650572157146,0.005615791786540334
2427,0.33936607837677,-0.8963489071037545,0.007137114098643967
2428,-0.040459513664245605,-0.8107599677598036,0.00824976795804147
2429,-0.026629924774169922,-0.7323469634612403,0.009387522547003027
2430,-0.3128455877304077,-0.6903968258881571,0.010044078302184553
2431,-0.07011526823043823,-0.6283686701223853,0.011076802610061692
2432,-0.3676648736000061,-0.6022982904701473,0.011532925989454674
2433,-0.07358086109161377,-0.5494265475322939,0.012497742575944467
2434,-0.19429320096969604,-0.5139132128760341,0.013175285690765851
2435,0.07989531755447388,-0.45453235983298335,0.01435956313268693
2436,-1.3457434177398682,-0.5436534656236718,0.012606286996889458
2437,-0.8720705509185791,-0.5764951741531625,0.011997165383195207
2438,-0.0639035701751709,-0.5252360137553634,0.012956723444091451
2439,0.05057406425476074,-0.467655005954351,0.014092433553171255
2440,-0.4731018543243408,-0.46819969079135,0.01408141120803392
2441,-0.5541000366210938,-0.47678972537432435,0.013908276778942023
2442,-0.45602965354919434,-0.47471371819181135,0.013949999186110307
2443,-0.8322522640228271,-0.5104675727749128,0.013242264277336345
2444,-0.5885685682296753,-0.5182776723203891,0.013090759456331372
2445,-0.5757031440734863,-0.5240202194956989,0.012980078390948889
2446,-1.2958049178123474,-0.6011986893273638,0.011552450537132504
2447,-0.1860784888267517,-0.5596866692773026,0.012306377065745786
2448,-0.33854079246520996,-0.5375720815960933,0.012721301904758179
2449,-1.3846287727355957,-0.6222777507100434,0.011182201515451646
2450,-1.1669746041297913,-0.6767474360520183,0.010264979514801728
2451,-1.6443248987197876,-0.7735051823187953,0.0087759241955
2452,0.7005819082260132,-0.6260964732643144,0.01111603800686154
2453,-0.9352269172668457,-0.6570095176645676,0.010590754560711978
2454,-0.19252896308898926,-0.6105614622070098,0.01138694485546367
2455,-1.3878302574157715,-0.6882883417278859,0.01007796810843245
2456,-0.5251283645629883,-0.671972344011396,0.01034310522475474
2457,-1.1869535446166992,-0.7234704640719264,0.009523640332882596
2458,-0.9101071357727051,-0.7421341312420043,0.009239179444925721
2459,-0.3445359468460083,-0.7023743128024048,0.00985318287140223
2460,-1.21477210521698,-0.7536140920438623,0.009067496973367789
2461,-0.9169946312904358,-0.7699521459685197,0.008827459417282909
2462,-1.9021981358528137,-0.883176744956949,0.007299819722286868
2463,-1.3927831649780273,-0.9341373869590568,0.00668707359000716
2464,-1.1589864492416382,-0.956622293187315,0.006430838917892485
2465,-2.184450387954712,-1.0794051026640545,0.0051755403976693525
2466,-1.275564432144165,-1.0990210356120655,0.004996322480249171
2467,-1.93082994222641,-1.1822019262735,0.0042963833255521885
2468,-0.6149397492408752,-1.1254757085702374,0.004763371460074776
2469,-1.2656050324440002,-1.1394886409576137,0.004643954193191698
2470,-0.7428830862045288,-1.0998280854823053,0.004989068466477336
2471,-0.983997106552124,-1.0882449875892872,0.005094082645526731
2472,-0.33845120668411255,-1.0132656094987698,0.005822266794566646
2473,-0.9108021855354309,-1.0030192671024358,0.005928518555528704
2474,-1.138906717300415,-1.0166080121222338,0.005787966285052062
2475,-1.1328701972961426,-1.0282342306396248,0.005670020458694911
2476,-0.2933661937713623,-0.9547474269527987,0.006451880665800551
2477,-1.6024458408355713,-1.0195172683410758,0.005758253911055406
2478,-1.3976422548294067,-1.0573297669899089,0.005384006787281296
2479,-0.845923662185669,-1.036189156509485,0.005590531624335711
2480,-0.38030439615249634,-0.9706006804737861,0.006275796688977424
2481,-0.5814619064331055,-0.9316868030697181,0.00671551575325223
2482,-0.8050225377082825,-0.9190203765335745,0.006864158703592169
2483,-0.1909131407737732,-0.8462096529575943,0.007772897137811572
2484,-1.2387601733207703,-0.8854647049939118,0.0072713392903457135
2485,-0.9314428865909576,-0.8900625231536164,0.007214384704591762
2486,-1.1047353148460388,-0.9115298023228586,0.006953357476224154
2487,-0.9146730899810791,-0.9118441310886807,0.006949594951054791
2488,-0.3098728656768799,-0.8516470045475006,0.007701776903334187
2489,-0.34063565731048584,-0.8005458698237993,0.008391454224856043
2490,-1.0240902304649353,-0.8229003058879129,0.008083865845827128
2491,-0.3876539468765259,-0.7793756699867742,0.008691294731183432
2492,-0.9633580446243286,-0.7977739074505297,0.008430239464475001
2493,-1.3260380327701569,-0.8506003199824923,0.007715425982537548
2494,-0.876061201095581,-0.8531464080938012,0.007682258651412798
2495,-0.9551701843738556,-0.8633487857218066,0.007550524208190502
2496,-0.6750364303588867,-0.8445175501855146,0.0077951387981055765
2497,-0.8394064903259277,-0.844006444199556,0.00780186717073492
2498,-0.40671151876449585,-0.80027695165605,0.008395210673768886
2499,-0.8563647270202637,-0.8058857291924714,0.008317140755841666
2500,-0.6607038378715515,-0.7913675400603793,0.008520423834127705
2501,-0.33591872453689575,-0.745822658508031,0.009183745137955081
2502,-0.21046406030654907,-0.6922867986878828,0.010013773216690003
2503,-0.6344579458236694,-0.6865039134014614,0.0101067160706608
2504,-1.1291569471359253,-0.7307692167749078,0.009411606928930422
2505,-1.5237811207771301,-0.81007040717513,0.008259272554316964
2506,-1.3859950304031372,-0.8676628694979307,0.007495381313682887
2507,-1.8218067288398743,-0.9630772554321251,0.006358841443513164
2508,-1.2331215143203735,-0.9900816813209499,0.006065071220852577
2509,-0.9864453673362732,-0.9897180499224821,0.006068948140563988
2510,-0.7327765822410583,-0.9640239031543397,0.006348340796041571
2511,-1.187194585800171,-0.9863409714189229,0.006105055568218234
2512,0.9448046982288361,-0.7932264044541469,0.008494177365430856
2513,0.8448676839470863,-0.6294169956140236,0.01105873397198659
2514,0.23130804300308228,-0.543344491752313,0.012612113849597215
2515,0.0848734974861145,-0.4805226928284703,0.013833447003913688
2516,-0.08466488122940063,-0.44093691166856336,0.014639481360718838
2517,0.0357893705368042,-0.3932642834480266,0.01564572695053486
2518,0.379163920879364,-0.31602146301528755,0.0173523727477555
2519,-0.6882542371749878,-0.3532447404312576,0.016518750004581133
2520,-0.391717791557312,-0.357092045543863,0.016433748452759783
2521,0.7152397185564041,-0.24985886913383626,0.018880350182275855
2522,-0.5656406879425049,-0.2814370510147031,0.018144135456264126
2523,-0.4990866780281067,-0.3032020137160435,0.017643996180533233
2524,-0.4556022882461548,-0.3184420411690546,0.017297561803637188
2525,-0.7886887788772583,-0.3654667149398749,0.016249496304383153
2526,-0.6880022883415222,-0.39772027228003964,0.01555008372186827
2527,-0.9192039370536804,-0.44986863875740374,0.01445522449592343
2528,-0.4160974621772766,-0.44649152109939105,0.01452473080265563
2529,-0.24615317583084106,-0.4264576865725361,0.014941082464978911
2530,-1.6005874872207642,-0.5438706666373588,0.012602191931396606
2531,-1.2293940782546997,-0.6124230077990929,0.01135423831950487
2532,-1.092925786972046,-0.6604732857163882,0.010533042588342978
2533,-0.5246285200119019,-0.6468888091459396,0.01076070480449891
2534,-0.6362394094467163,-0.6458238691760173,0.010778702229641156
2535,-0.7245790958404541,-0.653699391842461,0.0106461223636273
2536,-0.3001652956008911,-0.6183459822183041,0.011250616102495031
2537,-0.07781243324279785,-0.5642926273207535,0.012221114081983375
2538,-0.7888675928115845,-0.5867501238698365,0.011811144044957247
2539,-0.27613550424575806,-0.5556886619074287,0.012380710100254448
2540,-0.7066194117069244,-0.5707817368873783,0.012101671049444738
2541,-1.8510123491287231,-0.6988047981115129,0.009909785321810515
2542,-0.6855976581573486,-0.6974840841160964,0.009930790071090137
2543,-1.3421224355697632,-0.761947919261463,0.00894442768046849
2544,-1.4279872179031372,-0.8285518491256304,0.008007558711340415
2545,-0.31307271122932434,-0.7770039353359998,0.008725408035972566
2546,-0.9458318948745728,-0.7938867312898571,0.008484869289255962
2547,-0.8850693702697754,-0.803004995187849,0.008357165555958003
2548,-0.4411214590072632,-0.7668166415697903,0.0088731357446501
2549,-0.28262877464294434,-0.7183978548771058,0.00960210208779901
2550,-1.6795313358306885,-0.8145112029724642,0.008198216291131264
2551,-1.9332213401794434,-0.926382216693162,0.006777432373329791
2552,0.06405878067016602,-0.8273381169568291,0.008023897216665311
2553,-0.7003521919250488,-0.8146395244536511,0.008196457411635138
2554,-0.1401715874671936,-0.7471927307550054,0.00916322029268944
2555,-0.7556903958320618,-0.748042497262711,0.009150507955823338
2556,-0.7827792167663574,-0.7515161692130756,0.009098684837063269
2557,-0.5727254152297974,-0.7336370938147478,0.00936786388044814
2558,-0.33409053087234497,-0.6936824375205076,0.009991438638965466
2559,-0.8383623957633972,-0.7081504333447965,0.009762107303423192
2560,-0.5713720619678497,-0.6944725962071019,0.00997881021321869
2561,-0.6517955660820007,-0.6902048931945918,0.010047159716219965
2562,-0.3718901574611664,-0.6583734196212493,0.01056800219143812
2563,0.18569868803024292,-0.5739662088561002,0.012043346900352149
2564,-0.7144384980201721,-0.5880134377725074,0.011788366322132345
2565,-1.062987744808197,-0.6355108684760763,0.010954119887098504
2566,-0.688766360282898,-0.6408364176567585,0.010863280227181653
2567,-0.27278220653533936,-0.6040309965446166,0.011502206928143771
2568,-0.8884327411651611,-0.6324711710066709,0.011006213448081122
2569,-0.08498907089233398,-0.5777229609952372,0.01197478847198716
2570,-0.04618591070175171,-0.5245692559658887,0.0129695282242011
2571,-0.2324797511100769,-0.49536030548030746,0.013538488349631953
2572,0.20955169200897217,-0.4248691057313795,0.014974388826467856
2573,-1.053688645362854,-0.4877510596945269,0.013689258629136322
2574,0.2920810580253601,-0.40976784792253823,0.015293111383222802
2575,0.035666048526763916,-0.365224458277608,0.016254811175061598
2576,-0.12364226579666138,-0.34106623902951333,0.01678927609478965
2577,-0.28651219606399536,-0.33561083473296155,0.01691116712808973
2578,-1.1280637979507446,-0.41485613105473984,0.015185295713862627
2579,-0.606076717376709,-0.43397818968693674,0.014783985739970237
2580,-0.22668343782424927,-0.413248714500668,0.015219308966684136
2581,-1.4095799326896667,-0.5128818363195679,0.013195311424316875
2582,-0.6080880165100098,-0.5224024543386121,0.013011197405276216
2583,-1.1667462587356567,-0.5868368347783166,0.011809579664166157
2584,-0.652119517326355,-0.5933651030331205,0.011692212289748316
2585,-0.863259494304657,-0.6203545421602742,0.011215629172968151
2586,-0.4167124629020691,-0.5999903342344537,0.01157393277453723
2587,-1.2954212427139282,-0.6695334250824011,0.010383177829639597
2588,-1.1267510652542114,-0.7152551890995821,0.009650958692714259
2589,-0.7212378978729248,-0.7158534599769164,0.009641643282470379
2590,-1.738391399383545,-0.8181072539175792,0.008149040675280017
2591,-0.23645925521850586,-0.7599424540476719,0.0089739233950236
2592,-1.8892662525177002,-0.8728748338946747,0.00742920457398094
2593,-1.002961277961731,-0.8858834783013803,0.007266136411723696
2594,-0.33136820793151855,-0.8304319512643941,0.007982303119632815
2595,-0.16545474529266357,-0.763934230667221,0.008915288470815024
2596,-0.04762673377990723,-0.6923034809784897,0.010013506027116287
2597,-1.1073486804962158,-0.7338080009302622,0.00936526202030039
2598,-1.0376874208450317,-0.7641959429217392,0.008911454696347253
2599,0.036795973777770996,-0.6840967512517881,0.010145593503980416
2600,-0.21394866704940796,-0.6370819428315502,0.010927264840877643
2601,-0.13195890188217163,-0.5865696387366124,0.011814400697224977
2602,-0.35145604610443115,-0.5630582794733943,0.012243924402157467
2603,-0.5404456853866577,-0.5607970200647207,0.01228578625997704
2604,0.29787734150886536,-0.47492958390736206,0.013945657267459591
2605,0.001519620418548584,-0.427284663474771,0.014923760811161636
2606,-0.582322895526886,-0.44278848667998255,0.014601171373787393
2607,-0.3688626289367676,-0.43539590090566105,0.014754478561477739
2608,0.4086041748523712,-0.35099589332985787,0.016568538555994418
2609,-0.5878982543945312,-0.3746861294363252,0.016047904892788855
2610,-0.6169291734695435,-0.39891043383964697,0.015524592463624637
2611,-0.37932103872299194,-0.39695149432798144,0.015566561852830053
2612,-0.4374591112136841,-0.4010022560165517,0.015479844883840722
2613,-0.7372040748596191,-0.4346224379008584,0.014770572596479193
2614,-0.5254694223403931,-0.44370713634481185,0.014582185942789459
2615,-0.46201205253601074,-0.4455376279639317,0.014544399110324064
2616,-0.00882863998413086,-0.4018667291659516,0.015461373144562862
2617,0.1182515025138855,-0.3498549059979679,0.01659382846939087
2618,-0.18425190448760986,-0.33329460584693216,0.016963049677744865
2619,-1.4280669689178467,-0.44277184215402354,0.014601515494662251
2620,-2.532721161842346,-0.6517667741228558,0.010678546361485436
2621,-1.3754774332046509,-0.7241378400310352,0.009513354119517498
2622,-0.5425090193748474,-0.7059749579654164,0.009796334279696943
2623,-0.8488855361938477,-0.7202660157882596,0.009573148697230423
2624,-0.988748162984848,-0.7471142305079185,0.009164395331539997
2625,-0.6731230020523071,-0.7397151076623574,0.009275674866388672
2626,-0.999535858631134,-0.765697182759235,0.008889488253170385
2627,-0.8755620121955872,-0.7766836657028702,0.008730022644119555
2628,-0.2851385474205017,-0.7275291538746333,0.009461215399587896
2629,-0.32716453075408936,-0.687492691562579,0.010090778841237238
2630,-0.513441801071167,-0.6700876025134378,0.01037406238167868
2631,-0.30321741104125977,-0.6334005833662201,0.01099026656638468
2632,0.0565950870513916,-0.5644010163244588,0.012219112464443814
2633,0.4215795397758484,-0.46580296071442817,0.014129951073664784
2634,-0.9603630304336548,-0.5152589676863508,0.013149185195670002
2635,-0.2664046287536621,-0.49037353379308196,0.013637178713659296
2636,-0.366666316986084,-0.47800281211238216,0.01388393238888305
2637,-0.16002821922302246,-0.4462053528234462,0.014530629652435977
2638,-0.2826206684112549,-0.42984688438222707,0.014870166505357541
2639,-0.17531061172485352,-0.40439325711648977,0.01540745712119939
2640,-0.18658894300460815,-0.3826128257053016,0.015875639874457264
2641,-0.3083602786064148,-0.37518757099541294,0.016036978237895256
2642,-1.5435709953308105,-0.4920259134289527,0.013604427643978095
2643,-1.145516723394394,-0.5573749944254968,0.01234932023705018
2644,-1.1949747502803802,-0.621134970010985,0.011202055849014889
2645,-0.45048150420188904,-0.6040696234300755,0.011501522768211885
2646,-1.3458129167556763,-0.6782439527626356,0.01024058513020449
2647,-0.5401427745819092,-0.664433834944563,0.01046733637868644
2648,-0.273013710975647,-0.6252918225476713,0.011129956170853834
2649,-0.8611297011375427,-0.6488756104066585,0.010727186303953931
2650,-2.0994603633880615,-0.7939340857047987,0.008484202085554993
2651,-1.2965194582939148,-0.8441926229637103,0.007799415702350272
2652,-1.285228967666626,-0.8882962574340019,0.007236219982344145
2653,-0.6589862108230591,-0.8653652527729077,0.007524708196405163
2654,-1.1397148370742798,-0.8928002112030449,0.007180648601667353
2655,-0.1343085765838623,-0.8169510477411267,0.008164825711228636
2656,-0.10673058032989502,-0.7459290010000035,0.009182150762567606
2657,-0.03194129467010498,-0.6745302303670137,0.010301200871039029
2658,0.4806034564971924,-0.5590168616805931,0.012318809489933972
2659,0.1772143840789795,-0.48539373710463585,0.0137361784862516
2660,0.13792049884796143,-0.4230623135093761,0.015012321840234173
2661,0.5039076805114746,-0.3303653141072911,0.017028775257886767
2662,0.13078439235687256,-0.28425034346087474,0.018079142772301725
2663,-0.06162679195404053,-0.2619879883101913,0.01859614941829865
2664,-0.743209958076477,-0.3101101852868199,0.017486566661950028
2665,-0.7820923328399658,-0.3573084000421345,0.016428974993735825
2666,-0.33899974822998047,-0.3554775348609191,0.01646939195254241
2667,-0.23117822408676147,-0.34304760378350335,0.016745113798219448
2668,-0.5798706412315369,-0.3667299075283067,0.016221797723834436
2669,-1.2791586518287659,-0.4579727819583526,0.01428923666822559
2670,-1.4977933168411255,-0.5619548354466299,0.012264340004450222
2671,-0.8612813949584961,-0.5918874913978166,0.011718706163953324
2672,-1.0099564790725708,-0.6336943901652919,0.0109852288753265
2673,-1.0481780767440796,-0.6751427588231708,0.010291184854000546
2674,-0.9910625219345093,-0.7067347351343046,0.009784370324604351
2675,-1.086861252784729,-0.744747386899347,0.009199878560823582
2676,-0.2295120358467102,-0.6932238517940834,0.00999877331668699
2677,-0.9131458401679993,-0.715216050631475,0.009651568338993357
2678,-0.3712769150733948,-0.6808221370756669,0.010198659730492643
2679,-0.3862658143043518,-0.6513665047985354,0.010685270761993533
2680,-0.5356000065803528,-0.6397898549767171,0.010881088736703466
2681,0.07292461395263672,-0.5685184080837818,0.012143241021966756
2682,-0.6384592950344086,-0.5755124967788445,0.012015095679721182
2683,0.10958248376846313,-0.5070029987241138,0.013309830140148585
2684,-0.4652569890022278,-0.5028283977519252,0.01339153413121348
2685,-0.5402662754058838,-0.5065721855173211,0.013318247166874467
2686,-0.24306172132492065,-0.48022113909808106,0.013839482607567885
2687,0.002763986587524414,-0.4319226265295205,0.014826829432612182
2688,-0.4397124648094177,-0.4327016103575102,0.014810584776959394
2689,-0.5623994469642639,-0.4456713940181856,0.014541640043345997
2690,-0.4870338439941406,-0.44980763901578114,0.014456478213680055
2691,-0.880858838558197,-0.4929127589700227,0.013586870205016253
2692,-0.3087007999420166,-0.47449156306722207,0.013954468474998644
2693,-0.013483166694641113,-0.428390723429964,0.014900611598637937
2694,-1.4127446413040161,-0.5268261152173692,0.012926219464430233
2695,-1.119120478630066,-0.5860555515586389,0.011823680223458926
2696,-1.2279310822486877,-0.6502431046276438,0.010704160005405895
2697,-2.4235568046569824,-0.8275744746305777,0.008020713404306667
2698,-0.5545269250869751,-0.8002697196762174,0.008395311713971875
2699,-0.32479655742645264,-0.7527224034512409,0.009080742696618708
2700,-0.4959290027618408,-0.7270430633823008,0.009468675178750455
2701,0.2465907335281372,-0.629679683691257,0.011054209663530736
2702,-1.2139180898666382,-0.6881035243087952,0.010080942762147242
2703,-0.4403872489929199,-0.6633318967772076,0.010485587417207072
2704,-0.20049434900283813,-0.6170481419997706,0.011273264223911962
2705,-0.07779240608215332,-0.5631225684080089,0.012242735655086028
2706,-0.5551412105560303,-0.5623244326228111,0.012257499266001478
2707,-1.4598194360733032,-0.6520739329678603,0.010673388278862243
2708,-1.0082528591156006,-0.6876918255826343,0.010087571450914065
2709,-1.0742042064666748,-0.7263430636710384,0.00947942563026561
2710,-1.3182860016822815,-0.7855373574721627,0.008603161829450623
2711,-2.0293537378311157,-0.909918995508058,0.006972665694513229
2712,-0.8765459656715393,-0.9065816925244061,0.0070128118246806925
2713,-0.6251506209373474,-0.8784385853657002,0.007359094183369411
2714,-0.21496516466140747,-0.8120912432952709,0.008231443079308391
2715,-0.3887803554534912,-0.7697601545110929,0.008830250927552316
2716,-0.0372738242149353,-0.6965115214814771,0.009946279189013838
2717,-0.38373303413391113,-0.6652336727467205,0.010454103564809077
2718,-0.5720211863517761,-0.655912424107226,0.010609082059931593
2719,-0.598047137260437,-0.6501258954225472,0.010706132201017913
2720,-1.1376693844795227,-0.6988802443282447,0.00990858642913136
2721,-0.25643759965896606,-0.6546359798613168,0.010630434855312454
2722,-0.409250408411026,-0.6300974227162878,0.011047017624379457
2723,-1.5928510427474976,-0.7263727847194087,0.009478968990510143
2724,-0.7417281866073608,-0.7279083249082039,0.009455399586548474
2725,-0.21450459957122803,-0.6765679523745063,0.010267908130728018
2726,-0.0352444052696228,-0.612435597664018,0.011354017347144627
2727,-1.2784456014633179,-0.6790365980439479,0.01022768184338658
2728,-0.2271401286125183,-0.633846951100805,0.010982613678603814
2729,-0.8523733019828796,-0.6556995861890125,0.010612640307072804
2730,-0.7564606666564941,-0.6657756942357607,0.01044514315782604
2731,-0.400429368019104,-0.639241061614095,0.01089043552772902
2732,-0.18424034118652344,-0.5937409895713378,0.011685479212166977
2733,-0.7430953979492188,-0.6086764304091259,0.011420131668339325
2734,-0.916472852230072,-0.6394560725912205,0.010886772871590466
2735,-1.7069371044635773,-0.7462041757784562,0.009178026108453924
2736,-0.8663967847824097,-0.7582234366788515,0.008999266569482448
2737,-1.248997688293457,-0.8073008618403121,0.008297535230771294
2738,-1.6191699504852295,-0.8884877707048038,0.007233849768051609
2739,-1.0998785495758057,-0.909626848591904,0.006976172373976439
2740,-1.406112551689148,-0.9592754189016284,0.0064011626945560205
2741,-1.1492735147476196,-0.9782752284862275,0.006192042619526768
2742,-0.2608417272567749,-0.9065318783632823,0.007013412527405479
2743,0.27688896656036377,-0.7881897938709177,0.008565441598082263
2744,-0.3305346369743347,-0.7424242781812594,0.009234809511105004
2745,0.4882945120334625,-0.6193523991597872,0.011233075739623729
2746,-0.28139734268188477,-0.585556893511997,0.011832686052076262
2747,0.5048202872276306,-0.4765191754380343,0.013913709788800938
2748,0.3959866166114807,-0.3892685962330828,0.015731762008756558
2749,1.036285400390625,-0.24671319657071206,0.018954336491170745
2750,0.16645264625549316,-0.20539661228809153,0.019936096801929964
2751,0.452372670173645,-0.13961968404191788,0.021532013248240823
2752,0.028087496757507324,-0.12284896596197536,0.021944133318722473
2753,0.21355849504470825,-0.089208219861307,0.022775691802590647
2754,0.0017026066780090332,-0.0801171372073754,0.023001346031536293
2755,-0.6001135110855103,-0.13211677459518886,0.021716164714377192
2756,-0.7516477406024933,-0.19406987119591929,0.020208259997262907
2757,-1.3080702424049377,-0.3054699083168211,0.017592242142943533
2758,0.07453137636184692,-0.26746977984895426,0.018468277643892316
2759,-1.222898244857788,-0.3630126263498376,0.01630337818283414
2760,-0.505750298500061,-0.37728639356486,0.015991286542631895
2761,-0.9875984191894531,-0.43831759612731924,0.014693776733127016
2762,-0.5783392190933228,-0.45231975842391964,0.014404900457459936
2763,-0.37866735458374023,-0.4449545180399017,0.014556429977523917
2764,-0.679823637008667,-0.46844142993677823,0.014076521008699919
2765,-0.5785524249076843,-0.4794525294338688,0.01385487369405983
2766,-0.6633504927158356,-0.49784232576206544,0.013489535794428745
2767,-0.676833301782608,-0.5157414233641198,0.013139836220533786
2768,0.016990095376968384,-0.46246827149001096,0.014197655416303532
2769,-0.525334358215332,-0.4687548801625431,0.014070181686732984
2770,-0.5867525041103363,-0.4805546425573224,0.013832807624720249
2771,-0.0840039849281311,-0.4408995767944033,0.01464025444300076
2772,0.14100328087806702,-0.3827092910271563,0.015873549559766293
2773,0.3864562511444092,-0.30579273680999974,0.017584880741989713
2774,-0.03633454442024231,-0.27884691757102403,0.01820406147492943
2775,-0.28827404975891113,-0.2797896307898127,0.01818224080291585
2776,0.3200521767139435,-0.2198054500394371,0.019591684394013015
2777,-0.07875359058380127,-0.20570026409387354,0.019928817417873133
2778,0.0839008092880249,-0.1767401567556837,0.02062693546580909
2779,0.11125117540359497,-0.14794102353975583,0.02132822291364592
2780,-0.355641633272171,-0.16871108451299735,0.020821789930569847
2781,-0.24500709772109985,-0.17634068583380758,0.020636617340498754
2782,0.13399961590766907,-0.14530665565965992,0.021392686246870074
2783,-0.8244550228118896,-0.21322149237488286,0.019748801653125318
2784,-0.6632948219776154,-0.2582288253351561,0.01868404629068419
2785,-0.5953366160392761,-0.2919396044055681,0.017902023854015018
2786,-1.5397682189941406,-0.41672246586442535,0.015145857529160176
2787,-0.4623640775680542,-0.42128662703478825,0.015049655194217438
2788,-0.8956889510154724,-0.46872685943285664,0.014070748316621204
2789,-0.5859096050262451,-0.4804451339921955,0.013834999190224892
2790,-1.029028832912445,-0.5353035038842204,0.012764383260976623
2791,-0.9439810514450073,-0.5761712586402992,0.012003073642316604
2792,-0.7119157314300537,-0.5897457059192747,0.011757182703153414
2793,-0.08952021598815918,-0.5397231569261631,0.012680540546256863
2794,-0.12656843662261963,-0.4984076848958088,0.013478400910747482
2795,-1.973502516746521,-0.64591716808088,0.010777124611391995
2796,-0.598996102809906,-0.6412250615537826,0.010856672352555372
2797,-0.7696360945701599,-0.6540661648554202,0.010639977038240598
2798,-0.8686200678348541,-0.6755215551533637,0.010284994417649927
2799,-0.7463953495025635,-0.6826089345882836,0.010169678522803653
2800,0.17165347933769226,-0.5971826931956861,0.0116239549594588
2801,-0.9119526743888855,-0.628659691315006,0.01107178453519217
2802,-0.45603394508361816,-0.6113971166918672,0.011372254562793036
2803,-0.3267744183540344,-0.5829348468580839,0.011880118389756979
2804,-1.2343358993530273,-0.6480749521075783,0.010740684741847285
2805,-0.5607782602310181,-0.6393452829199222,0.010888660033834346
2806,-0.5591119527816772,-0.6313219499060977,0.01102595476836292
2807,-0.30477771162986755,-0.5986675260784747,0.01159748175611103
2808,-0.2906579375267029,-0.5678665672232975,0.012155231187122615
2809,-0.6719779968261719,-0.578277710183585,0.011964687326974052
2810,-0.5847752690315247,-0.578927466068379,0.01195286368185326
2811,-0.03229457139968872,-0.52426417660151,0.01297538987575005
2812,-0.7161884307861328,-0.5434566020199723,0.012609999386804061
2813,-0.6061213314533234,-0.5497230749633074,0.012492184180481668
2814,-0.9130275249481201,-0.5860535199617887,0.011823716904759238
2815,-0.9387205839157104,-0.6213202263571808,0.01119883555796526
2816,0.3295884430408478,-0.5262293594173779,0.012937661944688454
2817,-0.568412184715271,-0.5304476419471672,0.012856920097958795
2818,0.07611852884292603,-0.4697910248681579,0.014049238715985016
2819,-0.9276311993598938,-0.5155750423173314,0.013143059851607889
2820,-1.4101733267307281,-0.6050348707586711,0.0114844355614039
2821,-0.2594258785247803,-0.5704739715352821,0.012107318001152065
2822,-0.5996035933494568,-0.5733869337166996,0.012053942129231113
2823,-0.042573124170303345,-0.5203055527620599,0.013051604895234834
2824,-1.194322109222412,-0.5877072084080951,0.01179388488923478
2825,-0.4941481351852417,-0.5783513010858098,0.011963347786629478
2826,-1.0417641997337341,-0.6246925909506021,0.01114032924629367
2827,0.070556640625,-0.5551676677930419,0.012390418846369055
2828,-0.5448861122131348,-0.5541395122350512,0.012409593539705364
2829,-1.541874647140503,-0.6529130257255964,0.010659306746458394
2830,1.1157615780830383,-0.4760455653447329,0.013923223660878788
2831,0.12049877643585205,-0.4163911311666744,0.015152854851582746
2832,0.02496051788330078,-0.3722559662616769,0.016100914865455267
2833,0.20995742082595825,-0.3140346275529134,0.01739742285727602
2834,0.024162590503692627,-0.28021490574725283,0.018172400773298198
2835,-1.201773464679718,-0.37237076164049937,0.01609840872631017
2836,-0.5029825568199158,-0.38543194115844104,0.015814613040231025
2837,-0.09692555665969849,-0.35658130270856675,0.016445019849257274
2838,0.3193631172180176,-0.2889868607159083,0.0179699486744211
2839,-2.356570243835449,-0.4957451990278624,0.01353088983301002
2840,-1.0407369136810303,-0.5502443704931792,0.012482416513319402
2841,-0.07375764846801758,-0.5025956982906631,0.013396097800362983
2842,-0.06009131669998169,-0.45834526013159493,0.014281635161865336
2843,-0.5464625358581543,-0.4671569877042509,0.014102516130432383
2844,-0.03987997770309448,-0.42442928670413527,0.01498361763023974
2845,-0.5283666849136353,-0.4348230265250853,0.014766397816833352
2846,-0.08244144916534424,-0.3995848687891112,0.015510157403103736
2847,0.8658890128135681,-0.27303748062884325,0.01833877632497655
2848,0.06694960594177246,-0.2390387719717817,0.019135309393887363
2849,0.9521849155426025,-0.1199164032203433,0.022016377668424635
2850,0.7032519578933716,-0.03759956710897183,0.024060453534760884
2851,0.31808650493621826,-0.002030959904452831,0.024949226072199394
2852,0.5205144882202148,0.05022358490801392,0.026254534983475616
2853,-1.6990481615066528,-0.12470358973345272,0.02189847089132807
2854,-1.082310676574707,-0.22046429841757814,0.019575986273669438
2855,-1.3564539551734924,-0.33406326409316955,0.016945823466172162
2856,-0.6664489507675171,-0.3673018327606043,0.01620926494114946
2857,-0.1672734022140503,-0.3472989897059489,0.01665055057911642
2858,-0.21149390935897827,-0.33371848167125184,0.01695354924646115
2859,-0.10243362188339233,-0.31058999569246587,0.01747565642006255
2860,0.2930908501148224,-0.2502219111117371,0.018871818729909562
2861,-0.3611224293708801,-0.26131196293765135,0.018611943852120914
2862,0.14061591029167175,-0.22111917561471905,0.019560387219842126
2863,-0.6503442227840424,-0.2640416803316514,0.01854820122794272
2864,-0.2702869772911072,-0.26466621002759694,0.018533630195519523
2865,-1.149916172027588,-0.35319120622759603,0.016519934349140845
2866,0.3265307545661926,-0.28521901014821716,0.018056788004906385
2867,-0.09576764702796936,-0.2662738738361924,0.018496143131066376
2868,-0.17705106735229492,-0.25735159318780265,0.018704581884024078
2869,-0.10963749885559082,-0.24258018375458146,0.01905171611277489
2870,0.16871848702430725,-0.2014503166766926,0.020030781574044643
2871,0.0699307918548584,-0.1743122058235375,0.020685801868634793
2872,0.22311186790466309,-0.13456979845071745,0.0216559167461033
2873,-0.5670682787895203,-0.17781964648459772,0.02060077892503586
2874,-0.9912207126617432,-0.25915975310231226,0.01866226366149112
2875,-0.3916248083114624,-0.2724062586232273,0.01835343899845184
2876,0.2062230110168457,-0.22454333165922002,0.019478897098047607
2877,-0.4031693935394287,-0.2424059378472409,0.01905582582348581
2878,-0.35444676876068115,-0.2536100209385849,0.018792271918822386
2879,-0.8071675300598145,-0.30896577185070784,0.017512601778510533
2880,0.12928462028503418,-0.26514073263713367,0.01852256215594337
2881,-0.7330513000488281,-0.3119317893783031,0.017445162577029667
2882,0.13308066129684448,-0.2674305443107884,0.018469191584861273
2883,-0.8144845962524414,-0.32213594950495367,0.017214075511253195
2884,-0.6803536415100098,-0.3579577187054593,0.016414653239479115
2885,-0.16095399856567383,-0.3382573466914807,0.016851981515452388
2886,-0.4755551815032959,-0.35198713017266225,0.01654658364463782
2887,-0.09139490127563477,-0.3259279072829595,0.017128572784845444
2888,-0.11265146732330322,-0.30460026328699386,0.01761207950893252
2889,-1.0335464477539062,-0.37749488173368506,0.01598675148947846
2890,-0.18638485670089722,-0.35838387923040627,0.016405257062699616
2891,-1.0476503372192383,-0.42731052502928946,0.0149232193075051
2892,-0.09389054775238037,-0.3939685273015986,0.015630589767239442
2893,-0.9820041656494141,-0.4527720911363801,0.014395625003258373
2894,-1.6268731355667114,-0.5701821955794132,0.012112673231149602
2895,-0.7920530438423157,-0.5923692804057035,0.011710063015478002
2896,-0.5912832021713257,-0.5922606725822657,0.011712011020439403
2897,-0.7774802446365356,-0.6107826297876927,0.01138305556360043
2898,-0.2533073425292969,-0.5750351010618531,0.012023813028994874
2899,-0.7060757875442505,-0.5881391697100928,0.01178610102085285
2900,-1.491990566253662,-0.6785243093644497,0.01023601988985494
2901,-0.7220416069030762,-0.6828760391183124,0.01016535145737256
2902,0.10557711124420166,-0.604030724082061,0.011502211754105695
2903,0.06664550304412842,-0.5369631013694421,0.012732857314298407
2904,0.18297341465950012,-0.4649694497665479,0.014146855531577067
2905,-0.4794641137123108,-0.4664189161611242,0.01411746673426646
2906,0.13806602358818054,-0.4059704221861937,0.015373853390272599
2907,-0.2152302861213684,-0.3868964085797112,0.015782960771174047
2908,-0.042517900466918945,-0.352458557768432,0.01653614715248387
2909,0.14983296394348145,-0.30222940559724065,0.017666212590566194
2910,-0.45144152641296387,-0.317150617678813,0.017326794325923402
2911,-0.8984478712081909,-0.37528034303175073,0.016034957120694932
2912,-0.49136996269226074,-0.3868893049978017,0.015783114222069138
2913,-1.793276071548462,-0.5275279816528677,0.012912769980898737
2914,-0.5054644346237183,-0.5253216269499528,0.012955079877272525
2915,-1.7672393918037415,-0.6495134034353316,0.010716442466411388
2916,-1.4216086864471436,-0.7267229317365128,0.009473590534823058
2917,0.037621498107910156,-0.6502884887520705,0.010703396430142616
2918,-0.18418896198272705,-0.6036785360751362,0.011508451031051777
2919,-0.8540357947349548,-0.628714261941118,0.01107084375569327
2920,-0.06571981310844421,-0.5724148170578507,0.01207173691185191
2921,-0.2652217745780945,-0.5416955128098752,0.012643241655216792
2922,-0.2654159665107727,-0.514067558179965,0.013172290523148465
2923,-0.8582623600959778,-0.5484870383715662,0.012515364525947873
2924,-0.8905668258666992,-0.5826950171210795,0.011884463391853615
2925,-0.5020307302474976,-0.5746285884337212,0.012031239444179926
2926,-1.2360820770263672,-0.6407739372929858,0.010864342813671192
2927,0.2523987293243408,-0.5514566706312531,0.012459721004540602
2928,0.031275153160095215,-0.49318348825211833,0.01358151323796799
2929,-1.269449234008789,-0.5708100628277855,0.012101151408473036
2930,-2.221242845058441,-0.735853341050851,0.009334167264238748
2931,-0.14299899339675903,-0.6765679062854418,0.010267908882837911
2932,-0.4224172830581665,-0.6511528439627143,0.010688861459855002
2933,-0.9458994269371033,-0.6806275022601532,0.010201820343775949
2934,0.06374144554138184,-0.6061906074799998,0.0114639996805252
2935,0.0678095817565918,-0.5387905885563407,0.012698201464662379
2936,-0.72333824634552,-0.5572453543352586,0.01235173149503653
2937,-0.06052213907241821,-0.5075730328089746,0.013298698292395376
2938,-0.35406988859176636,-0.4922227183872538,0.013600530146057345
2939,-1.0160776376724243,-0.5446082103157709,0.012588293010653506
2940,0.16455665230751038,-0.4736917240534428,0.013970566800934881
2941,0.023459970951080322,-0.4239765545529905,0.014993120790217649
2942,-0.8864307999610901,-0.4702219790938004,0.014040533691108168
2943,-0.9965611696243286,-0.5228558981468532,0.013002470172715741
2944,-0.47870975732803345,-0.5184412840649713,0.013087597611395115
2945,-1.4189232289791107,-0.6084894785563852,0.011423426746474868
2946,0.021125972270965576,-0.5455279334736501,0.012570975195539479
2947,0.2993602752685547,-0.46103911259942965,0.01422673154506311
2948,1.1682580709457397,-0.29810939424491273,0.017760462552914025
2949,0.11236941814422607,-0.2570615130059989,0.018711374522893922
2950,0.24694275856018066,-0.20666108584938095,0.019905789743170546
2951,-0.3112662434577942,-0.21712160161022226,0.01965567751622397
2952,-0.1583421230316162,-0.21124365375236165,0.019796085638082144
2953,-0.17077314853668213,-0.2071966032307937,0.019892959097955687
2954,-0.9063258171081543,-0.2771095246185297,0.018244305620619652
2955,-0.9401845932006836,-0.34341703147674507,0.016736886068521174
2956,-1.8014111518859863,-0.4892164435176692,0.013660142188453715
2957,-0.7936574220657349,-0.5196605413724757,0.013064050634949968
2958,-1.2094173431396484,-0.5886362215491929,0.011777148629310856
2959,-1.3766747117042542,-0.667440070564699,0.010417663918182189
2960,-0.754112720489502,-0.6761073355571793,0.01027542680125814
2961,-0.3586990237236023,-0.6443665043738216,0.010803366972052055
2962,-0.5858861207962036,-0.6385184660160599,0.010902751270384155
2963,-0.2929292917251587,-0.6039595485869699,0.011503472490572389
2964,0.15917015075683594,-0.5276465786525893,0.0129104982724017
2965,-0.47519493103027344,-0.5224014138903578,0.013011217434689713
2966,-0.007910013198852539,-0.47095227382120725,0.014025789670896655
2967,0.00700455904006958,-0.42315659053507954,0.015010341168540362
2968,-0.6858282089233398,-0.4494237523739056,0.01446436965354945
2969,-0.44126200675964355,-0.4486075778124794,0.01448115598867634
2970,0.6078929901123047,-0.342957521020001,0.01674712038607042
2971,0.19331586360931396,-0.2893301825570695,0.017962045092621958
2972,-0.5820637941360474,-0.3186035437149673,0.017293907683886427
2973,-0.08233857154846191,-0.2949770464983168,0.017832269378659234
2974,-0.3295411467552185,-0.298433456524007,0.017753041068506527
2975,-0.5373657941818237,-0.32232669028978866,0.017209769760448756
2976,-0.3915877938270569,-0.3292528006435155,0.017053769367091947
2977,-0.1279711127281189,-0.30912463185197586,0.0175089866853687
2978,-0.6221221685409546,-0.34042438552087373,0.01680359460141448
2979,-0.14359992742538452,-0.3207419397113248,0.017245559174685978
2980,-1.22946035861969,-0.4116137816021613,0.015253948382109604
2981,-1.1668187975883484,-0.48713428320077995,0.013701525223404254
2982,-0.1005752682685852,-0.4484783817075605,0.014483814234087088
2983,-0.36048319935798645,-0.4396788634726031,0.01466554456704482
2984,-0.3484775424003601,-0.4305587313653788,0.014855296427525555
2985,-0.6458228826522827,-0.4520851464940692,0.014409712768971107
2986,0.39880746603012085,-0.3669958852416503,0.016215968641562366
2987,-0.8120938539505005,-0.4115056821125353,0.015256240250466017
2988,0.5107966661453247,-0.31927544728674934,0.0172787092536994
2989,-0.8664690256118774,-0.37399480511926214,0.016062975619684675
2990,0.12051266431808472,-0.32454405817552745,0.01715975288169835
2991,0.1493070125579834,-0.2771589511021764,0.018243160205643302
2992,-0.28664249181747437,-0.27810730517370624,0.018221188871830968
2993,-0.1827746033668518,-0.2685740349930208,0.01844256314558996
2994,0.051062822341918945,-0.23661034925952681,0.019192711564889765
2995,-1.164702296257019,-0.32941954395927603,0.017050022126968187
2996,0.024505615234375,-0.29402702803991093,0.017854073432828514
2997,-0.5207277536392212,-0.31669710059984196,0.017337065593234335
2998,-0.5409913063049316,-0.3391265211703509,0.016832565845360678
2999,-9.455649375915527,-1.2507788066448684,0.003787452882716542
3000,-9.275736093521118,-2.053274535332493,0.0008098902863385685
3001,-9.892089009284973,-2.837155982727741,0.00017106424165478067
3002,-10.772887587547302,-3.630729143209697,3.507954373081615e-05
3003,-9.828049182891846,-4.250461147177912,1.016197415546404e-05
3004,-8.591326236724854,-4.684547656132606,4.265663149435485e-06
3005,-9.370153665542603,-5.153108257073606,1.671177296732315e-06
3006,-8.623177289962769,-5.5001151603625225,8.348787835840105e-07
3007,-9.912617206573486,-5.941365364983619,3.454320404611536e-07
3008,-7.72342586517334,-6.11957141500259,2.4186649395284813e-07
3009,-6.799030423164368,-6.187517315818768,2.1113436020862601e-07
3010,-5.266289234161377,-6.09539450765303,2.5384896675663433e-07
3011,-6.84707498550415,-6.170562555438141,2.184165641506239e-07
3012,-5.500133514404297,-6.103519651334756,2.4975720490133147e-07
3013,-5.807506322860718,-6.073918318487352,2.649898773576148e-07
3014,-5.111199855804443,-5.97764647221906,3.212546766729015e-07
3015,-2.8500688076019287,-5.664888705757347,6.004888911576562e-07
3016,-2.336086630821228,-5.332008498263735,1.1685199139975251e-06
3017,-6.857013702392578,-5.484509018676619,8.613477372741389e-07
3018,-7.688907146453857,-5.704948831454343,5.542549698858565e-07
3019,-4.0984787940979,-5.544301827718698,7.642650266529451e-07
3020,-3.133516550064087,-5.3032232999532365,1.2377644986527583e-06
3021,-2.6639373302459717,-5.03929470298251,2.0983407444951203e-06
3022,-2.7766692638397217,-4.813032159068231,3.2990943196398014e-06
3023,-2.016957640647888,-4.533424707226198,5.770815742144026e-06
3024,-1.1977190971374512,-4.199854146217324,1.1244117290100839e-05
3025,-1.2283881902694702,-3.9027075506225386,2.036781062218261e-05
3026,-1.075463056564331,-3.619983101216718,3.5841090091206235e-05
3027,-1.043254315853119,-3.362310222680358,5.9976785757610666e-05
3028,-0.9580154418945312,-3.121880744601776,9.693844064845677e-05
3029,-2.1678338050842285,-3.0264760506500212,0.00011726989001057937
3030,-1.462051272392273,-2.8700335728242465,0.00016021260941058023
3031,-1.3549065589904785,-2.71852087144087,0.00021667394067001282
3032,-1.6843630075454712,-2.61510508505133,0.00026619523007497946
3033,-1.4888051748275757,-2.502475094028955,0.00033300110137693764
3034,-1.472098171710968,-2.3994374017971563,0.00040858428614744876
3035,-1.4216046333312988,-2.3016541249505704,0.0004959629625419658
3036,-1.6978695392608643,-2.2412756663815996,0.0005589085341460904
3037,-1.728817105293274,-2.190029810272767,0.0006184843177013171
3038,-2.0250720977783203,-2.1735340390233224,0.0006389642865117874
3039,-1.0697592496871948,-2.06315656008971,0.0007942925002751993
3040,-1.471048355102539,-2.0039457395909928,0.0008923676992467644
3041,-2.0656341314315796,-2.010114578775051,0.0008816185277641637
3042,-1.6115822792053223,-1.9702613488180782,0.0009533709199015336
3043,-1.7689947485923767,-1.950134688795508,0.0009917533957505616
3044,-1.9164857864379883,-1.9467697985597558,0.0009983164767363407
3045,-1.4880775213241577,-1.9009005708361961,0.0010921377607225255
3046,-1.621046543121338,-1.8729151680647105,0.0011535581412941765
3047,-1.9758369326591492,-1.8832073445241544,0.0011305870484322215
3048,-0.9356693029403687,-1.7884535403657758,0.0013600720491377368
3049,-1.604682445526123,-1.7700764308818104,0.001409554990596377
3050,-2.5534075498580933,-1.8484095427794387,0.0012101014616640194
3051,-1.274865984916687,-1.7910551869931635,0.0013532046061934687
3052,-1.5703757405281067,-1.768987242346658,0.0014125420397448547
3053,-1.2496299743652344,-1.7170515155485155,0.0015623246860338577
3054,-0.8301844596862793,-1.6283648099622918,0.0018542909718795558
3055,-0.682063102722168,-1.5337346392382796,0.0022234619214997627
3056,-0.1258341670036316,-1.3929445920148147,0.002904573901284142
3057,-1.1973583698272705,-1.3733859697960602,0.0030134609001660775
3058,-0.10880756378173828,-1.2469281291946281,0.003814500151772069
3059,-1.890498161315918,-1.311285132406757,0.0033849943402371827
3060,-2.325157046318054,-1.4126723237978867,0.00279849330235054
3061,-0.9866983890533447,-1.3700749303234325,0.003032268278317303
3062,-0.7409858703613281,-1.307166024327222,0.0034110855280530166
3063,-2.2436978816986084,-1.4008192100643606,0.0028617851476089307
3064,-2.97195303440094,-1.5579325924980183,0.0021228777358703425
3065,-2.390434682369232,-1.6411828014851397,0.0018090566178507958
3066,-2.6453514099121094,-1.7415996623278367,0.0014897029838153491
3067,-1.9100820422172546,-1.7584479003167783,0.0014417649176512446
3068,-1.7857800722122192,-1.7611811175063226,0.0014341305463877276
3069,-1.4154905080795288,-1.7266120565636431,0.001533642736952421
3070,-1.1695175170898438,-1.6709026026162632,0.0017082270315757213
3071,-0.9608690738677979,-1.5998992497414168,0.001958665316091926
3072,-1.114054560661316,-1.5513147808334067,0.00214994591608088
3073,-0.772239089012146,-1.4734072116512806,0.0024943643470571857
3074,-1.1181362867355347,-1.437880119159706,0.0026682455861613327
3075,-0.6328504681587219,-1.3573771540596076,0.003105416573927303
3076,-0.5835598707199097,-1.2799954257256378,0.0035879075818153862
3077,-1.429663062095642,-1.2949621893626384,0.0034894845990637692
3078,-1.7322072982788086,-1.3386867002542553,0.0032160888079936136
3079,-1.4536168575286865,-1.3501797159816984,0.0031476075065163312
3080,-1.263662338256836,-1.341527978209212,0.003199030999911115
3081,-1.288919448852539,-1.3362671252735447,0.003230681633227829
3082,-0.3466618061065674,-1.237306593356847,0.0038828582061830653
3083,-0.26722073554992676,-1.140298007576155,0.00463713956472697
3084,-0.07848167419433594,-1.034116374237973,0.0056111493707657655
3085,-0.8029028177261353,-1.0109950185867893,0.005845668676252497
3086,-0.9300041198730469,-1.002895928715415,0.005929807704039277
3087,-0.8277316093444824,-0.9853794967783218,0.006115369340163846
3088,-0.2527652978897095,-0.9121180768894607,0.006946317203734254
3089,-0.9360488653182983,-0.9145111557323444,0.006917739244750429
3090,-1.3363587856292725,-0.9566959187220373,0.006430013808497508
3091,-0.41362178325653076,-0.9023885051754866,0.007063527843305422
3092,-1.3258200883865356,-0.9447316634965915,0.00656528363306501
3093,-1.0532426834106445,-0.9555827654879968,0.006442498371255769
3094,-1.550174057483673,-1.0150418946875643,0.005804016226319281
3095,-1.2161448001861572,-1.0351521852374237,0.005600837977661614
3096,-1.7570815682411194,-1.1073451235377934,0.004921951736291255
3097,-1.661226749420166,-1.1627332861260307,0.004451783879225311
3098,-1.1482880115509033,-1.161288758668518,0.0044635141187128816
3099,-0.8574987053871155,-1.130909753340378,0.0047167401626932795
3100,-0.4455528259277344,-1.0623740605991139,0.005335730115800928
3101,-0.19022458791732788,-0.9751591133309353,0.006225933147766821
3102,-0.28722941875457764,-0.9063661438732995,0.0070154114088029
3103,0.17869317531585693,-0.7978602119543838,0.008429029741183014
3104,0.1986159086227417,-0.6982125998966714,0.009919199554566448
3105,-0.3788312077522278,-0.6662744606822271,0.010436902814494442
3106,-0.45598286390304565,-0.6452453010043089,0.010788489145931859
3107,-0.986656665802002,-0.6793864374840781,0.010221990731936493
3108,-0.8533241748809814,-0.6967802112237685,0.009941998197960713
3109,-1.1128385066986084,-0.7383860407712525,0.00929577362281407
3110,-0.9188119173049927,-0.7564286284246264,0.009025786690306238
3111,-0.11124265193939209,-0.691910030776103,0.010019809090522514
3112,-0.4996805787086487,-0.6726870855693576,0.010331383361436047
3113,-2.686254620552063,-0.8740438390676282,0.0074144280040627595
3114,-1.4758267402648926,-0.9342221291873547,0.0066860918724864
3115,-1.5149891376495361,-0.9922988300335729,0.006041478868057544
3116,-1.0090700387954712,-0.9939759509097628,0.006023685494924692
3117,-0.781514048576355,-0.972729760676422,0.006252464786719112
3118,-1.2335313558578491,-0.9988099201945647,0.005972652505047618
3119,-1.6790798902511597,-1.066836917200224,0.005293336321614709
3120,-1.0073660016059875,-1.0608898256408006,0.0053498953493035266
3121,-0.7913938164710999,-1.0339402247238305,0.005612904570323576
3122,-0.26528400182724,-0.9570746024341714,0.0064257713873362675
3123,-0.21781420707702637,-0.8831485628984569,0.007300171107281938
3124,-0.5961159467697144,-0.8544453012855826,0.007665383253992021
3125,-1.043323814868927,-0.8733331526439171,0.007423408394908085
3126,-1.1584858894348145,-0.9018484263230068,0.007070082251061239
3127,-1.6215929985046387,-0.97382288354117,0.006240514514987891
3128,-1.6585955023765564,-1.0423001454247085,0.005530131313011175
3129,-2.920681655406952,-1.2301382964229328,0.003934514118590741
3130,-2.3378559350967407,-1.3409100602903135,0.003202733525776258
3131,-3.3720961809158325,-1.5440286723528653,0.0021801287296552003
3132,-3.118912935256958,-1.7015170986432746,0.0016100386498133412
3133,-1.5394833087921143,-1.6853137196581585,0.0016613074111226434
3134,-2.3342151045799255,-1.750203858150335,0.0014650316107859467
3135,-1.3106896877288818,-1.7062524411081896,0.0015953466846475408
3136,-0.8757376670837402,-1.6232009637057447,0.0018728197233573406
3137,-0.37167930603027344,-1.4980487979381976,0.002380124122554703
3138,-1.426428198814392,-1.490886738025817,0.002412805609181288
3139,-1.4108117818832397,-1.4828792424115593,0.002449849209132624
3140,-0.9836444854736328,-1.4329557667177668,0.0026932316919589913
3141,-0.23025894165039062,-1.312686084211029,0.0033761627102793105
3142,-1.0337824821472168,-1.284795724004648,0.0035560644773415745
3143,-1.613411545753479,-1.317657306179531,0.0033449962443843928
3144,-0.5520821809768677,-1.2410997936592645,0.0038557757328556933
3145,-0.9130828380584717,-1.2082980980991853,0.0040957938388838785
3146,-1.4483613967895508,-1.2323044279682218,0.003918838707385467
3147,-1.1884294748306274,-1.2279169326544626,0.0039506487624142135
3148,-0.835228443145752,-1.1886480837035915,0.004246022103893867
3149,-0.8774741291999817,-1.1575306882532306,0.004494162113440058
3150,-0.5344610214233398,-1.0952237215702416,0.005030579884429735
3151,-0.024704694747924805,-0.98817181888801,0.006085457410164688
3152,-0.6561509370803833,-0.9549697307072473,0.00644938267468953
3153,-1.2148758172988892,-0.9809603393664115,0.006162966817726084
3154,-1.685345709323883,-1.0513988763621587,0.005441259584518687
3155,-1.1303091049194336,-1.059289899217886,0.005365201778583586
3156,-0.06330430507659912,-0.9596913398037574,0.0063965210687633835
3157,-0.25671815872192383,-0.889394021695574,0.007222642534992366
3158,0.18260115385055542,-0.782194504140961,0.008650887736093559
3159,-0.029837489128112793,-0.7069588026396763,0.009780844120912098
3160,-0.5957192182540894,-0.6958348442011176,0.009957066719248495
3161,-1.1465526819229126,-0.7409066279732971,0.00925768469520282
3162,-1.3428915739059448,-0.8011051225665619,0.0083836464638645
3163,-1.6528688669204712,-0.8862814970019527,0.007261194254557614
3164,0.3068743944168091,-0.7669659078600765,0.008870957118884477
3165,-0.6387171745300293,-0.7541410345270717,0.009059676499552471
3166,-0.6643645763397217,-0.7451633887083366,0.009193634249203267
3167,-1.1033751964569092,-0.780984569483194,0.00866821349775266
3168,-0.5857614278793335,-0.7614622553228079,0.008951563698879906
3169,-1.8320844173431396,-0.868524471524841,0.0074844080824850966
3170,-1.9503378868103027,-0.9767058130533872,0.006209091566835683
3171,-1.2901017665863037,-1.0080454084066788,0.0058761907079758445
3172,-1.6334811449050903,-1.07058898205652,0.005257924565846828
3173,-1.8161801099777222,-1.14514809484864,0.004596491070138493
3174,-0.8765034079551697,-1.118283626159293,0.004825723050050053
3175,-0.6229231953620911,-1.0687475830795727,0.005275277377404714
3176,-0.7776684761047363,-1.039639672382089,0.005556356578502588
3177,-1.4684595465660095,-1.0825216598004812,0.00514669128417104
3178,-0.09192192554473877,-0.983461686374907,0.006135986549465271
3179,-0.44120335578918457,-0.9292358533163348,0.006744064322706936
3180,-0.4396592378616333,-0.8802781917708646,0.00733603351931699
3181,0.03190124034881592,-0.7890602485588966,0.00855309150924483
3182,-0.6156905293464661,-0.7717232766376536,0.008801740289855217
3183,-0.7074301242828369,-0.7652939614021719,0.008895384097410653
3184,-0.6538646221160889,-0.7541510274735637,0.009059528242709997
3185,-1.5103834867477417,-0.8297742734009815,0.007991130423639154
3186,-1.3976293802261353,-0.8865597840834969,0.007257740450326385
3187,-1.5955235362052917,-0.9574561592956763,0.006421499191842603
3188,-1.4955665469169617,-1.0112671980578047,0.005842859155152005
3189,-1.4914236068725586,-1.05928283893928,0.005365269409282308
3190,-2.066938817501068,-1.1600484367954589,0.004473608351435573
3191,-1.514641135931015,-1.1955077067090145,0.004193019346214774
3192,-1.432826578617096,-1.2192395938998226,0.004014256821431279
3193,-0.9768657684326172,-1.1950022113531023,0.0041969045912023046
3194,-1.0797953605651855,-1.1834815262743106,0.00428634346682902
3195,-0.8723900318145752,-1.1523723768283372,0.004536538208867435
3196,-2.1118175983428955,-1.248316898979793,0.0038047250238801636
3197,-2.2497398853302,-1.3484591976148337,0.0031577719790481344
3198,-0.6059939861297607,-1.2742126764663264,0.003626617140091171
3199,-2.0412633419036865,-1.3509177430100623,0.003143256753309247
3200,-1.5604411363601685,-1.371870082345073,0.0030220578621533516
3201,-1.713766634464264,-1.406059737556992,0.0028336382551620173
3202,-1.036360263824463,-1.369089790183739,0.003037885236433197
3203,-0.8513319492340088,-1.317314006088766,0.0033471399093962396
3204,-0.5236870050430298,-1.2379513059841925,0.0038782428674725743
3205,0.6265994310379028,-1.051496232281983,0.005440315476627076
3206,0.7945702075958252,-0.8668895882942022,0.007505240984662049
3207,0.3312058448791504,-0.747080044976867,0.009164907077629141
3208,-1.1251883506774902,-0.7848908755469293,0.008612375353338768
3209,-1.03122079372406,-0.8095238673646424,0.00826681205410279
3210,-2.0106256008148193,-0.9296340407096602,0.006739419291597275
3211,-1.3756753206253052,-0.9742381687012246,0.006235979657235723
3212,-1.4451237916946411,-1.0213267310005663,0.005739840773514866
3213,-1.3023808896541595,-1.0494321468659256,0.005460362742318328
3214,-1.3591814935207367,-1.0804070815314066,0.005166249787390491
3215,-1.049906313419342,-1.0773570047202001,0.00519457688349879
3216,-1.0200900733470917,-1.0716303115828893,0.005248133690718965
3217,-0.1917431354522705,-0.9836415939698274,0.006134049934438228
3218,-0.6824479103088379,-0.9535222256037285,0.006465662846094889
3219,-0.9970983862876892,-0.9578798416721246,0.0064167581655469475
3220,0.0027505159378051758,-0.8618168059111316,0.007570186166192024
3221,-0.4951605796813965,-0.8251511832881581,0.008053404402880904
3222,-1.7066068649291992,-0.9132967514522622,0.006932229211109784
3223,-1.3881498575210571,-0.9607820620591417,0.006384362383460836
3224,-1.4440453052520752,-1.0091083863784351,0.005865175315382545
3225,-1.6366944313049316,-1.0718669908710847,0.0052459106107983905
3226,-1.3716490268707275,-1.101845194471049,0.004970979006589923
3227,-1.3403010368347168,-1.1256907787074157,0.004761518059999985
3228,-1.271409511566162,-1.1402626519932904,0.004637437060704783
3229,-2.3762375116348267,-1.2638601379574441,0.00369687948249282
3230,-1.489960789680481,-1.2864702031297477,0.0035450182332472328
3231,-1.2372773885726929,-1.2815509216740422,0.0035775603848739244
3232,-0.7086009979248047,-1.2242559292991184,0.00397737211089489
3233,-0.03164815902709961,-1.1049951522719166,0.004942846844359126
3234,-0.6334013938903809,-1.0578357764337631,0.005379146719292308
3235,-0.7918784618377686,-1.0312400449741637,0.005639869937447123
3236,-0.7867332100868225,-1.0067893614854295,0.0058892299391395545
3237,-0.8995408415794373,-0.9960645094948303,0.00600159023126556
3238,-1.1856221556663513,-1.0150202741119823,0.005804238069394071
3239,-1.294541835784912,-1.0429724302792753,0.005523521529744628
3240,-0.9607004225254059,-1.0347452295038884,0.005604887204313873
3241,-0.8879997730255127,-1.0200706838560507,0.005752616893330081
3242,-2.1683616042137146,-1.1348997758918171,0.004682761284157816
3243,-1.2054107189178467,-1.14195087019442,0.004623250830604415
3244,-0.49920928478240967,-1.077676711653219,0.005191601226909516
3245,-1.832732617855072,-1.1531823022734042,0.004529860858078611
3246,-0.8503460884094238,-1.1228986808870063,0.004785629641727355
3247,-0.5281428098678589,-1.0634230937850917,0.005325738287844039
3248,-0.4154723882675171,-0.9986280232333342,0.005974566035278118
3249,-1.5432668924331665,-1.0530919101533174,0.0054248618937401474
3250,-1.1227347552776337,-1.060056194665749,0.005357865860222293
3251,-1.043272078037262,-1.0583777830029004,0.005373945189899517
3252,-0.8709909319877625,-1.0396390979013865,0.005556362253104415
3253,-1.315457820892334,-1.0672209702004813,0.005289702016167624
3254,-1.3625978231430054,-1.0967586554947337,0.005016707455019321
3255,-0.5439362525939941,-1.0414764152046598,0.005538239520982514
3256,-0.8278354406356812,-1.020112317747762,0.005752193010210638
3257,-1.1572103202342987,-1.0338221179964155,0.0056140816850402415
3258,-0.21629178524017334,-0.9520690847207913,0.006482041587418736
3259,-1.0202977657318115,-0.9588919528218933,0.006405444674318777
3260,-1.0724998712539673,-0.9702527446651007,0.006279616686320841
3261,-0.6049875020980835,-0.9337262204083989,0.0066918385822379274
3262,-1.1495270133018494,-0.9553062996977439,0.006445602271778841
3263,-1.1023586988449097,-0.9700115396124606,0.00628226605213465
3264,-0.5667062997817993,-0.9296810156293944,0.006738871486639661
3265,0.03799879550933838,-0.8329130345155211,0.00794907329572718
3266,-1.4074797630310059,-0.8903697073670696,0.007210592768142653
3267,-0.8737583160400391,-0.8887085682343665,0.007231117925299738
3268,-0.5584523677825928,-0.8556829481891891,0.007649331832505955
3269,-0.2391604781150818,-0.7940307011817783,0.008482840943767929
3270,-0.5943657755851746,-0.7740642086221179,0.00876783736291792
3271,-0.6932644844055176,-0.7659842362004579,0.008885292865953387
3272,-0.7078573703765869,-0.7601715496180708,0.008970550092862819
3273,0.019843578338623047,-0.6821700368224014,0.010176791598940867
3274,0.0753779411315918,-0.6064152390270021,0.011460030684018949
3275,-0.5265512466430664,-0.5984288397886086,0.011601734472637844
3276,0.2589913010597229,-0.5126868257037754,0.013199100044108578
3277,0.15533286333084106,-0.4458848568003138,0.014537237786226516
3278,0.3179866075515747,-0.36949771036512497,0.016161192831821748
3279,-0.7491297721862793,-0.40746091654724037,0.015342133788077745
3280,-0.7620453834533691,-0.44291936323785325,0.014598465703945813
3281,-0.1546717882156372,-0.41409460573563167,0.015201404398434685
3282,-0.776739239692688,-0.4503590691313373,0.014445147105046317
3283,0.04997086524963379,-0.4003260756932402,0.015494301732657981
3284,-0.6864559650421143,-0.4289390646281276,0.014889142790821167
3285,-0.2615596055984497,-0.4122011187251598,0.01524149934683774
3286,-0.4316444396972656,-0.4141454508223704,0.015200328563213163
3287,-0.13416767120361328,-0.38614767286049473,0.015799139308991156
3288,-0.568219780921936,-0.40435488366663885,0.01540827522928756
3289,-0.024219751358032227,-0.3663413704357782,0.016230314735114958
3290,-0.2032942771911621,-0.3500366611113166,0.016589798577582787
3291,-0.36979740858078003,-0.3520127358582629,0.016546016698952472
3292,-0.5666750073432922,-0.3734789630067658,0.016074225725327806
3293,-1.4969284534454346,-0.48582391205063263,0.013727608889113327
3294,-0.2413245439529419,-0.46137397524086354,0.014219915573549775
3295,-0.728631854057312,-0.48809976312250836,0.013682326562564543
3296,-0.47369295358657837,-0.48665908216891535,0.013710980797559506
3297,-0.6569738388061523,-0.503690557832639,0.013374634165318875
3298,-0.2292768359184265,-0.4762491856412178,0.0139191328500689
3299,-0.721113920211792,-0.5007356590982752,0.013432612050853913
3300,0.010385990142822266,-0.4496234941741655,0.014460263303907223
3301,-0.3616563081741333,-0.4408267755741622,0.014641761985302171
3302,-0.12848436832427979,-0.40959253484917396,0.015296833717633863
3303,-0.40550029277801514,-0.40918331064205804,0.015305524540828959
3304,-0.27997100353240967,-0.3962620799310932,0.015581347023914139
3305,-0.05936163663864136,-0.36257203560184803,0.016313061538210827
3306,-0.5123317241668701,-0.37754800445835024,0.015985596068226637
3307,-0.8408006429672241,-0.4238732683092376,0.014995289322364491
3308,-0.3203737735748291,-0.41352331883579674,0.015213495250121514
3309,-2.6316394805908203,-0.6353349350112991,0.010957130147591684
3310,-1.804390549659729,-0.7522404964761421,0.009087907521374112
3311,-1.8660156726837158,-0.8636180140968994,0.007547073178913901
3312,-2.591806948184967,-1.036436907505706,0.005588071706808995
3313,-2.653189539909363,-1.1981121707460718,0.004173053140875229
3314,-2.7736079692840576,-1.3556617505998705,0.0031154239756962646
3315,-2.957219123840332,-1.5158174879239166,0.0023008499611514143
3316,-2.3729308247566223,-1.6015288216071872,0.001952541013431679
3317,-2.8951868414878845,-1.730894623595257,0.0015209608523005524
3318,-1.7132469415664673,-1.729129855392378,0.001526174475581841
3319,-1.6553791761398315,-1.7217547874671233,0.0015481504150646843
3320,-0.7324891090393066,-1.6228282196243418,0.0018741640564793724
3321,-0.7779872417449951,-1.5383441218364071,0.0022039574821487917
3322,-0.7703015804290771,-1.4615398676956741,0.0025512185520406927
3323,-0.6387348771095276,-1.3792593686370596,0.0029803671494441704
3324,-0.7304236888885498,-1.3143758006622086,0.003365539139274968
3325,-0.04689633846282959,-1.1876278544422707,0.004253956917098283
3326,0.32070112228393555,-1.0367949567696502,0.005584518310606493
3327,0.8839973211288452,-0.8447157289798006,0.007792531178312294
3328,-0.17371892929077148,-0.7776160490108978,0.008716593741984902
3329,-0.3523341417312622,-0.7350878582829342,0.009345795369248098
3330,-0.11608880758285522,-0.6731879532129262,0.010323174917200416
3331,-1.614961862564087,-0.7673653441480424,0.008865129184350234
3332,-0.6887482404708862,-0.7595036337803267,0.00898038754123394
3333,-0.11247175931930542,-0.6948004463342247,0.009973573985223628
3334,-1.5397945642471313,-0.7792998581255153,0.008692383522602001
3335,-0.07765722274780273,-0.709135594587744,0.009746637483047382
3336,-0.9261816740036011,-0.7308402025293297,0.009410522308929282
3337,-1.5073964595794678,-0.8084958282343435,0.008281008775109665
3338,-0.549433708190918,-0.782589616230001,0.008645235829835106
3339,-0.8817479610443115,-0.7925054507114321,0.008504349320662323
3340,-0.9301356077194214,-0.806268466412231,0.008311834583960523
3341,-1.0017645359039307,-0.825818073361401,0.008044397113334704
3342,-2.0245763063430786,-0.9456938966595687,0.006554315754809224
3343,-3.269888162612915,-1.1781133232549033,0.004328605815409436
3344,-2.2561511397361755,-1.2859171049030305,0.0035486634148956353
3345,-1.0632469654083252,-1.26365009095356,0.0036983179490491023
3346,-2.0627463459968567,-1.3435597164578896,0.0031868850450533512
3347,-1.1762570142745972,-1.3268294462395605,0.0032881926713778497
3348,-1.486322045326233,-1.342778706148228,0.0031915489174459844
3349,-1.974344253540039,-1.4059352608874092,0.0028343037928726987
3350,-1.527177095413208,-1.418059444339989,0.002770165043090283
3351,-1.3794126510620117,-1.414194765012191,0.002790460010520579
3352,-1.111943244934082,-1.3839696130043802,0.002954073480125983
3353,-1.7435743808746338,-1.4199300897914056,0.002760391517598937
3354,-1.4527264833450317,-1.4232097291467682,0.0027433347675420213
3355,-1.3961472511291504,-1.4205034813450064,0.002757402236609272
3356,-1.3734729886054993,-1.4158004320710558,0.0027820110820704104
3357,-1.8190147280693054,-1.4561218616708809,0.002577581014693035
3358,-0.3932960629463196,-1.3498392817984248,0.0031496162974255885
3359,-2.20418119430542,-1.4352734730491243,0.0026814443083716852
3360,-0.3217740058898926,-1.3239235263332012,0.0033060914646839477
3361,0.18643689155578613,-1.1728874845443025,0.004370109340908624
3362,0.057683348655700684,-1.049830401224302,0.005456489688656001
3363,0.6685956716537476,-0.8779877939364971,0.0073647542893615706
3364,1.0808705687522888,-0.6821019576676185,0.010177895267840312
3365,-0.27652430534362793,-0.6415441924352195,0.010851248537391125
3366,0.9596773386001587,-0.48142203933168176,0.013815456222331985
3367,0.14737510681152344,-0.41854232471736125,0.015107457277702283
3368,0.8100812435150146,-0.29567996789412365,0.017816144137975772
3369,0.9002928137779236,-0.17608268972691896,0.020642871044000807
3370,0.5106124877929688,-0.10741317197493021,0.022324950669860955
3371,0.1887040138244629,-0.0778014533949909,0.02305887866416574
3372,-0.35416263341903687,-0.10543757139739549,0.022373785456974063
3373,-0.45695561170578003,-0.14058937542823394,0.02150824066530368
3374,-0.2773253321647644,-0.15426297110188697,0.021173729018604544
3375,-0.5447307825088501,-0.19330975224258326,0.020226567518097222
3376,-1.216801792383194,-0.2956589562566443,0.01781662605725959
3377,-1.0755212306976318,-0.373645183700743,0.016070600131602813
3378,-0.5612123012542725,-0.39240189545609594,0.015664274188968857
3379,-1.0589408874511719,-0.45905579465560353,0.014267141359770405
3380,-0.8991931080818176,-0.503069525998225,0.013386806198257717
3381,-1.0643910765647888,-0.5592016810548813,0.012315378178609292
3382,-0.7389640510082245,-0.5771779180502156,0.011984718569312769
3383,-0.9984006881713867,-0.6193001950623327,0.01123398510224883
3384,-1.2855497002601624,-0.6859251455821157,0.010116053427101453
3385,-1.567159116268158,-0.7740485426507199,0.008768063905756412
3386,-2.149828314781189,-0.9116265198637667,0.006952199582348742
3387,-1.7761328220367432,-0.9980771500810643,0.005980364375178647
3388,-1.473014771938324,-1.0455709122667902,0.005498038744937494
3389,-0.649260938167572,-1.0059399148568684,0.005898062390048602
3390,-0.38610613346099854,-0.9439565367172814,0.006574130131992328
3391,-0.7919301986694336,-0.9287539029124967,0.006749690100734271
3392,-0.5899056196212769,-0.8948690745833747,0.007155241507860677
3393,-0.8113451600074768,-0.8865166831257849,0.007258275284447247
3394,-0.6731892228126526,-0.8651839370944717,0.007527026532658927
3395,-0.3568744659423828,-0.8143529899792629,0.008200385305862508
3396,-0.21681886911392212,-0.7545995778927288,0.009052875427466694
3397,-0.2495010495185852,-0.7040897250553145,0.0098260681841559
3398,-0.9121206402778625,-0.7248928165775693,0.009501727973663618
3399,-0.8029977679252625,-0.7327033117123386,0.00938208943767533
3400,-0.9225326776504517,-0.7516862483061499,0.009096153325973513
3401,-1.5689056515693665,-0.8334081886324716,0.007942455005921186
3402,-1.6638550758361816,-0.9164528773528425,0.006894623942436642
3403,-0.8305922448635101,-0.9078668141039092,0.0069973295839089525
3404,-1.0492960512638092,-0.9220097378198993,0.006828830470989882
3405,-0.7408474683761597,-0.9038935108755253,0.0070452898463578524
3406,-1.2008349299430847,-0.9335876527822812,0.0066934450833917416
3407,-1.1020516157150269,-0.9504340490755557,0.006500512716701043
3408,-0.8253076672554016,-0.9379214108935403,0.006643355287591127
3409,-1.4946056008338928,-0.9935898298875756,0.006027778024625431
3410,-1.778749704360962,-1.0721058173349143,0.005243668205589545
3411,-2.3633240461349487,-1.2012276402149178,0.004149283029939557
3412,-1.3108301162719727,-1.2121878878206234,0.004066635401679944
3413,-1.3201965987682343,-1.2229887589153843,0.003986660179786455
3414,-1.1895001530647278,-1.2196398983303185,0.004011301989264375
3415,-1.0754376947879791,-1.2052196779760846,0.004119004976351892
3416,-1.121358960866928,-1.196833606265169,0.004182843983314447
3417,-1.104610025882721,-1.1876112482269243,0.00425408618278671
3418,-1.430541306734085,-1.2119042540776406,0.004068755151109
3419,-1.2903607487678528,-1.2197499035466617,0.004010490337690561
3420,-0.76596599817276,-1.1743715130092716,0.0043582867648199455
3421,-1.0218476057052612,-1.1591191222788706,0.004481184967482424
3422,-1.3685814142227173,-1.1800653514732553,0.0043131945807296495
3423,-0.1104438304901123,-1.0731031993749411,0.005234312664506273
3424,-0.4344888925552368,-1.0092417686929707,0.005863794370620366
3425,-0.022718608379364014,-0.9105894526616101,0.006964623689764644
3426,0.1295231580734253,-0.8065781915881065,0.008307542616905325
3427,-0.32451683282852173,-0.758372055712148,0.008997073300717471
3428,-0.5957217216491699,-0.7421070223058502,0.009239587817162246
3429,-1.76752108335495,-0.8446484284107602,0.007793416633735277
3430,-0.5513761043548584,-0.81532119600517,0.00818711894808095
3431,-0.9240944385528564,-0.8261985202599386,0.008039262290779507
3432,-0.9229644536972046,-0.8358751136036652,0.007909548380327968
3433,-2.214646577835083,-0.9737522600268069,0.0062412859954575186
3434,-2.043100595474243,-1.0806870935715505,0.005163656081744944
3435,-0.6462856531143188,-1.0372469495258272,0.005580035409998258
3436,-0.7922754287719727,-1.0127497974504416,0.0058275758693502565
3437,-0.8321741223335266,-0.9946922299387501,0.006016099942520928
3438,0.2593458294868469,-0.8692884239961904,0.007474689575637041
3439,-0.5703285336494446,-0.8393924349615158,0.007862821959417265
3440,-0.13909780979156494,-0.7693629724445208,0.008836028061622692
3441,-0.18704813718795776,-0.7111314889188645,0.009715353258729156
3442,-0.05686300992965698,-0.6457046410199437,0.010780718536869044
3443,-0.5607389211654663,-0.6372080690344959,0.010925110969523182
3444,-0.24573016166687012,-0.5980602782977333,0.01160830333630662
3445,0.1137734055519104,-0.526876909912769,0.012925245807190325
3446,-0.567852258682251,-0.5309744447897172,0.01284685977772562
3447,-0.10521697998046875,-0.4883986983087924,0.013676385608190251
3448,-2.0308554768562317,-0.6426443761635363,0.010832565291418456
3449,-1.995884895324707,-0.7779684280796534,0.008711522752165139
3450,-2.22454434633255,-0.9226260199049431,0.006821566315537285
3451,-2.5884608030319214,-1.0892094982176408,0.005085263976714301
3452,-1.222018837928772,-1.1024904321887539,0.004965204835267879
3453,-1.553291380405426,-1.147570527010421,0.004576308854879094
3454,-1.401511311531067,-1.1729646054624858,0.004369494240131422
3455,-0.717141330242157,-1.127382277940453,0.004746963785759704
3456,-1.290789246559143,-1.143722974802322,0.0046084016362929565
3457,-1.2804678082466125,-1.1573974581467512,0.004495252111375918
3458,-1.2370961904525757,-1.1653673313773336,0.00443046578213423
3459,-1.149837851524353,-1.1638143833920356,0.004443023068445207
3460,-0.3720652461051941,-1.0846394696633515,0.005127168618300088
3461,-0.9313536882400513,-1.0693108915210214,0.005269963565420726
3462,-1.508204996585846,-1.1132003020275039,0.004870231536249159
3463,-0.38107603788375854,-1.0399878756131293,0.005552918031724809
3464,-0.5224284529685974,-0.9882319333486762,0.006084814839662753
3465,-1.6488733887672424,-1.054296078890533,0.005413225478175317
3466,-2.1695602536201477,-1.1658224963634942,0.004426791350507434
3467,-1.6164672374725342,-1.2108869704743983,0.004076366150948503
3468,-1.287508487701416,-1.2185491221971,0.004019358181305067
3469,-1.369917631149292,-1.2336859730923193,0.003908870892986481
3470,-1.0664181113243103,-1.2169591869155183,0.0040311274826465415
3471,-0.5118509531021118,-1.1464483635341776,0.00458564810505586
3472,-1.7487211227416992,-1.2066756394549296,0.00410801221247493
3473,-1.0202780961990356,-1.1880358851293402,0.004250781853798224
3474,-0.6529042720794678,-1.1345227238243532,0.004685962830962553
3475,-0.9569244384765625,-1.116762895289574,0.004839000018076187
3476,-1.5720782279968262,-1.1622944285602994,0.004455344663643644
3477,-1.5506253242492676,-1.201127518129196,0.004150045013034143
3478,-1.8249478340148926,-1.2635095497177657,0.0036992807062603845
3479,-1.5613040328025818,-1.2932889980262474,0.0035003624552417917
3480,-1.0406338572502136,-1.268023483948644,0.003668473649288302
3481,-0.9956674575805664,-1.2407878813118363,0.0038579961585489203
3482,-1.6587481498718262,-1.2825839081678352,0.003570704158294663
3483,-1.0483956336975098,-1.2591650807208026,0.003729155818745729
3484,-1.7074313163757324,-1.3039917042862954,0.003431319286675707
3485,-1.0850836038589478,-1.2821008942435606,0.003573908548688131
3486,-0.49764859676361084,-1.2036556644955656,0.004130843375384539
3487,-0.36429691314697266,-1.1197197893607065,0.004813214295780049
3488,-1.0432499647140503,-1.1120728068960408,0.004880153134765863
3489,-0.14105790853500366,-1.014971317059937,0.005804740432131642
3490,-0.5449221730232239,-0.9679664026562657,0.006304768059166484
3491,0.053186118602752686,-0.8658511505303639,0.007518498313607257
3492,0.4954037666320801,-0.7297256588141195,0.009427562954841746
3493,-0.10447591543197632,-0.6672006844759052,0.010421612956088485
3494,0.2235589623451233,-0.5781247197938024,0.011967472467605031
3495,0.1966603398323059,-0.5006462138311916,0.013434369528220483
3496,0.22366023063659668,-0.4282155693844128,0.01490427609701772
3497,0.012366414070129395,-0.3841573710389586,0.0158421887046508
3498,-0.9276346564292908,-0.4385050995779918,0.01468988609909058
3499,-0.3880422115325928,-0.4334588107734519,0.01479480426828244
3500,-0.32035619020462036,-0.42214854871656876,0.015031526908316196
3501,-0.45648276805877686,-0.42558197065078957,0.014959437564453108
3502,-0.197593092918396,-0.4027830828775502,0.015441806140909498
3503,-0.8516139388084412,-0.4476661684706393,0.01450053236139999
3504,-0.06145584583282471,-0.40904513620685784,0.015308459617841908
3505,-1.5685940384864807,-0.5250000264348201,0.012961254533271203
3506,-0.5811899900436401,-0.5306190227957022,0.012853646683604197
3507,-1.6062974333763123,-0.6381868638537631,0.010908406377635788
3508,-0.44728583097457886,-0.6190967605658447,0.011237529302383257
3509,-0.34890496730804443,-0.5920775812400647,0.011715295481290106
3510,-1.8316839933395386,-0.716038222450012,0.009638767811449057
3511,-0.24870288372039795,-0.6693046885770506,0.010386941949795498
3512,-1.2069032192230225,-0.7230645416416478,0.009529900942098143
3513,0.0709453821182251,-0.6436635492656605,0.010815278536377879
3514,-0.6414734721183777,-0.6434445415509322,0.010818991561097023
3515,-0.5462702512741089,-0.63372711252325,0.010984667911587512
3516,-0.5031786561012268,-0.6206722668810476,0.01121010184416442
3517,-1.1578053832054138,-0.6743855785134842,0.010303567260129584
3518,-0.9688529372215271,-0.7038323143842885,0.009830133352156448
3519,-1.3966024518013,-0.7731093281259896,0.008781654142322877
3520,-0.9275122284889221,-0.7885496181622829,0.008560334664526657
3521,-1.7104071378707886,-0.8807353701331334,0.007330311782198964
3522,-1.2742626667022705,-0.9200880997900471,0.006851522754730857
3523,-1.4297813177108765,-0.97105742158213,0.006270785136373457
3524,-1.2359402179718018,-0.9975457012210972,0.005985962868289005
3525,-1.4748695492744446,-1.045278086026432,0.005500905272578348
3526,-0.9007050395011902,-1.0308207813739076,0.005644067044574603
3527,-0.7978398203849792,-1.0075226852750148,0.005881614140518369
3528,-1.4357258081436157,-1.050342997561875,0.005451508198966176
3529,-0.7822967767715454,-1.023538375482842,0.005717404637295014
3530,-1.6803966760635376,-1.0892242055409116,0.0050851296102481375
3531,-0.9294278621673584,-1.0732445712035563,0.005232987776274061
3532,-1.3987796306610107,-1.1057980771493017,0.004935698655101494
3533,-1.2128207683563232,-1.1165003462700038,0.0048412955403894726
3534,-2.0713483095169067,-1.2119851425946941,0.004068150524544028
3535,-2.218131422996521,-1.3125997706348769,0.0033767062144844946
3536,-0.3926985263824463,-1.2206096462096339,0.004004152060247518
3537,-0.39690613746643066,-1.1382392953353135,0.0046544909630998055
3538,-0.9886445999145508,-1.1232798257932373,0.004782331784565751
3539,-0.6353139877319336,-1.0744832419871069,0.005221392039257629
3540,-1.654714286327362,-1.1325063464211325,0.004703117208525491
3541,-0.3395378589630127,-1.0532094976753206,0.005423724626243633
3542,-0.4330151081085205,-0.9911900587186406,0.006053267229654893
3543,-0.9186958074569702,-0.9839406335924735,0.006130832086134867
3544,-0.4984109401702881,-0.935387664250255,0.006672601802662538
3545,-0.6018795967102051,-0.9020368574962501,0.007067794869723261
3546,-1.1605785489082336,-0.9278910266374484,0.006759772296399358
3547,-1.1095508933067322,-0.9460570133043767,0.006550180866424529
3548,-0.8460765480995178,-0.9360589667838909,0.00666484250602938
3549,-0.018964529037475586,-0.8443495230092494,0.007797350242724628
3550,-1.2842413187026978,-0.8883387025785943,0.007235694615382224
3551,-2.0834630727767944,-1.0078511395984142,0.0058782058074354744
3552,-1.5465108156204224,-1.061717107200615,0.005341995865784293
3553,-1.9812133312225342,-1.153666729602807,0.004525871275034339
3554,-1.9359253644943237,-1.2318925930919586,0.00392181458276513
3555,-1.007289171218872,-1.20943225090465,0.004087272452033613
3556,-0.43164992332458496,-1.1316540181466435,0.004710385319150565
3557,-0.6238965392112732,-1.0808782702531063,0.0051618859054015
3558,-0.6162574291229248,-1.0344161861400882,0.005608163069575848
3559,0.116832435131073,-0.9192913240129721,0.00686095032706341
3560,0.07872587442398071,-0.8194896041692769,0.008130200486705727
3561,0.44471538066864014,-0.6930691056854852,0.01000124925651015
3562,0.2065047025680542,-0.6031117248601312,0.011518497501403829
3563,0.3856603503227234,-0.5042345173418458,0.013363978500175103
3564,0.6785579919815063,-0.3859552664095106,0.01580329823154729
3565,0.7956815361976624,-0.26779158614879334,0.018460782290845468
3566,0.4092693328857422,-0.20008549424533978,0.020063562937929293
3567,0.21468478441238403,-0.1586084663795674,0.021067707599718932
3568,0.35382914543151855,-0.10736470519845884,0.022326148472568905
3569,-0.4498884677886963,-0.14161708145748259,0.021483052846332895
3570,0.11754146218299866,-0.11570122709343449,0.022120307798840368
3571,0.19472116231918335,-0.08465898815217271,0.022888567202114143
3572,-0.6576064229011536,-0.14195373162707078,0.02147480354300954
3573,-1.5056918859481812,-0.2783275470591818,0.01821608795407321
3574,-0.9310792684555054,-0.34360271919881413,0.016732751272551475
3575,-1.3688424825668335,-0.44612669553561607,0.014532251280219325
3576,-0.847486138343811,-0.4862626398164356,0.013718872333152811
3577,-0.9632439911365509,-0.5339607749484471,0.01278992744076801
3578,-1.3753517866134644,-0.6180998761149488,0.01125490832533333
3579,-1.4228540360927582,-0.6985752921127297,0.009913433002559854
3580,-1.3190683126449585,-0.7606245941659526,0.008963882186330797
3581,-0.4864383935928345,-0.7332059741086407,0.009374429642735133
3582,-1.343701422214508,-0.7942555189192275,0.00847967433065484
3583,-0.07851219177246094,-0.7226811862045509,0.009535816385281955
3584,-0.7495920658111572,-0.7253722741652116,0.009494350287558498
3585,0.29137420654296875,-0.6236976260943935,0.011157567939984875
3586,-0.5806075930595398,-0.6193886227909081,0.011232444777421467
3587,0.1025732159614563,-0.5471924389156716,0.012539673846923026
3588,-0.37282586097717285,-0.5297557811218218,0.012870140342558923
3589,-0.5785011053085327,-0.5346303135404928,0.01277718589420571
3590,-1.2306398153305054,-0.6042312637194941,0.011498660102735992
3591,-1.3715198040008545,-0.6809601177476301,0.010196419547136768
3592,-0.567958414554596,-0.6696599474283267,0.010381096192500812
3593,-0.46052825450897217,-0.6487467781363913,0.01072935747697539
3594,-1.3616031408309937,-0.7200324144058515,0.009576765482469229
3595,-0.2358478307723999,-0.6716139560425064,0.010348986537899655
3596,-1.1494532823562622,-0.719397888673882,0.009586594930403662
3597,0.05042189359664917,-0.6424159104468289,0.010836443165464239
3598,-1.6383774280548096,-0.7420120622076269,0.009241018417454354
3599,-0.3409133553504944,-0.7019021915219137,0.009860655363149732
3600,-0.4576069116592407,-0.6774726635356464,0.010253152364985493
3601,-1.771993100643158,-0.7869247072463975,0.008583415974224908
3602,-1.2965163588523865,-0.8378838724069965,0.007882835144441692
3603,-0.5721839666366577,-0.8113138818299627,0.008242139411117266
3604,-0.9003419280052185,-0.8202166864474882,0.00812030510422514
3605,-1.2997819185256958,-0.868173209655309,0.007488880100711727
3606,-1.6680516004562378,-0.9481610487354019,0.006526265346217356
3607,-1.5151215195655823,-1.0048570958184198,0.005909338056044703
3608,-1.0591272711753845,-1.0102841133541163,0.0058530123902058966
3609,-1.0936919450759888,-1.0186248965263034,0.005767353613275422
3610,-1.6215366125106812,-1.0789160681247412,0.00518008021841085
3611,-0.8444358110427856,-1.0554680424165457,0.005401921339527719
3612,-0.40301692485809326,-0.9902229306607004,0.00606356584208069
3613,-1.08124577999115,-0.9993252155937454,0.005967234546284761
3614,-0.43478620052337646,-0.9428713140867085,0.006586532739308874
3615,-0.49772942066192627,-0.8983571247442304,0.007112575400950511
3616,0.07730841636657715,-0.8007905706331496,0.008388037228148256
3617,-0.24375778436660767,-0.7450872920064954,0.009194776238044195
3618,-1.1826026439666748,-0.7888388272025133,0.008556231714378255
3619,-0.393732488155365,-0.7493281932977985,0.009131300224649445
3620,-0.573255181312561,-0.7317208920992748,0.009397073882133605
3621,-0.5479439496994019,-0.7133431978592876,0.009680775363486618
3622,-0.845372200012207,-0.7265460980745795,0.00947630650729438
3623,-0.9925422668457031,-0.7531457149516918,0.009074452675606448
3624,-0.9979586601257324,-0.7776270094690958,0.00871643597797747
3625,-0.7302813529968262,-0.772892443821869,0.00878479476748095
3626,-1.1042057871818542,-0.8060237781578675,0.008315226567390475
3627,-0.885374903678894,-0.8139588907099702,0.00820579019965744
3628,-1.827280879020691,-0.9152910895410422,0.006908446684231519
3629,-0.8527214527130127,-0.9090341258582393,0.006983291446181922
3630,-1.1791423559188843,-0.9360449488643038,0.006665004455036994
3631,-1.267015814781189,-0.9691420354559922,0.0062918245210469145
3632,-0.792949914932251,-0.951522823403618,0.006488207771473313
3633,-1.5859079957008362,-1.0149613406333398,0.005804842807817161
3634,-0.5699787735939026,-0.9704630839293961,0.006277307127471281
3635,-1.6344507932662964,-1.0368618548630861,0.0055838546114522596
3636,-0.4646371603012085,-0.9796393854068983,0.006177256115209658
3637,-0.930261492729187,-0.9747015961391271,0.006230922428814994
3638,-1.5010247230529785,-1.0273339088305122,0.0056790786654863385
3639,0.5919873267412186,-0.8654017852733391,0.007524241156130553
3640,0.06256717443466187,-0.772604889302539,0.00878896010570214
3641,-0.44320040941238403,-0.7396644413135236,0.00927644045039723
3642,0.01623094081878662,-0.6640749031002926,0.010473278682411984
3643,-0.07895731925964355,-0.6055631447162277,0.011475091384341737
3644,-0.20562314987182617,-0.5655691452317876,0.012197554730639937
3645,-0.8139131665229797,-0.5904035473609067,0.011745355474513962
3646,-1.532044529914856,-0.6845676456163016,0.010137979453356684
3647,-1.2602097988128662,-0.742131860935958,0.00923921364455033
3648,-1.4010948538780212,-0.8080281602301643,0.008287473506899927
3649,-0.8518413305282593,-0.8124094772599738,0.008227067462672141
3650,-0.8624288439750671,-0.8174114139314832,0.00815853764269146
3651,-1.3885525465011597,-0.8745255271884509,0.007408346389336071
3652,-2.861134648323059,-1.0731864393019115,0.005233532532639627
3653,-0.13485628366470337,-0.9793534237381908,0.006180353224221961
3654,-1.4926040768623352,-1.0306784890506053,0.005645492104703102
3655,-0.6553471684455872,-0.9931453569901035,0.00603249200124441
3656,-0.5775336027145386,-0.951584181562547,0.006487514913370448
3657,-0.42402493953704834,-0.898828257359997,0.007106828766030435
3658,-0.352644681930542,-0.8442098998170515,0.007799188244982937
3659,-0.23885703086853027,-0.7836746129221994,0.008629730447560645
3660,-0.34141308069229126,-0.7394484596992086,0.009279704545911791
3661,-0.3630286455154419,-0.701806478280832,0.0098621707839479
3662,-0.43435370922088623,-0.6750612013748374,0.01029251805849081
3663,-1.1523406505584717,-0.7227891462932008,0.009534150201574774
3664,-0.164578378200531,-0.6669680694839338,0.010425451350784933
3665,0.19653189182281494,-0.5806180733532589,0.011922137171166795
3666,-0.48369836807250977,-0.570926102825184,0.012099022806749666
3667,-0.9419087171554565,-0.6080243642582113,0.011431627417854194
3668,-1.1769741773605347,-0.6649193455684437,0.010459302442110152
3669,-0.874010443687439,-0.6858284553803432,0.010117613973542886
3670,-0.780787467956543,-0.6953243566379632,0.00996521068320091
3671,-1.578845500946045,-0.7836764710687714,0.0086297039121989
3672,-1.119928777217865,-0.8173017016836807,0.008160035830912528
3673,-1.770064353942871,-0.9125779669095997,0.006940817558753153
3674,-2.0437725484371185,-1.0256974250623516,0.005695575764634669
3675,-1.3504035472869873,-1.0581680372848152,0.005375957552939004
3676,-1.6564382314682007,-1.1179950567031538,0.004828239944997756
3677,-1.1206532716751099,-1.1182608782003494,0.004825921414573581
3678,-0.6794309616088867,-1.074377886541203,0.005222377433614799
3679,-1.1849424839019775,-1.0854343462772804,0.005119858130312502
3680,-1.0439157485961914,-1.0812824865091715,0.005158144883923205
3681,-0.8167978525161743,-1.0548340231098718,0.005408034175309007
3682,-0.2733096480369568,-0.9766815856025803,0.006209355071094941
3683,-0.19593441486358643,-0.898606868528681,0.007109528671264734
3684,-0.6412509679794312,-0.872871278473756,0.007429249552606706
3685,-0.729375958442688,-0.8585217464706492,0.007612618625546148
3686,0.08028638362884521,-0.7646409334606998,0.008904939076187042
3687,-1.099141001701355,-0.7980909402847653,0.00842579632029037
3688,-0.617027223110199,-0.7799845685673088,0.008682553784192264
3689,-0.07784253358840942,-0.7097703650694188,0.009736679635664356
3690,-0.08892440795898438,-0.6476857693583754,0.010747250496590416
3691,-0.9775320291519165,-0.6806703953377296,0.010201123754070372
3692,0.2904008626937866,-0.5835632695345779,0.01186873842570389
3693,-0.129011869430542,-0.5381081295241743,0.012711136105200499
3694,-1.0559459924697876,-0.5898919158187357,0.011754553305457924
3695,-0.4565560817718506,-0.5765583324140472,0.011996013600564584
3696,0.2589726150035858,-0.49300523767228394,0.013585040164025192
3697,0.13787239789962769,-0.4299174741150928,0.014868691542683277
3698,-0.9807736873626709,-0.48500309543985054,0.013743963411912655
3699,-0.5002610683441162,-0.4865288927302771,0.013713572021983981
3700,-0.23000025749206543,-0.460876029206456,0.014230051743237061
3701,-1.1254231929779053,-0.5273307455836009,0.01291654858641474
3702,-1.316482126712799,-0.6062458836965208,0.011463022919988774
3703,-0.9935478568077087,-0.6449760810076396,0.01079304540039029
3704,-0.9168981313705444,-0.67216828604393,0.010339890769718375
3705,-1.124692678451538,-0.7174207252846908,0.009617272541014884
3706,-0.3157839775085449,-0.6772570505070762,0.010256667567293019
3707,-0.516068696975708,-0.6611382151539393,0.010521990206032228
3708,-0.36342936754226685,-0.631367330392772,0.011025174741040264
3709,-0.8526317775249481,-0.6534937751059897,0.010649568628913792
3710,-1.4286586940288544,-0.7310102669982761,0.009407924215814966
3711,-0.6250738501548767,-0.7204166253139362,0.009570817404602276
3712,-0.9668068587779999,-0.7450556486603426,0.009195251144430776
3713,-1.1139769554138184,-0.7819477793356902,0.008654418508649855
3714,-2.531790018081665,-0.9569320032102876,0.0064273686566299676
3715,-0.8764857649803162,-0.9488873793872904,0.0065180267554231786
3716,-1.2519971132278442,-0.9791983527713458,0.006182033278652677
3717,-0.9143341779708862,-0.9727119352912998,0.006252659820375261
3718,-0.9155759811401367,-0.9669983398761836,0.006315443382866436
3719,-0.510431557893753,-0.9213416616779404,0.006836712480863811
3720,-0.2583363652229309,-0.8550411320324395,0.007657652302127809
3721,0.041794002056121826,-0.7653576186235834,0.008894453107102648
3722,0.3287769854068756,-0.6559441582205375,0.010608551600304003
3723,-0.5978123545646667,-0.6501309778549504,0.010706046677073615
3724,-0.026270031929016113,-0.5877448832623571,0.011793205853400546
3725,0.03783947229385376,-0.5251864477067361,0.012957675054629176
3726,-0.26740574836730957,-0.49940837777279345,0.0134587062471699
3727,-0.6674203276634216,-0.5162095727618563,0.013130768561146887
3728,-0.704684853553772,-0.5350571008410479,0.012769068338853527
3729,0.008647680282592773,-0.4806866227286838,0.013830166625898305
3730,-1.0581061840057373,-0.5384285788563892,0.012705061550264669
3731,-1.2865135073661804,-0.6132370717073683,0.011339956440775248
3732,-1.712258219718933,-0.7231391865085248,0.009528749445836492
3733,-1.2411597967147827,-0.7749412475291506,0.00875516200880428
3734,-1.0707601606845856,-0.8045231388446941,0.008336053374113228
3735,-0.8283036947250366,-0.8069011944327283,0.008303068547250485
3736,-0.7555494904518127,-0.8017660240346367,0.008374427058857962
3737,0.1635010838508606,-0.7052393132460869,0.009807928768947982
3738,-1.5057748556137085,-0.7852928674828491,0.008606645330733171
3739,-0.009456753730773926,-0.7077092561076417,0.009769041061174443
3740,0.583137571811676,-0.5786245733157099,0.011958374441350299
3741,-0.01227116584777832,-0.5219892325689167,0.013019153808182728
3742,0.08927512168884277,-0.46086279714314077,0.014230321153929693
3743,-0.1553310751914978,-0.4303096249479765,0.014860499142183212
3744,-0.11942946910858154,-0.399221609364037,0.015517931396555676
3745,-0.44236016273498535,-0.40353546470113183,0.015425750692945633
3746,-0.5624432563781738,-0.41942624386883604,0.015088825918463167
3747,-0.33944404125213623,-0.411428023607166,0.01525788684434213
3748,-0.8355874419212341,-0.4538439654385728,0.014373659550313786
3749,-1.143831044435501,-0.5228426733382656,0.013002724651005658
3750,-0.8370253443717957,-0.5542609404416186,0.012407327916986722
3751,-0.49160897731781006,-0.5479957441292377,0.01252458609858197
3752,-0.2563731074333191,-0.5188334804596458,0.013080020308326466
3753,-1.3735876381397247,-0.6043088962276537,0.01149728540100133
3754,-0.40946072340011597,-0.5848240789449,0.011845929363826318
3755,-0.826171875,-0.60895885855041,0.011415155063261224
3756,-1.2791380882263184,-0.6759767815180008,0.01027755858333926
3757,-1.4085448682308197,-0.7492335901892826,0.009132712485498648
3758,-0.756636381149292,-0.7499738692852835,0.009121665927125152
3759,-0.37218719720840454,-0.7121952020775957,0.009698711463700715
3760,-0.1589045524597168,-0.6568661371158078,0.01059314848902565
3761,-0.3971715569496155,-0.6308966790991886,0.011033266503924943
3762,-0.4402940273284912,-0.6118364139221188,0.011364537351773368
3763,-0.35969504714012146,-0.5866222772439191,0.011813450830210381
3764,-0.09233272075653076,-0.5371933215951803,0.012728488069579573
3765,-0.8244224786758423,-0.5659162373032465,0.012191154138570054
3766,-0.7298229932785034,-0.5823069129007721,0.011891497003494476
3767,-0.14046543836593628,-0.5381227654472885,0.012710858619564528
3768,0.15868225693702698,-0.46844226320885696,0.014076504154024833
3769,-0.14247912168502808,-0.43584594905647406,0.014745118759601798
3770,-0.39979785680770874,-0.4322411398315975,0.01482018602232335
3771,0.04521942138671875,-0.38449508370976593,0.0158348796901287
3772,-0.6027728319168091,-0.40632285853047023,0.01536634980835276
3773,-0.5393970608711243,-0.4196302787645356,0.015084527098964568
3774,-0.11575186252593994,-0.3892424371406761,0.015732326108649324
3775,-0.6797254085540771,-0.4182907342820162,0.015112762716887704
3776,-0.24838411808013916,-0.40130007266182843,0.015473479874606212
3777,-0.14698147773742676,-0.3758682131693883,0.01602215299978454
3778,-0.4988054633140564,-0.38816193818385514,0.015755635757463204
3779,-0.26823747158050537,-0.37616949152352014,0.016015593093210902
3780,-0.5272828936576843,-0.3912808317369365,0.015688402585742948
3781,0.03920090198516846,-0.348232658364726,0.01662981889846546
3782,-0.8995747566223145,-0.40336686819048484,0.015429347653529752
3783,-0.3533109426498413,-0.39836127563642054,0.015536351654597907
3784,-0.9556846022605896,-0.4540936082988375,0.014368546599454253
3785,-0.7523894608020782,-0.4839231935491616,0.013765498549623851
3786,-0.8523903042078018,-0.5207699046150256,0.013042649798783732
3787,-0.6033193469047546,-0.5290248488439985,0.012884116818857441
3788,-1.0708616375923157,-0.5832085277188301,0.011875161441933048
3789,-0.09210813045501709,-0.5340984879924489,0.01278730603376842
3790,-0.9740157127380371,-0.5780902104670077,0.011968100760164479
3791,-1.0503255128860474,-0.6253137407089117,0.011129576884417567
3792,-0.5365163087844849,-0.616433997516469,0.011283992687772797
3793,-0.523665726184845,-0.6071571703833065,0.011446928421232228
3794,-1.3550470471382141,-0.6819461580587972,0.010180421356892568
3795,-0.4262644052505493,-0.6563779827779724,0.01060130183921883
3796,-0.3263869285583496,-0.6233788773560102,0.011163094578527084
3797,-1.7697681188583374,-0.7380178015062429,0.00930134824683408
3798,-1.4855575561523438,-0.812771776970853,0.00822208822988769
3799,-0.6631712913513184,-0.7978117284088995,0.008429709314106018
3800,-2.3822028636932373,-0.9562508419373332,0.0064350030880131045
3801,-0.8796219825744629,-0.9485879560010462,0.006521421969979517
3802,-0.8832112550735474,-0.9420502859082963,0.006595929149981707
3803,-1.5805413722991943,-1.0058993945473862,0.005898484002301461
3804,-1.8879424333572388,-1.0941036984283714,0.005040723922203594
3805,-0.6405719518661499,-1.0487505237721493,0.005466997175449632
3806,-1.6939465403556824,-1.1132701254305024,0.004869617704567321
3807,-0.6674509048461914,-1.0686882033720715,0.005275837794465159
3808,-0.42143678665161133,-1.0039630617000255,0.0059186619219819825
3809,-0.3322821855545044,-0.9367949740854734,0.0066563440909191175
3810,-0.70111483335495,-0.9132269600124211,0.006933062718321516
3811,-0.7077040076255798,-0.8926746647737369,0.007182192813864109
3812,-1.2164503931999207,-0.9250522376163552,0.006793031544343764
3813,-0.1761692762374878,-0.8501639414784685,0.007721122326826761
3814,-1.5447944402694702,-0.9196269913575688,0.006856977330785104
3815,-0.39094024896621704,-0.8667583171184337,0.007506915809038778
3816,-1.3540375232696533,-0.9154862377335556,0.0069061232212833945
3817,-0.9864412546157837,-0.9225817394217783,0.006822088035332616
3818,-1.9798957109451294,-1.0283131365741134,0.00566922718086086
3819,-0.9954851865768433,-1.0250303415743864,0.005702312486443921
3820,-0.7351720035076141,-0.9960445077677091,0.0060018015010604225
3821,-1.6732096076011658,-1.0637610177510548,0.005322523141880582
3822,-0.45457762479782104,-1.0028426784557314,0.005930364357505499
3823,-1.3133567869663239,-1.0338940893067907,0.005613364354864685
3824,-0.4831450581550598,-0.9788191861916177,0.006186142859693698
3825,-0.7787984609603882,-0.9588171136684948,0.006406280651779449
3826,-0.524759829044342,-0.9154113852060796,0.006907014348846336
3827,-0.21572554111480713,-0.8454428007969523,0.007782970519995711
3828,-1.1271809339523315,-0.8736166141124903,0.007419825436923575
3829,0.017081022262573242,-0.784546850474984,0.008617281510641162
3830,0.5706000924110413,-0.6490321561863814,0.010724548512969202
3831,-1.4525697231292725,-0.7293859128806706,0.009432762156903356
3832,0.06984853744506836,-0.6494624678480967,0.01071730020588063
3833,-0.3614655137062073,-0.6206627724339078,0.011210266987154707
3834,-0.6579001545906067,-0.6243865106495776,0.011145630348784418
3835,-0.39316606521606445,-0.6012644661062263,0.011551281952935408
3836,-0.9852999746799469,-0.6396680169635983,0.010883163324375673
3837,-0.5093804001808167,-0.6266392552853202,0.011106656447259887
3838,-0.6612794995307922,-0.6301032797098675,0.011046916810789339
3839,-1.0607568621635437,-0.6731686379552351,0.010323491374867075
3840,-0.8991628885269165,-0.6957680630124032,0.009958131815579082
3841,-0.6627804040908813,-0.6924692971202511,0.01001085054661659
3842,0.42018115520477295,-0.5812042518877487,0.011911496148194546
3843,-1.1650900840759277,-0.6395928351065666,0.010884443620262824
3844,-0.6242002248764038,-0.6380535740835503,0.010910680082663196
3845,-0.4542694091796875,-0.619675157593164,0.011227454651095111
3846,-0.25414586067199707,-0.5831222279010474,0.011876724363131799
3847,-1.3876299262046814,-0.6635729977314108,0.010481592144575468
3848,-0.842524379491806,-0.6814681359074503,0.0101881747798261
3849,-0.632480651140213,-0.6765693874307265,0.010267884712612457
3850,0.1436767280101776,-0.594544775886636,0.011671090412782921
3851,-0.39927932620048523,-0.575018230918021,0.012024121160532204
3852,-0.13232433795928955,-0.5307488416221479,0.012851167476432626
3853,-0.297177255153656,-0.5073916829752987,0.013302239118630014
3854,-0.18324434757232666,-0.4749769494350015,0.013944704669064717
3855,-0.013185262680053711,-0.42879778075950675,0.01489209732154494
3856,-0.27663785219192505,-0.4135817879027486,0.015212257548352703
3857,-1.1903215646743774,-0.4912557655799114,0.013619686266425702
3858,-0.3450029492378235,-0.4766304839457026,0.013911474405040584
3859,-0.849844217300415,-0.5139518572811739,0.013174535730754664
3860,-0.8072297871112823,-0.5432796502641848,0.01261333690382239
3861,0.20979052782058716,-0.46797263245570764,0.014086005366273467
3862,-0.6907666921615601,-0.49025203842629284,0.01363958876221253
3863,-0.7911682426929474,-0.5203436588529583,0.013050869863689658
3864,-0.6448845267295837,-0.5327977456406209,0.012812080097243867
3865,-1.1491986513137817,-0.594437836207937,0.011673004058441835
3866,-0.06854581832885742,-0.5418486344200291,0.012640349036250581
3867,-0.31139206886291504,-0.5188029778643176,0.013080609522211068
3868,-0.20412969589233398,-0.48733564966711923,0.013697519648066462
3869,-1.0474495887756348,-0.5433470435779707,0.012612065718115004
3870,-0.08998024463653564,-0.4980103636838272,0.013486225641569847
3871,-0.03257322311401367,-0.4514666496268458,0.014422403833673575
3872,-1.453983187675476,-0.5517183034317088,0.012454826587262217
3873,-0.9141155183315277,-0.5879580249216907,0.011789364786179542
3874,-1.039704442024231,-0.6331326666319447,0.010994861785655455
3875,-0.35945701599121094,-0.6057651015678713,0.011471520556603804
3876,-0.522598922252655,-0.5974484836363497,0.011619213066832357
3877,-0.28551554679870605,-0.5662551899525854,0.012184905839110267
3878,-1.5522773563861847,-0.6648574065959454,0.010460327118386133
3879,-0.7014756202697754,-0.6685192279633283,0.010399875263988147
3880,-0.8900769948959351,-0.690675004656589,0.010039613492665628
3881,-0.2836834192276001,-0.6499758461136902,0.010708657359436444
3882,-0.5784894227981567,-0.6428272037821369,0.010829462781072621
3883,-0.6745621562004089,-0.6460006990239641,0.010775712304528751
3884,-0.8769484162330627,-0.6690954707448739,0.010390385749400178
3885,-1.1138358116149902,-0.7135695048318855,0.009677242555673624
3886,-0.4338035583496094,-0.6855929101836579,0.01012141634353951
3887,-1.2565791606903076,-0.7426915352343229,0.009230785738898078
3888,-0.42076587677001953,-0.7104989693878926,0.009725259297189924
3889,0.18082892894744873,-0.6213661795543585,0.01119803686045015
3890,-1.4677869975566864,-0.7060082613545913,0.00979580963066335
3891,-0.9062336087226868,-0.7260307960914008,0.00948422438653492
3892,0.14256364107131958,-0.6391713523751288,0.010891623197346538
3893,-0.40993523597717285,-0.6162477407353332,0.011287247828889145
3894,-1.2196100950241089,-0.6765839761642107,0.010267646647081737
3895,-1.3753846287727356,-0.7464640414250633,0.009174132244962689
3896,-1.0892548561096191,-0.7807431228935189,0.00867167419288444
3897,-0.5408283472061157,-0.7567516453247786,0.00902100929385406
3898,-1.7311710715293884,-0.8541935879452396,0.007668651174825338
3899,-1.2380090951919556,-0.8925751386699112,0.0071834171742855175
3900,-2.105368733406067,-1.0138544981435267,0.005816210701968649
3901,-1.920616328716278,-1.1045306812008018,0.004946986091877954
3902,-1.146389901638031,-1.1087166032445248,0.004909793419271829
3903,-1.686964750289917,-1.1665414179490639,0.0044209932833976255
3904,-1.4707125425338745,-1.196958530407545,0.004181886434361744
3905,-0.9826768636703491,-1.1755303637338255,0.004349074854776999
3906,-1.0095182657241821,-1.1589291539328612,0.00448273518544556
3907,-0.8935934901237488,-1.13239558755195,0.004704061120890734
3908,-1.1082466542720795,-1.129980694223963,0.0047246836340577355
3909,-0.8566803932189941,-1.1026506641234661,0.004963771860108245
3910,-0.15260517597198486,-1.007646115308318,0.005880333120289583
3911,-0.01710498332977295,-0.9085920021104635,0.006988605666425162
3912,-0.2884010076522827,-0.8465729026646455,0.007768129198079574
3913,-0.5306919813156128,-0.8149848105297423,0.008191726143806482
3914,-0.8581061363220215,-0.8192969431089702,0.0081328241767855
3915,-0.49020159244537354,-0.7863874080426105,0.008591058973872202
3916,-0.4503546357154846,-0.7527841308098979,0.009079825273400698
3917,0.5726758241653442,-0.6202381353123737,0.011217654740777613
3918,-0.06441935896873474,-0.5646562576780099,0.012214399803748922
3919,-0.3915520906448364,-0.5473458409746925,0.012536791702309286
3920,-0.86919766664505,-0.5795310235417283,0.011941887893208674
3921,-0.4067363142967224,-0.5622515526172276,0.012258847971316178
3922,-0.8607523143291473,-0.5921016287884195,0.011714864057793243
3923,-0.369831919670105,-0.5698746578765881,0.012118319494939932
3924,-1.1612507104873657,-0.6290122631376659,0.011065707323064305
3925,-0.4686284065246582,-0.6129738774763651,0.011344572512333517
3926,-0.04008263349533081,-0.5556847530782617,0.012380782922436257
3927,-1.0273070335388184,-0.6028469811243173,0.011523192068320774
3928,-0.27770912647247314,-0.5703331956591329,0.012109901587925721
3929,-0.12875664234161377,-0.526175540327381,0.012938694221640484
3930,-0.2622569501399994,-0.4997836813086428,0.01345132457724402
3931,-0.013250410556793213,-0.4511303542334579,0.014429307136827966
3932,-0.5913978815078735,-0.46515710696089946,0.014143048583130952
3933,-1.1691957116127014,-0.5355609674260796,0.012759489087186819
3934,-0.13052093982696533,-0.49505696466616816,0.013544478753085072
3935,-0.6489889621734619,-0.5104501644168975,0.013242603224776698
3936,-0.058684468269348145,-0.4652735948021426,0.014140685739330972
3937,-0.09122204780578613,-0.42786844010250696,0.014911540119836409
3938,-0.36441320180892944,-0.4215229162731492,0.015044684224719771
3939,-0.7405675649642944,-0.45342738114226366,0.014382194055296558
3940,0.18963623046875,-0.38912101998116233,0.01573494451575766
3941,-0.1827007532119751,-0.3684789933042436,0.016183485308771693
3942,-0.8160521984100342,-0.4132363138148226,0.015219571534168856
3943,-1.1339555978775024,-0.4853082422210906,0.013737882041953904
3944,-1.1366515457630157,-0.5504425725752831,0.012478704080286937
3945,-0.8868532180786133,-0.5840836371256161,0.011859320890794294
3946,-1.436381757259369,-0.6693134491389913,0.010386797766214755
3947,-1.3490136861801147,-0.7372834728431037,0.009312472647653553
3948,-0.3957318663597107,-0.7031283121947645,0.009841257821214124
3949,-1.2546828985214233,-0.7582837708274304,0.008998376128477899
3950,-2.4992637038230896,-0.9323817641269962,0.006707439474080113
3951,-0.9849300384521484,-0.9376365915595115,0.00664663747538358
3952,-1.1490760743618011,-0.9587805398397405,0.0064066892270872745
3953,-1.7676166594028473,-1.0396641517960512,0.005556114780614824
3954,-0.47555431723594666,-0.9832531683400407,0.006138231799492977
3955,-1.0228703022003174,-0.9872148817260684,0.006095694096908532
3956,-0.36910033226013184,-0.9254034267794747,0.0067889095494996264
3957,-0.8601885437965393,-0.9188819384811813,0.006865798480157767
3958,-0.0014382898807525635,-0.8271375736211385,0.008026599400158527
3959,-0.25910383462905884,-0.7703341997219305,0.008821906508829035
3960,-0.9715720415115356,-0.7904579839008911,0.008533289887980423
3961,-0.5270476341247559,-0.7641169489232775,0.008912611728786697
3962,-1.2295128405094147,-0.8106565380818913,0.008251193027019205
3963,-0.6321426630020142,-0.7928051505739037,0.008500119671760491
3964,-0.49478092789649963,-0.7630027283061633,0.008928944355043437
3965,-0.3699522614479065,-0.7236976816203377,0.009520137292031872
3966,-0.4090691804885864,-0.6922348315071625,0.010014605576022129
3967,-0.13810279965400696,-0.636821628321847,0.01093171122812223
3968,-0.554018497467041,-0.6285413152363664,0.011073825496175527
3969,0.04310709238052368,-0.5613764744746774,0.012275049845616032
3970,0.0022135376930236816,-0.5050174732579074,0.013348650586371228
3971,-0.19092783331871033,-0.4736085092639877,0.01397224231435091
3972,-0.5464135408401489,-0.4808890124216038,0.013826117297235974
3973,-0.17878547310829163,-0.4506786584902726,0.014438582410136415
3974,-0.8022662997245789,-0.4858374226137032,0.013727339796437211
3975,-0.2708987295627594,-0.4643435533086089,0.014159557400291317
3976,-0.1600034236907959,-0.4339095403468276,0.014785415424694909
3977,-0.2664670944213867,-0.4171652957542835,0.015136508438731686
3978,0.025127172470092773,-0.3729360489318459,0.01608607072548624
3979,-0.9343900084495544,-0.42908144488361677,0.01488616567400117
3980,-0.6583945751190186,-0.45201275790715695,0.014411197781863914
3981,-1.1228752434253693,-0.5190990064589781,0.013074891907924291
3982,-0.873292088508606,-0.5545183146639409,0.012402526712677595
3983,-1.4695475101470947,-0.6460212342122562,0.010775365124559882
3984,-0.6902351975440979,-0.6504426305454404,0.010700803333269393
3985,-0.5069351196289062,-0.636091879453787,0.010944182888189697
3986,-1.3009660243988037,-0.7025792939482886,0.009849939866299208
3987,-0.717126727104187,-0.7040340372638784,0.00982694752809817
3988,-0.35584282875061035,-0.6692149164125515,0.0103884195282552
3989,-1.5280519723892212,-0.7550986220102184,0.009045478171925707
3990,-0.6783158779144287,-0.7474203476006394,0.00915981384767316
3991,-0.4968852996826172,-0.7223668428088371,0.009540669018129524
3992,-0.042906105518341064,-0.6544207690797875,0.010634038063724854
3993,-0.5169988870620728,-0.640678580878016,0.010865964658922046
3994,-1.657891869544983,-0.7423999097447127,0.009235176465208732
3995,-0.28264015913009644,-0.6964239346832511,0.009947674995005738
3996,-0.24405968189239502,-0.6511875094041655,0.01068827882672174
3997,-0.553363561630249,-0.6414051146267739,0.010853612004914243
3998,0.3577629327774048,-0.541488309886356,0.012647156620957785
3999,-12.122171640396118,-1.6995566429373319,0.0016161594099327174
4000,-14.267187356948853,-2.9563197143384836,0.00013488701067907303
4001,-9.70958137512207,-3.6316458804168423,3.501533021176346e-05
4002,-9.55895209312439,-4.224376501687597,1.0706072851147717e-05
4003,-7.923242568969727,-4.594263108415809,5.109746873238603e-06
4004,-7.475392580032349,-4.882376055577463,2.8718853598385892e-06
4005,-6.880795240402222,-5.082217974059939,1.925727504959697e-06
4006,-7.072702407836914,-5.281266417437637,1.2933290881697389e-06
4007,-5.642938613891602,-5.317433637083034,1.2030824219338253e-06
4008,-8.032327890396118,-5.5889230624143424,6.990158786046725e-07
4009,-3.72376024723053,-5.402406780895961,1.0150566474980723e-06
4010,-4.1734325885772705,-5.2795093616640925,1.29788186768007e-06
4011,-2.8876222372055054,-5.040320649218234,2.0940397693179494e-06
4012,-3.3711450695991516,-4.873403091256327,2.923886201819223e-06
4013,-2.499736785888672,-4.636036460719562,4.7002295782577604e-06
4014,-3.0422868728637695,-4.476661501933982,6.464502019709064e-06
4015,-3.2258341312408447,-4.351578764864668,8.301653466773611e-06
4016,-1.2628726959228516,-4.042708157970487,1.5395172982597075e-05
4017,-1.8371586203575134,-3.8221532042091892,2.392665784371349e-05
4018,-1.948628842830658,-3.6348007680713366,3.479524018768328e-05
4019,-1.8567863702774048,-3.4569993282919436,4.9639473068574646e-05
4020,-2.285358428955078,-3.3398352383582575,6.273079053378099e-05
4021,-1.4035160541534424,-3.1462033199377757,9.234421408566723e-05
4022,-2.1387348771095276,-3.0454564756549507,0.00011291152517112305
4023,-2.3638110160827637,-2.977291929697732,0.0001293606008929839
4024,-2.2386398315429688,-2.9034267198822556,0.00014989311594482477
4025,-1.9055465459823608,-2.8036387024922664,0.0001828811614181233
4026,-2.237788200378418,-2.747053652280882,0.0002047047059665901
4027,-2.052243411540985,-2.6775726282068923,0.00023507870354132063
4028,-2.0712852478027344,-2.6169438901664765,0.0002652232490240623
4029,-1.3142496347427368,-2.4866744646241026,0.0003436189202025823
4030,-1.971688687801361,-2.4351758869418285,0.00038061376242841724
4031,-1.5697568655014038,-2.348633984797786,0.00045188670360633317
4032,-2.2729299664497375,-2.341063582962981,0.0004587174421777885
4033,-2.3209028244018555,-2.3390475071068684,0.0004605537231194014
4034,-1.4759089946746826,-2.2527336558636497,0.0005463846062182258
4035,-1.3076552152633667,-2.1582258118036215,0.0006585680054018207
4036,-2.0267276763916016,-2.1450759982624197,0.0006758806319819202
4037,-1.495819330215454,-2.080150331457723,0.0007681578367717918
4038,-2.3979560136795044,-2.1119308996799013,0.0007215348312773663
4039,-1.2094147205352783,-2.021679281765439,0.0008618086614674869
4040,-1.764519453048706,-1.995963298893766,0.0009064682200091905
4041,-1.0766596794128418,-1.9040329369456734,0.0010854652666176677
4042,-1.2905753254890442,-1.8426871758000107,0.001223689413313695
4043,-0.9034160375595093,-1.7487600619759607,0.0014691436572356407
4044,-1.1623628735542297,-1.6901203431337877,0.0016459365833994502
4045,-1.3379349112510681,-1.6549017999455158,0.0017618197588650402
4046,-1.1969046592712402,-1.6091020858780882,0.0019243192702655051
4047,-0.396604061126709,-1.4878522834029504,0.00242678035863594
4048,-1.196260929107666,-1.458693147973422,0.002565037908681469
4049,-1.3726248145103455,-1.4500863146271143,0.002607251502899963
4050,-0.5911559462547302,-1.364193277789876,0.003065948264085602
4051,-0.3143240213394165,-1.25920635214483,0.0037288709714187866
4052,-0.23431873321533203,-1.1567175902518803,0.004500818037823872
4053,-0.8749871253967285,-1.1285445437663653,0.004736986321586909
4054,-2.0165435075759888,-1.2173444401473275,0.004028272809873598
4055,-1.518944501876831,-1.2475044463202778,0.0038104408372449626
4056,-0.46747851371765137,-1.1695018530600152,0.00439718972232694
4057,-0.7768648862838745,-1.130238156382401,0.0047224811288640416
4058,-0.7433710098266602,-1.091551441726827,0.005063907553589557
4059,-0.5174391269683838,-1.0341402102509827,0.005610911899369107
4060,-0.6391777992248535,-0.9946439691483698,0.006016610775720976
4061,-0.5150222182273865,-0.9466817940562715,0.006543071536953907
4062,-0.9399133920669556,-0.94600495385734,0.006550773542631097
4063,-0.42500823736190796,-0.8939052822077967,0.0071670682250844
4064,-0.3484382629394531,-0.8393585802809624,0.007863270635251792
4065,-0.20666098594665527,-0.7760888208475317,0.008738598577709386
4066,-0.114754319190979,-0.7099553706818765,0.009733778845556408
4067,-0.6729081273078918,-0.7062506463444781,0.009791991829138603
4068,-0.7058265209197998,-0.7062082338020103,0.009792659787061606
4069,-0.6299923062324524,-0.6985866410450544,0.00991325260321164
4070,-0.6931458115577698,-0.6980425580963259,0.009921903969000286
4071,-0.9860747456550598,-0.7268457768521993,0.009471704118750576
4072,-2.5337564647197723,-0.9075368456389565,0.007001302079042889
4073,-2.0892773866653442,-1.0257108997415953,0.005695439758455913
4074,-1.3756081461906433,-1.0607006243865,0.005351703423945333
4075,-2.2201347947120667,-1.1766440414190567,0.004340238636106736
4076,-2.5677034854888916,-1.31574998582604,0.0033569222516825117
4077,-1.5144869089126587,-1.3356236781347017,0.0032345727244302777
4078,-1.3977633714675903,-1.3418376474679907,0.003197176981241367
4079,-2.1982057690620422,-1.427474459627396,0.002721303217489075
4080,-2.2638461589813232,-1.5111116295627887,0.002321596907038912
4081,-1.4435715675354004,-1.5043576233600497,0.002351684839190326
4082,-0.36884641647338867,-1.3908065026713838,0.002916294985663609
4083,-0.725849986076355,-1.3243108510118808,0.003303700548849882
4084,-0.3283151388168335,-1.224711279792376,0.003974039327048004
4085,0.19129019975662231,-1.0831111318374762,0.005141250738012328
4086,0.5280184149742126,-0.9219981771563073,0.0068289667994564165
4087,0.40576422214508057,-0.7892219372261685,0.008550799012985296
4088,-0.008890271186828613,-0.7111887706222345,0.009714456534588007
4089,0.2355039119720459,-0.6165195023628065,0.01128249857386795
4090,0.0689956545829773,-0.5479679866682281,0.012525107239970842
4091,-0.15631723403930664,-0.508802911405336,0.013274700975382255
4092,0.48760950565338135,-0.4091616696994642,0.015305984213148958
4093,0.2014448642730713,-0.3481010163022107,0.01663274116545335
4094,0.08082199096679688,-0.30520871557530993,0.01759819910560263
4095,-0.7252774238586426,-0.3472155864036432,0.016652403140476443
4096,-0.7641520500183105,-0.3889092327651099,0.01573951235141379
4097,-0.10797309875488281,-0.3608156193640872,0.01635169371172546
4098,-1.233489990234375,-0.44808305645111596,0.014491949954601189
4099,-0.5442842841148376,-0.45770317921748815,0.014294740214384191
4100,-1.2762867212295532,-0.5395615334186946,0.012683600199552345
4101,-0.9301618933677673,-0.5786215694136019,0.011958429102361542
4102,-0.41832661628723145,-0.5625920741009648,0.012252547196768496
4103,-1.1601073145866394,-0.6223435981495322,0.011181058265234753
4104,-0.4664064645767212,-0.6067498847922511,0.011454119646067447
4105,-0.989529550075531,-0.645027851320579,0.010792169136090914
4106,-0.7549229860305786,-0.656017364791579,0.010607327971202849
4107,-0.20034658908843994,-0.6104502872212652,0.011388900251571868
4108,-0.4827427864074707,-0.5976795371398858,0.011615092002180753
4109,-1.1489193439483643,-0.6528035178207335,0.010661143723422941
4110,-0.23022174835205078,-0.6105453408738652,0.01138722839011283
4111,-0.01643061637878418,-0.5511338684243572,0.012465761500697248
4112,-0.5125312805175781,-0.5472736096336792,0.012538148742420104
4113,-1.1488891243934631,-0.6074351611096576,0.011442021910030072
4114,-0.6832665205001831,-0.6150182970487101,0.011308751048589905
4115,0.12157750129699707,-0.5413587172141395,0.012649605598530986
4116,-0.2688189744949341,-0.514104742942219,0.01317156899484934
4117,0.13366025686264038,-0.449328242961733,0.014466333407983228
4118,-0.6029466986656189,-0.46469008853212157,0.014152524003035214
4119,-0.4647789001464844,-0.46469896969355784,0.014152343775740019
4120,0.37125712633132935,-0.38110336009106915,0.01590836776143114
4121,0.19281494617462158,-0.3237115294645001,0.017178523991964602
4122,0.01803034543991089,-0.289537341974059,0.01795727683286194
4123,0.10016518831253052,-0.2505670889454001,0.0188637084913149
4124,0.008617997169494629,-0.2246485803339106,0.019476394269398498
4125,-0.3494877815246582,-0.23713250045298537,0.019180363657453292
4126,-0.4629599452018738,-0.2597152449278742,0.018649270692316432
4127,-1.8062587976455688,-0.41436960019964364,0.015195586280044138
4128,-1.2924611568450928,-0.5021787558641886,0.013404277282476985
4129,-1.1932010054588318,-0.571280980823653,0.01209251461671602
4130,-1.5188788175582886,-0.6660407644971165,0.010440763217586607
4131,-1.4390738010406494,-0.7433440681514697,0.009220967024027464
4132,-0.7967917919158936,-0.7486888405279122,0.009140847956444346
4133,-0.7385881543159485,-0.7476787719067157,0.009155947538358593
4134,-1.0868821144104004,-0.7815991061570842,0.008659410163284606
4135,-1.2505173087120056,-0.8284909264125764,0.008008378172672906
4136,-1.3321847915649414,-0.8788603129278129,0.007353802260409591
4137,-0.6384642720222473,-0.8548207088372564,0.007660511566195083
4138,-0.9269447326660156,-0.8620331112201323,0.0075674074809144
4139,0.02246236801147461,-0.7735835632969716,0.008774789988377028
4140,-0.4269188642501831,-0.7389170933922928,0.009287738774199411
4141,0.179601788520813,-0.6470652052009822,0.010757725827572617
4142,-0.0652163028717041,-0.5888803149680545,0.011772753990114479
4143,0.18678158521652222,-0.5113141249495968,0.013225788278865655
4144,-0.3374894857406616,-0.49393166102870334,0.013566715903588038
4145,0.12592637538909912,-0.4319458573869231,0.014826344835374367
4146,0.2071382999420166,-0.3680374416540292,0.016193152715947234
4147,-0.15623807907104492,-0.3468575053957308,0.01666035803907979
4148,-0.09303689002990723,-0.32147544385914845,0.01722898960767255
4149,-0.3172703981399536,-0.32105493928722895,0.017238487715568622
4150,-0.14202356338500977,-0.30315180169700706,0.017645142817463936
4151,-0.5334375500679016,-0.32618037653409654,0.01712288721903677
4152,0.1421840786933899,-0.2793439310113479,0.018192555872619722
4153,-0.30544963479042053,-0.2819545013892552,0.018132173761652066
4154,-0.7814827263355255,-0.3319073238838822,0.01699416125770603
4155,-0.5012801289558411,-0.3488446043910781,0.01661623794789262
4156,-0.48728859424591064,-0.36268900337656135,0.016310490517449153
4157,-0.16894003748893738,-0.34331410678779894,0.01673917815970479
4158,-0.7729880213737488,-0.3862814982463939,0.015796246980819544
4159,-0.04639369249343872,-0.35229271767109843,0.01653981815080615
4160,-0.43807291984558105,-0.3608707378885467,0.01635048067138117
4161,-0.9317890405654907,-0.41796256815624105,0.015119684540650291
4162,-0.8604003190994263,-0.46220634325055954,0.014202981641932323
4163,-0.4131002426147461,-0.4572957331869782,0.014303060041500976
4164,-1.3184258341789246,-0.5434087432861728,0.012610902000739025
4165,-0.6797478199005127,-0.5570426509476069,0.012355502337444016
4166,-0.7061652541160583,-0.571954911264452,0.01208016181387492
4167,-1.060689628124237,-0.6208283829504305,0.01120738666559696
4168,-0.6916685104370117,-0.6279123956990886,0.011084673419264625
4169,-0.2918969392776489,-0.5943108500569447,0.011675276711627297
4170,-0.3753731846809387,-0.5724170835193441,0.012071695403016959
4171,-0.08113479614257812,-0.5232888547816674,0.012994140791638343
4172,-0.021877169609069824,-0.4731476862644077,0.013981523121293424
4173,-0.11298811435699463,-0.4371317290736664,0.014718397005740791
4174,0.255176842212677,-0.367900871945032,0.01619614340561613
4175,0.4481067657470703,-0.2863001081758218,0.01803185276206656
4176,0.22728168964385986,-0.23494192839385367,0.01923218667589528
4177,-0.3264163136482239,-0.24408936691929067,0.01901613525876598
4178,-1.8892794847488403,-0.4086083787022456,0.015317739211404783
4179,-1.0043601393699646,-0.4681835547690175,0.014081737664281611
4180,-0.9507371187210083,-0.5164389111642166,0.013126327940099195
4181,-0.8112248182296753,-0.5459175018707625,0.012563644637038447
4182,-1.3544211685657501,-0.6267678685402612,0.011104434297642206
4183,-1.5245054364204407,-0.7165416253282791,0.009630936630287816
4184,-1.280414640903473,-0.7729289268857985,0.008784266407269526
4185,-1.2554659843444824,-0.8211826326316669,0.008107173871708197
4186,-2.3091922998428345,-0.9699835993527837,0.006282573006265272
4187,-0.6873799562454224,-0.9417232350420475,0.006599675309787965
4188,-1.7225354313850403,-1.0198044546763467,0.005755328069283259
4189,-0.708385705947876,-0.9886625798034997,0.006080213318295319
4190,-0.702478289604187,-0.9600441507835684,0.006392585993560522
4191,-0.4597899913787842,-0.91001873484309,0.0069714688478629844
4192,0.16551423072814941,-0.8024654382859661,0.008364679232789881
4193,-0.1780562400817871,-0.7400245184655482,0.009271000633426505
4194,-0.942594051361084,-0.7602814717551017,0.008968931903601398
4195,-0.26450204849243164,-0.7107035294288347,0.00972205479588219
4196,0.0146026611328125,-0.6381729103726701,0.010908644385144965
4197,-1.2408804893493652,-0.6984436682703397,0.009915525437636548
4198,-1.6642098426818848,-0.7950202857114941,0.00846890944478394
4199,-1.6863794326782227,-0.8841562004081669,0.007287616196546898
4200,-1.232632040977478,-0.919003784465098,0.006864355216616231
4201,-0.7769111394882202,-0.9047945199674102,0.0070343900655007
4202,-0.9921966195106506,-0.9135347299217342,0.006929387707124032
4203,-0.9409613013267517,-0.9162773870622359,0.006896710403577609
4204,-1.9474535584449768,-1.01939500420051,0.005759499925362643
4205,-0.8608411252498627,-1.0035396163054453,0.005923082469533555
4206,-1.2131211757659912,-1.0244977722514998,0.005707695763571851
4207,-1.1846174597740173,-1.0405097410037516,0.005547768038016205
4208,-1.6515978574752808,-1.1016185526509046,0.004973008620038178
4209,-1.0012900829315186,-1.091585705678966,0.005063595688578722
4210,-0.6017565727233887,-1.0426027923834083,0.0055271548860363045
4211,-1.0176586508750916,-1.0401083782325766,0.005551728488340356
4212,-0.9070045053958893,-1.026797990948908,0.005684476564735152
4213,-0.5403182506561279,-0.97815001691963,0.006193401346794688
4214,-0.25940969586372375,-0.9062759848140394,0.00701649899440504
4215,-0.5721164345741272,-0.8728600297900482,0.007429391858007593
4216,-0.0880897045135498,-0.7943829972623984,0.008477879184800063
4217,-1.0952128767967224,-0.8244659852158307,0.00806266745370116
4218,-0.6169484853744507,-0.8037142352316926,0.008347297139917654
4219,-0.4495258927345276,-0.768295400981976,0.008851570924533586
4220,-0.5482627749443054,-0.7462921383782091,0.009176707921042691
4221,-0.29719746112823486,-0.7013826706532117,0.009868883010358069
4222,-0.7050748467445374,-0.7017518882623444,0.00986303518241454
4223,-0.6085928082466125,-0.6924359802607711,0.010011384060675827
4224,0.09978139400482178,-0.6132142428342119,0.011340356775819712
4225,-0.46965742111206055,-0.5988585606619968,0.011594078842619582
4226,-0.7773170471191406,-0.6167044093077112,0.011279267984502012
4227,-0.31734466552734375,-0.5867684349296745,0.011810813677019728
4228,-0.201651930809021,-0.5482567845176092,0.012519685818085866
4229,-0.02180790901184082,-0.49561189696703234,0.013533521160706592
4230,-0.5403594970703125,-0.5000866569773603,0.013445367357145528
4231,-0.7462409734725952,-0.5247020886268838,0.012966976577598594
4232,0.02808213233947754,-0.4694236665302477,0.014056661736249105
4233,-0.17775177955627441,-0.4402564778328504,0.01465357465840069
4234,-0.2638639211654663,-0.42261722216611197,0.015021674805715333
4235,-0.5808776021003723,-0.438443260159538,0.014691169179902633
4236,0.08541214466094971,-0.38605771967748925,0.015801083600446943
4237,-0.10742133855819702,-0.35819408156556004,0.016409441466154806
4238,-0.16988211870193481,-0.33936288527919756,0.016827287835744834
4239,-0.6016359329223633,-0.3655901900435141,0.01624678772990906
4240,-0.2634044885635376,-0.35537161989551647,0.016471731608548403
4241,-0.11111211776733398,-0.33094566968269823,0.017015743822947512
4242,-0.23138540983200073,-0.3209896436976285,0.017239962796153897
4243,-0.06550264358520508,-0.2954409436863862,0.017821626699235076
4244,-0.07501351833343506,-0.2733982011510911,0.018330399351634677
4245,-0.24734044075012207,-0.2707924251109942,0.01839094913942983
4246,-0.22097289562225342,-0.2658104721621201,0.018506945395931736
4247,-0.1871715784072876,-0.25794658278663685,0.018690652464714002
4248,-0.020341455936431885,-0.23418607010161635,0.01925008042442672
4249,-0.055700838565826416,-0.21633754694803736,0.019674386254750893
4250,0.025974631309509277,-0.1921063291222827,0.020255562913132227
4251,-0.7159146070480347,-0.2444871569148579,0.01900676114279043
4252,-0.16275930404663086,-0.23631437162803517,0.01919971221771218
4253,0.6426471173763275,-0.14841822272759891,0.021316551095841546
4254,-0.7430310845375061,-0.20787950890858964,0.019876601198760196
4255,0.458321213722229,-0.14125943664550777,0.021491817460066273
4256,0.28670239448547363,-0.09846325353240964,0.022546342953114414
4257,-0.641680121421814,-0.15278494032135007,0.021209822371156158
4258,-0.8897275924682617,-0.22647920553604123,0.019432880398963043
4259,-1.4519360065460205,-0.34902488563703915,0.01661223801909113
4260,-1.4400325119495392,-0.4581256482682891,0.014286116690518574
4261,-1.0731201171875,-0.5196250951602102,0.013064734805373743
4262,-0.8079654276371002,-0.5484591284078992,0.012515888273626215
4263,-0.826198011636734,-0.5762330167307826,0.01200194701352802
4264,-1.098655879497528,-0.6284753030074571,0.011074963751678402
4265,-0.9638112783432007,-0.6620089005410315,0.010507530636929082
4266,-1.0169167518615723,-0.6974996856730855,0.009930541747242047
4267,-1.7699163556098938,-0.8047413526667664,0.008333022276176156
4268,-0.13296103477478027,-0.7375633208775678,0.009308231999003455
4269,-0.9016999006271362,-0.7539769788525247,0.009062110724090201
4270,-0.2635294795036316,-0.7049322289176354,0.009812771790178266
4271,-0.6583434343338013,-0.700273349459252,0.009886468645562639
4272,-0.6066551208496094,-0.6909115265982878,0.010035818450307425
4273,0.014969944953918457,-0.6203233794430671,0.011216171402496276
4274,-0.2059757113456726,-0.5788886126333277,0.011953570474722687
4275,-0.5907799601554871,-0.5800777473855436,0.011931951604743262
4276,-1.3355801105499268,-0.6556279837019819,0.01061383756110471
4277,-0.1528393030166626,-0.6053491156334501,0.011478876514642905
4278,0.4994763731956482,-0.49486656675054025,0.013548239600171008
4279,-0.3127225637435913,-0.4766521664498453,0.013911038985863228
4280,-0.5194137990474701,-0.4809283297096078,0.013825330738287856
4281,-1.21364027261734,-0.554199524000381,0.01240847379801973
4282,-0.23140180110931396,-0.5219197517112742,0.013020491941008683
4283,-0.6196365356445312,-0.5316914301046,0.012833175831988293
4284,-0.45310938358306885,-0.5238332254524468,0.012983672900285823
4285,-0.33442819118499756,-0.5048927220257019,0.013351092090247275
4286,-0.03285151720046997,-0.45768860154317875,0.014295037832532154
4287,-0.025566399097442627,-0.41447638129860515,0.015193327427026414
4288,0.022154688835144043,-0.3708132742852302,0.016132428240996904
4289,0.06634712219238281,-0.3270972346374689,0.01710224733652815
4290,-0.08661431074142456,-0.3030489422478645,0.01764749181191664
4291,-0.37115585803985596,-0.30985963382706366,0.017492265115380167
4292,-0.922550231218338,-0.37112869356619105,0.016125535635377882
4293,-0.7125289440155029,-0.40526871861112224,0.015388799145486963
4294,-0.7783464789390564,-0.4425764946439157,0.014605554605378664
4295,-0.1848125457763672,-0.41680009975716087,0.015144218274852636
4296,-0.32799476385116577,-0.40791956616656133,0.015332380486749368
4297,-0.9314059019088745,-0.46026819974079264,0.014242430590777198
4298,-0.5763095021247864,-0.471872329979192,0.01400722798448665
4299,-0.965172529220581,-0.5212023499033308,0.013034313601690432
4300,-0.5712292194366455,-0.5262050368566623,0.012938128456878254
4301,-0.7398605942726135,-0.5475705925982575,0.01253256982565331
4302,-0.2768951654434204,-0.5205030498827737,0.013047795647132768
4303,-0.3953547477722168,-0.507988219671718,0.013290594099249528
4304,-1.1461663842201233,-0.5718060361265586,0.012082889879459824
4305,0.07113790512084961,-0.5075116420018178,0.013299896870706571
4306,-0.33592700958251953,-0.49035317875988793,0.013637582468672332
4307,-0.25365859270095825,-0.46668372015399495,0.014112101677497341
4308,-0.9090228080749512,-0.5109176289460906,0.013233503436919229
4309,-0.3700210452079773,-0.4968279705722793,0.013509528295709342
4310,-0.5450745820999146,-0.5016526317250428,0.01341460318225109
4311,0.12620937824249268,-0.4388664307282893,0.01468239029527268
4312,-0.8060263991355896,-0.4755824275690193,0.013932531027409933
4313,-0.7116222381591797,-0.49918640862803537,0.013463073258635978
4314,-0.921523928642273,-0.5414201606294591,0.012648444432470993
4315,-0.05692398548126221,-0.4929705431146394,0.013585726708992175
4316,-0.4147210717201233,-0.4851455959751878,0.013741123264134522
4317,-0.5776709616184235,-0.49439813253951137,0.013557495169524862
4318,0.4150492958724499,-0.40345338969831523,0.015427501682741289
4319,0.6462864279747009,-0.2984794079310137,0.017751988829148496
4320,0.1690443754196167,-0.2517270295959506,0.018836464803422
4321,-0.14685207605361938,-0.24123953424171748,0.0190833450219203
4322,-0.48952317237854004,-0.2660678980553997,0.01850094427049833
4323,-0.8150365948677063,-0.32096476773663035,0.017240524780116815
4324,-1.5047585368156433,-0.43934414464453164,0.014672483565796798
4325,-0.8490676879882812,-0.4803164989789066,0.013837573802005426
4326,-2.0060670375823975,-0.6328915528392556,0.010998998469196952
4327,-1.1950647830963135,-0.6891088758649614,0.01006476945831998
4328,-0.9802879691123962,-0.7182267851897048,0.00960475671718067
4329,-0.022047698497772217,-0.6486088765205116,0.010731681846934953
4330,-0.45981669425964355,-0.6297296582944248,0.011053349095006713
4331,0.11087635159492493,-0.5556690573054899,0.012381075340365116
4332,-0.3736051321029663,-0.5374626647852375,0.012723377581303132
4333,-0.31417596340179443,-0.5151339946468932,0.013151607607548507
4334,-0.5260223150253296,-0.5162228266847368,0.013130511902483056
4335,-0.28470876812934875,-0.493071420829198,0.013583730574755582
4336,-0.18244022130966187,-0.4620083008772444,0.014207009569341178
4337,-0.31838178634643555,-0.44764564942416357,0.014500954861383334
4338,-0.767900362610817,-0.47967112074282886,0.01385049542070275
4339,-0.46887895464897156,-0.4785919041334431,0.01387211987622673
4340,-0.5491009950637817,-0.48564281322647695,0.01373121618830523
4341,0.36451150476932526,-0.40062738142689674,0.015487858846589365
4342,-0.3452683091163635,-0.3950914741958434,0.015606469409990676
4343,-0.425093412399292,-0.3980916680161882,0.015542126585105932
4344,-0.12996870279312134,-0.3712793714938815,0.016122243535641186
4345,-0.16381824016571045,-0.3505332583610644,0.016578790488743552
4346,-0.13055557012557983,-0.328535489537516,0.01706989410337199
4347,0.19715148210525513,-0.2759667923732389,0.018270795950521213
4348,-0.8052730560302734,-0.32889741873894235,0.017061757227429957
4349,0.3912011384963989,-0.25688756301540827,0.018715448284178315
4350,-0.6208125948905945,-0.2932800662029269,0.017871225415339764
4351,-0.2298080325126648,-0.28693286283390074,0.0180172654082803
4352,-0.22897487878799438,-0.2811370644293101,0.018151071681988557
4353,-0.25282716751098633,-0.2783060747374777,0.018216585237507184
4354,-0.008311092853546143,-0.25130657654908456,0.018846338246058168
4355,-0.33346402645111084,-0.25952232153928717,0.018653782760489915
4356,-0.26189836859703064,-0.2597599262450615,0.018648225754299218
4357,-0.46282094717025757,-0.2800660283375811,0.01817584524512798
4358,-0.046597063541412354,-0.25671913185796424,0.01871939313858519
4359,0.15150651335716248,-0.21589656733645157,0.01968491144768634
4360,-0.591480553150177,-0.2534549659178241,0.018795909427045936
4361,-0.14598411321640015,-0.24270788064768173,0.019048704509239234
4362,-0.5305197238922119,-0.2714890649721347,0.018374753284950165
4363,-1.070841133594513,-0.3514242718343725,0.016559048594286318
4364,-0.29858171939849854,-0.34614001659078514,0.016676303029624816
4365,-0.4920855760574341,-0.36073457253745,0.016353477462332053
4366,-1.2304970026016235,-0.4477108155438673,0.01449961307543527
4367,-0.6564722061157227,-0.4685869546010528,0.014073577653317196
4368,-1.119781494140625,-0.5337064085550101,0.012794770304722461
4369,-0.8929693698883057,-0.5696327046883396,0.01212276291237138
4370,-1.0386094450950623,-0.6165303787290118,0.011282308530012865
4371,-0.2813267707824707,-0.5830100179343577,0.011878756738352677
4372,-0.8933746218681335,-0.6140464783277353,0.011325768860068546
4373,-0.017050474882125854,-0.5543468779831743,0.012405724651020246
4374,0.1489155888557434,-0.4840206312992825,0.013763554611412153
4375,-0.19766968488693237,-0.45538553665804754,0.014342103885773822
4376,0.7403053492307663,-0.3358164480691662,0.01690656522568525
4377,0.44418764114379883,-0.2578160391478697,0.018693708289793606
4378,-0.33233320713043213,-0.26526775594612595,0.018519599852428525
4379,-0.19154667854309082,-0.25789564820582245,0.01869184474068015
4380,-0.11338108777999878,-0.2434441921632401,0.019031342912469412
4381,-0.5503482818603516,-0.27413460113295124,0.018313303022007586
4382,0.017655670642852783,-0.24495557395537085,0.018995724958093856
4383,-0.19190126657485962,-0.23965014321731973,0.019120868300369173
4384,0.12551742792129517,-0.20313338610345824,0.019990380802466668
4385,-1.0221237540245056,-0.28503242289556296,0.01806109310789571
4386,-0.4703735113143921,-0.30356653173744585,0.01763567309742232
4387,-0.203008234500885,-0.29351070201378976,0.017865928699696935
4388,-0.4040236473083496,-0.3045619965432458,0.017612952641348868
4389,0.0819614827632904,-0.2659096486125922,0.01850463329443978
4390,-0.6950361728668213,-0.3088223010380151,0.017515866963659473
4391,-0.10318967700004578,-0.2882590386342182,0.017986708847824173
4392,-0.1774541139602661,-0.27717854616682297,0.01824270611584821
4393,-0.1634576916694641,-0.2658064607170871,0.018507038917292908
4394,-0.6936154961585999,-0.30858736426123834,0.017521214385601298
4395,-0.6067866683006287,-0.3384072946651774,0.01684863118293957
4396,-0.22766423225402832,-0.3273329884240625,0.017096942088036055
4397,-0.3334634304046631,-0.3279460326221226,0.01708315024616401
4398,-1.4509400129318237,-0.4402454306530927,0.01465380353557248
4399,-2.411256432533264,-0.6373465308411097,0.010922746793876979
4400,-2.0606459379196167,-0.7796764715489604,0.008686975753954874
4401,-0.7591134905815125,-0.7776201734522156,0.008716534374823767
4402,-0.8557748794555664,-0.7854356440525506,0.008604610909851342
4403,-0.22352689504623413,-0.729244769151919,0.009434922755394844
4404,-0.04764699935913086,-0.6610849921726403,0.010522874559165469
4405,-0.3598629832267761,-0.6309627912780539,0.011032129600615585
4406,-1.0290989875793457,-0.6707764109081831,0.01036274067798512
4407,-0.3468731641769409,-0.6383860862350589,0.010905008607222098
4408,-0.09258747100830078,-0.5838062247123831,0.011864340818283251
4409,-0.003704965114593506,-0.5257960987526041,0.012945973621248106
4410,0.24418634176254272,-0.44879785470108946,0.014477241515568444
4411,0.7627288401126862,-0.3276451852197119,0.01708991783316249
4412,1.0934465378522873,-0.185536012912512,0.020414100387675747
4413,1.2858772166073322,-0.03839468996052761,0.02404060413650893
4414,1.7132469937205315,0.13676947840757825,0.028398075327889755
4415,1.2345662117004395,0.24654915173686434,0.03104180206869006
4416,-0.486034631729126,0.17329077339026533,0.029289418409817487
4417,-0.003913283348083496,0.15557036771643046,0.028858183863126413
4418,-0.4243568181991577,0.09757764912487164,0.027431728305287135
4419,-0.44039249420166016,0.04378063479221848,0.026093817103307323
4420,0.5814037322998047,0.09754294454297709,0.027430868896586733
4421,-0.1957511305809021,0.06821353703058917,0.026702698310384854
4422,-0.6919019222259521,-0.007798008895064948,0.02480505372909957
4423,-1.6039744019508362,-0.16741564820064203,0.020853278038036355
4424,-0.9132767915725708,-0.2420017625378349,0.01906535988953209
4425,-0.6113119721412659,-0.27893278349817796,0.01820207350111763
4426,-1.2199573516845703,-0.3730352403168172,0.01608390627991862
4427,-1.4584200382232666,-0.48157372010746213,0.013812423383083831
4428,-1.2909101247787476,-0.5625073605745906,0.012254114472993446
4429,-0.19143390655517578,-0.5254000151726492,0.012953575131388124
4430,-2.083073914051056,-0.6811674050604899,0.01019305482473287
4431,-0.5265486240386963,-0.6657055269583105,0.01044630280686363
4432,-0.20313793420791626,-0.6194487676832712,0.011231397197744106
4433,-0.44763368368148804,-0.6022672592830929,0.011533476663107752
4434,-0.010084927082061768,-0.5430490260629898,0.012617687624395439
4435,-0.057748496532440186,-0.49451897310993487,0.0135551071580207
4436,-0.23819968104362488,-0.4688870439033039,0.014067509283770388
4437,-0.3542932868003845,-0.45742766819301195,0.014300365682480899
4438,0.2182268500328064,-0.38986221637043017,0.01571896400769728
4439,0.048705875873565674,-0.34600540714603056,0.016679295348974495
4440,-0.5667291283607483,-0.36807777926750235,0.01619226943247637
4441,0.001641988754272461,-0.3311058024653249,0.017012149015262757
4442,-0.49922603368759155,-0.3479178255875516,0.01663680816787658
4443,-0.040630191564559937,-0.31718906218525245,0.01732592376509241
4444,-0.07367223501205444,-0.29283737946793265,0.017881393983204787
4445,-0.10995370149612427,-0.27454901167075185,0.018303684988764567
4446,-1.025014966726303,-0.34959560717630694,0.016599578520370202
4447,-1.1111482977867126,-0.42575087623734753,0.014955896279490342
4448,-0.5507293939590454,-0.4382487280095173,0.014695205874639123
4449,-0.22010517120361328,-0.41643437232892694,0.015151941555446703
4450,0.07637640833854675,-0.3671532942621796,0.016212519429052063
4451,-0.18538841605186462,-0.34897680644114804,0.01661330471258483
4452,-0.4590246081352234,-0.35998158661055557,0.016370054624578564
4453,-0.4400550127029419,-0.3679889292197942,0.016194215038896145
4454,-0.8220970034599304,-0.4133997366438078,0.015216111484759522
4455,0.0976351797580719,-0.36229624500361984,0.016319124405692078
4456,-0.08857470750808716,-0.3349240912540666,0.01692654180533917
4457,-0.7083938717842102,-0.372271069307081,0.016100585133744547
4458,-0.38836002349853516,-0.3738799647262264,0.01606547983835884
4459,-0.39815229177474976,-0.37630719743107877,0.016012595216352354
4460,0.6746174693107605,-0.27121473075689484,0.018381130439919516
4461,-0.08026766777038574,-0.25212002445824394,0.018827238008203625
4462,-0.028543412685394287,-0.22976236328095898,0.01935492889925364
4463,-0.42554178833961487,-0.24934030578682456,0.01889253900181509
4464,-1.6403709650039673,-0.3884433717085388,0.015749562584411493
4465,-0.22389444708824158,-0.3719884792465091,0.01610675526516127
4466,-1.063018560409546,-0.44109148736281273,0.01463628086175315
4467,-0.8020146787166595,-0.4771838064981974,0.013900365428568817
4468,-0.45628321170806885,-0.47509374701918455,0.013942355848735558
4469,-0.07718026638031006,-0.4353023989552971,0.014756423586119716
4470,0.7209375500679016,-0.31967840405297726,0.017269597413431825
4471,-0.08426403999328613,-0.29613696764700814,0.017805663910955723
4472,0.5566741824150085,-0.21085585264080647,0.019805361336766115
4473,0.7059357464313507,-0.11917669273359079,0.02203460864053497
4474,-0.4494246244430542,-0.1522014859045371,0.021224074727335868
4475,0.23174481093883514,-0.1138068562201999,0.02216704884158263
4476,0.16858109831809998,-0.08556806076636991,0.022866004236537174
4477,0.48178577423095703,-0.028832677266637234,0.024279382745900597
4478,0.1923554539680481,-0.006713864143168706,0.0248321559183249
4479,-0.9301000833511353,-0.09905248606396534,0.022531754882553108
4480,0.10193520784378052,-0.07895371667319076,0.023030248323272166
4481,-1.1979642510414124,-0.1908547701100129,0.020285732150536622
4482,0.350139319896698,-0.13675536110934183,0.021602271084780616
4483,0.1286523938179016,-0.1102145856166175,0.022255738121001525
4484,-0.6642835140228271,-0.16562147845723846,0.020896911168190743
4485,-2.209016740322113,-0.36996100464372583,0.016151059920919884
4486,-0.20836198329925537,-0.35380110250927876,0.016506444077203957
4487,-2.0565946996212006,-0.5240804622204709,0.012978920507546277
4488,-0.37468239665031433,-0.5091406556634552,0.013268115771168605
4489,-0.9782145768404007,-0.5560480477811498,0.012374015905457844
4490,-0.5970708131790161,-0.5601503243209365,0.012297776028681338
4491,-0.27307581901550293,-0.5314428737903931,0.012837918545793157
4492,-0.3831855058670044,-0.5166171369980542,0.013122877666614852
4493,-0.2897195518016815,-0.49392737847841695,0.01356680057491462
4494,-0.42463940382003784,-0.48699858101257903,0.013704225018266082
4495,-0.5940839648246765,-0.4977071193937888,0.013492199575522418
4496,-0.34282824397087097,-0.482219231851497,0.013799521056644563
4497,-0.2095530927181244,-0.4549526179381598,0.014350961465497542
4498,-0.531858891248703,-0.4626432452692141,0.01419409805296517
4499,-0.4925532042980194,-0.46563424117209457,0.014133371890838324
4500,0.042606741189956665,-0.41481014293588947,0.015186268235877976
4501,-1.1490169167518616,-0.48823082031748666,0.013679721770488066
4502,0.21937762200832367,-0.4174699760849056,0.015130077878949676
4503,-0.2874802350997925,-0.4044710019863943,0.015405799702508414
4504,-0.5127571225166321,-0.4152996140394181,0.015175919073003875
4505,0.23125475645065308,-0.350644176990411,0.0165763322545018
4506,0.29432377219200134,-0.2861473820721698,0.018035374439441403
4507,-0.20893102884292603,-0.27842574674924536,0.018213813794163477
4508,-0.3946983218193054,-0.29005300425625136,0.017945410073632005
4509,-0.2660737633705139,-0.28765508016767766,0.01800062190692586
4510,-0.6273815631866455,-0.32162772846957444,0.0172255505054249
4511,-0.5474393665790558,-0.34420889228052254,0.01671925686638772
4512,-0.6690281629562378,-0.37669081934809406,0.016004245278930292
4513,-0.10226893424987793,-0.34924863083827246,0.016607274421482018
4514,-0.3619924783706665,-0.35052301559151183,0.01657901750340047
4515,-1.5089964270591736,-0.466370356738278,0.01411845070585048
4516,-0.1311851143836975,-0.43285183250281994,0.014807453282740038
4517,-0.9932688474655151,-0.48889353399908947,0.013666554917388647
4518,-0.5975982844829559,-0.4997640090474761,0.013451711438211628
4519,0.173750102519989,-0.4324125978907296,0.014816610538939243
4520,-0.18005484342575073,-0.4071768224442317,0.015348176855665172
4521,-1.263994425535202,-0.4928585827533287,0.013587942358205242
4522,-0.2770875096321106,-0.4712814754412069,0.014019146464038283
4523,-0.7881894111633301,-0.5029722690134192,0.013388713041548334
4524,-0.6107051372528076,-0.513745555837358,0.013178539676513765
4525,-0.524764895439148,-0.514847489797537,0.013157162150372185
4526,-1.228147715330124,-0.5861775123507957,0.011821478316086542
4527,0.0852729082107544,-0.5190324702946408,0.01307617687327849
4528,0.023258447647094727,-0.46480337850046727,0.014150225089803951
4529,-0.5980581045150757,-0.4781288511019281,0.013881404526011904
4530,0.535806730389595,-0.3767352929527758,0.016003277412875768
4531,0.042511940002441406,-0.3348105696572541,0.0169290839616358
4532,0.2114274948835373,-0.280186763203175,0.0181730518660656
4533,0.129502534866333,-0.23921783339622416,0.019131079385818952
4534,-0.28652921319007874,-0.2439489713756096,0.019019444174838016
4535,0.07080161571502686,-0.21247391266654597,0.019766669365296106
4536,-0.1928064227104187,-0.21050716367093325,0.0198137028003309
4537,0.1689245104789734,-0.1725639962559426,0.020728218332596526
4538,-0.11267364025115967,-0.16657496065546432,0.020873719837250518
4539,0.21301352977752686,-0.1286161116121652,0.021802210517034876
4540,-0.00795602798461914,-0.1165501032494106,0.02209936952385563
4541,0.32441437244415283,-0.07245365568005427,0.023191821531617276
4542,-0.026252567768096924,-0.06783354688885854,0.023306757621009925
4543,-0.35205286741256714,-0.09625547894122939,0.022601017405836116
4544,0.0422360897064209,-0.08240632207646437,0.02294449269067167
4545,-1.2141840755939484,-0.19558409742821276,0.020171805661647058
4546,-0.23711472749710083,-0.19973716043510156,0.020071932324846248
4547,-0.5350230932235718,-0.2332657537139486,0.019271875857024404
4548,-1.5320684909820557,-0.3631460274407593,0.01630044686315709
4549,-0.09070372581481934,-0.33590179727816527,0.016904655175753975
4550,-0.9129173159599304,-0.39360334914634176,0.015638437995918995
4551,-1.0737887620925903,-0.46162189044096663,0.014214870644163153
4552,-1.2554851472377777,-0.5410082161206478,0.012656230764061978
4553,-0.32648321986198425,-0.5195557164947814,0.01306607399518755
4554,-0.940113365650177,-0.5616114814103209,0.012270697326817372
4555,0.3390577435493469,-0.4715445589143541,0.014013838885854227
4556,0.1235361397266388,-0.4120364890502548,0.015244988216485723
4557,0.16406160593032837,-0.3544266795521965,0.01649261277000314
4558,0.45458197593688965,-0.27352581400328785,0.018327436198250693
4559,0.7177460640668869,-0.1743986261962704,0.02068370572987742
4560,-0.2114858627319336,-0.1781073498498367,0.020593809412551543
4561,0.5613321512937546,-0.10416339973547759,0.02240529243005524
4562,0.11219912767410278,-0.08252714699451956,0.022941492517483612
4563,-0.15991926193237305,-0.09026635848830492,0.022749450224846146
4564,-0.3191067576408386,-0.11315039840355828,0.022183250750871134
4565,-0.1122884750366211,-0.11306420606686457,0.022185378225680587
4566,-0.2943613529205322,-0.13119392075223135,0.021738840736286083
4567,-0.4020223319530487,-0.1582767618723131,0.021075795469226014
4568,-0.5371931791305542,-0.1961684035981372,0.020157744436958235
4569,-0.6235592365264893,-0.2389074868909724,0.01913841099652037
4570,0.1043592095375061,-0.20458081724812455,0.019955658124925856
4571,-0.11674743890762329,-0.19579747941407444,0.0201666702935369
4572,-0.009872734546661377,-0.17720500492733315,0.020615670762846598
4573,-0.9613386690616608,-0.2556183713407659,0.01874518244784971
4574,-0.7148443460464478,-0.3015409688113341,0.01768194559765272
4575,-0.2195860743522644,-0.2933454793654271,0.01786972308467948
4576,0.2792685031890869,-0.2360840811099757,0.019205159861962494
4577,-0.16912800073623657,-0.2293884730726018,0.019363800315228247
4578,-0.204198956489563,-0.22686952141429792,0.019423607188081487
4579,-0.07642662525177002,-0.21182523179804513,0.019782177854372102
4580,-0.28142470121383667,-0.21878517873962428,0.01961600282315511
4581,-0.19933286309242249,-0.2168399471749041,0.019662397499427622
4582,0.29536116123199463,-0.16561983633421423,0.020896951115449272
4583,-0.16072100400924683,-0.1651299531017175,0.02090886926596704
4584,-0.5908673405647278,-0.2077036918480185,0.019880812174562865
4585,-0.42830246686935425,-0.22976356935015207,0.01935490028487558
4586,-1.5682968497276306,-0.36361689738789993,0.016290102269656766
4587,-0.5939168632030487,-0.38664689396941476,0.015788351243503664
4588,-1.1341619789600372,-0.461398402468477,0.014219418445835866
4589,-0.4329289197921753,-0.45855145420084686,0.014277428212672786
4590,-0.9018341600894928,-0.5028797247897114,0.013390527645294692
4591,-1.1260092854499817,-0.5651926808557384,0.012204499538903851
4592,-0.7542365789413452,-0.5840970706642991,0.011859077840810217
4593,-0.9255716502666473,-0.6182445286245338,0.01125238536700479
4594,-0.5333550572395325,-0.6097555814860336,0.011401124412543276
4595,-0.22981694340705872,-0.5717617176781361,0.012083702074869572
4596,-1.3734758496284485,-0.6519331308731673,0.010675752526627596
4597,-0.8763985633850098,-0.6743796741243515,0.010303663859781771
4598,-0.1999683976173401,-0.6269385464736504,0.011101485854917187
4599,0.17162716388702393,-0.5470819754375831,0.012541749526964569
4600,-0.7440700531005859,-0.5667807832038834,0.012175221274457524
4601,-1.5137618780136108,-0.6614788926848562,0.01051633079894589
4602,-0.1636926531791687,-0.6117002687342874,0.011366928642677064
4603,-0.3015545606613159,-0.5806856979269902,0.01192090923484006
4604,-0.6125098466873169,-0.5838681128030229,0.011863220793005313
4605,-0.3656688928604126,-0.5620481908087618,0.01226261188110701
4606,0.3910427689552307,-0.46673909483236253,0.014110979916187871
4607,0.40336382389068604,-0.3797288029600577,0.01593820187089396
4608,-1.202967494726181,-0.46205267213667,0.01420610705505559
4609,-0.5346121788024902,-0.46930862280325203,0.01405898685643852
4610,-0.5220468640327454,-0.4745824469262014,0.013952639978876398
4611,-0.3486752510070801,-0.4619917273342893,0.014207346685146364
4612,-1.0885378122329712,-0.5246463358241574,0.012968047520326218
4613,-1.0565533638000488,-0.5778370386217466,0.01197271081358965
4614,-0.8315292000770569,-0.6032062547672776,0.011516821575026934
4615,-0.12316581606864929,-0.5552022108974147,0.012389774976245455
4616,-0.5346531867980957,-0.5531473084874828,0.012428116583659546
4617,-0.5579270124435425,-0.5536252788830888,0.012419191241648746
4618,-0.5003114938735962,-0.5482939003821395,0.012518989178453255
4619,0.306388258934021,-0.46282568445052347,0.014190389484726779
4620,0.8048966825008392,-0.3360534477553872,0.016901261614677445
4621,0.5521585643291473,-0.24723224654693376,0.018942120628244574
4622,0.2612350583076477,-0.19638551606147564,0.020152520474386933
4623,-0.05909091234207153,-0.18265605568953525,0.02048371322663871
4624,-0.42370492219924927,-0.20676094234050665,0.019903397034530968
4625,0.13708925247192383,-0.1723759228592636,0.020732783034726466
4626,0.20276662707328796,-0.13486166786600845,0.021648750848466777
4627,-0.40921783447265625,-0.16229728452667322,0.020977821304130277
4628,-0.2549775242805481,-0.1715653085020607,0.020752460688366628
4629,0.07545095682144165,-0.14686368196971045,0.021354579626654463
4630,0.04542136192321777,-0.12763517758041765,0.0218263356514712
4631,-0.7935161888599396,-0.19422327870836983,0.02020456581230102
4632,-0.8762048780918121,-0.2624214386467141,0.018586025304435285
4633,-0.7684787511825562,-0.3130271699002983,0.017420287086775864
4634,-1.0493997633457184,-0.38666442924484024,0.015787972381928025
4635,-0.5633642077445984,-0.40433440709481605,0.015408711792258667
4636,0.3415811359882355,-0.32974285278651094,0.017042757505926372
4637,-0.31893715262413025,-0.3286622827702729,0.017067043330933198
4638,-0.042507052421569824,-0.30004675973540257,0.017716114914228354
4639,-0.05930519104003906,-0.2759726028658662,0.01827066121288884
4640,0.03228828310966492,-0.2451465142683131,0.01899122700259726
4641,-0.5641926527023315,-0.27705112811171495,0.018245658947367845
4642,0.20253807306289673,-0.22909220799425378,0.019370830956464198
4643,-0.8745715618133545,-0.29364014337616384,0.017862956292035624
4644,-0.12315443158149719,-0.27659157219669717,0.018256310548717163
4645,-0.07293865084648132,-0.2562262800616756,0.018730938220304576
4646,-0.1265973150730133,-0.24326338356280935,0.019035605660148572
4647,-0.4223858118057251,-0.2611756263871009,0.018615129836005145
4648,-0.5542747676372528,-0.29048554051211606,0.017935458927848823
4649,-0.23476579785346985,-0.2849135662462514,0.018063835704155273
4650,-1.1677567958831787,-0.3731978892099441,0.016080357465667952
4651,-0.7648525536060333,-0.412363355649553,0.01523806162354812
4652,-1.2321290373802185,-0.4943399238226195,0.013558645565268139
4653,-0.511162519454956,-0.49602218338585313,0.013525423305139818
4654,-0.2987534701824188,-0.4762953120655097,0.01391820625486463
4655,-0.5653731822967529,-0.485203099088634,0.013739977285065859
4656,-0.0856282114982605,-0.44524561032959664,0.014550423356823248
4657,0.3962230980396271,-0.3610987394926743,0.016345463337317317
4658,-0.8057436048984528,-0.4055632260332521,0.015382525377515877
4659,-0.22498291730880737,-0.38750519516080767,0.01576981280894381
4660,-0.030803263187408447,-0.35183500196346773,0.016549952178336744
4661,0.033978283405303955,-0.3132536734265906,0.017415145375461807
4662,-0.35197311639785767,-0.3171256177237173,0.017327360451165105
4663,-0.8174412250518799,-0.36715717845653356,0.016212434321780152
4664,0.18101510405540466,-0.3123399502053397,0.017435891540840583
4665,-0.055780649185180664,-0.28668402010332383,0.01802300154636037
4666,-0.23831534385681152,-0.2818471524786726,0.018134655024377375
4667,-1.0806972980499268,-0.36173216703579797,0.01633152848062958
4668,-0.42095887660980225,-0.36765483799319837,0.01620153193826778
4669,-0.11118447780609131,-0.34200780197448766,0.016768282575144556
4670,-1.2029143571853638,-0.42809845749557524,0.014906726551312036
4671,-0.04393970966339111,-0.3896825827123568,0.015722836178636245
4672,-0.6884349584579468,-0.4195578202869158,0.015086053649918333
4673,-0.04040968418121338,-0.3816430066763456,0.01589666313445607
4674,-0.2599310874938965,-0.3694718147581007,0.016161759303916907
4675,0.513157069683075,-0.28120892631398314,0.01814941000295967
4676,0.5800051689147949,-0.19508751679110534,0.020183758282092908
4677,0.37303924560546875,-0.13827484055144793,0.021564993494627545
4678,0.1813867688179016,-0.10630867961451297,0.02235225004910358
4679,0.5048176050186157,-0.045196051151200116,0.02387086743652231
4680,-0.0452176034450531,-0.045198206380585415,0.02387081366570447
4681,0.5141994059085846,0.010741554848331572,0.025268528543590386
4682,0.061615049839019775,0.01582890434740039,0.025395689562008092
4683,-0.14611756801605225,-0.0003657428889448696,0.024990856428184084
4684,0.2772425413131714,0.02739508553126675,0.02568470585838886
4685,-1.3012508153915405,-0.10546950456101395,0.022372995940257122
4686,0.08959805965423584,-0.08596274813948898,0.02285620927798612
4687,0.3969024419784546,-0.03767622912769464,0.024058539696738927
4688,0.524867832660675,0.01857817705114232,0.025464400998380095
4689,0.22433912754058838,0.03915427210008692,0.025978356894622762
4690,0.3566889762878418,0.0709077425188624,0.026769728545943023
4691,0.19917765259742737,0.08373473352671888,0.02708848946639815
4692,-0.17595741152763367,0.057765519021283636,0.026442533823528732
4693,0.18536633253097534,0.0705256003722528,0.02676022260942816
4694,-0.884353518486023,-0.024962311513574753,0.024376071800199378
4695,0.45336657762527466,0.022870577400310173,0.02557166476619485
4696,-0.09133613109588623,0.011449906550690534,0.02528623515536595
4697,-1.519887924194336,-0.14168387652381206,0.02148141603236357
4698,0.2929454445838928,-0.09822094441304158,0.02255234247142837
4699,-1.5028390884399414,-0.23868275881573153,0.019143720627762647
4700,1.1775030195713043,-0.09706418097702799,0.022580987580680962
4701,0.7031360864639282,-0.017044154232932388,0.024573937400892913
4702,-0.01962059736251831,-0.01730179854589098,0.024567498192285445
4703,0.19841980934143066,0.004270362242841183,0.025106758407123276
4704,0.6022446751594543,0.06406779353450248,0.02659950694778314
4705,0.37326353788375854,0.09498736796942808,0.02736756793905681
4706,0.11625039577484131,0.0971136707499694,0.027420238073956382
4707,0.2593209147453308,0.11333439514950555,0.02782129067980923
4708,0.6645654141902924,0.1684574970535842,0.029172047201392368
4709,0.4423218071460724,0.19584392806283302,0.029834447509026682
4710,-0.13712972402572632,0.1625465628539771,0.02902824909826093
4711,-0.1128150224685669,0.13501040432172268,0.02835490067249756
4712,0.043485432863235474,0.12585790717587397,0.028129938806204253
4713,-0.10127776861190796,0.10314433959709579,0.02756950284258959
4714,-0.012843489646911621,0.09154555667269505,0.02728226689581116
4715,0.12542355060577393,0.09493335606600295,0.027366229744912807
4716,0.07672274112701416,0.09311229457210407,0.027321103327449088
4717,-0.01013803482055664,0.082787261632838,0.027064966121055342
4718,-0.25021228194236755,0.04948730727531745,0.026236173719432807
4719,-1.0787400007247925,-0.06333542352469351,0.023418728205174977
4720,-0.5952058434486389,-0.11652246551708803,0.02210005116797316
4721,-0.06820869445800781,-0.11169108841118001,0.022219276267362864
4722,-0.2905471920967102,-0.12957669877973302,0.021778591660267084
4723,-0.566873773932457,-0.1733064062950054,0.020710202273843004
4724,-0.35129743814468384,-0.19110550947997323,0.02027968685274208
4725,-0.5156478881835938,-0.2235597473503353,0.01950229249275768
4726,-0.155807226896286,-0.21678449530493035,0.019663720618888256
4727,-0.1490699052810669,-0.210013036302544,0.01982552556033527
4728,-0.8083600997924805,-0.26984774265153766,0.018412921149317082
4729,-0.621200680732727,-0.30498303645965663,0.017603346859198076
4730,-0.7903765439987183,-0.35352238721356277,0.016512608276788854
4731,-0.3656855821609497,-0.35473870670830143,0.016485716150190698
4732,0.03801816701889038,-0.31546301933558224,0.017365029550596284
4733,0.4467587023973465,-0.23924084716228938,0.019130535752261774
4734,0.268738716840744,-0.18844289076198606,0.020343911386643876
4735,-0.23636004328727722,-0.1932346060145152,0.02022837770951945
4736,0.0437142550945282,-0.16953971990361086,0.020801655472888023
4737,0.2434396743774414,-0.12824178047550563,0.021811416121521973
4738,0.33679651468992233,-0.08173795095896284,0.02296108992054877
4739,0.12562328577041626,-0.061001827286024934,0.023476843184663098
4740,0.477823406457901,-0.007119303911632353,0.024822020409133852
4741,-0.14604192972183228,-0.021011566492652345,0.024474788126625756
4742,0.23342400789260864,0.004431990945873751,0.02511079904818941
4743,0.4505709856748581,0.04904589041877217,0.02622516504006442
4744,0.5742206126451492,0.10156336264140986,0.02753038962186384
4745,-0.21993672847747803,0.06941335352952108,0.026732552129533918
4746,-1.2546614408493042,-0.06299412590836143,0.023427226693211206
4747,-0.2447584867477417,-0.08117056199229945,0.022975180946314656
4748,-1.264175832271576,-0.1994710890202271,0.020078325974576365
4749,-0.24603486061096191,-0.20412746617930058,0.01996653146783449
4750,-0.09765782952308655,-0.19348050251367918,0.020222454521743052
4751,-0.6609151363372803,-0.24022396589603928,0.01910731791205393
4752,-0.22769129276275635,-0.238970698582711,0.01913691760002501
4753,-0.3935964107513428,-0.2544332697995742,0.01877296363369703
4754,-0.3069635033607483,-0.25968629315569164,0.01864994778456029
4755,-0.37767738103866577,-0.27148540194398907,0.01837483842935369
4756,-0.8204970955848694,-0.3263865713080771,0.01711824441779418
4757,-0.32972580194473267,-0.3267204943717426,0.017110726892588482
4758,-0.3462909460067749,-0.3286775395352458,0.01706670031889771
4759,-0.7626196146011353,-0.3720717470418347,0.01610493704947692
4760,-1.0472245514392853,-0.43958702748157974,0.014667448212169563
4761,0.28282904624938965,-0.3673454201084828,0.016208310004108197
4762,-0.12949037551879883,-0.34355991564951444,0.016733704354319156
4763,-0.06724929809570312,-0.3159288538941333,0.017354471380998947
4764,-0.4276984930038452,-0.3271058178051045,0.017102054172691637
4765,-0.2590720057487488,-0.32030243659946894,0.017255490989125915
4766,0.45663246512413025,-0.24260894642710903,0.019051037757932834
4767,-0.20001530647277832,-0.23834958243167598,0.01915159358673477
4768,-0.7657790780067444,-0.29109253198918283,0.01792149828015828
4769,0.04789730906486511,-0.2571935478837781,0.0187082826159891
4770,-0.5320781469345093,-0.28468200778885117,0.018069179394230583
4771,-0.37654075026512146,-0.2938678820364782,0.017857727182134617
4772,-1.198177546262741,-0.38429884845910445,0.015839126530891423
4773,-1.0653460323810577,-0.4524035668512998,0.01440318162823266
4774,-0.4031762480735779,-0.4474808349735276,0.014504348757991331
4775,-0.16405439376831055,-0.41913819085300585,0.015094896103178027
4776,-0.49477076530456543,-0.4267014482981618,0.014935975493048035
4777,-0.11406704783439636,-0.39543800825178527,0.015599030132197484
4778,-0.5540828704833984,-0.4113024944749466,0.015260548650225365
4779,0.19612997770309448,-0.3505592472571425,0.016578214493326426
4780,-0.5420753955841064,-0.3697108620898389,0.016156530485110603
4781,-0.636540412902832,-0.3963938171711382,0.015578521194997395
4782,-0.4939638376235962,-0.406150819216384,0.015370012374385941
4783,-0.9430383741855621,-0.45983957471330184,0.014251163716265761
4784,0.3005133271217346,-0.3838042845297982,0.015849832384521194
4785,0.4796006679534912,-0.2974637892814693,0.01777525197035425
4786,-0.1074264645576477,-0.2784600568090872,0.018213019252386234
4787,-0.5885752439498901,-0.30947157552316745,0.017501092668211718
4788,0.319233238697052,-0.2466010941011455,0.018956975230410927
4789,-0.5697422027587891,-0.27891520496690986,0.018202480472918427
4790,-0.18685726821422577,-0.26970941129164144,0.01841613946485706
4791,0.1526172161102295,-0.22747674855145433,0.019409183762223833
4792,0.31772834062576294,-0.17295623963373263,0.020718699194789646
4793,-0.006071120500564575,-0.15626772772041583,0.021124799195326102
4794,-0.11157798767089844,-0.15179875371546409,0.021233913950059455
4795,0.2542112171649933,-0.11119775662741835,0.022231457643364195
4796,-0.08900347352027893,-0.10897832831670441,0.022286276273281374
4797,-0.2778211236000061,-0.12586260784503459,0.021869945519142207
4798,-0.8402212560176849,-0.1972984726622996,0.020130558561476813
4799,-0.5266323089599609,-0.23023185629206575,0.019343791205649295
4800,-0.07161915302276611,-0.21437058596513578,0.01972134840579258
4801,0.1987193524837494,-0.17306159212024727,0.020716142671250826
4802,0.22846941649913788,-0.13290849125830878,0.02169671532591069
4803,0.019192814826965332,-0.11769836064978137,0.022071053315533464
4804,0.3645942807197571,-0.06946909651282754,0.023266060994273263
4805,-0.1884050965309143,-0.0813626965146362,0.02297040916680421
4806,-0.3031197190284729,-0.10353839876601986,0.022420750142041156
4807,-0.7113355994224548,-0.16431811883166333,0.020928624224685107
4808,-0.7862250506877899,-0.22650881201727596,0.019432176945104712
4809,-0.11382359266281128,-0.2152402900818295,0.019700578965178444
4810,-0.8519097566604614,-0.27890723673969264,0.01820266495171566
4811,-0.2848481833934784,-0.2795013314050712,0.018188912784475257
4812,-1.1961346864700317,-0.37116466691156724,0.016124749636621822
4813,-0.6377317607402802,-0.39782137629443853,0.01554791735155842
4814,-0.6672490239143372,-0.4247641410564284,0.014976591023962933
4815,-0.888729989528656,-0.47116072590365116,0.014021582936652408
4816,-2.0439631640911102,-0.628440969722397,0.011075555797056446
4817,-0.11491149663925171,-0.5770880224140825,0.011986356912864019
4818,-0.44229865074157715,-0.563609085246832,0.012233742149279412
4819,-0.571773111820221,-0.5644254879041708,0.012218660578969604
4820,0.05982044339179993,-0.5020008947745737,0.013407767483940453
4821,-0.7443320453166962,-0.5262340098287859,0.012937572749997664
4822,-0.2456149458885193,-0.4981721034347592,0.01348304003926025
4823,-0.7320622205734253,-0.5215611151486258,0.01302740034456692
4824,-0.5532975792884827,-0.5247347615626115,0.012966348997423376
4825,-0.16851982474327087,-0.4891132678806774,0.013662190971245148
4826,-0.3416709303855896,-0.4743690341311686,0.01395693387218513
4827,-0.7310874164104462,-0.5000408723590963,0.01344626748432435
4828,-0.8880221545696259,-0.5388390005801493,0.01269728424180529
4829,-0.30959925055503845,-0.5159150255776382,0.013136473221892967
4830,0.1531274914741516,-0.4490107738724593,0.014472861977203898
4831,0.3918793722987175,-0.36492175925534165,0.0162614533571328
4832,-0.8259013891220093,-0.4110197222420084,0.01526654570049581
4833,-0.1697075068950653,-0.3868885007073141,0.015783131596325765
4834,0.409707248210907,-0.307228925815492,0.01755214867886222
4835,-1.08452570438385,-0.38495860367232776,0.015824850812487933
4836,-0.7073355913162231,-0.41719630243671724,0.015135853943380252
4837,-0.7402876615524292,-0.44950543834828843,0.014462690246121174
4838,-0.288543701171875,-0.4334092646306471,0.014795836541386538
4839,-0.31122344732284546,-0.42119068289986694,0.015051673899970267
4840,-0.8883066773414612,-0.46790228234402637,0.01408742897185812
4841,0.12113624811172485,-0.4089984292984512,0.01530945182887775
4842,-0.09383568167686462,-0.3774821545362926,0.015987028313070747
4843,-0.8569387197494507,-0.42542781105760835,0.014962670103407126
4844,-0.5055575370788574,-0.43344078365973326,0.014795179850803426
4845,-0.010065674781799316,-0.3911032727719399,0.015692225996672426
4846,-0.3154911994934082,-0.38354206544408675,0.015855510228789668
4847,-0.17519953846931458,-0.3627078127466095,0.01631007709589767
4848,-0.9106423854827881,-0.41750127002022736,0.015129417479128278
4849,-0.8505027294158936,-0.46080141595979396,0.014231570942284808
4850,0.04157945513725281,-0.4105633288500893,0.015276227704211307
4851,-0.4661020040512085,-0.41611719637020117,0.015158641348316305
4852,-0.15668511390686035,-0.3901739881238671,0.01571224470297516
4853,-0.8789577782154083,-0.4390523671330212,0.014678533921168996
4854,-0.49755311012268066,-0.44490244143198715,0.014557504720120067
4855,-0.25118905305862427,-0.4255311025946509,0.014960504161407862
4856,-0.21690471470355988,-0.4046684638055418,0.01540159052004127
4857,-0.2328045517206192,-0.38748207259704953,0.015770312078973402
4858,-0.5582441687583923,-0.4045582822131838,0.015403939120348634
4859,-0.18804630637168884,-0.3829070846290343,0.01586926401497787
4860,-0.32440392673015594,-0.3770567688391464,0.015996282148645163
4861,-0.015580087900161743,-0.34090910074524794,0.016792780987449143
4862,-0.3905361294746399,-0.34587180361818715,0.01668226557229125
4863,-0.24609500169754028,-0.33589412342612246,0.01690482690636641
4864,-0.14428746700286865,-0.3167334577837971,0.017336242069386745
4865,-0.05679407715797424,-0.2907395197212148,0.017929616888168364
4866,0.010557383298873901,-0.26060982941920596,0.018628354045710678
4867,0.19549565017223358,-0.21499928146006203,0.019706333736484824
4868,0.26304464042186737,-0.1671948892718691,0.020858645367037097
4869,-0.5214739739894867,-0.20262279774363084,0.020002634209264476
4870,0.1522015929222107,-0.1671403586770467,0.020859971234110476
4871,-0.08334735035896301,-0.15876105784523833,0.021063987282805285
4872,0.23852592706680298,-0.11903235935403421,0.02203816626781846
4873,-0.8971152901649475,-0.19684065243512552,0.020141570824946272
4874,-0.46607041358947754,-0.22376362855056073,0.019497442170925056
4875,-0.6728723645210266,-0.2686745021476073,0.01844022433178412
4876,-0.6799804270267487,-0.3098050946355214,0.01749350564906164
4877,-1.5414838790893555,-0.43297297308090477,0.014804928295144125
4878,0.0796583890914917,-0.38170983686366516,0.015895213945730083
4879,-0.03464516997337341,-0.347003370174636,0.016657117370960536
4880,-0.37848103046417236,-0.3501511362035896,0.0165872606777669
4881,0.4358622580766678,-0.2715497967755639,0.01837334164279966
4882,0.01771843433380127,-0.24262297366462737,0.019050706935141735
4883,0.011749416589736938,-0.21718573463919094,0.01965414748162425
4884,0.5654900521039963,-0.13891815596487223,0.021549215632183084
4885,-0.3409067392349243,-0.1591170142918774,0.021055309440212274
4886,0.14636510610580444,-0.12856880225210923,0.021803373906924443
4887,-0.08687466382980347,-0.12439938840987866,0.021905959156414207
4888,-0.22037386894226074,-0.13399683646311686,0.021669985577607728
4889,-0.8741668611764908,-0.20801383893445424,0.019873384079007867
4890,-0.10381066799163818,-0.19759352184017265,0.020123462581904922
4891,-0.5884184241294861,-0.236676012069104,0.019191158596416673
4892,0.2662729546427727,-0.18638111539791635,0.02039368691121882
4893,-0.4687727391719818,-0.2146202777753229,0.019715384723204277
4894,0.04678136110305786,-0.1884801138874848,0.020343013093379783
4895,-0.7647057175636292,-0.24610267425509924,0.018968709084472575
4896,-0.602293074131012,-0.2817217142426905,0.01813755458912067
4897,-0.3490527868270874,-0.2884548215011302,0.017982199716888605
4898,-0.19295451045036316,-0.27890479039605354,0.01820272158913297
4899,-0.3546833097934723,-0.2864826423357954,0.01802764414063587
4900,-0.023465067148208618,-0.2601808848170367,0.018638382186934598
4901,-0.42558395862579346,-0.27672119219791236,0.01825330594471172
4902,0.2281438112258911,-0.22623469185553202,0.019438690430467278
4903,-0.1152234673500061,-0.21513356940497944,0.01970312715457994
4904,-0.1789054274559021,-0.2115107552100717,0.019789697788990424
4905,0.33919450640678406,-0.15644022904838614,0.021120590394056612
4906,0.30430129170417786,-0.11036607697312976,0.022251996534431426
4907,0.3261333107948303,-0.06671613819633376,0.023334566783848352
4908,-0.3344157338142395,-0.09348609775812433,0.02266963246974552
4909,0.04750989377498627,-0.07938649860481327,0.023019496308684703
4910,-0.5393426418304443,-0.12538211292737636,0.021881770301559536
4911,0.04213038086891174,-0.10863086354774755,0.02229486086260143
4912,-0.2926577925682068,-0.12703355644979347,0.021841134923606995
4913,0.36953991651535034,-0.0773762091532791,0.023069446026488683
4914,0.5638307332992554,-0.013255514908025665,0.024668631535176705
4915,0.28453922271728516,0.016523958854505413,0.02541306137778662
4916,0.5310438871383667,0.06797595168289153,0.026696786133258207
4917,-0.5049047619104385,0.010687880323558538,0.025267186834512418
4918,-0.564892590045929,-0.0468701667133902,0.02382910312026441
4919,-0.28847090899944305,-0.07103024094199548,0.023227224366221072
4920,-0.22439071536064148,-0.08636628838386007,0.022846195303180574
4921,-0.19168972969055176,-0.09689863251452924,0.02258508760880754
4922,-0.27903735637664795,-0.1151125049007411,0.022134831554741066
4923,-0.6046003699302673,-0.16406129140369372,0.020934874883792344
4924,-0.4820384979248047,-0.1958590120558048,0.02016518949386047
4925,-0.8145352602005005,-0.25772663687027436,0.018695801175232344
4926,-0.4278249144554138,-0.2747364646287883,0.01829933510365612
4927,-0.7792459428310394,-0.3251874124490134,0.017145253818199445
4928,0.027799159288406372,-0.2898887552752714,0.017949189504561102
4929,-0.04285174608230591,-0.26518505435597484,0.018521528509453735
4930,0.1132013201713562,-0.22734641690324175,0.019412279191399883
4931,-0.16015371680259705,-0.2206271468931773,0.019572106838477682
4932,-0.44817280769348145,-0.2433817129732077,0.01903281588167563
4933,0.015420317649841309,-0.2175015099109028,0.019646614579516095
4934,-0.03902515769004822,-0.19965387468881735,0.020073933594745574
4935,0.28026649355888367,-0.15166183786404724,0.021237259238008004
4936,-0.059093087911605835,-0.1424049628688031,0.02146374776437151
4937,0.3702557384967804,-0.09113889273224476,0.022727815348139002
4938,-0.22633394598960876,-0.10465839805798116,0.02239305140506977
4939,-0.15115591883659363,-0.10930815013584241,0.022278128176041294
4940,-0.31661662459373474,-0.13003899758163165,0.021767226767746548
4941,-0.10111993551254272,-0.12714709137472277,0.021838341906568987
4942,-0.6297417879104614,-0.1774065610282966,0.020610787008236448
4943,-0.07938265800476074,-0.16760417072594302,0.020848694786354524
4944,-0.866719126701355,-0.2375156663234842,0.019171304404208334
4945,-0.2276424765586853,-0.2365283473470043,0.019194651030377523
4946,0.12551385164260864,-0.200324127448043,0.020057829982584086
4947,0.4443552792072296,-0.13585618678251576,0.021624337910760502
4948,-0.06757080554962158,-0.12902764865922633,0.021792090956896104
4949,-0.5664654970169067,-0.17277143349499435,0.020723183993708632
4950,0.1998053789138794,-0.135513752254107,0.02163274307932509
4951,-0.033881187438964844,-0.1253504957725928,0.021882548436502867
4952,-0.12377768754959106,-0.12519321495029262,0.0218864193915744
4953,-0.39681386947631836,-0.1523552804028952,0.021220317661867494
4954,0.1042596697807312,-0.12669378538453258,0.021849493943531067
4955,-0.11036920547485352,-0.12506132739356468,0.021889665491047365
4956,-0.1800328493118286,-0.13055847958539107,0.02175445773713116
4957,0.18812870979309082,-0.0986897606475429,0.022540734946838187
4958,-0.10819453001022339,-0.09964023758381095,0.022517205169322527
4959,-0.7866618037223816,-0.168342394197668,0.020830750284618504
4960,-0.24810612201690674,-0.17631876697959187,0.020637148621269027
4961,0.04862937331199646,-0.15382395295043305,0.021184448096770447
4962,-0.12235653400421143,-0.1506772110558109,0.02126132084382578
4963,-0.17359280586242676,-0.15296877053647248,0.02120533237308928
4964,-0.3078547418117523,-0.16845736766400046,0.02082795594326121
4965,-1.2705265879631042,-0.27866428969391077,0.01820828999659944
4966,-0.033869385719299316,-0.25418479929644966,0.01877879036925902
4967,-0.7220702767372131,-0.300973347040526,0.017694922361848203
4968,-0.4097751975059509,-0.3118535320870685,0.01744694038817466
4969,-0.018359839916229248,-0.2825041628699846,0.018119471180133753
4970,0.19916564226150513,-0.23433718235683565,0.01924650258278968
4971,-0.39526480436325073,-0.25042994455747714,0.018866930647663614
4972,0.1358286738395691,-0.2118040827177725,0.01978268355169756
4973,-0.44352421164512634,-0.2349760956105079,0.019231377968402404
4974,-0.10929840803146362,-0.22240832685260345,0.01952969287344812
4975,0.21859103441238403,-0.17830839072610472,0.02058893968770758
4976,-0.05051986873149872,-0.16552953852664412,0.02089914778660662
4977,-0.16203522682189941,-0.16518010735616964,0.02090764899759592
4978,-0.21021538972854614,-0.1696836355934073,0.020798159132042873
4979,-0.2242802381515503,-0.1751432958492216,0.020665646253399936
4980,0.05035284161567688,-0.15259368210273175,0.021214494061637505
4981,0.38096511363983154,-0.09923780252847542,0.022527167214580368
4982,0.42325110733509064,-0.04698891154211882,0.02382614102799789
4983,0.21251124143600464,-0.021038896244306483,0.02447410518478045
4984,-0.13452547788619995,-0.032387554408495826,0.0241905941297542
4985,0.31116336584091187,0.001967537616444935,0.025049188376938387
4986,0.22199293971061707,0.023970077825862142,0.025599137202359786
4987,0.15268570184707642,0.036841640227983564,0.0259206245201835
4988,-0.06603872776031494,0.026553603429153715,0.02566368410653229
4989,-0.38271409273147583,-0.014373166186909231,0.024640695587635257
4990,-0.5916314125061035,-0.07209899081882865,0.02320064199583617
4991,-0.1787567138671875,-0.08276476312366453,0.02293559250528973
4992,-0.1887119710445404,-0.0933594839157521,0.022672770349191903
4993,-0.8643118143081665,-0.17045471695499353,0.02077942908115229
4994,0.05276399850845337,-0.14813284540864885,0.021323530944458973
4995,-0.7012239694595337,-0.2034419578137373,0.019982976727898602
4996,-1.0984740257263184,-0.2929451646049954,0.017878917909321165
4997,-0.06805992126464844,-0.2704566402709607,0.018398757776027803
4998,0.17686861753463745,-0.22572411449040092,0.019450824592907055
