step,task_id,gap,gap_ema,mu,best_mem
6,0,0.05000002384185791,0.00500000238418579,0.025208328610270603,0.5
7,0,0.08749998807907104,0.013250000953674314,0.025551993645062606,0.5625
8,0,0.0,0.011925000858306884,0.025496809621621597,0.5625
9,0,0.05000002384185791,0.015732503156661984,0.02565537077553583,0.5625
10,0,0.08125002384185791,0.022284255225181574,0.02592808393716217,0.5625
11,0,0.0,0.020055829702663418,0.025835348476075305,0.5625
12,0,0.0625,0.024300246732397075,0.026011957042262914,0.5625
13,0,0.03125,0.024995222059157367,0.026040865532929676,0.5625
14,0,0.046875,0.02718319985324163,0.02613185902533005,0.5625
15,0,0.17500002384185792,0.04196488225210325,0.026745691158977486,0.5625
16,0,0.0,0.03776839402689293,0.026571607870962244,0.5625
17,0,0.046875,0.03867905462420364,0.026609398475279107,0.5625
18,0,0.15625,0.05043614916178327,0.027096570330159553,0.5625
19,0,0.0625,0.05164253424560494,0.027146474373686242,0.5625
20,0,0.03125,0.049603280821044454,0.027062107557048687,0.5625
21,0,0.21249998807907106,0.06589295154684711,0.027734554854920202,0.5625
22,0,0.1375,0.07305365639216241,0.028028949520419583,0.5625
23,0,0.1375,0.07949829075294616,0.028293180161962778,0.5625
24,0,0.3625000238418579,0.10779846406183734,0.029443890188920147,0.5625
25,0,0.140625,0.1110811176556536,0.029576215655071843,0.5625
26,0,0.08125002384185791,0.10809800827427403,0.029455975761124575,0.5625
27,0,0.078125,0.10510070744684663,0.02933494904306956,0.5625
28,0,0.0625,0.10084063670216198,0.02916257372782389,0.5625
29,0,0.14375002384185792,0.10513157541613158,0.029336196526381073,0.5625
30,0,0.0,0.09461841787451843,0.02891007517391474,0.5625
31,0,0.03125,0.08828157608706659,0.028652082329904183,0.5625
32,0,0.23750002384185792,0.10320342086254572,0.02925823051882221,0.5625
33,0,0.4250000238418579,0.13538308116047693,0.030547139714104412,0.5625
34,0,0.0,0.12184477304442924,0.03000820906254801,0.578125
35,0,0.09687502384185791,0.1193477981241721,0.029908260993319453,0.578125
36,0,0.22812498807907106,0.130225517119662,0.030342435963677097,0.578125
37,0,0.0,0.11720296540769579,0.02982227773242331,0.671875
38,0,0.10312498807907104,0.11579516767483332,0.029765776521498494,0.671875
39,0,0.0,0.10421565090735,0.029299171348088616,0.703125
40,0,0.015625011920928952,0.09535658700870789,0.0289400740578261,0.734375
41,0,1.1920928952302567e-08,0.08582092949993,0.028551683761569677,0.75
42,0,0.0,0.077238836549937,0.02820062435253949,0.796875
43,0,0.11562497615814209,0.08107745051075751,0.028357814191277697,0.796875
44,0,0.0,0.07296970545968176,0.0280255028538791,0.875
45,0,0.23125,0.08879773491371358,0.028673127339467558,0.875
46,0,0.1375,0.09366796142234222,0.028871432028752905,0.875
47,0,0.09999997615814209,0.0943011628959222,0.028897178511951865,0.875
48,0,0.0,0.08487104660632999,0.028512895433267228,0.875
49,0,0.2249999761581421,0.0988839395615112,0.02908326214452489,0.875
50,0,0.3499999761581421,0.12399554322117429,0.030094165995538498,0.875
51,0,0.29375,0.14097098889905685,0.030768043383703942,0.875
52,0,0.0,0.12687389000915117,0.030209004333063297,0.890625
53,0,0.2406249761581421,0.13824899862405027,0.030660552782155893,0.890625
54,0,0.03125,0.12754909876164525,0.030235910315581413,0.890625
55,0,0.015625,0.11635668888548072,0.02978831896891672,0.890625
56,0,0.059375,0.11065851999693264,0.02955919522334781,0.890625
57,0,0.028124999999999997,0.10240516799723938,0.02922592763779915,0.921875
58,0,0.046875,0.09685215119751545,0.029000817416466203,0.921875
59,0,0.090625,0.09622943607776391,0.02897553126337704,0.921875
60,0,0.03125,0.08973149246998752,0.028711185296123716,0.921875
61,0,0.015625,0.08232084322298876,0.028408673382159483,0.921875
62,0,0.109375,0.08502625890068989,0.028519234689152836,0.921875
63,0,0.0625,0.0827736330106209,0.028427186982248526,0.921875
64,0,0.08437497615814209,0.08293376732537303,0.02843373361399675,0.921875
65,0,0.03125,0.07776539059283573,0.02822220207328027,0.921875
66,0,0.078125,0.07780135153355215,0.02822367554325483,0.921875
67,0,0.215625,0.09158371638019694,0.028786625781959285,0.921875
68,0,0.08437497615814209,0.09086284235799146,0.028757273122083538,0.921875
69,0,0.0625,0.08802655812219232,0.028641682693247773,0.921875
70,0,0.015625,0.08078640230997308,0.02834590517754894,0.921875
71,0,0.015625,0.07427026207897577,0.02807888496855549,0.921875
72,0,0.184375,0.08528073587107819,0.028529627161785122,0.921875
73,0,0.0,0.07675266228397037,0.028180697053102645,0.921875
74,0,0.090625,0.07813989605557334,0.028237546008816894,0.921875
75,0,0.0,0.070325906450016,0.02791690071587377,0.921875
76,0,0.059375,0.0692308158050144,0.0278718835605502,0.921875
77,0,0.0,0.06230773422451297,0.02758686332688088,0.921875
78,0,0.121875,0.06826446080206167,0.02783214279845126,0.921875
79,0,0.015625,0.0630005147218555,0.0276154166907351,0.921875
80,0,0.0625,0.06295046324966995,0.02761335401955209,0.921875
81,0,0.046875,0.06134291692470295,0.027547086450137544,0.921875
82,0,0.03125,0.05833362523223265,0.027422938446876512,0.921875
83,0,0.0625,0.05875026270900938,0.027440134120073234,0.921875
84,0,0.015625,0.054437736438108446,0.02726203550714494,0.921875
85,0,0.184375,0.0674314627942976,0.027797874614139254,0.921875
86,0,0.046875,0.06537581651486785,0.027713263361744955,0.921875
87,0,0.140625,0.07290073486338106,0.028022671128579636,0.921875
88,0,0.11562497615814209,0.07717315899285716,0.028197932603326425,0.921875
89,0,0.028124999999999997,0.07226834309357144,0.0279967033634848,0.921875
90,0,0.0,0.0650415087842143,0.027699497115667465,0.921875
91,0,0.046875,0.06322485790579288,0.027624661654794436,0.921875
92,0,0.046875,0.06158987211521359,0.027557269011588083,0.921875
93,0,0.046875,0.06011838490369223,0.027496583473793308,0.921875
94,0,0.1781249761581421,0.07191904402913721,0.027982357355399518,0.921875
95,0,0.046875,0.06941463962622349,0.027879441545094936,0.921875
96,0,0.046875,0.06716067566360115,0.02778673257163989,0.921875
97,0,0.078125,0.06825710809724103,0.027831840367083013,0.921875
98,0,0.153125,0.07674389728751693,0.028180337755850122,0.921875
99,0,0.0,0.06906950755876524,0.027865250873904526,0.921875
100,0,0.03125,0.06528755680288872,0.02770962913243082,0.921875
101,0,0.03125,0.06188380112259985,0.027569387299646187,0.921875
102,0,0.2093749761581421,0.07663291862615407,0.028175788371233253,0.921875
103,0,0.090625,0.07803212676353867,0.028233130826052517,0.921875
104,0,0.2093749761581421,0.09116641170299901,0.028769635202450627,0.921875
105,0,0.0625,0.0882997705326991,0.028652824250375075,0.921875
106,0,0.08437497615814209,0.08790729109524341,0.028636818539795574,0.921875
107,0,0.090625,0.08817906198571906,0.028647901958241268,0.921875
108,0,0.03125,0.08248615578714716,0.02841543309984672,0.921875
109,0,0.03125,0.07736254020843245,0.028205694056434583,0.921875
110,0,0.015625,0.0711887861875892,0.02795235862093827,0.921875
111,0,0.153125,0.07938240756883028,0.028288435359118493,0.921875
112,0,0.0,0.07144416681194725,0.027962850551932816,0.953125
113,0,0.0,0.06429975013075252,0.027668946802888856,0.953125
114,0,0.03125,0.06099477511767727,0.027532730269234303,0.953125
115,0,0.03125,0.05802029760590954,0.027410005104431125,0.953125
116,0,0.0,0.05221826784531859,0.027170284464237488,0.953125
117,0,0.028124999999999997,0.04980894106078673,0.027070618190985492,0.953125
118,0,0.090625,0.05389054695470806,0.027239420742938815,0.953125
119,0,0.0625,0.054751492259237255,0.027275001023229203,0.953125
120,0,0.153125,0.06458884303331353,0.027680854441143883,0.953125
121,0,0.046875,0.06281745872998218,0.027607872595651478,0.953125
122,0,0.121875,0.06872321285698396,0.027851010518449446,0.953125
123,0,0.0,0.061850891571285566,0.027568030544738976,0.953125
124,0,0.11562497615814209,0.06722830002997121,0.027789515207760292,0.953125
125,0,0.0,0.06050547002697409,0.02751255014477205,0.96875
126,0,0.03125,0.05757992302427668,0.02739182539720941,0.96875
127,0,0.03125,0.054946930721849016,0.02728307661837269,0.96875
128,0,0.0625,0.055702237649664116,0.027314281670421645,0.96875
129,0,0.09375,0.0595070138846977,0.027471361165690496,0.96875
130,0,0.09375,0.06293131249622794,0.027612564788349253,0.96875
131,0,0.109375,0.06757568124660514,0.027803808292799378,0.96875
132,0,0.3875,0.09956811312194462,0.029111003714410194,0.96875
133,0,0.0625,0.09586130180975017,0.028960578765621782,0.96875
134,0,0.0625,0.09252517162877516,0.028824944006471034,0.96875
135,0,0.16875,0.10014765446589764,0.029134494568481162,0.96875
136,0,0.0625,0.09638288901930789,0.028981763195647048,0.96875
137,0,0.10625,0.0973696001173771,0.029021822712760156,0.96875
138,0,0.125,0.10013264010563938,0.029133886078029317,0.96875
139,0,0.1624999761581421,0.10636937371088966,0.029386201902902538,0.96875
140,0,0.203125,0.11604493633980069,0.029775804559357678,0.96875
141,0,0.203125,0.12475294270582062,0.030124406185189065,0.96875
142,0,0.171875,0.12946514843523854,0.030312192571366275,0.96875
143,0,0.35625,0.15214363359171468,0.031206853108833633,0.96875
144,0,0.10625,0.14755427023254322,0.03102707876667792,0.96875
145,0,0.0625,0.1390488432092889,0.030692161513352502,0.96875
146,0,0.015625,0.12670645888836002,0.030202330517177852,0.96875
147,0,0.09375,0.12341081299952401,0.030070809209321255,0.96875
148,0,0.03125,0.11419473169957162,0.02970148248916868,0.96875
149,0,0.046875,0.10746275852961445,0.029430343083589397,0.96875
150,0,0.109375,0.10765398267665302,0.02943806009786672,0.96875
151,0,0.171875,0.11407608440898771,0.029696713512928876,0.96875
152,0,0.109375,0.11360597596808894,0.029677814228327784,0.96875
153,0,0.3875,0.14099537837128004,0.030769005506312338,0.96875
154,0,0.075,0.13439584053415204,0.030508015649039266,0.96875
155,0,0.109375,0.13189375648073684,0.03040873209161789,0.96875
156,0,0.03125,0.12182938083266316,0.030007593455220034,0.96875
157,0,0.015625,0.11120894274939684,0.029581363041092497,0.96875
158,0,0.0625,0.10633804847445716,0.029384936850393163,0.96875
159,0,0.0,0.09570424362701145,0.028954198653145698,0.96875
160,0,0.2249999761581421,0.10863381688012452,0.029477588416160463,0.96875
161,0,0.078125,0.10558293519211208,0.029354435018035648,0.96875
162,0,0.109375,0.10596214167290087,0.02936975425474707,0.96875
163,0,0.0625,0.10161592750561077,0.02919397517261163,0.96875
164,0,0.1375,0.1052043347550497,0.02933913689932471,0.96875
165,0,0.109375,0.10562140127954474,0.029355989130356037,0.96875
166,0,0.078125,0.10287176115159026,0.029244811024004697,0.96875
167,0,0.09375,0.10195958503643122,0.029207889915240606,0.96875
168,0,0.1624999761581421,0.10801362414860231,0.029452571371075594,0.96875
169,0,0.078125,0.10502476173374209,0.029331879714699218,0.96875
170,0,0.109375,0.10545978556036789,0.029349459275768715,0.96875
171,0,0.2562499761581421,0.12053880462014531,0.029955954776319217,0.96875
172,0,0.09375,0.11785992415813078,0.029848626961008658,0.96875
173,0,0.1312499761581421,0.11919892935813191,0.029902296931086748,0.96875
174,0,0.09375,0.11665403642231871,0.029800252810292333,0.96875
175,0,0.1875,0.12373863278008684,0.030083904963274812,0.96875
176,0,0.1375,0.12511476950207817,0.03013884708792654,0.96875
177,0,0.015625,0.11416579255187036,0.029700319325405924,0.96875
178,0,0.015625,0.10431171329668332,0.029303055473399998,0.96875
179,0,0.04375,0.098255541967015,0.029057773046673688,0.96875
180,0,0.046875,0.09311748777031349,0.028849042484635615,0.96875
181,0,0.075,0.09130573899328213,0.028775308316695364,0.96875
182,0,0.109375,0.09311266509395393,0.028848846302782373,0.96875
183,0,0.1875,0.10255139858455853,0.029231846238073907,0.96875
184,0,0.1937499761581421,0.1116712563419169,0.02959997657897305,0.96875
185,0,0.1937499761581421,0.11987912832353942,0.029929542693374264,0.96875
186,0,0.0625,0.11414121549118547,0.02969933147233982,0.96875
187,0,0.046875,0.10741459394206693,0.02942839922290141,0.96875
188,0,0.0625,0.10292313454786023,0.029246889840791435,0.96875
189,0,0.2249999761581421,0.11513081870888842,0.029739095634428378,0.96875
190,0,0.1624999761581421,0.11986773445381378,0.02992908640545996,0.96875
191,0,0.1375,0.1216309610084324,0.029999657142059755,0.96875
192,0,0.109375,0.12040536490758917,0.029950613051402033,0.96875
193,0,0.03125,0.11148982841683026,0.029592672607661647,0.96875
194,0,0.075,0.10784084557514723,0.029445600266706524,0.96875
195,0,0.109375,0.10799426101763251,0.029451790161572507,0.96875
196,0,0.078125,0.10500733491586926,0.029331175394903843,0.96875
197,0,0.03125,0.09763160142428234,0.029032456160470413,0.96875
198,0,0.046875,0.09255594128185411,0.028826196054452774,0.96875
199,0,0.046875,0.0879878471536687,0.02864010394666862,0.96875
200,0,0.1937499761581421,0.09856406005411604,0.029070288260591104,0.96875
201,0,0.09375,0.09808265404870443,0.029050758834877528,0.96875
202,0,0.0625,0.094524388643834,0.028906253034554526,0.96875
203,0,0.140625,0.0991344497794506,0.02909342092596738,0.96875
204,0,0.2625,0.11547100480150554,0.0297527592350304,0.96875
205,0,0.0625,0.11017390432135499,0.029539671588532098,0.96875
206,0,0.015625,0.10071901388921949,0.029157646435112546,0.96875
207,0,0.0625,0.09689711250029753,0.029002642803862323,0.96875
208,0,0.015625,0.08876990125026778,0.028671992630958515,0.96875
209,0,0.075,0.08739291112524099,0.028615836990863338,0.96875
210,0,0.015625,0.08021612001271688,0.028322566077070656,0.96875
211,0,0.0,0.0721945080114452,0.027993671060755787,0.96875
212,0,0.015625,0.06653755721030068,0.02776108894749901,0.96875
213,0,0.2,0.0798838014892706,0.028308963046143634,0.96875
214,0,0.1312499761581421,0.08502041895615775,0.0285189961796564,0.96875
215,0,0.046875,0.08120587706054197,0.02836306861314136,0.96875
216,0,0.015625,0.07464778935448776,0.02809437548380842,0.96875
217,0,0.0625,0.07343301041903899,0.028044522716720144,0.96875
218,0,0.125,0.0785897093771351,0.028255972117500222,0.96875
219,0,0.09375,0.08010573843942158,0.028318047971189586,0.96875
220,0,0.09375,0.08147016459547941,0.02837388067553891,0.96875
221,0,0.2,0.09332314813593148,0.028857408099086487,0.96875
222,0,0.29375,0.11336583332233834,0.029668157881337722,0.96875
223,0,0.109375,0.1129667499901045,0.029652107198280916,0.96875
224,0,0.0,0.10167007499109405,0.02919616778975334,0.96875
225,0,0.04375,0.09587806749198466,0.02896125980006131,0.96875
226,0,0.03125,0.0894152607427862,0.02869829832886438,0.96875
227,0,0.015625,0.08203623466850758,0.028397034399316567,0.96875
228,0,0.125,0.08633261120165682,0.028572570991003157,0.96875
229,0,0.046875,0.08238685008149113,0.028411372498282322,0.96875
230,0,0.015625,0.07571066507334201,0.028137973886685,0.96875
231,0,0.1375,0.0818895985660078,0.028391037173176675,0.96875
232,0,0.075,0.08120063870940702,0.028362854298056284,0.96875
233,0,0.0,0.07308057483846632,0.028030054652058867,0.984375
234,0,0.059375,0.07171001735461968,0.027973771499380434,0.984375
235,0,0.090625,0.07360151561915772,0.028051439403672298,0.984375
236,0,0.09375,0.07561636405724194,0.028134106506138512,0.984375
237,0,0.015625,0.06961722765151775,0.0278877704089605,0.984375
238,0,0.059375,0.06859300488636597,0.02784565561152408,0.984375
239,0,0.0625,0.06798370439772937,0.027820594134014023,0.984375
240,0,0.0625,0.06743533395795642,0.027798033892252327,0.984375
241,0,0.046875,0.06537930056216078,0.02771340682036824,0.984375
242,0,0.0625,0.0650913705059447,0.027701550445205364,0.984375
243,0,0.046875,0.06326973345535022,0.027626510845443927,0.984375
244,0,0.0625,0.0631927601098152,0.02762333898032553,0.984375
245,0,0.09375,0.06624848409883367,0.02774919052107418,0.984375
246,0,0.078125,0.06743613568895031,0.027798066879255685,0.984375
247,0,0.015625,0.06225502212005528,0.027584690485589765,0.984375
248,0,0.0625,0.06227951990804975,0.02758570031179071,0.984375
249,0,0.090625,0.06511406791724478,0.02770248512324058,0.984375
250,0,0.059375,0.0645401611255203,0.02767884933593951,0.984375
251,0,0.121875,0.07027364501296826,0.02791475277793965,0.984375
252,0,0.09375,0.07262128051167144,0.028011196768334547,0.984375
253,0,0.184375,0.08379665246050429,0.028469001912502952,0.984375
254,0,0.03125,0.07854198721445386,0.028254017401781496,0.984375
255,0,0.090625,0.07975028849300848,0.028303497301433257,0.984375
256,0,0.03125,0.07490025964370764,0.02810473337622792,0.984375
257,0,0.046875,0.07209773367933688,0.027989696540054516,0.984375
258,0,0.078125,0.07270046031140319,0.028014448011794348,0.984375
259,0,0.078125,0.07324291428026287,0.028036719211689327,0.984375
260,0,0.0625,0.07216862285223657,0.027992607972598466,0.984375
261,0,0.121875,0.07713926056701292,0.028196543270310633,0.984375
262,0,0.090625,0.07848783451031163,0.028251799239917354,0.984375
263,0,0.0,0.07063905105928048,0.027929770001004675,0.984375
264,0,0.0625,0.06982514595335243,0.027896317737326728,0.984375
265,0,0.215625,0.0844051313580172,0.028493863531532188,0.984375
266,0,0.03125,0.07908961822221548,0.02827644611223091,0.984375
267,0,0.015625,0.07274315639999393,0.028016201135443505,0.984375
268,0,0.09375,0.07484384075999453,0.028102418818548486,0.984375
269,0,0.09375,0.07673445668399508,0.02817995076242477,0.984375
270,0,0.09375,0.07843601101559557,0.02824967643658783,0.984375
271,0,0.15625,0.08621740991403601,0.028567868831353035,0.984375
272,0,0.1781249761581421,0.09540816653844661,0.02894216979449343,0.984375
273,0,0.109375,0.09680484988460196,0.02899889697956053,0.984375
274,0,0.234375,0.11056186489614175,0.029555301753010313,0.984375
275,0,0.140625,0.11356817840652757,0.029676294450963904,0.984375
276,0,0.140625,0.1162738605658748,0.029784994306887774,0.984375
277,0,0.1468749761581421,0.11933397212510154,0.02990770711301931,0.984375
278,0,0.09375,0.11677557491259138,0.029805130021504624,0.984375
279,0,0.078125,0.11291051742133225,0.029649845267870942,0.984375
280,0,0.109375,0.11255696567919903,0.029635621999014306,0.984375
281,0,0.371875,0.1384887691112791,0.03067003018162591,0.984375
282,0,0.2718749761581421,0.1518273898159654,0.03119448688773175,0.984375
283,0,0.203125,0.1569571508343689,0.03139467547083898,0.984375
284,0,0.4281249761581421,0.1840739333667462,0.03243784823525351,0.984375
285,0,0.3343749761581421,0.1991040376458858,0.03300432962122551,0.984375
286,0,0.215625,0.2007561338812972,0.033066055815059,0.984375
287,0,0.078125,0.1884930204931675,0.032605308831634816,0.984375
288,0,0.090625,0.17870621844385073,0.03223345157445769,0.984375
289,0,0.109375,0.17177309659946566,0.031967879447424005,0.984375
290,0,0.140625,0.1686582869395191,0.031848005221187824,0.984375
291,0,0.125,0.1642924582455672,0.0316794117227858,0.984375
292,0,0.125,0.16036321242101048,0.031527115622543754,0.984375
293,0,0.125,0.1568268911789094,0.031389602807681216,0.984375
294,0,0.015625,0.14270670206101846,0.03083646905489283,0.984375
295,0,0.109375,0.1393735318549166,0.030704987282694465,0.984375
296,0,0.121875,0.13762367866942493,0.030635827719320687,0.984375
297,0,0.1781249761581421,0.14167380841829666,0.030795761157771308,0.984375
298,0,0.2718749761581421,0.1546939251922812,0.03130645954249755,0.984375
299,0,0.171875,0.1564120326730531,0.031373443346045464,0.984375
300,0,0.140625,0.1548333294057478,0.031311898112194564,0.984375
301,0,0.140625,0.15341249646517302,0.03125643742243984,0.984375
302,0,0.125,0.15057124681865575,0.031145335524462525,0.984375
303,0,0.078125,0.14332662213679018,0.03086088534741918,0.984375
304,0,0.153125,0.14430645992311117,0.030899453294878143,0.984375
305,0,0.046875,0.13456331393080007,0.030514654575623964,0.984375
306,0,0.09375,0.13048198253772006,0.03035263309476683,0.984375
307,0,0.09375,0.12680878428394807,0.03020640930658008,0.984375
308,0,0.03125,0.11725290585555327,0.029824281130029346,0.984375
309,0,0.0625,0.11177761526999794,0.029604258025818744,0.984375
310,0,0.0625,0.10684985374299816,0.02940560291804334,0.984375
311,0,0.184375,0.11460236836869835,0.02971786456308269,0.984375
312,0,0.09375,0.1125171315318285,0.02963401928952269,0.984375
313,0,0.03125,0.10439041837864566,0.029306237624893778,0.984375
314,0,0.09375,0.10332637654078108,0.029263204865238347,0.984375
315,0,0.215625,0.11455623888670298,0.02971601092519971,0.984375
316,0,0.03125,0.10622561499803268,0.029380396095279294,0.984375
317,0,0.0625,0.1018530534982294,0.029203576724519995,0.984375
318,0,0.015625,0.09323024814840646,0.02885362933032077,0.984375
319,0,0.125,0.09640722333356581,0.02898275139856521,0.984375
320,0,0.371875,0.12395400100020923,0.030092506915763297,0.984375
321,0,0.1875,0.1303086009001883,0.0303457396003616,0.984375
322,0,0.3343749761581421,0.15071523842598367,0.03115097231783759,0.984375
323,0,0.32812501192092897,0.1684562157754782,0.03184021661531072,0.984375
324,0,0.1781249761581421,0.1694230918137446,0.03187747074291071,0.984375
325,0,0.35937501192092897,0.18841828382446302,0.032602482884897026,0.984375
326,0,0.15625,0.18520145544201672,0.03248064592296113,0.984375
327,0,0.09375,0.17605630989781504,0.032132153310913875,0.984375
328,0,0.15625,0.17407567890803355,0.032056272499405604,0.984375
329,0,0.203125,0.17698061101723017,0.032167515822354394,0.984375
330,0,0.078125,0.16709504991550717,0.031787714672335966,0.984375
331,0,0.125,0.16288554492395646,0.03162494089491194,0.984375
332,0,0.21875,0.16847199043156083,0.03184082468337355,0.984375
333,0,0.203125,0.17193729138840474,0.03197418895705073,0.984375
334,0,0.125,0.16724356224956427,0.03179344613967848,0.984375
335,0,0.109375,0.16145670602460785,0.03156955185895746,0.984375
336,0,0.090625,0.15437353542214707,0.03129395777658432,0.984375
337,0,0.059375,0.14487368187993238,0.030921766469509546,0.984375
338,0,0.090625,0.13944881369193915,0.03070796059482869,0.984375
339,0,0.090625,0.13456643232274523,0.030514778186165843,0.984375
340,0,0.090625,0.1301722890904707,0.030340319369959696,0.984375
341,0,0.015625,0.11871756018142364,0.02988300808579282,0.984375
342,0,0.090625,0.11590830416328128,0.029770319070063434,0.984375
343,0,0.0625,0.11056747374695317,0.02955552769554286,0.984375
344,0,0.125,0.11201072637225785,0.02961364086543128,0.984375
345,0,0.09375,0.11018465373503207,0.02954010471065543,0.984375
346,0,0.078125,0.10697868836152886,0.029410804123954738,0.984375
347,0,0.153125,0.11159331952537598,0.029596839078396633,0.984375
348,0,0.09375,0.10980898757283837,0.029524966463782255,0.984375
349,0,0.09375,0.10820308881555453,0.029460214887986814,0.984375
350,0,0.059375,0.10332027993399907,0.029262958226549368,0.984375
351,0,0.015625,0.09455075194059916,0.02890732467972111,0.984375
352,0,0.015625,0.08665817674653924,0.028585858171853815,0.984375
353,0,0.109375,0.08892985907188532,0.028678513498292098,0.984375
354,0,0.09375,0.08941187316469679,0.02869816026854843,0.984375
355,0,0.215625,0.10203318584822711,0.029210869674139796,0.984375
356,0,0.015625,0.0933923672634044,0.028860223515753854,0.984375
357,0,0.090625,0.09311563053706397,0.028848966934224105,0.984375
358,0,0.03125,0.08692906748335757,0.028596912354904774,0.984375
359,0,0.03125,0.08136116073502182,0.028369421458649843,0.984375
360,0,0.0625,0.07947504466151964,0.02829222837694222,0.984375
361,0,0.03125,0.07465254019536768,0.028094570402650062,0.984375
362,0,0.078125,0.07499978617583092,0.02810881627272023,0.984375
363,0,0.059375,0.07343730755824783,0.02804469910865381,0.984375
364,0,0.03125,0.06921857680242305,0.02787138033051692,0.984375
365,0,0.03125,0.06542171912218074,0.027715153426304262,0.984375
366,0,0.0,0.05887954720996267,0.027445469542463814,0.984375
367,0,0.090625,0.0620540924889664,0.027576407620195167,0.984375
368,0,0.03125,0.058973683240069755,0.02744935428648648,0.984375
369,0,0.0625,0.05932631491606278,0.02746390539636813,0.984375
370,0,0.046875,0.0580811834244565,0.027412518413447863,0.984375
371,0,0.03125,0.05539806508201085,0.027301715832655254,0.984375
372,0,0.03125,0.05298325857380977,0.027201915345822832,0.984375
373,0,0.121875,0.05987243271642879,0.02748643725138182,0.984375
374,0,0.03125,0.057010189444785905,0.027368301657957707,0.984375
375,0,0.03125,0.05443417050030731,0.027261888142737785,0.984375
376,0,0.2406249761581421,0.07305325106609079,0.02802893287974379,0.984375
377,0,0.15625,0.08137292595948172,0.02836990277035662,0.984375
378,0,0.078125,0.08104813336353354,0.028356614672163924,0.984375
379,0,0.078125,0.0807558200271802,0.028344653731973143,0.984375
380,0,0.0,0.07268023802446218,0.02801361766365329,0.984375
381,0,0.078125,0.07322471422201596,0.028035972062163957,0.984375
382,0,0.0625,0.07215224279981436,0.027991935247874355,0.984375
383,0,0.03125,0.06806201851983293,0.027823815638464578,0.984375
384,0,0.090625,0.07031831666784963,0.02791658877957099,0.984375
385,0,0.059375,0.06922398500106466,0.027871602699253352,0.984375
386,0,0.23437501192092897,0.08573908769305108,0.028548342447554276,0.984375
387,0,0.215625,0.09872767892374597,0.02907692470440376,0.984375
388,0,0.125,0.10135491103137137,0.029183404790788705,0.984375
389,0,0.03125,0.09434441992823424,0.028898937069343128,0.984375
390,0,0.09375,0.09428497793541081,0.028896520523642912,0.984375
391,0,0.078125,0.09266898014186974,0.028830795550036314,0.984375
392,0,0.15625,0.09902708212768277,0.029089067083792983,0.984375
393,0,0.246875,0.11381187391491449,0.029686092414393968,0.984375
394,0,0.109375,0.11336818652342304,0.02966825251263046,0.984375
395,0,0.09375,0.11140636787108073,0.02958931235930239,0.984375
396,0,0.078125,0.10807823108397266,0.02945517788619822,0.984375
397,0,0.046875,0.1019579079755754,0.029207822017313374,0.984375
398,0,0.109375,0.10269961717801786,0.029237844803442156,0.984375
399,0,0.3656249761581421,0.1289921530760303,0.0302933711252252,0.984375
400,0,0.4593749761581421,0.16203043538424144,0.031591800878702406,0.984375
401,0,0.3656249761581421,0.1823898894616315,0.03237383738743104,0.984375
402,0,0.140625,0.17821340051546836,0.03221463206749299,0.984375
403,0,0.121875,0.1725795604639215,0.0319988601567373,0.984375
404,0,0.153125,0.17063410441752935,0.03192408496127714,0.984375
405,0,0.125,0.1660706939757764,0.03174816122706834,0.984375
406,0,0.2718749761581421,0.17665112219401297,0.03215491360005161,0.984375
407,0,0.203125,0.17929850997461166,0.03225605789978302,0.984375
408,0,0.125,0.17386865897715048,0.032048333077783625,0.984375
409,0,0.1875,0.17523179307943543,0.03210058216628809,0.984375
410,0,0.171875,0.1748961137714919,0.03208772177753443,0.984375
411,0,0.21875,0.1792815023943427,0.03225540894229956,0.984375
412,0,0.1781249761581421,0.17916584977072267,0.03225099570715886,0.984375
413,0,0.434375,0.2046867647936504,0.03321247175138576,0.984375
414,0,0.0625,0.19046808831428536,0.032679912390070336,0.984375
415,0,0.0,0.17142127948285682,0.03195435693874928,0.984375
416,0,0.03125,0.15740415153457113,0.031412078600660316,0.984375
417,0,0.03125,0.144788736381114,0.030918425549098124,0.984375
418,0,0.015625,0.1318723627430026,0.030407882403364263,0.984375
419,0,0.125,0.13118512646870234,0.030380580696557774,0.984375
420,0,0.015625,0.1196291138218321,0.02991952963035048,0.984375
421,0,0.03125,0.11079120243964889,0.029564539578051854,0.984375
422,0,0.0,0.099712082195684,0.029116839986890786,0.984375
423,0,0.0,0.0897408739761156,0.028711567577290972,0.984375
424,0,0.015625,0.08232928657850404,0.028409018647723095,0.984375
425,0,0.059375,0.08003385792065364,0.028315105660433444,0.984375
426,0,0.078125,0.07984297212858828,0.028307291611084997,0.984375
427,0,0.03125,0.07498367491572945,0.028108155348750427,0.984375
428,0,0.246875,0.09217280742415651,0.028810604555012193,0.984375
429,0,0.109375,0.09389302668174086,0.028880584330826936,0.984375
430,0,0.125,0.09700372401356677,0.02900697095780785,0.984375
431,0,0.3968749761581421,0.1269908492280243,0.03021366587516279,0.984375
432,0,0.1875,0.13304176430522188,0.03045430787851418,0.984375
433,0,0.125,0.1322375878746997,0.030422386133702236,0.984375
434,0,0.090625,0.1280763290872297,0.03025691078283528,0.984375
435,0,0.0,0.11526869617850674,0.02974463384805688,0.984375
436,0,0.015625,0.10530432656065607,0.02934317759720166,0.984375
437,0,0.0,0.09477389390459046,0.028916394617277692,0.984375
438,0,0.121875,0.09748400451413142,0.02902646605362116,0.984375
439,0,0.015625,0.08929810406271828,0.028693523489333256,0.984375
440,0,0.0625,0.08661829365644644,0.028584230549709457,0.984375
441,0,0.121875,0.09014396429080179,0.028727991175518688,0.984375
442,0,0.046875,0.08581706786172161,0.028551526107331582,0.984375
443,0,0.090625,0.08629786107554945,0.0285711526256789,0.984375
444,0,0.015625,0.0792305749679945,0.028282218253170323,0.984375
445,0,0.015625,0.07287001747119505,0.028021409939480043,0.984375
446,0,0.046875,0.07027051572407554,0.02791462416320837,0.984375
447,0,0.09375,0.07261846415166798,0.028011081122388884,0.984375
448,0,0.15625,0.08098161773650119,0.028353893108699277,0.984375
449,0,0.328125,0.10569595596285106,0.029359001200373547,0.984375
450,0,0.328125,0.12793886036656593,0.03025143592002895,0.984375
451,0,0.234375,0.13858247432990933,0.030673733597742583,0.984375
452,0,0.140625,0.1387867268969184,0.030681805154391485,0.984375
453,0,0.090625,0.13397055420722656,0.030491152917337713,0.984375
454,0,0.090625,0.1296359987865039,0.030318989505051405,0.984375
455,0,0.153125,0.1319848989078535,0.030412351819396263,0.984375
456,0,0.078125,0.12659890901706816,0.030198043163054175,0.984375
457,0,0.403125,0.15425151811536134,0.03128919571718792,0.984375
458,0,0.1875,0.15757636630382518,0.031418781684566036,0.984375
459,0,0.171875,0.15900622967344266,0.031474397759789684,0.984375
460,0,0.278125,0.1709181067060984,0.03193500922979577,0.984375
461,0,0.153125,0.16913879603548856,0.03186652013074616,0.984375
462,0,0.015625,0.15378741643193972,0.03127107842991019,0.984375
463,0,0.0,0.13840867478874574,0.030666864487147096,0.984375
464,0,0.0,0.12456780730987117,0.030117015847847362,0.984375
465,0,0.015625,0.11367352657888405,0.029680530237296495,0.984375
466,0,0.015625,0.10386867392099564,0.029285140121984472,0.984375
467,0,0.278125,0.12129430652889607,0.02998618937612021,0.984375
468,0,0.109375,0.12010237587600647,0.029938482351579834,0.984375
469,0,0.15625,0.12371713828840583,0.030083046389771013,0.984375
470,0,0.1781249761581421,0.12915792207537946,0.03029996812674653,0.984375
471,0,0.2718749761581421,0.14342962748365573,0.030864941191510415,0.984375
472,0,0.265625,0.15564916473529014,0.03134371344740057,0.984375
473,0,0.1781249761581421,0.15789674587757535,0.03143124913095247,0.984375
474,0,0.1781249761581421,0.15991956890563203,0.03150988719666667,0.984375
475,0,0.09375,0.1533026120150688,0.031252145454225416,0.984375
476,0,0.15625,0.15359735081356193,0.0312636567464059,0.984375
477,0,0.140625,0.15230011573220575,0.03121297090318645,0.984375
478,0,0.090625,0.14613260415898519,0.030971253761316694,0.984375
479,0,0.0625,0.13776934374308666,0.030641588335682132,0.984375
480,0,0.090625,0.133054909368778,0.030454829516420125,0.984375
481,0,0.078125,0.1275619184319002,0.030236421036347046,0.984375
482,0,0.03125,0.11793072658871019,0.029851466030138735,0.984375
483,0,0.03125,0.10926265392983918,0.02950294469581421,0.984375
484,0,0.046875,0.10302388853685526,0.029250966660243405,0.984375
485,0,0.0,0.09272149968316974,0.02883293245399107,1.0
486,0,0.109375,0.09438684971485277,0.028900661957737817,1.0
487,0,0.075,0.09244816474336749,0.028821810433122416,1.0
488,0,0.046875,0.08789084826903074,0.02863614791804361,1.0
489,0,0.10625,0.08972676344212765,0.028710992595231445,1.0
490,0,0.015625,0.08231658709791488,0.028408499340256278,1.0
491,0,0.046875,0.07877242838812339,0.028263455974636538,1.0
492,0,0.046875,0.07558268554931105,0.028132725279343858,1.0
493,0,0.0625,0.07427441699437995,0.028079055464108178,1.0
494,0,0.075,0.07434697529494196,0.028082032822608217,1.0
495,0,0.046875,0.07159977776544776,0.02796924307648819,1.0
496,0,0.1375,0.07818979998890299,0.028239590445462412,1.0
497,0,0.09375,0.07974581999001269,0.028303314364641414,1.0
498,0,0.15625,0.08739623799101143,0.02861597271040392,1.0
499,0,0.1624999761581421,0.0949066118077245,0.028921788633129688,1.0
500,0,0.28125,0.11354095062695205,0.029675199644837696,1.0
501,0,0.109375,0.11312435556425685,0.0296584463928115,1.0
502,0,0.109375,0.11274942000783117,0.029643364758637415,1.0
503,0,0.046875,0.10616197800704805,0.029377825910121547,1.0
504,0,0.3875,0.13429578020634325,0.030504048699921238,1.0
505,0,0.2249999761581421,0.14336619980152313,0.030862443759889786,1.0
506,0,0.537499976158142,0.182779577437185,0.03238865896564599,1.0
507,0,0.265625,0.1910641196934665,0.03270239652483524,1.0
508,0,0.21875,0.19383270772411987,0.03280665528133567,1.0
509,0,0.2874999761581421,0.2031994345675221,0.03315714221850181,1.0
510,0,0.171875,0.2000669911107699,0.03304032110719705,1.0
511,0,0.2249999761581421,0.2025602896155071,0.033133338117257376,1.0
512,0,0.34375001192092897,0.21667926184604927,0.03365527078516637,1.0
513,0,0.16875,0.21188633566144435,0.033479018892893966,1.0
514,0,0.09375,0.20007270209529993,0.033040534451121616,1.0
515,0,0.10625,0.19069043188576992,0.0326883014796114,1.0
516,0,0.078125,0.17943388869719293,0.03226122315882989,1.0
517,0,0.1375,0.17524049982747364,0.03210091568080519,1.0
518,0,0.015625,0.15927894984472626,0.031484997729320736,1.0
519,0,0.03125,0.14647605486025364,0.030984745958776885,1.0
520,0,0.03125,0.13495344937422826,0.030530117027734855,1.0
521,0,0.046875,0.12614560443680545,0.030179969178626462,1.0
522,0,0.0625,0.11978104399312489,0.02992561461886395,1.0
523,0,0.0625,0.11405293959381241,0.029695783175835235,1.0
524,0,0.10625,0.11327264563443117,0.029664410333552646,1.0
525,0,0.015625,0.10350788107098804,0.02927054725303877,1.0
526,0,0.125,0.10565709296388924,0.029357431119795503,1.0
527,0,0.10625,0.10571638366750032,0.02935982647352796,1.0
528,0,0.046875,0.09983224530075029,0.029121710850968666,1.0
529,0,0.046875,0.09453652077067526,0.028906746196824613,1.0
530,0,0.03125,0.08820786869360774,0.028649076673752966,1.0
531,0,0.1624999761581421,0.09563707944006117,0.028951470107604522,1.0
532,0,0.140625,0.10013587149605505,0.029134017037761584,1.0
533,0,0.140625,0.10418478434644954,0.029297923263861738,1.0
534,0,0.075,0.10126630591180458,0.02917981619996565,1.0
535,0,0.3187499761581421,0.12301467293643834,0.030054980322003308,1.0
536,0,0.2562499761581421,0.1363382032586087,0.030584963754172436,1.0
537,0,0.078125,0.13051688293274782,0.030354020599272443,1.0
538,0,0.109375,0.12840269463947304,0.030269906583242346,1.0
539,0,0.0625,0.12181242517552573,0.030006915310995964,1.0
540,0,0.2,0.12963118265797316,0.030318797916450077,1.0
541,0,0.140625,0.13073056439217584,0.030362514992273267,1.0
542,0,0.03125,0.12078250795295827,0.029965709248136366,1.0
543,0,0.09375,0.11807925715766243,0.029857421456107987,1.0
544,0,0.03125,0.1093963314418962,0.029508333674901417,1.0
545,0,0.03125,0.10158169829770658,0.02919258908049692,1.0
546,0,0.046875,0.09611102846793593,0.02897072222306987,1.0
547,0,0.03125,0.08962492562114234,0.02870684274524922,1.0
548,0,0.09375,0.0900374330590281,0.02872365096348313,1.0
549,0,0.078125,0.08884618975312529,0.028675102684592165,1.0
550,0,0.0625,0.08621157077781277,0.0285676304890382,1.0
551,0,0.015625,0.0791529137000315,0.02827903808907938,1.0
552,0,0.03125,0.07436262233002836,0.028082674871670273,1.0
553,0,0.09375,0.07630136009702551,0.028162195411529752,1.0
554,0,0.09375,0.07804622408732295,0.028233708388706605,1.0
555,0,0.2562499761581421,0.09586659929440486,0.028960793954026738,1.0
556,0,0.28125,0.11440493936496438,0.02970993082378087,1.0
557,0,0.1875,0.12171444542846793,0.030002996445000953,1.0
558,0,0.140625,0.12360550088562114,0.03007858695705918,1.0
559,0,0.075,0.11874495079705902,0.029884105811956663,1.0
560,0,0.046875,0.11155795571735312,0.029595415388977142,1.0
561,0,0.03125,0.10352716014561782,0.029271327103297818,1.0
562,0,0.046875,0.09786194413105603,0.02904180349169276,1.0
563,0,0.03125,0.09120074971795043,0.028771033411117766,1.0
564,0,0.03125,0.0852056747461554,0.02852656190289602,1.0
565,0,0.0625,0.08293510727153985,0.02843378839182551,1.0
566,0,0.0625,0.08089159654438588,0.028350209659067288,1.0
567,0,0.10625,0.08342743688994729,0.0284539128525986,1.0
568,0,0.046875,0.07977219320095257,0.02830439405672805,1.0
569,0,0.03125,0.07491997388085732,0.028105542130621206,1.0
570,0,0.078125,0.07524047649277159,0.028118689462280935,1.0
571,0,0.23125,0.09084142884349443,0.02875640104075247,1.0
572,0,0.078125,0.08956978595914498,0.028704595739162266,1.0
573,0,0.046875,0.08530030736323048,0.028530426381817676,1.0
574,0,0.015625,0.07833277662690742,0.02824544758892994,1.0
575,0,0.015625,0.07206199896421668,0.02798822887694513,1.0
576,0,0.015625,0.066418299067795,0.027756180362393707,1.0
577,0,0.015625,0.06133896916101551,0.02754692366732189,1.0
578,0,0.046875,0.059892572244913955,0.027487268094959993,1.0
579,0,0.0,0.05390331502042256,0.02723994847587642,1.0
580,0,0.046875,0.053200483518380304,0.027210895885075116,1.0
581,0,0.0625,0.05413043516654227,0.02724933552677211,1.0
582,0,0.046875,0.05340489164988804,0.02721934602501654,1.0
583,0,0.015625,0.04962690248489924,0.02706308509346054,1.0
584,0,0.078125,0.05247671223640932,0.02718097142639352,1.0
585,0,0.075,0.05472904101276839,0.02727407329809023,1.0
586,0,0.046875,0.05394363691149155,0.02724161505731264,1.0
587,0,0.03125,0.051674273220342404,0.027147787076161306,1.0
588,0,0.015625,0.04806934589830816,0.026998615200081618,1.0
589,0,0.03125,0.046387411308477344,0.026928967061272215,1.0
590,0,0.015625,0.043311170177629615,0.0268015041355209,1.0
591,0,0.046875,0.04366755315986665,0.026816275685033437,1.0
592,0,0.046875,0.04398829784387998,0.026829568989926333,1.0
593,0,0.015625,0.041151968059491985,0.026711981719466517,1.0
594,0,0.015625,0.03859927125354279,0.02660608791664671,1.0
595,0,0.03125,0.03786434412818851,0.02657558995231168,1.0
596,0,0.075,0.04157790971536966,0.026729645201176357,1.0
597,0,0.0625,0.0436701187438327,0.026816382020099283,1.0
598,0,0.09375,0.04867810686944943,0.027023816076273213,1.0
599,0,0.03125,0.046935296182504485,0.026951658083816155,1.0
600,0,0.078125,0.05005426656425404,0.027080769621071928,1.0
601,0,0.10625,0.055673839907828634,0.027313108565736616,1.0
602,0,0.2,0.07010645591704577,0.02790788103603429,1.0
603,0,0.23125,0.0862208103253412,0.02856800762930016,1.0
604,0,0.09375,0.08697372929280707,0.028598734722471732,1.0
605,0,0.0625,0.08452635636352637,0.028498815779952908,1.0
606,0,0.03125,0.07919872072717374,0.028280913861669244,1.0
607,0,0.10625,0.08190384865445637,0.02839162000074008,1.0
608,0,0.2,0.09371346378901071,0.02887328247304018,1.0
609,0,0.078125,0.09215461741010965,0.02880986424313053,1.0
610,0,0.09375,0.09231415566909867,0.028816357026787056,1.0
611,0,0.0625,0.0893327401021888,0.028694935145012836,1.0
612,0,0.2,0.10039946609196992,0.029144699045410102,1.0
613,0,0.2,0.11035951948277292,0.029547150115110873,1.0
614,0,0.046875,0.10401106753449563,0.02929089864204648,1.0
615,0,0.046875,0.09829746078104606,0.029059473630294014,1.0
616,0,0.075,0.09596771470294145,0.02896490123386127,1.0
617,0,0.046875,0.09105844323264731,0.028765238680148037,1.0
618,0,0.015625,0.08351509890938258,0.02845749564671124,1.0
619,0,0.046875,0.07985108901844432,0.028307623895302003,1.0
620,0,0.046875,0.07655348011659989,0.02817253179108663,1.0
621,0,0.09375,0.0782731321049399,0.02824300425109689,1.0
622,0,0.075,0.0779458188944459,0.02822959474493654,1.0
623,0,0.140625,0.08421373700500132,0.02848604417627414,1.0
624,0,0.10625,0.08641736330450119,0.028576030144545857,1.0
625,0,0.109375,0.08871312697405107,0.02866967803846412,1.0
626,0,0.046875,0.08452931427664596,0.02849893661225485,1.0
627,0,0.046875,0.08076388284898137,0.02834498366919247,1.0
628,0,0.10625,0.08331249456408323,0.02844921487847743,1.0
629,0,0.03125,0.0781062451076749,0.028236167390594896,1.0
630,0,0.03125,0.07342062059690742,0.02804401412903447,1.0
631,0,0.046875,0.07076605853721668,0.027934989171347964,1.0
632,0,0.03125,0.06681445268349502,0.02777248494765179,1.0
633,0,0.015625,0.06169550741514552,0.027561624349589,1.0
634,0,0.0,0.055525956673630965,0.027306999374783432,1.0
635,0,0.015625,0.05153586100626787,0.02714206235349112,1.0
636,0,0.0,0.046382274905641084,0.026928754318487708,1.0
637,0,0.10625,0.052369047415076975,0.02717651946402055,1.0
638,0,0.046875,0.051819642673569276,0.027153799305602123,1.0
639,0,0.078125,0.05445017840621235,0.027262549677309796,1.0
640,0,0.046875,0.05369266056559111,0.02723124139546204,1.0
641,0,0.03125,0.051448394509032006,0.027138444626544307,1.0
642,0,0.03125,0.049428555058128806,0.027054876675723635,1.0
643,0,0.10625,0.05511069955231592,0.027289843241805285,1.0
644,0,0.046875,0.05428712959708433,0.027255811455925313,1.0
645,0,0.1375,0.0626084166373759,0.027599256975362307,1.0
646,0,0.23125,0.07947257497363831,0.028292127257783902,1.0
647,0,0.109375,0.08246281747627449,0.02841447881486796,1.0
648,0,0.109375,0.08515403572864705,0.028524453065956717,1.0
649,0,0.09375,0.08601363215578234,0.028559550623713056,1.0
650,0,0.078125,0.0852247689402041,0.028527341659640992,1.0
651,0,0.046875,0.08138979204618368,0.028370592752327423,1.0
652,0,0.03125,0.07637581284156532,0.02816524792871102,1.0
653,0,0.0,0.06873823155740878,0.02785162815747615,1.0
654,0,0.03125,0.0649894084016679,0.02769735155763728,1.0
655,0,0.09375,0.06786546756150111,0.027815730201950647,1.0
656,0,0.03125,0.06420392080535099,0.027664999354978723,1.0
657,0,0.075,0.0652835287248159,0.027709463267357893,1.0
658,0,0.015625,0.06031767585233431,0.02750480417924944,1.0
659,0,0.0625,0.060535908267100876,0.02751380558812093,1.0
660,0,0.23125,0.07760731744039079,0.028215724886012733,1.0
661,0,0.16875,0.08672158569635172,0.028588445816442043,1.0
662,0,0.0625,0.08429942712671654,0.02848954510496563,1.0
663,0,0.03125,0.07899448441404489,0.028272550207356736,1.0
664,0,0.03125,0.0742200359726404,0.028076823934216046,1.0
665,0,0.1375,0.08054803237537636,0.028336150483510597,1.0
666,0,0.03125,0.07561822913783874,0.02813418299646793,1.0
667,0,0.0625,0.07430640622405485,0.02808036812162172,1.0
668,0,0.075,0.07437576560164937,0.028083214179931645,1.0
669,0,0.078125,0.07475068904148444,0.028098597195714177,1.0
670,0,0.015625,0.06883812013733599,0.027855735952111434,1.0
671,0,0.046875,0.06664180812360239,0.027765379668603464,1.0
672,0,0.03125,0.06310262731124215,0.02761962474090267,1.0
673,0,0.075,0.06429236458011793,0.027668642578500866,1.0
674,0,0.046875,0.06255062812210614,0.027596875125189768,1.0
675,0,0.015625,0.05785806530989553,0.027403308068725648,1.0
676,0,0.03125,0.05519725877890598,0.02729341957142501,1.0
677,0,0.075,0.057177532901015383,0.027375211545566193,1.0
678,0,0.1875,0.07020977961091385,0.02791212785939809,1.0
679,0,0.109375,0.07412630164982247,0.02807297742139689,1.0
680,0,0.140625,0.08077617148484022,0.028345486527874428,1.0
681,0,0.0625,0.0789485543363562,0.02827066922807921,1.0
682,0,0.03125,0.07417869890272058,0.028075127630699248,1.0
683,0,0.0,0.06676082901244852,0.027770278085331848,1.0
684,0,0.1375,0.07383474611120366,0.028061012107840778,1.0
685,0,0.046875,0.0711387715000833,0.02795030371867457,1.0
686,0,0.0625,0.07027489435007497,0.02791480412603344,1.0
687,0,0.03125,0.06637240491506748,0.027754291332524984,1.0
688,0,0.03125,0.06286016442356072,0.0276096326237199,1.0
689,0,0.03125,0.05969914798120465,0.027479288269623727,1.0
690,0,0.015625,0.05529173318308419,0.027297322820922423,1.0
691,0,0.03125,0.052887559864775766,0.027197958776638345,1.0
692,0,0.03125,0.050723803878298196,0.027108471169476824,1.0
693,0,0.046875,0.050338923490468375,0.027092547696948684,1.0
694,0,0.125,0.057805031141421534,0.027401118714408697,1.0
695,0,0.1375,0.06577452802727937,0.0277296794728294,1.0
696,0,0.10625,0.06982207522455143,0.02789619150750444,1.0
697,0,0.15625,0.07846486770209629,0.028250858475263818,1.0
698,0,0.046875,0.07530588093188666,0.028121372201537587,1.0
699,0,0.078125,0.07558779283869799,0.02813293474132669,1.0
700,0,0.015625,0.06959151355482819,0.02788671327872959,1.0
701,0,0.075,0.07013236219934536,0.027908945855273776,1.0
702,0,0.015625,0.06468162597941082,0.027684675878549964,1.0
703,0,0.03125,0.06133846338146974,0.027546902811899088,1.0
704,0,0.015625,0.05676711704332277,0.02735826414704748,1.0
705,0,0.015625,0.052652905338990495,0.02718825674638739,1.0
706,0,0.046875,0.052075114805091444,0.027164364583066387,1.0
707,0,0.0625,0.0531176033245823,0.02720746951005958,1.0
708,0,0.015625,0.04936834299212407,0.02705238476886328,1.0
709,0,0.03125,0.04755650869291167,0.0269773821047564,1.0
710,0,0.1375,0.0565508578236205,0.02734933322337346,1.0
711,0,0.109375,0.06183327204125845,0.027567304141926176,1.0
712,0,0.0625,0.061899944837132605,0.02757005284745878,1.0
713,0,0.015625,0.057272450353419345,0.027379130681203557,1.0
714,0,0.03125,0.05467020531807741,0.027271642073364077,1.0
715,0,0.015625,0.05076568478626967,0.027110203784580508,1.0
716,0,0.015625,0.047251616307642706,0.026964757225124897,1.0
717,0,0.03125,0.045651454676878436,0.02689848189380647,1.0
718,0,0.046875,0.045773809209190594,0.026903550521136882,1.0
719,0,0.015625,0.04275892828827154,0.026778612028643196,1.0
720,0,0.015625,0.040045535459444385,0.0266660908062503,1.0
721,0,0.03125,0.039165981913499945,0.026629601970968354,1.0
722,0,0.16875,0.05212438372214995,0.027166402053523855,1.0
723,0,0.0625,0.05316194534993495,0.02720930267746914,1.0
724,0,0.046875,0.05253325081494145,0.027183309252376532,1.0
725,0,0.075,0.05477992573344731,0.02727617593551155,1.0
726,0,0.10625,0.05992693316010258,0.027488685620088715,1.0
727,0,0.046875,0.058621739844092316,0.027434829907074788,1.0
728,0,0.046875,0.05744706585968308,0.027386340236111553,1.0
729,0,0.015625,0.05326485927371478,0.027213557204778856,1.0
730,0,0.0,0.0479383733463433,0.026993192793541645,1.0
731,0,0.015625,0.04470703601170897,0.026859353398372116,1.0
732,0,0.16875,0.057111332410538077,0.027372478061730866,1.0
733,0,0.1375,0.06515019916948427,0.02770397299026857,1.0
734,0,0.09375,0.06801017925253584,0.027821683205717852,1.0
735,0,0.125,0.07370916132728225,0.028055857723403688,1.0
736,0,0.25,0.09133824519455402,0.02877663184362842,1.0
737,0,0.140625,0.09626692067509862,0.028977053610580263,1.0
738,0,0.140625,0.10070272860758875,0.029156986645917683,1.0
739,0,0.29375,0.12000745574682987,0.02993468155877258,1.0
740,0,0.09375,0.11738171017214688,0.02982944791233408,1.0
741,0,0.0625,0.11189353915493219,0.029608924188751315,1.0
742,0,0.03125,0.10382918523943897,0.029283543082771604,1.0
743,0,0.046875,0.09813376671549508,0.029052832588050515,1.0
744,0,0.03125,0.09144539004394557,0.028780994214530505,1.0
745,0,0.0625,0.08855085103955102,0.028663061965020355,1.0
746,0,0.0625,0.08594576593559591,0.02855678014607887,1.0
747,0,0.3875,0.11610118934203632,0.029778062858273054,1.0
748,0,0.1375,0.11824107040783269,0.0298639088074579,1.0
749,0,0.015625,0.10797946336704942,0.02945119314126209,1.0
750,0,0.0,0.09718151703034447,0.02901418834971156,1.0
751,0,0.0,0.08746336532731003,0.028618711124606202,1.0
752,0,0.03125,0.08184202879457902,0.02838909154585674,1.0
753,0,0.015625,0.07522032591512112,0.028117862917351695,1.0
754,0,0.015625,0.069260793323609,0.027873116133680615,1.0
755,0,0.046875,0.06702221399124811,0.027781034873928002,1.0
756,0,0.03125,0.0634449925921233,0.027633732485284113,1.0
757,0,0.03125,0.06022549333291097,0.02750100173958342,1.0
758,0,0.078125,0.06201544399961987,0.02757481435882398,1.0
759,0,0.03125,0.05893889959965788,0.027447918871902066,1.0
760,0,0.078125,0.060857509639692095,0.027527069444546616,1.0
761,0,0.075,0.062271758675722884,0.027585380386042743,1.0
762,0,0.03125,0.0591695828081506,0.02745743815845078,1.0
763,0,0.03125,0.05637762452733554,0.027342178717980944,1.0
764,0,0.109375,0.061677362074601984,0.027560876229299026,1.0
765,0,0.25,0.08050962586714178,0.028334578696283304,1.0
766,0,0.15625,0.0880836632804276,0.02864401155453307,1.0
767,0,0.54375,0.13365029695238484,0.03047845115313696,1.0
768,0,0.171875,0.13747276725714636,0.03062985896096168,1.0
769,0,0.1375,0.1374754905314317,0.030629966676278278,1.0
770,0,0.078125,0.13154044147828853,0.030394697914353036,1.0
771,0,0.015625,0.11994889733045967,0.02993233664364463,1.0
772,0,0.015625,0.1095165075974137,0.02951317800040293,1.0
773,0,0.109375,0.10950235683767233,0.029512607598561943,1.0
774,0,0.2249999761581421,0.1210521187697193,0.02997649885936894,1.0
775,0,0.15625,0.12457190689274737,0.03011717950738046,1.0
776,0,0.078125,0.11992721620347263,0.029931468420981433,1.0
777,0,0.078125,0.11574699458312537,0.029763842222236655,1.0
778,0,0.015625,0.10573479512481283,0.029360570282496657,1.0
779,0,0.1375,0.10891131561233156,0.029488779034493956,1.0
780,0,0.03125,0.1011451840510984,0.029174910363824705,1.0
781,0,0.0625,0.09728066564598856,0.02901821292508426,1.0
782,0,0.125,0.1000525990813897,0.02913064215196087,1.0
783,0,0.046875,0.09473483917325073,0.028914807255768084,1.0
784,0,0.0,0.08526135525592567,0.028528835729137822,1.0
785,0,0.10625,0.0873602197303331,0.028614503333324156,1.0
786,0,0.015625,0.0801866977572998,0.028321361795606105,1.0
787,0,0.0,0.07216802798156982,0.027992583541483436,1.0
788,0,0.0,0.06495122518341284,0.027695779100071788,1.0
789,0,0.0,0.058456102665071556,0.0274279936385123,1.0
790,0,0.046875,0.057297992398564396,0.027380185290499015,1.0
791,0,0.03125,0.05469319315870795,0.0272725919883842,1.0
792,0,0.03125,0.05234887384283715,0.027175685267201828,1.0
793,0,0.075,0.054613986458553435,0.027269318941740048,1.0
794,0,0.046875,0.05384008781269809,0.027237335133172683,1.0
795,0,0.03125,0.05158107903142828,0.02714393259380625,1.0
796,0,0.015625,0.04798547112828545,0.026995142714855785,1.0
797,0,0.015625,0.04474942401545691,0.026861109786390315,1.0
798,0,0.015625,0.04183698161391122,0.026740387871474827,1.0
799,0,0.0625,0.0439032834525201,0.02682604565848213,1.0
800,0,0.35625,0.07513795510726809,0.028114484124684133,1.0
801,0,0.075,0.07512415959654127,0.02811391823122373,1.0
802,0,0.015625,0.06917424363688714,0.02786955746776598,1.0
803,0,0.015625,0.06381931927319842,0.027649155312358367,1.0
804,0,0.046875,0.06212488734587858,0.027579326041899145,1.0
805,0,0.109375,0.06684989861129072,0.027773943687667998,1.0
806,0,0.078125,0.06797740875016164,0.027820335154165866,1.0
807,0,0.15625,0.07680466787514548,0.028182828853759646,1.0
808,0,0.1624999761581421,0.08537419870344513,0.02853344373683285,1.0
809,0,0.325,0.10933677883310061,0.02950593296731239,1.0
810,0,0.109375,0.10934060094979056,0.02950608704852516,1.0
811,0,0.03125,0.10153154085481152,0.029190557935749796,1.0
812,0,0.015625,0.09294088676933036,0.02884185820866672,1.0
813,0,0.078125,0.09145929809239733,0.02878156045934346,1.0
814,0,0.03125,0.08543836828315761,0.028536064018261587,1.0
815,0,0.09375,0.08626953145484184,0.02856999630310906,1.0
816,0,0.015625,0.07920507830935765,0.028281174198196164,1.0
817,0,0.09375,0.08065957047842189,0.02834071503065541,1.0
818,0,0.0625,0.07884361343057969,0.028266371430838256,1.0
819,0,0.075,0.07845925208752172,0.028250628447461186,1.0
820,0,0.075,0.07811332687876954,0.028236457519558805,1.0
821,0,0.075,0.07780199419089258,0.028223701875403767,1.0
822,0,0.015625,0.07158429477180332,0.027968607050092756,1.0
823,0,0.03125,0.067550865294623,0.027802787295841982,1.0
824,0,0.10625,0.07142077876516069,0.02796188973298387,1.0
825,0,0.03125,0.06740370088864463,0.027796732350358823,1.0
826,0,0.015625,0.06222583079978017,0.027583487175610644,1.0
827,0,0.046875,0.06069074771980215,0.02752019183516848,1.0
828,0,0.10625,0.06524667294782194,0.027707945637568794,1.0
829,0,0.15625,0.07434700565303974,0.028082034068304326,1.0
830,0,0.078125,0.07472480508773577,0.02809753525994546,1.0
831,0,0.075,0.07475232457896219,0.028098664296200178,1.0
832,0,0.015625,0.06883959212106597,0.02785579648445904,1.0
833,0,0.09375,0.07133063290895937,0.02795818631179774,1.0
834,0,0.234375,0.08763506961806342,0.02862571528107893,1.0
835,0,0.1875,0.09762156265625707,0.029032048759864745,1.0
836,0,0.21875,0.10973440639063135,0.029521960651825108,1.0
837,0,0.171875,0.11594846575156821,0.029771931521321356,1.0
838,0,0.234375,0.1277911191764114,0.030245551355812552,1.0
839,0,0.46249998807907106,0.16126200606667734,0.03156199892076543,1.0
840,0,0.359375,0.1810733054600096,0.032323719847540386,1.0
841,0,0.28125,0.19109097491400864,0.03270340926257073,1.0
842,0,0.2249999761581421,0.194481875038422,0.03283105814752801,1.0
843,0,0.046875,0.1797211875345798,0.032272182556351205,1.0
844,0,0.046875,0.16643656878112184,0.03176229294348998,1.0
845,0,0.03125,0.15291791190300966,0.03123711638621067,1.0
846,0,0.075,0.1451261207127087,0.030931693607437978,1.0
847,0,0.3875,0.16936350864143784,0.031875175932077025,1.0
848,0,0.2625,0.17867715777729407,0.032232342066875086,1.0
849,0,0.078125,0.16862194199956465,0.03184660445227145,1.0
850,0,0.1375,0.1655097477996082,0.031726485951964575,1.0
851,0,0.046875,0.1536462730196474,0.031265567173675735,1.0
852,0,0.125,0.15078164571768266,0.031153571718592607,1.0
853,0,0.1375,0.1494534811459144,0.03110155612969224,1.0
854,0,0.140625,0.14857063303132295,0.03106694955817963,1.0
855,0,0.203125,0.15402606972819066,0.03128039569508106,1.0
856,0,0.109375,0.1495609627553716,0.031105767583817497,1.0
857,0,0.1375,0.14835486647983442,0.031058488007707483,1.0
858,0,0.046875,0.138206879831851,0.030658887776976125,1.0
859,0,0.046875,0.1290736918486659,0.03029661616747132,1.0
860,0,0.03125,0.11929132266379933,0.029905998510786014,1.0
861,0,0.0,0.1073621903974194,0.029426284220573723,1.0
862,0,0.015625,0.09818847135767746,0.029055052012099337,1.0
863,0,0.046875,0.0930571242219097,0.028846586918338288,1.0
864,0,0.078125,0.09156391179971873,0.028785819518319846,1.0
865,0,0.046875,0.08709502061974686,0.028603683661625724,1.0
866,0,0.125,0.09088551855777217,0.028758196617014488,1.0
867,0,0.140625,0.09585946670199495,0.02896050422181841,1.0
868,0,0.35625,0.12189852003179545,0.030010358609080086,1.0
869,0,0.21875,0.1315836680286159,0.03039641512644003,1.0
870,0,0.21875,0.14030030122575432,0.030741578849471596,1.0
871,0,0.265625,0.1528327711031789,0.031233789542803182,1.0
872,0,0.203125,0.157861993992861,0.0314298969403768,1.0
873,0,0.1624999761581421,0.15832579220938908,0.03144793993690094,1.0
874,0,0.09375,0.15186821298845019,0.031196083396120417,1.0
875,0,0.015625,0.13824389168960516,0.030660350901876104,1.0
876,0,0.0625,0.13066950252064463,0.030360087756635564,1.0
877,0,0.2,0.13760255226858017,0.030634992181216916,1.0
878,0,0.078125,0.13165479704172214,0.0303992406717314,1.0
879,0,0.078125,0.12630181733754992,0.03018619827884282,1.0
880,0,0.125,0.1261716356037949,0.030181007236560666,1.0
881,0,0.09375,0.12292947204341541,0.03005157532862401,1.0
882,0,0.140625,0.12469902483907386,0.03012225395832423,1.0
883,0,0.078125,0.12004162235516648,0.029936049685814977,1.0
884,0,0.0,0.10803746011964983,0.029453533025900272,1.0
885,0,0.078125,0.10504621410768485,0.029332746721061894,1.0
886,0,0.03125,0.09766659269691637,0.02903387618462539,1.0
887,0,0.03125,0.09102493342722473,0.028763874098062636,1.0
888,0,0.015625,0.08348494008450226,0.02845626305556851,1.0
889,0,0.015625,0.07669894607605203,0.028178495081893736,1.0
890,0,0.10625,0.07965405146844683,0.02829955735818724,1.0
891,0,0.015625,0.07325114632160214,0.0280370571519742,1.0
892,0,0.0,0.06592603168944193,0.027735916694889663,1.0
893,0,0.015625,0.06089592852049774,0.027528653864586528,1.0
894,0,0.03125,0.057931335668447964,0.027406332751375134,1.0
895,0,0.078125,0.05995070210160317,0.02748966617449899,1.0
896,0,0.046875,0.05864313189144285,0.027435712784612154,1.0
897,0,0.046875,0.05746631870229856,0.027387135126277745,1.0
898,0,0.0,0.051719686832068706,0.027149665331599068,1.0
899,0,0.075,0.054047718148861834,0.027245916842492376,1.0
900,0,0.109375,0.05958044633397565,0.027474390914543925,1.0
901,0,0.23125,0.07674740170057807,0.028180481409917264,1.0
902,0,0.25000001192092897,0.09407266272261317,0.028887888484372317,1.0
903,0,0.21875,0.10654039645035185,0.02939310815370538,1.0
904,0,0.21875,0.11776135680531666,0.02984467434460731,1.0
905,0,0.16875,0.122860221124785,0.03004880762071645,1.0
906,0,0.046875,0.1152616990123065,0.02974435279998047,1.0
907,0,0.046875,0.10842302911107585,0.029469086793959806,1.0
908,0,0.03125,0.10070572619996827,0.029157108092165342,1.0
909,0,0.0625,0.09688515357997143,0.029002157287009406,1.0
910,0,0.046875,0.09188413822197429,0.028798855256271058,1.0
911,0,0.046875,0.08738322439977686,0.028615441819508508,1.0
912,0,0.03125,0.08176990195979918,0.028386141442653057,1.0
913,0,0.03125,0.07671791176381926,0.0281792725419501,1.0
914,0,0.046875,0.07373362058743733,0.028056861627101345,1.0
915,0,0.015625,0.0679227585286936,0.027818087018759013,1.0
916,0,0.015625,0.06269298267582424,0.027602742419884044,1.0
917,0,0.046875,0.061111184408241814,0.02753753077970363,1.0
918,0,0.0625,0.06125006596741763,0.02754325775887939,1.0
919,0,0.0625,0.06137505937067587,0.02754841180955671,1.0
920,0,0.0625,0.06148755343360828,0.027553050268023845,1.0
921,0,0.1624999761581421,0.07158879570606166,0.02796879194451825,1.0
922,0,0.109375,0.0753674161354555,0.02812389616700492,1.0
923,0,0.03125,0.07095567452190996,0.027942780655862354,1.0
924,0,0.015625,0.06542260706971896,0.02771518998771242,1.0
925,0,0.075,0.06638034636274706,0.027754618209382895,1.0
926,0,0.1375,0.07349231172647236,0.02804695693049973,1.0
927,0,0.015625,0.06770558055382513,0.02780915255523732,1.0
928,0,0.015625,0.06249752249844261,0.02759468624619199,1.0
929,0,0.03125,0.059372770248598356,0.02746582221909863,1.0
930,0,0.015625,0.05499799322373852,0.027285186462204115,1.0
931,0,0.0,0.04949819390136467,0.027057758663266197,1.0
932,0,0.015625,0.04611087451122821,0.026917512886172175,1.0
933,0,0.109375,0.052437287060105385,0.02717934120345335,1.0
934,0,0.09375,0.05656855835409484,0.027350064230402,1.0
935,0,0.2874999761581421,0.07966170013449957,0.028299870500637248,1.0
936,0,0.25000001192092897,0.0966955313131425,0.02899445845195301,1.0
937,0,0.3125,0.11827597818182825,0.029865308226568184,1.0
938,0,0.1875,0.12519838036364542,0.03014218357992042,1.0
939,0,0.0625,0.11892854232728087,0.029891463053530305,1.0
940,0,0.03125,0.11016068809455279,0.029539139068163522,1.0
941,0,0.10625,0.10976961928509751,0.029523379838175767,1.0
942,0,0.140625,0.11285515735658776,0.029647618356519273,1.0
943,0,0.21875,0.12344464162092897,0.030072160730493888,1.0
944,0,0.28125,0.13922517745883606,0.03069912741718758,1.0
945,0,0.234375,0.14874015971295246,0.031073596719476883,1.0
946,0,0.3125,0.16511614374165723,0.03171127035657244,1.0
947,0,0.265625,0.1751670293674915,0.03209810128718473,1.0
948,0,0.4749999761581421,0.20515032404655656,0.033229698037424885,1.0
949,0,0.25,0.2096352916419009,0.03339590909764952,1.0
950,0,0.25000001192092897,0.2136717636698037,0.03354478774653814,1.0
951,0,0.203125,0.2126170873028233,0.033505953306547286,1.0
952,0,0.125,0.203855378572541,0.033181554778287305,1.0
953,0,0.1375,0.19721984071528692,0.03293379867668302,1.0
954,0,0.03125,0.1806228566437582,0.03230655808673442,1.0
955,0,0.046875,0.1672480709793824,0.031793620130933196,1.0
956,0,0.015625,0.15208576388144415,0.03120459044553547,1.0
957,0,0.0,0.13687718749329975,0.0306062963505568,1.0
958,0,0.046875,0.12787696874396978,0.030248970837091133,1.0
959,0,0.046875,0.1197767718695728,0.029925443523402054,1.0
960,0,0.0,0.10779909468261553,0.029443915634541146,1.0
961,0,0.078125,0.10483168521435399,0.029324075965931885,1.0
962,0,0.046875,0.09903601669291859,0.029089429397120226,1.0
963,0,0.078125,0.09694491502362673,0.029004583494150707,1.0
964,0,0.16875,0.10412542352126407,0.029295522956776662,1.0
965,0,0.10625,0.10433788116913766,0.029304113491354533,1.0
966,0,0.03125,0.09702909305222389,0.029008000839397027,1.0
967,0,0.046875,0.0920136837470015,0.028804128179369656,1.0
968,0,0.16875,0.09968731537230135,0.029115836012914193,1.0
969,0,0.03125,0.09284358383507123,0.02883789956639142,1.0
970,0,0.015625,0.0851217254515641,0.02852313355111624,1.0
971,0,0.1375,0.0903595529064077,0.028736773814680157,1.0
972,0,0.015625,0.08288609761576692,0.02843178482489981,1.0
973,0,0.046875,0.07928498785419022,0.028284446351049583,1.0
974,0,0.03125,0.07448148906877121,0.028087552228116038,1.0
975,0,0.03125,0.0701583401618941,0.027910013610024365,1.0
976,0,0.09375,0.07251750614570468,0.028006935477951047,1.0
977,0,0.0625,0.0715157555311342,0.02796579147760682,1.0
978,0,0.078125,0.07217667997802078,0.027992938875159457,1.0
979,0,0.046875,0.0696465119802187,0.02788897430197488,1.0
980,0,0.046875,0.06736936078219684,0.027795319410106264,1.0
981,0,0.0625,0.06688242470397715,0.027775282248104233,1.0
982,0,0.046875,0.06488168223357944,0.02769291513366461,1.0
983,0,0.046875,0.0630810140102215,0.02761873407132176,1.0
984,0,0.075,0.06427291260919935,0.027667841312286008,1.0
985,0,0.03125,0.06097062134827941,0.027531734187429636,1.0
986,0,0.046875,0.059561059213451464,0.027473591028616635,1.0
987,0,0.16875,0.07047995329210632,0.027923231765952156,1.0
988,0,0.2874999761581421,0.0921819555787099,0.028810976871408458,1.0
989,0,0.23125,0.1060887600208389,0.029374868647453124,1.0
990,0,0.046875,0.10016738401875501,0.029135294144977005,1.0
991,0,0.075,0.0976506456168795,0.02903322901974134,1.0
992,0,0.046875,0.09257308105519155,0.028826893480462724,1.0
993,0,0.046875,0.08800327294967239,0.02864073305932692,1.0
994,0,0.015625,0.08076544565470514,0.02834504762033524,1.0
995,0,0.015625,0.07425140108923463,0.028078111010544776,1.0
996,0,0.075,0.07432626098031116,0.028081182840131183,1.0
997,0,0.109375,0.07783113488228005,0.0282248958742356,1.0
998,0,0.109375,0.08098552139405205,0.028354052833579252,1.0
999,1,0.0,0.07288696925464684,0.02802210594465104,0.84375
1000,1,0.125,0.07809827232918215,0.028235840757405897,0.84375
1001,1,0.078125,0.07810094509626393,0.02823595025692785,0.84375
1002,1,0.140625,0.08435335058663754,0.02849174811335869,0.84375
1003,1,0.0,0.07591801552797378,0.02814647700277559,0.859375
1004,1,0.0,0.06832621397517641,0.027834682796091487,0.890625
1005,1,0.0,0.06149359257765877,0.02755329927453415,0.9375
1006,1,0.0,0.05534423331989289,0.02729949183720631,0.96875
1007,1,0.0,0.0498098099879036,0.027070654147911717,0.96875
1008,1,0.015625,0.046391328989113245,0.026929129326060133,0.96875
1009,1,0.046875,0.04643969609020192,0.026931132609466592,0.96875
1010,1,0.03125,0.04492072648118173,0.026868207681714225,0.96875
1011,1,0.078125,0.04824115383306356,0.027005727948985276,0.96875
1012,1,0.015625,0.0449795384497572,0.026870644478179242,0.96875
1013,1,0.015625,0.042044084604781484,0.02674897513576792,0.96875
1014,1,0.109375,0.04877717614430333,0.02702791685647113,0.96875
1015,1,0.03125,0.047024458529873,0.026955350497651,0.96875
1016,1,0.0625,0.0485720126768857,0.027019424391693882,0.96875
1017,1,0.03125,0.04683981140919713,0.026947703749072613,0.96875
1018,1,0.03125,0.04528083026827742,0.026883127546282744,0.96875
1019,1,0.03125,0.043877747241449674,0.02682498732300039,0.96875
1020,1,0.0625,0.04573997251730471,0.02690214882678481,0.96875
1021,1,0.140625,0.055228475265574235,0.027294709306103067,0.96875
1022,1,0.015625,0.05126812773901682,0.027130988276401254,0.96875
1023,1,0.015625,0.04770381496511514,0.02698348134930849,0.96875
1024,1,0.0625,0.04918343346860363,0.027044731938091898,0.96875
1025,1,0.078125,0.05207759012174327,0.027164466948186545,0.96875
1026,1,0.0625,0.053119831109568943,0.027207561610682385,0.96875
1027,1,0.15625,0.06343284799861204,0.027633232075590243,0.96875
1028,1,0.15625,0.07271456319875083,0.028015027087027057,0.96875
1029,1,0.15625,0.08106810687887575,0.028357431895727443,0.96875
1030,1,0.28125,0.10108629619098818,0.02917252509110836,0.96875
1031,1,0.3125,0.12222766657188935,0.03002352074692631,0.96875
1032,1,0.328125,0.1428173999147004,0.030840829887398325,0.96875
1033,1,0.171875,0.14572315992323037,0.030955164237580837,0.96875
1034,1,0.328125,0.16396334393090733,0.0316666756467179,0.96875
1035,1,0.234375,0.1710045095378166,0.03193833218246651,0.96875
1036,1,0.21875,0.17577905858403495,0.03212153998193859,0.96875
1037,1,0.25,0.18320115272563145,0.03240468695456441,0.96875
1038,1,0.046875,0.16956853745306832,0.03188307196950523,0.96875
1039,1,0.078125,0.1604241837077615,0.03152948285839404,0.96875
1040,1,0.109375,0.15531926533698534,0.03133085091537225,0.96875
1041,1,0.0625,0.14603733880328681,0.0309675106808617,0.96875
1042,1,0.015625,0.13299610492295813,0.030452495930348496,0.96875
1043,1,0.015625,0.12125899443066232,0.029984776550936093,0.96875
1044,1,0.03125,0.11225809498759609,0.02962359610575245,0.96875
1045,1,0.015625,0.10259478548883648,0.029233602204564942,0.96875
1046,1,0.0,0.09233530693995283,0.02881721778781375,0.984375
1047,1,0.09375,0.09247677624595754,0.028822974710153368,0.984375
1048,1,0.0625,0.0894790986213618,0.028700899990388357,0.984375
1049,1,0.109375,0.09146868875922563,0.02878194278366221,0.984375
1050,1,0.078125,0.09013431988330307,0.028727598260076904,0.984375
1051,1,0.0625,0.08737088789497277,0.02861493854735396,0.984375
1052,1,0.09375,0.08800879910547549,0.028640958432259875,0.984375
1053,1,0.046875,0.08389541919492793,0.028473037863791063,0.984375
1054,1,0.0625,0.08175587727543515,0.02838556779941412,0.984375
1055,1,0.109375,0.08451778954789164,0.02849846582010142,0.984375
1056,1,0.078125,0.08387851059310249,0.02847234693277156,0.984375
1057,1,0.25,0.10049065953379223,0.029148394241060045,0.984375
1058,1,0.09375,0.099816593580413,0.02912107641984328,0.984375
1059,1,0.09375,0.0992099342223717,0.02909648172639009,0.984375
1060,1,0.15625,0.10491394080013454,0.029327400670833188,0.984375
1061,1,0.09375,0.10379754672012108,0.029282263501374025,0.984375
1062,1,0.125,0.10591779204810897,0.029367962786911773,0.984375
1063,1,0.09375,0.10470101284329807,0.02931879396918853,0.984375
1064,1,0.03125,0.09735591155896826,0.029021267115002414,0.984375
1065,1,0.09375,0.09699532040307143,0.029006629801726448,0.984375
1066,1,0.203125,0.10760828836276429,0.02943621614402558,0.984375
1067,1,0.203125,0.11715995952648786,0.02982055246847969,0.984375
1068,1,0.234375,0.12888146357383906,0.030288965656951158,0.984375
1069,1,0.21875,0.13786831721645515,0.030645502079343207,0.984375
1070,1,0.359375,0.16001898549480964,0.03151374851198128,0.984375
1071,1,0.4375,0.18776708694532868,0.03257785074228175,0.984375
1072,1,0.5,0.21899037825079581,0.03373991172270389,0.984375
1073,1,0.484375,0.24552884042571624,0.034695142905621694,0.984375
1074,1,0.359375,0.2569134563831446,0.03509516995056489,0.984375
1075,1,0.15625,0.24684711074483015,0.03474177024032521,0.984375
1076,1,0.078125,0.22997489967034715,0.034139063234238806,0.984375
1077,1,0.140625,0.22103990970331244,0.033814782124753626,0.984375
1078,1,0.140625,0.2129984187329812,0.03351999975668987,0.984375
1079,1,0.109375,0.20263607685968307,0.03313616157530324,0.984375
1080,1,0.15625,0.19799746917371477,0.032962924669938796,0.984375
1081,1,0.296875,0.20788522225634332,0.03333115059848364,0.984375
1082,1,0.328125,0.219909200030709,0.033773498944457254,0.984375
1083,1,0.328125,0.23073078002763808,0.03416633680759755,0.984375
1084,1,0.3125,0.23890770202487427,0.03445975495660692,0.984375
1085,1,0.265625,0.24157943182238684,0.034554976960807164,0.984375
1086,1,0.21875,0.23929648864014816,0.0344736315723304,0.984375
1087,1,0.078125,0.22317933977613336,0.03389274439417322,0.984375
1088,1,0.09375,0.21023640579852002,0.03341812315179723,0.984375
1089,1,0.078125,0.197025265218668,0.032926507119906495,0.984375
1090,1,0.046875,0.18201023869680122,0.03235939210703245,0.984375
1091,1,0.03125,0.1669342148271211,0.031781506769747093,0.984375
1092,1,0.078125,0.15805329334440898,0.0314373398694999,0.984375
1093,1,0.09375,0.15162296400996808,0.031186491415081053,0.984375
1094,1,0.078125,0.14427316760897127,0.030898143344017637,0.984375
1095,1,0.046875,0.13453335084807416,0.030513466848744092,0.984375
1096,1,0.09375,0.13045501576326676,0.030351560976612048,0.984375
1097,1,0.09375,0.1267845141869401,0.030205441903201652,0.984375
1098,1,0.078125,0.12191856276824609,0.030011160174618242,0.984375
1099,1,0.078125,0.11753920649142148,0.02983576504676429,0.984375
1100,1,0.109375,0.11672278584227934,0.029803011698514154,0.984375
1101,1,0.109375,0.1159880072580514,0.029773519036605346,0.984375
1102,1,0.09375,0.11376420653224625,0.02968417602825439,0.984375
1103,1,0.09375,0.11176278587902162,0.02960366108988474,0.984375
1104,1,0.1875,0.11933650729111947,0.02990780867412135,0.984375
1105,1,0.078125,0.11521535656200753,0.02974249137839191,0.984375
1106,1,0.0625,0.10994382090580679,0.029530400247825706,0.984375
1107,1,0.015625,0.1005119388152261,0.029149256459453723,0.984375
1108,1,0.078125,0.0982732449337035,0.029058491234273506,0.984375
1109,1,0.078125,0.09625842044033316,0.028976708396542664,0.984375
1110,1,0.109375,0.09757007839629984,0.029029959353528974,0.984375
1111,1,0.1875,0.10656307055666986,0.029394023728946145,0.984375
1112,1,0.203125,0.11621926350100287,0.029782802728601794,0.984375
1113,1,0.328125,0.13740983715090258,0.03062736978704152,0.984375
1114,1,0.5625,0.17991885343581232,0.032279721013556154,0.984375
1115,1,0.728124988079071,0.23473946690013817,0.034310555539992973,0.984375
1116,1,0.40625,0.25189052021012437,0.03491941757029828,0.984375
1117,1,0.4718750238418579,0.2738889705732977,0.035680307470717175,0.984375
1118,1,0.421875,0.2886875735159679,0.0361790224646996,0.984375
1119,1,0.4375,0.30356881616437115,0.036669552302793416,0.984375
1120,1,0.21875,0.295086934547934,0.03639132648704623,0.984375
1121,1,0.21875,0.2874532410931406,0.036137837798614285,0.984375
1122,1,0.171875,0.27589541698382647,0.03574855343374917,0.984375
1123,1,0.140625,0.2623683752854438,0.03528469561326208,0.984375
1124,1,0.109375,0.24706903775689942,0.03474961197945443,0.984375
1125,1,0.109375,0.23329963398120948,0.03425883731299386,0.984375
1126,1,0.109375,0.22090717058308854,0.03380993854237583,0.984375
1127,1,0.203125,0.21912895352477968,0.033744979601919405,0.984375
1128,1,0.078125,0.20502855817230173,0.033225173953860654,0.984375
1129,1,0.140625,0.19858820235507157,0.032985034457803535,0.984375
1130,1,0.109375,0.18966688211956442,0.03264966680854633,0.984375
1131,1,0.1875,0.18945019390760798,0.032641482564412364,0.984375
1132,1,0.125,0.18300517451684717,0.03239723683307177,0.984375
1133,1,0.140625,0.17876715706516247,0.03223577804992977,0.984375
1134,1,0.234375,0.18432794135864622,0.032447493877785526,0.984375
1135,1,0.25,0.19089514722278159,0.032696023760113734,0.984375
1136,1,0.203125,0.1921181325005034,0.032742123427919705,0.984375
1137,1,0.046875,0.1775938192504531,0.03219095912006648,0.984375
1138,1,0.109375,0.17077193732540777,0.031929387120561,0.984375
1139,1,0.140625,0.167757243592867,0.03181326445607459,0.984375
1140,1,0.171875,0.1681690192335803,0.03182914447774574,0.984375
1141,1,0.09375,0.16072711731022227,0.03154124251908652,0.984375
1142,1,0.140625,0.15871690557920004,0.031463149707888015,0.984375
1143,1,0.078125,0.15065771502128003,0.031148720547331706,0.984375
1144,1,0.09375,0.14496694351915201,0.030925434207036452,0.984375
1145,1,0.15625,0.14609524916723682,0.03096978607648967,0.984375
1146,1,0.203125,0.15179822425051315,0.031193346250859795,0.984375
1147,1,0.078125,0.14443090182546184,0.030904349399786497,0.984375
1148,1,0.171875,0.14717531164291564,0.03101220429104643,0.984375
1149,1,0.15625,0.14808278047862408,0.031047815718355683,0.984375
1150,1,0.1875,0.15202450243076165,0.03120219504963569,0.984375
1151,1,0.21875,0.1586970521876855,0.03146237776476562,0.984375
1152,1,0.23437501192092897,0.16626484816100986,0.03175566090738419,0.984375
1153,1,0.265625,0.17620086334490886,0.032137685784945795,0.984375
1154,1,0.25,0.18358077701041797,0.03241911428965407,0.984375
1155,1,0.28125,0.19334769930937618,0.03278841254908337,0.984375
1156,1,0.21875,0.19588792937843857,0.03288385642825332,0.984375
1157,1,0.171875,0.19348663644059472,0.032793639363138186,0.984375
1158,1,0.21875,0.19601297279653526,0.03288854812241481,0.984375
1159,1,0.28125,0.20453667551688173,0.03320689242150213,0.984375
1160,1,0.21875,0.20595800796519356,0.033259691374232236,0.984375
1161,1,0.3125,0.21661220716867421,0.03365281163279129,0.984375
1162,1,0.171875,0.2121384864518068,0.03348831531231714,0.984375
1163,1,0.125,0.20342463780662612,0.03316552567360973,0.984375
1164,1,0.125,0.1955821740259635,0.03287238173106524,0.984375
1165,1,0.15625,0.19164895662336717,0.03272444499728049,0.984375
1166,1,0.09375,0.18185906096103047,0.03235363846705724,0.984375
1167,1,0.234375,0.18711065486492742,0.03255300416507348,0.984375
1168,1,0.15625,0.1840245893784347,0.03243597417573855,0.984375
1169,1,0.15625,0.18124713044059124,0.03233034043110552,0.984375
1170,1,0.140625,0.1771849173965321,0.03217532809922249,0.984375
1171,1,0.09375,0.1688414256568789,0.031855062855957364,0.984375
1172,1,0.09375,0.16133228309119102,0.03156472530517367,0.984375
1173,1,0.125,0.1576990547820719,0.03142355646319119,0.984375
1174,1,0.125,0.1544291493038647,0.03129612809880435,0.984375
1175,1,0.140625,0.15304873437347824,0.031242227763946237,0.984375
1176,1,0.171875,0.1549313609361304,0.03131572222938884,0.984375
1177,1,0.125,0.1519382248425174,0.031198821287077357,0.984375
1178,1,0.09375,0.14611940235826565,0.030970735065008154,0.984375
1179,1,0.234375,0.15494496212243908,0.03131625277385713,0.984375
1180,1,0.125,0.15195046591019518,0.031199299971292845,0.984375
1181,1,0.125,0.1492554193191757,0.031093794504620242,0.984375
1182,1,0.21875,0.15620487738725813,0.03136537215298954,0.984375
1183,1,0.21875,0.16245938964853232,0.031608428245762765,0.984375
1184,1,0.709374976158142,0.21715094829949327,0.03367256395823348,0.984375
1185,1,0.42187501192092897,0.23762335466163684,0.0344138655403936,0.984375
1186,1,0.6718750119209289,0.281048520387566,0.03592292821504244,0.984375
1187,1,0.740624976158142,0.3270061659646236,0.03741927959458915,0.984375
1188,1,0.41562498807907106,0.33586804817606836,0.03769535608200688,0.984375
1189,1,0.6281250238418579,0.3650937457426473,0.038576574975360864,0.984375
1190,1,0.7031250119209289,0.39889687236047544,0.03953918836830318,0.984375
1191,1,0.375,0.3965071851244279,0.03947314218172586,0.984375
1192,1,0.421875,0.3990439666119851,0.03954324378653834,0.984375
1193,1,0.328125,0.3919520699507866,0.03934640233921061,0.984375
1194,1,0.34375,0.3871318629557079,0.03921107885649974,0.984375
1195,1,0.390625,0.3874811766601371,0.03922092729607058,0.984375
1196,1,0.46875,0.3956080589941234,0.03944821309177779,0.984375
1197,1,0.5,0.406047253094711,0.03973498762270153,0.984375
1198,1,0.390625,0.40450502778523995,0.03969298788152584,0.984375
1199,1,0.453125,0.40936702500671596,0.0398249645477561,0.984375
1200,1,0.453125,0.4137428225060443,0.039942664275924425,0.984375
1201,1,0.4375,0.41611854025543993,0.0400061381043638,0.984375
1202,1,0.203125,0.394819186229896,0.03942630528378066,0.984375
1203,1,0.171875,0.37252476760690634,0.03879341727441438,0.984375
1204,1,0.171875,0.3524597908462157,0.03820117180368213,0.984375
1205,1,0.0625,0.3234638117615941,0.0373077802766068,0.984375
1206,1,0.171875,0.30830493058543473,0.0368233235163525,0.984375
1207,1,0.1875,0.29622443752689126,0.03642884965039698,0.984375
1208,1,0.171875,0.28378949377420215,0.036015148960454456,0.984375
1209,1,0.125,0.26791054439678197,0.03547580616117781,0.984375
1210,1,0.1875,0.2598694899571038,0.03519804873601017,0.984375
1211,1,0.140625,0.24794504096139341,0.0347805432509298,0.984375
1212,1,0.109375,0.23408803686525406,0.03428716785126936,0.984375
1213,1,0.15625,0.22630423317872866,0.03400626233104619,0.984375
1214,1,0.28125,0.2317988098608558,0.034204830372408616,0.984375
1215,1,0.15625,0.2242439288747702,0.033931465216534985,0.984375
1216,1,0.125,0.2143195359872932,0.03356861638709866,0.984375
1217,1,0.1875,0.21163758238856387,0.033469845137670186,0.984375
1218,1,0.109375,0.20141132414970747,0.033090504952465884,0.984375
1219,1,0.15625,0.19689519173473674,0.03292163188664718,0.984375
1220,1,0.140625,0.19126817256126308,0.03271009086604724,0.984375
1221,1,0.171875,0.18932885530513677,0.03263689885501623,0.984375
1222,1,0.171875,0.1875834697746231,0.032570902315819224,0.984375
1223,1,0.09375,0.17820012279716077,0.0322141249004846,0.984375
1224,1,0.09375,0.16975511051744469,0.03189025595109218,0.984375
1225,1,0.15625,0.16840459946570022,0.03183822689243986,0.984375
1226,1,0.203125,0.17187663951913018,0.03197185840112888,0.984375
1227,1,0.125,0.16718897556721718,0.03179133959084742,0.984375
1228,1,0.1875,0.16922007801049546,0.03186965127172372,0.984375
1229,1,0.1875,0.1710480702094459,0.0319400073746619,0.984375
1230,1,0.234375,0.17738076318850132,0.03218281542645488,0.984375
1231,1,0.25,0.18464268686965118,0.03245944257829782,0.984375
1232,1,0.234375,0.18961591818268608,0.03264774207963615,0.984375
1233,1,0.21875,0.1925293263644175,0.03275761007265586,0.984375
1234,1,0.34375,0.20765139372797575,0.0333224885910947,0.984375
1235,1,0.296875,0.21657375435517817,0.03365140133470376,0.984375
1236,1,0.28125,0.22304137891966033,0.03388772295247735,0.984375
1237,1,0.21875,0.2226122410276943,0.033872098123174064,0.984375
1238,1,0.15625,0.21597601692492488,0.033629470635135855,0.984375
1239,1,0.078125,0.2021909152324324,0.03311957373323444,0.984375
1240,1,0.203125,0.20228432370918914,0.03312305503136416,0.984375
1241,1,0.125,0.19455589133827023,0.03283383944689986,0.984375
1242,1,0.03125,0.1782253022044432,0.032215086669010455,0.984375
1243,1,0.0625,0.1666527719839989,0.03177064148479109,0.984375
1244,1,0.078125,0.157799994785599,0.031427484460557674,0.984375
1245,1,0.109375,0.1529574953070391,0.03123866301201533,0.984375
1246,1,0.203125,0.15797424577633518,0.03143426449514728,0.984375
1247,1,0.28125,0.17030182119870166,0.03191129991001935,0.984375
1248,1,0.21875,0.1751466390788315,0.0320973201726052,0.984375
1249,1,0.234375,0.18106947517094835,0.03232357394820503,0.984375
1250,1,0.265625,0.1895250276538535,0.03264430921531486,0.984375
1251,1,0.21875,0.19244752488846817,0.0327545297378531,0.984375
1252,1,0.09375,0.18257777239962136,0.03238098412628149,0.984375
1253,1,0.25,0.18931999515965922,0.032636564130337456,0.984375
1254,1,0.234375,0.1938254956436933,0.03280638407910449,0.984375
1255,1,0.203125,0.194755446079324,0.03284133701391553,0.984375
1256,1,0.1875,0.1940299014713916,0.0328140697429756,0.984375
1257,1,0.21875,0.19650191132425246,0.0329068874247283,0.984375
1258,1,0.1875,0.1956017201918272,0.03287311538966408,0.984375
1259,1,0.140625,0.19010404817264448,0.03266617292309566,0.984375
1260,1,0.203125,0.19140614335538003,0.032715292497288585,0.984375
1261,1,0.0625,0.17851552901984205,0.032226170673093836,0.984375
1262,1,0.1875,0.17941397611785784,0.03226046345389812,0.984375
1263,1,0.1875,0.18022257850607204,0.032291301469572986,0.984375
1264,1,0.140625,0.17626282065546484,0.03214005683552437,0.984375
1265,1,0.15625,0.17426153858991836,0.03206339908709946,0.984375
1266,1,0.109375,0.16777288473092652,0.03181386776116849,0.984375
1267,1,0.1875,0.16974559625783386,0.031889889635036896,0.984375
1268,1,0.140625,0.1668335366320505,0.03177762033961214,0.984375
1269,1,0.1875,0.16890018296884543,0.031857326942022715,0.984375
1270,1,0.109375,0.16294766467196087,0.031627347389984566,0.984375
1271,1,0.0625,0.1529028982047648,0.03123652974893473,0.984375
1272,1,0.15625,0.15323760838428832,0.031249606297350255,0.984375
1273,1,0.328125,0.1707263475458595,0.03192763344664029,0.984375
1274,1,0.265625,0.18021621279127353,0.03229105879210459,0.984375
1275,1,0.4375,0.20594459151214617,0.033259193371942206,0.984375
1276,1,0.34375,0.21972513236093155,0.03376677329947264,0.984375
1277,1,0.390625,0.2368151191248384,0.03438494951190557,0.984375
1278,1,0.21875,0.2350086072123546,0.034320212717945824,0.984375
1279,1,0.171875,0.22869524649111914,0.03409283369895527,0.984375
1280,1,0.09375,0.21520072184200723,0.03360100295793017,0.984375
1281,1,0.1875,0.2124306496578065,0.03349908361162202,0.984375
1282,1,0.09375,0.20056258469202584,0.03305883001726806,0.984375
1283,1,0.15625,0.19613132622282325,0.03289298823622056,0.984375
1284,1,0.171875,0.19370569360054093,0.03280187875929973,0.984375
1285,1,0.15625,0.18996012424048683,0.032660739588991995,0.984375
1286,1,0.109375,0.18190161181643813,0.03235525798691281,0.984375
1287,1,0.09375,0.1730864506347943,0.03201832067127141,0.984375
1288,1,0.171875,0.17296530557131487,0.03201367051152087,0.984375
1289,1,0.15625,0.17129377501418339,0.03194945506344997,0.984375
1290,1,0.234375,0.17760189751276506,0.03219126786472844,0.984375
1291,1,0.1875,0.17859170776148856,0.03222907948945122,0.984375
1292,1,0.140625,0.1747950369853397,0.0320838485713769,0.984375
1293,1,0.1781249761581421,0.17512803090261997,0.032096607314332844,0.984375
1294,1,0.140625,0.171677727812358,0.03196421427113957,0.984375
1295,1,0.15625,0.1701349550311222,0.03190487802882482,0.984375
1296,1,0.140625,0.16718395952801,0.03179114601218964,0.984375
1297,1,0.21875,0.172340563575209,0.03198968139890172,0.984375
1298,1,0.21875,0.1769815072176881,0.03216755009464148,0.984375
1299,1,0.140625,0.1733458564959193,0.03202827620592473,0.984375
1300,1,0.3125,0.18726127084632738,0.03255870657695888,0.984375
1301,1,0.203125,0.18884764376169466,0.03261871494475652,0.984375
1302,1,0.125,0.1824628793855252,0.03237661395355295,0.984375
1303,1,0.21875,0.18609159144697268,0.03251439911022083,0.984375
1304,1,0.3125,0.1987324323022754,0.03299043054364482,0.984375
1305,1,0.25,0.20385918907204786,0.033181696544365376,0.984375
1306,1,0.203125,0.20378577016484306,0.0331789649587411,0.984375
1307,1,0.078125,0.19121969314835877,0.03270826297049781,0.984375
1308,1,0.1875,0.1908477238335229,0.03269423499734656,0.984375
1309,1,0.584374976158142,0.23020044906598477,0.03414720411033789,0.984375
1310,1,0.40625,0.2478054041593863,0.034775615103603504,0.984375
1311,1,0.265625,0.24958736374344764,0.03483843769255934,0.984375
1312,1,0.42187501192092897,0.26681612856119574,0.03543818371700854,0.984375
1313,1,0.3125,0.27138451570507616,0.03559484866081821,0.984375
1314,1,0.125,0.2567460641345685,0.035089331906344716,0.984375
1315,1,0.0625,0.23732145772111168,0.0344030680808674,0.984375
1316,1,0.078125,0.22140181194900052,0.03382798391283552,0.984375
1317,1,0.203125,0.21957413075410048,0.03376125477407221,0.984375
1318,1,0.28125,0.22574171767869042,0.03398585911248232,0.984375
1319,1,0.21875,0.22504254591082137,0.03396048000966783,0.984375
1320,1,0.23437501192092897,0.22597579251183214,0.03399435100414175,0.984375
1321,1,0.21875,0.22525321326064893,0.03396812921804063,0.984375
1322,1,0.1875,0.22147789193458403,0.03383075851036338,0.984375
1323,1,0.125,0.21183010274112563,0.03347694530838478,0.984375
1324,1,0.125,0.20314709246701307,0.033155193428142396,0.984375
1325,1,0.26562501192092897,0.20939488441240464,0.03338702070856117,0.984375
1326,1,0.23437501192092897,0.21189289716325707,0.033479260839169064,0.984375
1327,1,0.171875,0.20789110744693137,0.03333136858206414,0.984375
1328,1,0.3343749761581421,0.22053949431805242,0.03379651828158755,0.984375
1329,1,0.125,0.21098554488624716,0.033445786463140066,0.984375
1330,1,0.140625,0.20394949039762245,0.03318505594843756,0.984375
1331,1,0.15625,0.1991795413578602,0.033007152997493044,0.984375
1332,1,0.28125,0.20738658722207418,0.0333126763129467,0.984375
1333,1,0.234375,0.21008542849986675,0.033412545223566945,0.984375
1334,1,0.296875,0.21876438564988004,0.03373164512178039,0.984375
1335,1,0.203125,0.21720044708489206,0.03367437815768461,0.984375
1336,1,0.3968749761581421,0.23516789999221704,0.03432592687242239,0.984375
1337,1,0.3031249761581421,0.24196360760880956,0.034568642651020665,0.984375
1338,1,0.21875,0.23964224684792862,0.03448596668972341,0.984375
1339,1,0.125,0.22817802216313576,0.0340741277524958,0.984375
1340,1,0.34375,0.23973521994682218,0.034489282637133176,0.984375
1341,1,0.4593749761581421,0.2616991955679542,0.03526152133249906,0.984375
1342,1,0.21875,0.2574042760111588,0.035112280403607546,0.984375
1343,1,0.465625,0.2782263484100429,0.03582759011427573,0.984375
1344,1,0.15625,0.2660287135690386,0.03541107947860849,0.984375
1345,1,0.1875,0.25817584221213474,0.03513915506940285,0.984375
1346,1,0.28125,0.26048325799092126,0.035219358038185426,0.984375
1347,1,0.34375,0.26880993219182914,0.03550668116439169,0.984375
1348,1,0.4375,0.28567893897264623,0.03607850419472562,0.984375
1349,1,0.5,0.3071110450753816,0.036784668256342405,0.984375
1350,1,0.234375,0.29983744056784345,0.03654760141057448,0.984375
1351,1,0.1875,0.2886036965110591,0.03617622622504267,0.984375
1352,1,0.140625,0.2738058268599532,0.035677475256182055,0.984375
1353,1,0.109375,0.2573627441739579,0.03511083300130342,0.984375
1354,1,0.140625,0.2456889697565621,0.03470081094204542,0.984375
1355,1,0.234375,0.2445575727809059,0.03466073819051717,0.984375
1356,1,0.4375,0.26385181550281533,0.0353359926204623,0.984375
1357,1,0.359375,0.2734041339525338,0.03566378723295801,0.984375
1358,1,0.28125,0.27418872055728044,0.035690515395793376,0.984375
1359,1,0.15625,0.26239484850155237,0.035285611967067886,0.984375
1360,1,0.234375,0.2595928636513971,0.035188438779314456,0.984375
1361,1,0.28125,0.2617585772862574,0.0352635786321897,0.984375
1362,1,0.265625,0.26214521955763165,0.03527696989548187,0.984375
1363,1,0.28125,0.2640556976018685,0.035343034632732966,0.984375
1364,1,0.265625,0.26421262784168165,0.03534845359685167,0.984375
1365,1,0.23437501192092897,0.2612288662496064,0.03524522071095086,0.984375
1366,1,0.23437501192092897,0.25854348081673867,0.035151950552945864,0.984375
1367,1,0.109375,0.2436266327350648,0.034627721553034195,0.984375
1368,1,0.25,0.24426396946155832,0.03465032954864586,0.984375
1369,1,0.375,0.25733757251540246,0.03510995571878401,0.984375
1370,1,0.375,0.26910381526386223,0.03551676142624708,0.984375
1371,1,0.5656250238418579,0.2987559361216618,0.036512123590737786,0.984375
1372,1,0.65625,0.3345053425094956,0.037653170103024214,0.984375
1373,1,0.53125,0.354179808258546,0.03825277766640009,0.984375
1374,1,0.540624988079071,0.3728243262405985,0.03880209692355255,0.984375
1375,1,0.4375,0.3792918936165387,0.03898832623047842,0.984375
1376,1,0.35937501192092897,0.37730020544697773,0.038931214699131335,0.984375
1377,1,0.21875,0.36144518490227995,0.038469032130249436,0.984375
1378,1,0.140625,0.33936316641205194,0.03780311167411577,0.984375
1379,1,0.1875,0.32417684977084676,0.03733027621921304,0.984375
1380,1,0.1875,0.31050916479376206,0.036894500486325026,0.984375
1381,1,0.4593749761581421,0.32539574593020004,0.03736867065386908,0.984375
1382,1,0.296875,0.32254367133718004,0.03727871144900727,0.984375
1383,1,0.265625,0.31685180420346204,0.03709792302506803,0.984375
1384,1,0.140625,0.29922912378311584,0.03652765336144928,0.984375
1385,1,0.171875,0.2864937114048043,0.03610576997688405,0.984375
1386,1,0.171875,0.2750318402643238,0.035719204277599635,0.984375
1387,1,0.265625,0.27409115623789143,0.03568719334118652,0.984375
1388,1,0.375,0.2841820406141023,0.03602832600612743,0.984375
1389,1,0.44687498807907106,0.3004513353605992,0.036567713442338494,0.984375
1390,1,0.453125,0.31571870182453926,0.03706173343414732,0.984375
1391,1,0.375,0.3216468316420853,0.037250336559186616,0.984375
1392,1,0.359375,0.3254196484778768,0.037369422798018664,0.984375
1393,1,0.265625,0.31944018363008914,0.03718034395827323,0.984375
1394,1,0.328125,0.32030866526708024,0.037207921318111896,0.984375
1395,1,0.265625,0.3148402987403722,0.03703363313314162,0.984375
1396,1,0.34375,0.317731268866335,0.03712596625978943,0.984375
1397,1,0.328125,0.3187706419797015,0.0371590570730739,0.984375
1398,1,0.3125,0.31814357778173136,0.03713909971739515,0.984375
1399,1,0.28125,0.3144542200035582,0.0370212698526004,0.984375
1400,1,0.1875,0.3017587980032024,0.03661048424712023,0.984375
1401,1,0.171875,0.2887704182028822,0.03618178394643674,0.984375
1402,1,0.15625,0.27551837638259397,0.03573574395149258,0.984375
1403,1,0.32812501192092897,0.2807790399364275,0.03591384153439366,0.984375
1404,1,0.1875,0.27145113594278475,0.035597125851813335,0.984375
1405,1,0.125,0.2568060223485063,0.035091423186011966,0.984375
1406,1,0.203125,0.2514379201136557,0.03490352337988511,0.984375
1407,1,0.234375,0.2497316281022901,0.034843517290244645,0.984375
1408,1,0.109375,0.23569596529206108,0.03434486154673174,0.984375
1409,1,0.328125,0.24493886876285498,0.0346742497830905,0.984375
1410,1,0.203125,0.24075748188656948,0.03452571654785385,0.984375
1411,1,0.1875,0.23543173369791254,0.0343353886317981,0.984375
1412,1,0.203125,0.23220106032812127,0.03421931508155697,0.984375
1413,1,0.25,0.23398095429530913,0.03428332155794531,0.984375
1414,1,0.15625,0.2262078588657782,0.03400276767826116,0.984375
1415,1,0.140625,0.2176495729792004,0.03369083449910648,0.984375
1416,1,0.171875,0.21307211568128037,0.03352271370320657,0.984375
1417,1,0.1875,0.21051490411315232,0.03342840992461528,0.984375
1418,1,0.278125,0.21727591370183708,0.03367714391445716,0.984375
1419,1,0.38437498807907106,0.23398582113956046,0.03428349638093418,0.984375
1420,1,0.234375,0.23402473902560442,0.034284894321043216,0.984375
1421,1,0.3125,0.24187226512304397,0.03456539407281968,0.984375
1422,1,0.4906249761581421,0.2667475362265538,0.035435823825394244,0.984375
1423,1,0.34375,0.2744477826038984,0.035699334188603264,0.984375
1424,1,0.390625,0.2860655043435086,0.03609144442714035,0.984375
1425,1,0.3125,0.28870895390915774,0.03617973517510231,0.984375
1426,1,0.328125,0.29265055851824195,0.03631073880936148,0.984375
1427,1,0.296875,0.2930730026664177,0.03632473322419285,0.984375
1428,1,0.1875,0.28251570239977597,0.03597233791032039,0.984375
1429,1,0.21875,0.27613913215979835,0.035756829669891896,0.984375
1430,1,0.171875,0.26571271894381854,0.03540019403876411,0.984375
1431,1,0.21875,0.26101644704943666,0.03523785527498122,0.984375
1432,1,0.234375,0.25835230234449297,0.03514529747298103,0.984375
1433,1,0.203125,0.2528295721100437,0.03495236438851533,0.984375
1434,1,0.21875,0.24942161489903933,0.034832600431969986,0.984375
1435,1,0.746875,0.29916695340913535,0.0365256136065213,0.984375
1436,1,0.421875,0.3114377580682218,0.036924411385544115,0.984375
1437,1,0.6281250238418579,0.34310648464558546,0.03791780841545192,0.984375
1438,1,0.453125,0.3541083361810269,0.0382506363998385,0.984375
1439,1,0.509374988079071,0.36963500137083133,0.038709441325540966,0.984375
1440,1,0.21875,0.3545465012337482,0.03826375934582921,0.984375
1441,1,0.28125,0.3472168511103734,0.03804290252544161,0.984375
1442,1,0.28125,0.3406201659993361,0.03784170872594545,0.984375
1443,1,0.390625,0.3456206493994025,0.037994429726848744,0.984375
1444,1,0.40625,0.35168358445946224,0.03817783195423844,0.984375
1445,1,0.3125,0.347765226013516,0.038059524345293055,0.984375
1446,1,0.140625,0.32705120341216437,0.03742069300162258,0.984375
1447,1,0.203125,0.31465858307094796,0.037027815061732965,0.984375
1448,1,0.171875,0.3003802247638532,0.03656538473649846,0.984375
1449,1,0.1875,0.28909220228746785,0.036192506816674935,0.984375
1450,1,0.15625,0.2758079820587211,0.03574558355777748,0.984375
1451,1,0.125,0.260727183852849,0.035227821911044274,0.984375
1452,1,0.2406249761581421,0.2587169630833783,0.035157986308768284,0.984375
1453,1,0.328125,0.2656577667750405,0.035398300549484334,0.984375
1454,1,0.5156250119209289,0.29065449128962934,0.03624449404499643,0.984375
1455,1,0.41562498807907106,0.3031515409685735,0.036655949682026935,0.984375
1456,1,0.48437501192092897,0.321273888063809,0.037238524842075,0.984375
1457,1,0.21875,0.3110214992574281,0.03691100873557248,0.984375
1458,1,0.125,0.29241934933168534,0.03630307570705795,0.984375
1459,1,0.203125,0.28348991439851684,0.03600508754159514,0.984375
1460,1,0.1875,0.27389092295866513,0.035680373972909483,0.984375
1461,1,0.25,0.27150183066279865,0.0355988585384056,0.984375
1462,1,0.265625,0.2709141475965188,0.0355787645962845,0.984375
1463,1,0.296875,0.2735102328368669,0.03566740340175945,0.984375
1464,1,0.265625,0.2727217095531802,0.03564051512374992,0.984375
1465,1,0.125,0.2579495385978622,0.035131275518492336,0.984375
1466,1,0.171875,0.24934208473807595,0.03482979912780362,0.984375
1467,1,0.23437501192092897,0.24784537745636126,0.03477702595727374,0.984375
1468,1,0.171875,0.24024833971072512,0.03450757637577911,0.984375
1469,1,0.375,0.25372350573965263,0.034983690104763925,0.984375
1470,1,0.421875,0.27053865516568737,0.03556591710816528,0.984375
1471,1,0.45312501192092897,0.28879729084121153,0.03618267962525282,0.984375
1472,1,0.234375,0.2833550617570904,0.03600055705114968,0.984375
1473,1,0.171875,0.27220705558138136,0.03562294942716612,0.984375
1474,1,0.125,0.2574863500232432,0.035115140479712814,0.984375
1475,1,0.125,0.2442377150209189,0.03464939860097104,0.984375
1476,1,0.171875,0.23700144351882702,0.034391618187675964,0.984375
1477,1,0.140625,0.22736379916694432,0.03404465682656157,0.984375
1478,1,0.171875,0.2218149192502499,0.03384304673148148,0.984375
1479,1,0.171875,0.2168209273252249,0.03366046557626428,0.984375
1480,1,0.21875,0.21701383459270243,0.03366753800766225,0.984375
1481,1,0.35937501192092897,0.23124995232552506,0.03418505492649201,0.984375
1482,1,0.4281249761581421,0.25093745470878676,0.0348859372168225,0.984375
1483,1,0.2718749761581421,0.25303120685372227,0.03495943343471739,0.984375
1484,1,0.15625,0.24335308616835005,0.03461801246595141,0.984375
1485,1,0.23437501192092897,0.24245527874360795,0.03458612233675513,0.984375
1486,1,0.125,0.23070975086924717,0.03416557837667043,0.984375
1487,1,0.203125,0.22795127578232244,0.034065923545020846,0.984375
1488,1,0.21875,0.2270311482040902,0.03403260813986241,0.984375
1489,1,0.15625,0.2199530333836812,0.033775100357041135,0.984375
1490,1,0.25,0.22295773004531308,0.03388467793581421,0.984375
1491,1,0.3656249761581421,0.23722445465659597,0.03439959786131239,0.984375
1492,1,0.109375,0.22443950919093636,0.03393857345825145,0.984375
1493,1,0.171875,0.21918305827184273,0.03374695806112969,0.984375
1494,1,0.3125,0.22851475244465846,0.03408630727847236,0.984375
1495,1,0.29687501192092897,0.23535077839228552,0.03433248569534592,0.984375
1496,1,0.3125,0.24306570055305698,0.03460780851517989,0.984375
1497,1,0.296875,0.2484466304977513,0.034798238252482454,0.984375
1498,1,0.1875,0.24235196744797616,0.03458245036780266,0.984375
1499,1,0.09375,0.22749177070317855,0.03404929069519442,0.984375
1500,1,0.09375,0.2141175936328607,0.03356118972237594,0.984375
1501,1,0.203125,0.21301833426957462,0.03352073318397212,0.984375
1502,1,0.0625,0.19796650084261716,0.032961765213428154,0.984375
1503,1,0.171875,0.19535735075835545,0.0328639419851988,0.984375
1504,1,0.21875,0.19769661568251992,0.032951659080778385,0.984375
1505,1,0.15625,0.19355195411426793,0.03279609635290068,0.984375
1506,1,0.109375,0.18513425870284111,0.03247809666232858,0.984375
1507,1,0.078125,0.17443333283255702,0.032069985241512194,0.984375
1508,1,0.171875,0.1741774995493013,0.03206017685576403,0.984375
1509,1,0.140625,0.1708222495943712,0.03193132236582879,0.984375
1510,1,0.15625,0.16936502463493408,0.03187523432122897,0.984375
1511,1,0.109375,0.16336602217144067,0.03164355095566473,0.984375
1512,1,0.140625,0.16109191995429661,0.0315553997671736,0.984375
1513,1,0.078125,0.15279522795886696,0.031232322484338867,0.984375
1514,1,0.171875,0.15470320516298028,0.03130682160134916,0.984375
1515,1,0.203125,0.15954538464668228,0.03149535098829777,0.984375
1516,1,0.109375,0.15452834618201405,0.03129999898844165,0.984375
1517,1,0.15625,0.15470051156381265,0.031306716510637954,0.984375
1518,1,0.203125,0.15954296040743138,0.031495256796739875,0.984375
1519,1,0.265625,0.17015116436668823,0.03190550189195076,0.984375
1520,1,0.21875,0.17501104793001943,0.03209212554096588,0.984375
1521,1,0.21875,0.1793849431370175,0.032259355761072396,0.984375
1522,1,0.1875,0.18019644882331573,0.0322903053290958,0.984375
1523,1,0.2718749761581421,0.18936430155679837,0.03263823793771906,0.984375
1524,1,0.234375,0.19386537140111854,0.03280788353694445,0.984375
1525,1,0.078125,0.1822913342610067,0.03237008799171983,0.984375
1526,1,0.140625,0.17812470083490603,0.032211243896254196,0.984375
1527,1,0.059375,0.16624973075141541,0.03175507700752674,0.984375
1528,1,0.171875,0.16681225767627386,0.03177679887342615,0.984375
1529,1,0.2093749761581421,0.1710685295244607,0.03194079414558249,0.984375
1530,1,0.15625,0.16958667657201462,0.03188377046889854,0.984375
1531,1,0.09375,0.16200300891481315,0.03159073754502958,0.984375
1532,1,0.078125,0.15361520802333184,0.03126435408501426,0.984375
1533,1,0.09375,0.14762868722099864,0.031029999170685548,0.984375
1534,1,0.171875,0.15005331849889877,0.031125054855498248,0.984375
1535,1,0.25,0.1600479866490089,0.03151487484671112,0.984375
1536,1,0.25,0.169043187984108,0.03186283682299514,0.984375
1537,1,0.1875,0.1708888691856972,0.03193388472855467,0.984375
1538,1,0.140625,0.1678624822671275,0.03181732352413102,0.984375
1539,1,0.48437501192092897,0.19951373523250765,0.03301964706722576,0.984375
1540,1,0.484375,0.22799986170925687,0.034067681685381344,0.984375
1541,1,0.4406250238418579,0.249262377922517,0.03482699130831898,0.984375
1542,1,0.53125,0.2774611401302653,0.03580167283436169,0.984375
1543,1,0.4375,0.2934650261172388,0.03633771190189233,0.984375
1544,1,0.48437501192092897,0.3125560246976078,0.03696037327702175,0.984375
1545,1,0.509374988079071,0.3322379210357541,0.037582761229822015,0.984375
1546,1,0.21875,0.3208891289321787,0.03722633137182892,0.984375
1547,1,0.15625,0.30442521603896083,0.03669744214969802,0.984375
1548,1,0.28125,0.30210769443506474,0.0366218830251166,0.984375
1549,1,0.140625,0.28595942499155824,0.03608789416881502,0.984375
1550,1,0.21875,0.2792384824924024,0.03586182670420529,0.984375
1551,1,0.140625,0.26537713424316217,0.035388628532799636,0.984375
1552,1,0.125,0.25133942081884597,0.03490006307017965,0.984375
1553,1,0.328125,0.25901797873696136,0.03516845581223011,0.984375
1554,1,0.41562498807907106,0.2746786796711723,0.03570719146425877,0.984375
1555,1,0.41562498807907106,0.2887733105119622,0.036181880350304944,0.984375
1556,1,0.375,0.29739597946076596,0.03646742773469386,0.984375
1557,1,0.590625,0.3267188815146893,0.03741026128640703,0.984375
1558,1,0.309375,0.3249844933632204,0.037355725080191436,0.984375
1559,1,0.2718749761581421,0.31967354164271256,0.037187757725140436,0.984375
1560,1,0.109375,0.2986436874784413,0.03650843799309076,0.984375
1561,1,0.09375,0.2781543187305972,0.03582515171902721,0.984375
1562,1,0.328125,0.2831513868575375,0.035993712718863764,0.984375
1563,1,0.515625,0.30639874817178375,0.03676157114802051,0.984375
1564,1,0.40625,0.3163838733546054,0.037082986021383255,0.984375
1565,1,0.40625,0.32537048601914487,0.03736787576519103,0.984375
1566,1,0.728124988079071,0.36564593622513747,0.03859278936238656,0.984375
1567,1,0.509374988079071,0.3800188414105308,0.03900911866596998,0.984375
1568,1,0.296875,0.3717044572694777,0.03876962447096564,0.984375
1569,1,0.21875,0.3564090115425299,0.03831942765283497,0.984375
1570,1,0.21875,0.3426431103882769,0.037903650384936156,0.984375
1571,1,0.35937501192092897,0.3443163005415421,0.037954720123233046,0.984375
1572,1,0.203125,0.3301971704873879,0.03751916156869515,0.984375
1573,1,0.29687501192092897,0.326864954630742,0.03741484728589178,0.984375
1574,1,0.125,0.30667845916766784,0.036770644202505594,0.984375
1575,1,0.171875,0.29319811325090106,0.036328876081818166,0.984375
1576,1,0.171875,0.281065801925811,0.03592351081403334,0.984375
1577,1,0.0625,0.25920922173322986,0.035175105138378196,0.984375
1578,1,0.171875,0.25047579955990684,0.0348697045410583,0.984375
1579,1,0.21875,0.24730321960391616,0.03475788428751742,0.984375
1580,1,0.203125,0.24288539764352457,0.03460140473850307,0.984375
1581,1,0.15625,0.23422185787917213,0.03429197384447774,0.984375
1582,1,0.171875,0.2279871720912549,0.034067222506213767,0.984375
1583,1,0.234375,0.22862595488212942,0.034090328376973754,0.984375
1584,1,0.25,0.23076335939391648,0.03416751176615038,0.984375
1585,1,0.25,0.23268702345452483,0.034236804663462815,0.984375
1586,1,0.296875,0.23910582110907236,0.03446682709621612,0.984375
1587,1,0.109375,0.2261327389981651,0.03400004345778053,0.984375
1588,1,0.234375,0.2269569650983486,0.03402992055387663,0.984375
1589,1,0.896874976158142,0.2939487662043279,0.03635371643385442,0.984375
1590,1,0.959374976158142,0.3604913871997093,0.03844080194169439,0.984375
1591,1,0.6093750119209289,0.3853797496718313,0.039161581955538455,0.984375
1592,1,0.959374976158142,0.4427792723204623,0.040697859074277955,0.984375
1593,1,0.709374976158142,0.4694388427042303,0.04135202456642575,0.984375
1594,1,0.35312498807907106,0.4578074572417144,0.04107119793819139,0.984375
1595,1,0.46875,0.45890171151754294,0.04109791866150441,0.984375
1596,1,0.3125,0.44426154036578863,0.040735211250951295,0.984375
1597,1,0.328125,0.4326478863292098,0.04043944291877752,0.984375
1598,1,0.15625,0.4050080976962888,0.039706702053907895,0.984375
1599,1,0.109375,0.3754447879266599,0.038877820269257055,0.984375
1600,1,0.203125,0.35821280913399395,0.038373165878197724,0.984375
1601,1,0.21875,0.34426652822059456,0.03795320307988498,0.984375
1602,1,0.1875,0.3285898753985351,0.03746891768673957,0.984375
1603,1,0.109375,0.3066683878586816,0.03677031758607469,0.984375
1604,1,0.078125,0.28381404907281343,0.03601597345766301,0.984375
1605,1,0.203125,0.2757451441655321,0.03574344893205014,0.984375
1606,1,0.140625,0.2622331297489789,0.03528001365460988,0.984375
1607,1,0.203125,0.256322316774081,0.035074547234882986,0.984375
1608,1,0.35312498807907106,0.26600258390458,0.03541017954022739,0.984375
1609,1,0.28125,0.267527325514122,0.03546263887908865,0.984375
1610,1,0.47812498807907106,0.2885870917706169,0.03617567262503937,0.984375
1611,1,0.421875,0.30191588259355523,0.03661561711229396,0.984375
1612,1,0.40625,0.31234929433419967,0.03695372994292308,0.984375
1613,1,0.28125,0.30923936490077975,0.036853527642637836,0.984375
1614,1,0.296875,0.30800292841070176,0.03681355224587588,0.984375
1615,1,0.265625,0.3037651355696316,0.03667594900264567,0.984375
1616,1,0.28125,0.30151362201266846,0.03660247043004575,0.984375
1617,1,0.25,0.29636225981140163,0.03643339162492233,0.984375
1618,1,0.234375,0.2901635338302615,0.036228169879692664,0.984375
1619,1,0.125,0.27364718044723535,0.03567207018112077,0.984375
1620,1,0.1875,0.2650324624025118,0.03537674425229076,0.984375
1621,1,0.15625,0.25415421616226064,0.03499877000279855,0.984375
1622,1,0.234375,0.2521762945460346,0.03492944835647686,0.984375
1623,1,0.28125,0.2550836650914311,0.03503128207045291,0.984375
1624,1,0.328125,0.262387798582288,0.03528536794177516,0.984375
1625,1,0.28125,0.2642740187240592,0.035350573168519736,0.984375
1626,1,0.296875,0.2675341168516533,0.03546287228864205,0.984375
1627,1,0.25,0.265780705166488,0.035402536443333105,0.984375
1628,1,0.171875,0.2563901346498392,0.03507691398674897,0.984375
1629,1,0.1875,0.24950112118485526,0.03483540060324649,0.984375
1630,1,0.203125,0.24486350906636972,0.03467157986582156,0.984375
1631,1,0.1875,0.23912715815973273,0.03446758864681301,0.984375
1632,1,0.171875,0.23240194234375947,0.03422654599771631,0.984375
1633,1,0.234375,0.2325992481093835,0.03423364644447218,0.984375
1634,1,0.1875,0.22808932329844514,0.034070918690718884,0.984375
1635,1,0.125,0.21778039096860063,0.03369562616795398,0.984375
1636,1,0.171875,0.21318985187174058,0.033527048956922975,0.984375
1637,1,0.265625,0.2184333666845665,0.03371953282716636,0.984375
1638,1,0.203125,0.21690253001610987,0.0336634575140152,0.984375
1639,1,0.140625,0.2092747770144989,0.033382579176001896,0.984375
1640,1,0.21875,0.210222299313049,0.03341760202099273,0.984375
1641,1,0.1875,0.2079500693817441,0.033333552414604506,0.984375
1642,1,0.26562501192092897,0.21371756363566258,0.03354647310040007,0.984375
1643,1,0.25,0.21734580727209632,0.033679705210684655,0.984375
1644,1,0.15625,0.2112362265448867,0.03345503812914437,0.984375
1645,1,0.25,0.21511260389039802,0.03359776579466616,0.984375
1646,1,0.28125,0.2217263435013582,0.03383981767849139,0.984375
1647,1,0.25,0.22455370915122239,0.033942723216857276,0.984375
1648,1,0.15625,0.21772333823610016,0.03369353650035484,0.984375
1649,1,0.215625,0.21751350441249012,0.033685849738668554,0.984375
1650,1,0.15625,0.2113871539712411,0.033460607001362636,0.984375
1651,1,0.1875,0.20899843857411698,0.03337235800648722,0.984375
1652,1,0.521874976158142,0.24028609233251946,0.0345089218621014,0.984375
1653,1,0.203125,0.23656998309926752,0.03437617355958502,0.984375
1654,1,0.35312498807907106,0.2482254835972479,0.034790438092713115,0.984375
1655,1,0.1875,0.2421529352375231,0.034575374846678504,0.984375
1656,1,0.4906249761581421,0.267000139329585,0.035444513420428085,0.984375
1657,1,0.3656249761581421,0.2768626230124407,0.035781381393233766,0.984375
1658,1,0.203125,0.2694888607111966,0.035529962294281875,0.984375
1659,1,0.2718749761581421,0.26972747225589117,0.03553813925364397,0.984375
1660,1,0.203125,0.26306722503030205,0.035308874702186126,0.984375
1661,1,0.2718749761581421,0.26394800014308606,0.03533931504897607,0.984375
1662,1,0.1875,0.25630320012877744,0.03507388005093783,0.984375
1663,1,0.140625,0.2447353801158997,0.03466703979204525,0.984375
1664,1,0.203125,0.24057434210430972,0.034519192829817726,0.984375
1665,1,0.234375,0.23995440789387876,0.03449709857719032,0.984375
1666,1,0.28125,0.24408396710449087,0.03464394627236674,0.984375
1667,1,0.34375,0.2540505703940418,0.03499514198032348,0.984375
1668,1,0.328125,0.2614580133546376,0.03525316377528718,0.984375
1669,1,0.265625,0.26187471201917384,0.03526760167603892,0.984375
1670,1,0.1875,0.25443724081725644,0.03500867446054567,0.984375
1671,1,0.21875,0.2508685167355308,0.03488351385311592,0.984375
1672,1,0.203125,0.24609416506197773,0.034715148240448385,0.984375
1673,1,0.34375,0.25585974855578,0.03505839848233524,0.984375
1674,1,0.234375,0.25371127370020197,0.034983261714108066,0.984375
1675,1,0.265625,0.2549026463301818,0.03502495320984846,0.984375
1676,1,0.171875,0.2465998816971636,0.03473303179760721,0.984375
1677,1,0.3343749761581421,0.25537739114326147,0.03504154819456542,0.984375
1678,1,0.709374976158142,0.30077714964474955,0.03657837983246525,0.984375
1679,1,0.896874976158142,0.3603869322960888,0.038437707385566136,0.984375
1680,1,1.059375,0.4302857390664799,0.04037841071790235,0.984375
1681,1,0.4593749761581421,0.4331946627756461,0.0404535280997706,0.984375
1682,1,0.15625,0.4055001964980815,0.039720104060453655,0.984375
1683,1,0.1875,0.38370017684827334,0.0391139803311176,0.984375
1684,1,0.15625,0.360955159163446,0.03845453454421047,0.984375
1685,1,0.15625,0.3404846432471014,0.03783755139479443,0.984375
1686,1,0.234375,0.3298736789223913,0.03750906006989681,0.984375
1687,1,0.15625,0.3125113110301522,0.036958936577243355,0.984375
1688,1,0.234375,0.304697679927137,0.03670630750906118,0.984375
1689,1,0.34375,0.3086029119344233,0.036832960134731495,0.984375
1690,1,0.5156250119209289,0.3293051219330739,0.0374912928335132,0.984375
1691,1,0.203125,0.3166871097397665,0.037092667033664636,0.984375
1692,1,0.171875,0.30220589876578985,0.036625090342913204,0.984375
1693,1,0.140625,0.28604780888921083,0.036090852235279955,0.984375
1694,1,0.109375,0.2683805280002897,0.035491945031918715,0.984375
1695,1,0.296875,0.27122997520026076,0.03558956538307545,0.984375
1696,1,0.28125,0.2722319776802347,0.03562380034056956,0.984375
1697,1,0.359375,0.28094627991221127,0.03591948116183285,0.984375
1698,1,0.5031250238418579,0.3031641543051759,0.03665636098951527,0.984375
1699,1,0.390625,0.3119102388746583,0.0369396135196493,0.984375
1700,1,0.34375,0.3150942149871925,0.03704176004168753,0.984375
1701,1,0.3125,0.31483479348847326,0.03703345689395506,0.984375
1702,1,0.28125,0.31147631413962595,0.03692565236054918,0.984375
1703,1,0.4281249761581421,0.32314118034147754,0.03729759278333568,0.984375
1704,1,0.29687501192092897,0.3205145634994227,0.037214453602779966,0.984375
1705,1,0.15625,0.3040881071494804,0.03668646817292852,0.984375
1706,1,0.25,0.2986792964345324,0.03650960725446568,0.984375
1707,1,0.328125,0.3016238667910791,0.036606074264683645,0.984375
1708,1,0.1875,0.2902114801119712,0.03622976460592701,0.984375
1709,1,0.265625,0.28775283210077407,0.0361478408850064,0.984375
1710,1,0.1875,0.2777275488906967,0.035810699230808374,0.984375
1711,1,0.1875,0.268704794001627,0.03550307389028562,0.984375
1712,1,0.203125,0.26214681460146433,0.035277025124759526,0.984375
1713,1,0.1875,0.2546821331413179,0.035017241457897356,0.984375
1714,1,0.1875,0.24796391982718607,0.03478120946654209,0.984375
1715,1,0.109375,0.23410502784446746,0.03428777810250215,0.984375
1716,1,0.28125,0.23881952506002072,0.03445660678728568,0.984375
1717,1,0.434375,0.25837507255401865,0.03514608997478976,0.984375
1718,1,0.496875,0.2822250652986168,0.03596255864880537,0.984375
1719,1,0.4906249761581421,0.3030650563845693,0.03665312929458255,0.984375
1720,1,0.171875,0.28994605074611235,0.03622093480590618,0.984375
1721,1,0.1875,0.2797014456715011,0.035877470251710904,0.984375
1722,1,0.390625,0.29079380110435105,0.03624912386073641,0.984375
1723,1,0.3125,0.29296442099391595,0.03632113706335297,0.984375
1724,1,0.25,0.28866797889452434,0.03617836926263328,0.984375
1725,1,0.203125,0.28011368100507195,0.03589139086564796,0.984375
1726,1,0.1781249761581421,0.26991481052037897,0.03554455721243913,0.984375
1727,1,0.171875,0.2601108294683411,0.03520642988288829,0.984375
1728,1,0.09375,0.24347474652150697,0.034622331021551676,0.984375
1729,1,0.109375,0.23006477186935625,0.03414230730829529,0.984375
1730,1,0.140625,0.22112079468242063,0.03381773320566519,0.984375
1731,1,0.28125,0.22713371521417855,0.03403632365321633,0.984375
1732,1,0.34375,0.23879534369276068,0.03445574338229385,0.984375
1733,1,0.4375,0.2586658093234846,0.03515620672610631,0.984375
1734,1,0.546875,0.28748672839113615,0.03613895613174011,0.984375
1735,1,0.484375,0.30717555555202253,0.036786758812762804,0.984375
1736,1,0.40625,0.3170829999968203,0.03710529895696248,0.984375
1737,1,0.34375,0.3197496999971383,0.03719017666211077,0.984375
1738,1,0.234375,0.3112122299974245,0.03691715096086226,0.984375
1739,1,0.1875,0.298841006997682,0.03651491640439506,0.984375
1740,1,0.203125,0.2892694062979138,0.03619840962059375,0.984375
1741,1,0.140625,0.2744049656681224,0.0356978768718357,0.984375
1742,1,0.15625,0.26258946910131015,0.035292347615900964,0.984375
1743,1,0.125,0.24883052219117913,0.0348117732968543,0.984375
1744,1,0.109375,0.2348849699720612,0.03431577682006695,0.984375
1745,1,0.23437501192092897,0.23483397416694798,0.03431394697720782,0.984375
1746,1,0.38437498807907106,0.24978807555816027,0.03484550456283332,0.984375
1747,1,0.35937501192092897,0.2607467691944371,0.03522850137186361,0.984375
1748,1,0.740624976158142,0.3087345898908076,0.03683721711340756,0.984375
1749,1,0.7656250119209289,0.3544236320938198,0.0382600804678517,0.984375
1750,1,0.821874988079071,0.4011687676923449,0.039601695966568824,0.984375
1751,1,0.9218750119209289,0.45323939211520325,0.04095897182010483,0.984375
1752,1,0.790624988079071,0.48697795171159,0.04176221054682194,0.984375
1753,1,0.634374988079071,0.5017176553483381,0.04209472504481544,0.984375
1754,1,0.5343750238418579,0.5049833921976901,0.04216690505827845,0.984375
1755,1,0.621875,0.516672552977921,0.04242086872990143,0.984375
1756,1,0.34375,0.4993802976801289,0.04204273325458301,0.984375
1757,1,0.15625,0.46506726791211606,0.041247305736548466,0.984375
1758,1,0.140625,0.43262304112090444,0.04043880251947181,0.984375
1759,1,0.1875,0.408110737008814,0.03979098416922008,0.984375
1760,1,0.21875,0.3891746633079326,0.03926858047870068,0.984375
1761,1,0.296875,0.37994469697713934,0.0390069992508848,0.984375
1762,1,0.21875,0.3638252272794254,0.038539265099329534,0.984375
1763,1,0.140625,0.34150520455148287,0.03786883467610833,0.984375
1764,1,0.1875,0.3261046840963346,0.03739096628653963,0.984375
1765,1,0.2718749761581421,0.3206817133025153,0.03721975495220848,0.984375
1766,1,0.203125,0.3089260419722638,0.03684340493438161,0.984375
1767,1,0.359375,0.31397093777503743,0.03700578306914181,0.984375
1768,1,0.3968749761581421,0.3222613416133479,0.03726978337689326,0.984375
1769,1,0.29687501192092897,0.319722708644106,0.03718931939866718,0.984375
1770,1,0.1875,0.30650043777969543,0.036764870139489356,0.984375
1771,1,0.1468749761581421,0.2905378916175401,0.03624061823358206,0.984375
1772,1,0.203125,0.28179660245578614,0.03594813429438691,0.984375
1773,1,0.203125,0.27392944221020754,0.035681685978672883,0.984375
1774,1,0.203125,0.26684899798918676,0.03543931449658553,0.984375
1775,1,0.15625,0.25578909819026807,0.03505593111989016,0.984375
1776,1,0.39062501192092897,0.26927268956333417,0.03552255197756558,0.984375
1777,1,0.3125,0.27359542060700076,0.035670306462013655,0.984375
1778,1,0.39062501192092897,0.28529837973839356,0.03606575779730481,0.984375
1779,1,0.25,0.28176854176455424,0.03594718930627199,0.984375
1780,1,0.375,0.2910916875880988,0.036259020560111745,0.984375
1781,1,0.35937501192092897,0.2979200200213818,0.036484661694037086,0.984375
1782,1,0.553124976158142,0.3234405156350578,0.03730704485268736,0.984375
1783,1,0.35312498807907106,0.32640896287945914,0.03740052764765865,0.984375
1784,1,0.521874976158142,0.3459555642073274,0.03800461141484346,0.984375
1785,1,0.1875,0.33011000778659466,0.03751644032210918,0.984375
1786,1,0.203125,0.3174115070079352,0.03711577471435036,0.984375
1787,1,0.234375,0.30910785630714166,0.03684927952728991,0.984375
1788,1,0.203125,0.2985095706764275,0.036504033538881125,0.984375
1789,1,0.125,0.2811586136087848,0.035926639450894575,0.984375
1790,1,0.078125,0.26085525224790634,0.03523226457132996,0.984375
1791,1,0.234375,0.2582072270231157,0.035140247650951056,0.984375
1792,1,0.3656249761581421,0.26894900193661836,0.03551145180844872,0.984375
1793,1,0.3343749761581421,0.2754915993587707,0.03573483397259201,0.984375
1794,1,0.340625,0.2820049394228936,0.03595514916028721,0.984375
1795,1,0.125,0.2663044454806043,0.03542057404116086,0.984375
1796,1,0.140625,0.25373650093254385,0.0349841452149485,0.984375
1797,1,0.15625,0.24398785083928948,0.034640537174710426,0.984375
1798,1,0.171875,0.23677656575536052,0.03438356946661162,0.984375
1799,1,0.1875,0.23184890917982445,0.03420663479786695,0.984375
1800,1,0.15625,0.224289018261842,0.03393310410841331,0.984375
1801,1,0.15625,0.2174851164356578,0.03368480966934558,0.984375
1802,1,0.296875,0.22542410479209202,0.03397433277441514,0.984375
1803,1,0.1875,0.22163169431288282,0.033836366844018875,0.984375
1804,1,0.234375,0.22290602488159456,0.03388279559478052,0.984375
1805,1,0.2093749761581421,0.2215529200092493,0.033833494501842754,0.984375
1806,1,0.403125,0.2397101280083244,0.034488387754882104,0.984375
1807,1,0.296875,0.24542661520749193,0.034691523865161784,0.984375
1808,1,0.359375,0.25682145368674275,0.03509196138762138,0.984375
1809,1,0.7343750119209289,0.30457680951016136,0.03670237512387573,0.984375
1810,1,0.41562498807907106,0.3156816273670523,0.037060548215938,0.984375
1811,1,0.203125,0.3044259646303471,0.0366974665123333,0.984375
1812,1,0.2406249761581421,0.2980458657831266,0.0364887982864358,0.984375
1813,1,0.140625,0.2823037792048139,0.03596520759878975,0.984375
1814,1,0.21875,0.2759484012843325,0.03575035295457895,0.984375
1815,1,0.234375,0.27179106115589924,0.035608741725750126,0.984375
1816,1,0.171875,0.2617994550403093,0.03526499475863817,0.984375
1817,1,0.171875,0.2528070095362784,0.03495157325696115,0.984375
1818,1,0.35312498807907106,0.26283880739055765,0.03530097436766504,0.984375
1819,1,0.265625,0.2631174266515019,0.03531061070505404,0.984375
1820,1,0.328125,0.26961818398635173,0.03553439440308095,0.984375
1821,1,0.203125,0.26296886558771654,0.03530547302502595,0.984375
1822,1,0.203125,0.2569844790289449,0.035097646569595735,0.984375
1823,1,0.125,0.2437860311260504,0.03463337756595399,0.984375
1824,1,0.25,0.24440742801344537,0.03465541584334214,0.984375
1825,1,0.296875,0.2496541852121008,0.03484079061898953,0.984375
1826,1,0.203125,0.24500126669089073,0.03467646028170734,0.984375
1827,1,0.3125,0.25175114002180166,0.03491452389761756,0.984375
1828,1,0.28125,0.25470102601962147,0.03501790226560494,0.984375
1829,1,0.21875,0.2511059234176593,0.0348918584392601,0.984375
1830,1,0.35937501192092897,0.26193283226798625,0.03526961478974866,0.984375
1831,1,0.23437501192092897,0.2591770502332805,0.03517398668842855,0.984375
1832,1,0.434375,0.27669684520995247,0.035775757962273,0.984375
1833,1,0.3031249761581421,0.2793396583047714,0.03586524633585829,0.984375
1834,1,0.125,0.2639056924742943,0.0353378537035318,0.984375
1835,1,0.1875,0.2562651232268649,0.03507255109007515,0.984375
1836,1,0.171875,0.24782611090417841,0.03477634595534564,0.984375
1837,1,0.265625,0.24960599981376055,0.03483909392908434,0.984375
1838,1,0.3656249761581421,0.2612078974481987,0.03524449373253069,0.984375
1839,1,0.2406249761581421,0.25914960531919307,0.035173032520793665,0.984375
1840,1,0.621875,0.29542214478727374,0.036402390918703016,0.984375
1841,1,0.7656250119209289,0.34244243150063924,0.03789751529748275,0.984375
1842,1,1.103124988079071,0.4185106871584824,0.04006974675540941,0.984375
1843,1,0.46875,0.4235346184426342,0.040202343468145524,0.984375
1844,1,0.8156250238418579,0.46274365898255654,0.04119123950493134,0.984375
1845,1,0.6281250238418579,0.4792817954684867,0.04158417612484555,0.984375
1846,1,0.40625,0.47197861592163803,0.04141240713038602,0.984375
1847,1,0.265625,0.45134325432947425,0.040912066611947684,0.984375
1848,1,0.23437501192092897,0.4296464300886197,0.04036184157051093,0.984375
1849,1,0.140625,0.40074428707975773,0.03959003801313822,0.984375
1850,1,0.109375,0.37160735837178194,0.03876680577896989,0.984375
1851,1,0.203125,0.3547591225346038,0.03827012364361485,0.984375
1852,1,0.21875,0.3411582102811434,0.03785820439462251,0.984375
1853,1,0.171875,0.3242298892530291,0.03733194853169316,0.984375
1854,1,0.046875,0.2964944003277262,0.03643774545909303,0.984375
1855,1,0.0625,0.2730949602949536,0.035653246554835726,0.984375
1856,1,0.15625,0.2614104642654582,0.03525151575704895,0.984375
1857,1,0.09375,0.2446444178389124,0.03466381621326362,0.984375
1858,1,0.125,0.23267997605502116,0.03423655110564849,0.984375
1859,1,0.09375,0.21878697844951905,0.03373247164344214,0.984375
1860,1,0.621875,0.25909578060456717,0.035171161112809275,0.984375
1861,1,0.171875,0.25037370254411045,0.03486611328280322,0.984375
1862,1,0.234375,0.2487738322896994,0.034809774982701706,0.984375
1863,1,0.28125,0.2520214490607295,0.03492401369279312,0.984375
1864,1,0.265625,0.25338180415465655,0.03497172040355683,0.984375
1865,1,0.21875,0.2499186237391909,0.03485010003971737,0.984375
1866,1,0.3125,0.2561767613652718,0.03506946682060863,0.984375
1867,1,0.21875,0.2524340852287446,0.03493849365078518,0.984375
1868,1,0.26562501192092897,0.25375317789796303,0.03498472925452178,0.984375
1869,1,0.553124976158142,0.28369035772398093,0.03601181995101441,0.984375
1870,1,0.6406250119209289,0.31938382314367575,0.03717855296842253,0.984375
1871,1,0.5781250119209289,0.34525794202140103,0.03798339645587834,0.984375
1872,1,0.484375,0.3591696478192609,0.03840160170649173,0.984375
1873,1,0.678124976158142,0.39106518065314905,0.0393215968553553,0.984375
1874,1,0.3125,0.38320866258783415,0.03910002157261339,0.984375
1875,1,0.296875,0.37457529632905073,0.038852735208998464,0.984375
1876,1,0.203125,0.3574302666961457,0.03834987378058159,0.984375
1877,1,0.28125,0.34981224002653116,0.03812143131509052,0.984375
1878,1,0.140625,0.328893516023878,0.03747841976729928,0.984375
1879,1,0.046875,0.3006916644214902,0.03657558176710021,0.984375
1880,1,0.203125,0.2909349979793412,0.03625381540391189,0.984375
1881,1,0.109375,0.27277899818140705,0.03564246965377789,0.984375
1882,1,0.15625,0.26112609836326633,0.035241657597931485,0.984375
1883,1,0.046875,0.23970098852693972,0.03448806179613727,0.984375
1884,1,0.15625,0.23135588967424575,0.03418887290636483,0.984375
1885,1,0.23437501192092897,0.23165780189891408,0.03419975109789777,0.984375
1886,1,0.25,0.23349202170902267,0.03426575313724392,0.984375
1887,1,0.3125,0.24139281953812042,0.03454833647653313,0.984375
1888,1,0.28125,0.24537853758430836,0.03468982162607465,0.984375
1889,1,0.21875,0.24271568382587752,0.034595375701518924,0.984375
1890,1,0.125,0.23094411544328974,0.03417402979262826,0.984375
1891,1,0.140625,0.22191220389896077,0.033846592881198054,0.984375
1892,1,0.3031249761581421,0.2300334811248789,0.034141177861483886,0.984375
1893,1,0.125,0.219530133012391,0.03375964664340448,0.984375
1894,1,0.1875,0.2163271197111519,0.033642354258129316,0.984375
1895,1,0.125,0.20719440774003672,0.03330555339050929,0.984375
1896,1,0.140625,0.20053746696603306,0.03305789218364421,0.984375
1897,1,0.203125,0.20079622026942973,0.03306755217758835,0.984375
1898,1,0.171875,0.19790409824248675,0.03295942873987059,0.984375
1899,1,0.125,0.19061368841823806,0.03268540614157844,0.984375
1900,1,0.09375,0.18092731957641425,0.03231815872119892,0.984375
1901,1,0.171875,0.18002208761877284,0.03228365751877164,0.984375
1902,1,0.125,0.17451987885689557,0.03207330279208656,0.984375
1903,1,0.42187501192092897,0.1992553921632989,0.03300998912377672,0.984375
1904,1,0.2093749761581421,0.20026735056278322,0.033047805107653185,0.984375
1905,1,0.32812501192092897,0.2130531166985978,0.03352201407287155,0.984375
1906,1,0.28125,0.21987280502873802,0.03377216922301761,0.984375
1907,1,0.3968749761581421,0.2375730221416784,0.034412065662639706,0.984375
1908,1,0.39062501192092897,0.25287822111960345,0.03495407013132887,0.984375
1909,1,0.3968749761581421,0.2672778966234573,0.03545406479646556,0.984375
1910,1,0.35312498807907106,0.27586260576901867,0.035747438988638476,0.984375
1911,1,0.3968749761581421,0.287963842807931,0.036154883678401924,0.984375
1912,1,0.23437501192092897,0.2826049597192308,0.03597534037690982,0.984375
1913,1,0.203125,0.2746569637473077,0.0357064525959294,0.984375
1914,1,0.23437501192092897,0.27062876856466983,0.03556900096174462,0.984375
1915,1,0.25,0.2685658917082029,0.03549830736092119,0.984375
1916,1,0.296875,0.2713968025373826,0.03559526866138737,0.984375
1917,1,0.390625,0.2833196222836443,0.03599936628284998,0.984375
1918,1,0.296875,0.2846751600552799,0.03604486830525027,0.984375
1919,1,0.21875,0.27808264404975186,0.035822725089772536,0.984375
1920,1,0.265625,0.27683687964477666,0.03578050822758032,0.984375
1921,1,0.140625,0.263215691680299,0.03531400842327258,0.984375
1922,1,0.140625,0.25095662251226913,0.034886610979918055,0.984375
1923,1,0.1875,0.2446109602610422,0.03466263042737659,0.984375
1924,1,0.125,0.232649864234938,0.03423546769013025,0.984375
1925,1,0.28125,0.2375098778114442,0.03440980747711764,0.984375
1926,1,0.171875,0.23094639003029976,0.03417411180459539,0.984375
1927,1,0.21875,0.2297267510272698,0.034130104086042376,0.984375
1928,1,0.2406249761581421,0.23081657354035703,0.034169430807102365,0.984375
1929,1,0.171875,0.22492241618632133,0.03395611730745509,0.984375
1930,1,0.078125,0.2102426745676892,0.033418354734027406,0.984375
1931,1,0.496875,0.23890590711092027,0.03445969087654631,0.984375
1932,1,0.465625,0.26157781639982824,0.035257315590203474,0.984375
1933,1,0.3968749761581421,0.27510753237565966,0.03572177816799859,0.984375
1934,1,0.21875,0.26947177913809367,0.03552937682215788,0.984375
1935,1,0.21875,0.2643996012242843,0.03535490845019075,0.984375
1936,1,0.296875,0.2676471411018559,0.035466756462375855,0.984375
1937,1,0.3125,0.2721324269916703,0.035620401209032454,0.984375
1938,1,0.328125,0.2777316842925033,0.03581083931816975,0.984375
1939,1,0.8156250238418579,0.33152101824743874,0.03756044382080683,0.984375
1940,1,0.359375,0.3343064164226949,0.03764700372198356,0.984375
1941,1,0.34375,0.33525077478042536,0.037676258868797656,0.984375
1942,1,0.34375,0.33610069730238284,0.03770254860964687,0.984375
1943,1,0.23437501192092897,0.32592812876423743,0.037385416178901315,0.984375
1944,1,0.29687501192092897,0.3230228170799066,0.03729385396263101,0.984375
1945,1,0.559375,0.3466580353719159,0.03802594791811749,0.984375
1946,1,0.1781249761581421,0.32980472945053857,0.03750690631659344,0.984375
1947,1,0.15625,0.3124492565054847,0.036956942526741546,0.984375
1948,1,0.2093749761581421,0.30214182847075044,0.0366229978856801,0.984375
1949,1,0.059375,0.27786514562367537,0.0358153598925628,0.984375
1950,1,0.078125,0.25789113106130784,0.0351292414648866,0.984375
1951,1,0.0,0.23210201795517707,0.0342157493111762,0.984375
1952,1,0.140625,0.22295431615965938,0.033884553655901054,0.984375
1953,1,0.0625,0.20690888454369347,0.03329496798616722,0.984375
1954,1,0.125,0.1987179960893241,0.032989890477859024,0.984375
1955,1,0.26562501192092897,0.2054086976724846,0.033239295636676935,0.984375
1956,1,0.328125,0.21768032790523614,0.03369196107173929,0.984375
1957,1,0.646874976158142,0.2605997927305267,0.03522340197535303,0.984375
1958,1,0.39062501192092897,0.2736023146495669,0.035670541384351835,0.984375
1959,1,0.48437501192092897,0.2946795843767031,0.03637787331709383,0.984375
1960,1,0.234375,0.2886491259390328,0.036177740766575386,0.984375
1961,1,0.3125,0.2910342133451295,0.036257111434545346,0.984375
1962,1,0.296875,0.29161829201061656,0.036276505142357675,0.984375
1963,1,0.34375,0.2968314628095549,0.03644884719500546,0.984375
1964,1,0.359375,0.30308581652859945,0.03665380634749555,0.984375
1965,1,0.265625,0.2993397348757395,0.03653128193160076,0.984375
1966,1,0.328125,0.30221826138816554,0.03662549406707855,0.984375
1967,1,0.35312498807907106,0.3073089340572561,0.0367910804663558,0.984375
1968,1,0.421875,0.3187655406515305,0.037158894796660534,0.984375
1969,1,0.265625,0.31345148658637745,0.03698912388653913,0.984375
1970,1,0.496875,0.3317938379277397,0.03756893994407704,0.984375
1971,1,0.2093749761581421,0.31955195175077994,0.03718389517392895,0.984375
1972,1,0.29687501192092897,0.31728425776779484,0.037111717523738895,0.984375
1973,1,0.171875,0.30274333199101533,0.03664263406934356,0.984375
1974,1,0.2718749761581421,0.299656496407728,0.03654166980306885,0.984375
1975,1,0.140625,0.2837533467669552,0.03601393519247821,0.984375
1976,1,0.4281249761581421,0.29819050970607386,0.03649355179578025,0.984375
1977,1,0.171875,0.28555895873546644,0.03607448636653431,0.984375
1978,1,0.171875,0.2741905628619198,0.03569057812162496,0.984375
1979,1,0.171875,0.2639590065757278,0.03533969520722191,0.984375
1980,1,0.25,0.262563105918155,0.03529143531448562,0.984375
1981,1,0.3125,0.2675567953263395,0.0354636517026843,0.984375
1982,1,0.40625,0.2814261157937056,0.03593565445309548,0.984375
1983,1,0.509374988079071,0.30422100302224214,0.036690795048917806,0.984375
1984,1,0.5,0.32379890272001793,0.037318355486734456,0.984375
1985,1,0.6281250238418579,0.35423151483220194,0.038254326600086735,0.984375
1986,1,0.5625,0.37505836334898174,0.03886667679707862,0.984375
1987,1,0.40625,0.3781775270140836,0.03895639792912733,0.984375
1988,1,0.265625,0.3669222743126752,0.03863020536881139,0.984375
1989,1,0.203125,0.35054254688140773,0.038143464123457226,0.984375
1990,1,0.28125,0.343613292193267,0.03793328058259759,0.984375
1991,1,0.21875,0.3311269629739403,0.03754816533676558,0.984375
1992,1,0.203125,0.3183267666765463,0.037144932103054716,0.984375
1993,1,0.234375,0.3099315900088917,0.03687587399748217,0.984375
1994,1,0.1875,0.2976884310080025,0.03647704720211535,0.984375
1995,1,0.234375,0.2913570879072023,0.03626783424267246,0.984375
1996,1,0.328125,0.29503387911648205,0.03638957474654866,0.984375
1997,1,0.390625,0.30459299120483385,0.03670290162039901,0.984375
1998,1,0.5031250238418579,0.32444619446853623,0.03733876703360725,0.984375
1999,2,0.0,0.2920015750216826,0.0362892223949328,0.71875
2000,2,0.0,0.26280141751951436,0.03529968091929116,0.890625
2001,2,0.0625,0.24277127576756294,0.0345973507342667,0.890625
2002,2,0.15625,0.23411914819080665,0.03428828524177062,0.890625
2003,2,0.390625,0.24976973337172598,0.034844858829342504,0.890625
2004,2,0.453125,0.2701052600345534,0.03555108002597157,0.890625
2005,2,0.5,0.29309473403109804,0.036325452883350276,0.890625
2006,2,0.28125,0.29191026062798825,0.036286193267292564,0.890625
2007,2,0.203125,0.28303173456518943,0.03598969094616556,0.890625
2008,2,0.171875,0.2719160611086705,0.03561301180156553,0.890625
2009,2,0.0625,0.25097445499780346,0.03488723779027019,0.890625
2010,2,0.09375,0.2352520094980231,0.034328943594147,0.890625
2011,2,0.203125,0.2320393085482208,0.03421349139304576,0.890625
2012,2,0.359375,0.2447728776933987,0.03466836854494188,0.890625
2013,2,0.453125,0.2656080899240588,0.03539658870790268,0.890625
2014,2,0.375,0.27654728093165293,0.035770683368829485,0.890625
2015,2,0.46875,0.2957675528384876,0.03641378605684362,0.890625
2016,2,0.484375,0.31462829755463884,0.03702684523201726,0.890625
2017,2,0.53125,0.33629046779917493,0.037708413413023875,0.890625
2018,2,0.484375,0.35109892101925744,0.038160230600966266,0.890625
2019,2,0.28125,0.3441140289173317,0.03794855414128084,0.890625
2020,2,0.3125,0.34095262602559856,0.03785190327031793,0.890625
2021,2,0.234375,0.3302948634230387,0.037522211101954035,0.890625
2022,2,0.203125,0.31757787708073487,0.03712107796824798,0.890625
2023,2,0.171875,0.30300758937266137,0.03665125500255848,0.890625
2024,2,0.125,0.28520683043539524,0.03606269038942539,0.890625
2025,2,0.109375,0.26762364739185573,0.03546594913163769,0.890625
2026,2,0.0,0.24086128265267018,0.03452941341562351,0.890625
2027,2,0.03125,0.21990015438740315,0.03377316845969863,0.890625
2028,2,0.0,0.19791013894866283,0.03295965492231135,0.90625
2029,2,0.0625,0.18436912505379655,0.032449057549077585,0.90625
2030,2,0.046875,0.1706197125484169,0.03192353129563255,0.90625
2031,2,0.015625,0.1551202412935752,0.03132308938312658,0.90625
2032,2,0.03125,0.1427332171642177,0.03083751362539443,0.90625
2033,2,0.0625,0.13470989544779594,0.03052046464218959,0.90625
2034,2,0.203125,0.14155140590301635,0.030790934931729,0.90625
2035,2,0.125,0.1398962653127147,0.030725629511408732,0.90625
2036,2,0.171875,0.14309413878144323,0.030851730096295146,0.90625
2037,2,0.09375,0.1381597249032989,0.03065702362464703,0.90625
2038,2,0.125,0.136843752412969,0.030604973264560978,0.90625
2039,2,0.15625,0.1387843771716721,0.030681712306154796,0.90625
2040,2,0.125,0.1374059394545049,0.030627215611431842,0.90625
2041,2,0.28125,0.1517903455090544,0.0311930381162382,0.90625
2042,2,0.265625,0.16317381095814895,0.03163610709379402,0.90625
2043,2,0.265625,0.17341892986233404,0.03203108019479298,0.90625
2044,2,0.15625,0.17170203687610064,0.031965148538490105,0.90625
2045,2,0.171875,0.17171933318849059,0.03196581327276134,0.90625
2046,2,0.1875,0.17329739986964152,0.03202641671066869,0.90625
2047,2,0.0625,0.16221765988267736,0.03159905895215121,0.90625
2048,2,0.140625,0.16005839389440962,0.03151527903204906,0.90625
2049,2,0.0625,0.15030255450496868,0.0311348153343754,0.90625
2050,2,0.21875,0.15714729905447183,0.03140207934511088,0.90625
2051,2,0.234375,0.16487006914902466,0.03170175510030614,0.90625
2052,2,0.34375,0.1827580622341222,0.03238784079444903,0.90625
2053,2,0.25,0.18948225601070998,0.032642693653690824,0.90625
2054,2,0.328125,0.203346530409639,0.03316261826672603,0.90625
2055,2,0.296875,0.21269937736867506,0.0335089849985728,0.90625
2056,2,0.21875,0.21330443963180756,0.033531267722688544,0.90625
2057,2,0.15625,0.2075989956686268,0.03332054723482468,0.90625
2058,2,0.21875,0.20871409610176414,0.033361837493078646,0.90625
2059,2,0.203125,0.2081551864915877,0.03334114842875322,0.90625
2060,2,0.25,0.21233966784242894,0.03349573066441773,0.90625
2061,2,0.234375,0.21454320105818606,0.03357683993031358,0.90625
2062,2,0.15625,0.20871388095236745,0.033361829531407226,0.90625
2063,2,0.09375,0.1972174928571307,0.032933710701571306,0.90625
2064,2,0.046875,0.18218324357141763,0.03236597541404053,0.90625
2065,2,0.015625,0.16552741921427586,0.03172716895189689,0.90625
2066,2,0.0625,0.15522467729284828,0.03132716233683732,0.90625
2067,2,0.125,0.15220220956356345,0.03120914327608994,0.90625
2068,2,0.1875,0.1557319886072071,0.03134694212520074,0.90625
2069,2,0.15625,0.1557837897464864,0.03134896134572554,0.90625
2070,2,0.109375,0.15114291077183775,0.031167710343845453,0.90625
2071,2,0.078125,0.143841119694654,0.03088114047024352,0.90625
2072,2,0.0,0.1294570077251886,0.030311868689238537,0.9375
2073,2,0.046875,0.12119880695266973,0.02998236839374717,0.9375
2074,2,0.0625,0.11532892625740276,0.02974705299708454,0.9375
2075,2,0.0,0.1037960336316625,0.029282202305774108,0.96875
2076,2,0.125,0.10591643026849624,0.029367907778174624,0.96875
2077,2,0.125,0.10782478724164662,0.029444952324170676,0.96875
2078,2,0.28125,0.12516730851748195,0.03014094368001561,0.96875
2079,2,0.359375,0.14858807766573376,0.03106763360645633,0.96875
2080,2,0.3125,0.1649792698991604,0.03170597795280389,0.96875
2081,2,0.34375,0.18285634290924435,0.03239157802977114,0.96875
2082,2,0.34375,0.19894570861831992,0.03299840834685915,0.96875
2083,2,0.25,0.20405113775648792,0.033188837053356374,0.96875
2084,2,0.25,0.20864602398083912,0.03335931836745076,0.96875
2085,2,0.171875,0.2049689215827552,0.033222957998385955,0.96875
2086,2,0.140625,0.1985345294244797,0.03298302617683138,0.96875
2087,2,0.09375,0.1880560764820317,0.032588784050349325,0.96875
2088,2,0.15625,0.18487546883382855,0.0324682772867858,0.96875
2089,2,0.140625,0.1804504219504457,0.03229998646022013,0.96875
2090,2,0.140625,0.17646787975540112,0.03214790326534677,0.96875
2091,2,0.28125,0.186946091779861,0.03254677271858196,0.96875
2092,2,0.296875,0.19793898260187487,0.032960734896560304,0.96875
2093,2,0.328125,0.21095758434168738,0.033444754388352156,0.96875
2094,2,0.15625,0.20548682590751866,0.033242197267745154,0.96875
2095,2,0.25,0.2099381433167668,0.03340710279198581,0.96875
2096,2,0.359375,0.2248818289850901,0.03395464317715564,0.96875
2097,2,0.21875,0.2242686460865811,0.03393236363924041,0.96875
2098,2,0.234375,0.22527928147792298,0.03396907560584866,0.96875
2099,2,0.171875,0.2199388533301307,0.033774582310376604,0.96875
2100,2,0.15625,0.21356996799711764,0.03354104153950498,0.96875
2101,2,0.140625,0.20627547119740589,0.0332714730725265,0.96875
2102,2,0.15625,0.2012729240776653,0.03308534184097333,0.96875
2103,2,0.21875,0.20302063166989878,0.033150484607979945,0.96875
2104,2,0.109375,0.1936560685029089,0.03280001237509954,0.96875
2105,2,0.21875,0.19616546165261803,0.03289426874865145,0.96875
2106,2,0.25,0.20154891548735623,0.03309563712952101,0.96875
2107,2,0.234375,0.2048315239386206,0.03321785207350341,0.96875
2108,2,0.296875,0.21403587154475856,0.033558183810935546,0.96875
2109,2,0.28125,0.2207572843902827,0.03380446836419706,0.96875
2110,2,0.40625,0.2393065559512544,0.034473990805468833,0.96875
2111,2,0.328125,0.24818840035612896,0.034789129894535885,0.96875
2112,2,0.328125,0.25618206032051605,0.03506965179087738,0.96875
2113,2,0.3125,0.26181385428846443,0.03526549357236471,0.96875
2114,2,0.3125,0.26688246885961797,0.03544046591392429,0.96875
2115,2,0.3125,0.27144422197365614,0.03559688953076846,0.96875
2116,2,0.265625,0.27086229977629056,0.03557699102579832,0.96875
2117,2,0.28125,0.2719010697986615,0.03561249972898287,0.96875
2118,2,0.25,0.26971096281879536,0.03553757358135507,0.96875
2119,2,0.328125,0.27555236653691584,0.03573689900809113,0.96875
2120,2,0.1875,0.26674712988322424,0.035435809844644686,0.96875
2121,2,0.21875,0.2619474168949018,0.03527011993299263,0.96875
2122,2,0.203125,0.2560651752054116,0.03506557138454019,0.96875
2123,2,0.40625,0.2710836576848704,0.03558456216218739,0.96875
2124,2,0.296875,0.2736627919163834,0.03567260211720454,0.96875
2125,2,0.359375,0.282234012724745,0.035962859770856774,0.96875
2126,2,0.21875,0.27588561145227053,0.03574822039071412,0.96875
2127,2,0.28125,0.2764220503070435,0.03576643355783337,0.96875
2128,2,0.25,0.27377984527633914,0.03567659014854905,0.96875
2129,2,0.265625,0.2729643607487052,0.03564879262466485,0.96875
2130,2,0.09375,0.2550429246738347,0.03502985781895245,0.96875
2131,2,0.34375,0.26391363220645125,0.035338127955613904,0.96875
2132,2,0.1875,0.25627226898580613,0.03507280049669034,0.96875
2133,2,0.21875,0.2525200420872255,0.034941508996592645,0.96875
2134,2,0.234375,0.25070553787850297,0.034877783812321594,0.96875
2135,2,0.15625,0.2412599840906527,0.03454360864683698,0.96875
2136,2,0.1875,0.23588398568158742,0.03435160033001012,0.96875
2137,2,0.265625,0.23885808711342868,0.03445798360572818,0.96875
2138,2,0.21875,0.23684727840208583,0.03438610062518962,0.96875
2139,2,0.234375,0.23660005056187725,0.03437725012964365,0.96875
2140,2,0.234375,0.2363775455056895,0.034369282344160014,0.96875
2141,2,0.40625,0.25336479095512054,0.034971124294236385,0.96875
2142,2,0.28125,0.2561533118596085,0.03506864825451935,0.96875
2143,2,0.203125,0.2508504806736476,0.03488287979846209,0.96875
2144,2,0.34375,0.26014043260628283,0.03520745773994926,0.96875
2145,2,0.34375,0.26850138934565454,0.03549609360207759,0.96875
2146,2,0.25,0.26665125041108906,0.03543251077073332,0.96875
2147,2,0.359375,0.27592362536998016,0.0357495115001812,0.96875
2148,2,0.25,0.27333126283298215,0.03566130325019364,0.96875
2149,2,0.203125,0.26631063654968395,0.035420787182918544,0.96875
2150,2,0.265625,0.2662420728947156,0.03541842661950891,0.96875
2151,2,0.234375,0.263055365605244,0.03530846457849706,0.96875
2152,2,0.28125,0.2648748290447196,0.035371307166863805,0.96875
2153,2,0.375,0.2758873461402476,0.03574827930940574,0.96875
2154,2,0.296875,0.2779861115262229,0.035819456472831517,0.96875
2155,2,0.28125,0.2783125003736006,0.03583050625321758,0.96875
2156,2,0.328125,0.2832937503362406,0.035998496944878916,0.96875
2157,2,0.1875,0.27371437530261655,0.03567435965535399,0.96875
2158,2,0.140625,0.2604054377723549,0.03521665719764769,0.96875
2159,2,0.125,0.2468648939951194,0.03474239869065732,0.96875
2160,2,0.140625,0.23624090459560748,0.0343643882093324,0.96875
2161,2,0.09375,0.22199181413604674,0.03384949447330797,0.96875
2162,2,0.171875,0.21698013272244207,0.033666302531939855,0.96875
2163,2,0.140625,0.20934461945019786,0.033385161999156136,0.96875
2164,2,0.109375,0.19934765750517808,0.033013438693869766,0.96875
2165,2,0.109375,0.19035039175466026,0.03267547089031012,0.96875
2166,2,0.171875,0.18850285257919422,0.032605680587035425,0.96875
2167,2,0.203125,0.18996506732127477,0.03266092621060427,0.96875
2168,2,0.1875,0.1897185605891473,0.03265161842068671,0.96875
2169,2,0.203125,0.19105920453023256,0.032702211165996524,0.96875
2170,2,0.171875,0.1891407840772093,0.03262979312251715,0.96875
2171,2,0.15625,0.1858517056694884,0.032505305806328814,0.96875
2172,2,0.1875,0.18601653510253954,0.032511554198655306,0.96875
2173,2,0.1875,0.18616488159228559,0.03251717686990424,0.96875
2174,2,0.203125,0.187860893433057,0.0325814000625694,0.96875
2175,2,0.125,0.1815748040897513,0.03234281768858276,0.96875
2176,2,0.234375,0.18685482368077616,0.03254331625997062,0.96875
2177,2,0.1875,0.18691934131269855,0.032545759671495325,0.96875
2178,2,0.296875,0.19791490718142868,0.03295983345844733,0.96875
2179,2,0.34375,0.2124984164632858,0.03350158079288594,0.96875
2180,2,0.328125,0.22406107481695722,0.033924818004871106,0.96875
2181,2,0.359375,0.2375924673352615,0.034412761031155974,0.96875
2182,2,0.296875,0.24352072060173535,0.03462396277971409,0.96875
2183,2,0.359375,0.25510614854156183,0.03503206804015079,0.96875
2184,2,0.3125,0.26084553368740565,0.03523192746413303,0.96875
2185,2,0.203125,0.2550734803186651,0.03503092602644655,0.96875
2186,2,0.296875,0.2592536322867986,0.03517664900177197,0.96875
2187,2,0.1875,0.25207826905811875,0.03492600805257425,0.96875
2188,2,0.1875,0.24562044215230688,0.03469838544041305,0.96875
2189,2,0.140625,0.23512089793707622,0.03432424093123466,0.96875
2190,2,0.234375,0.2350463081433686,0.03432156522886398,0.96875
2191,2,0.203125,0.23185417732903174,0.03420682453416921,0.96875
2192,2,0.265625,0.23523125959612856,0.03432819939510616,0.96875
2193,2,0.21875,0.23358313363651573,0.034269027793899946,0.96875
2194,2,0.234375,0.23366232027286415,0.03427187354381164,0.96875
2195,2,0.234375,0.23373358824557774,0.034274434480556885,0.96875
2196,2,0.25,0.23536022942101997,0.03433282461021155,0.96875
2197,2,0.15625,0.22744920647891798,0.03404774951760728,0.96875
2198,2,0.09375,0.21407928583102617,0.03355978071521871,0.96875
2199,2,0.09375,0.20204635724792355,0.03311418541856794,0.96875
2200,2,0.125,0.19434172152313117,0.03282579103112079,0.96875
2201,2,0.15625,0.19053254937081807,0.03268234472173548,0.96875
2202,2,0.09375,0.18085429443373627,0.0323153766340937,0.96875
2203,2,0.09375,0.17214386499036263,0.031982125588020875,0.96875
2204,2,0.171875,0.17211697849132637,0.03198109268556281,0.96875
2205,2,0.09375,0.16428028064219374,0.031678940539969225,0.96875
2206,2,0.15625,0.16347725257797438,0.031647858053648524,0.96875
2207,2,0.15625,0.16275452732017695,0.03161986489056987,0.96875
2208,2,0.21875,0.16835407458815926,0.03183627915177272,0.96875
2209,2,0.265625,0.17808116712934333,0.03220958087981598,0.96875
2210,2,0.3125,0.191523050416409,0.03271969942783894,0.96875
2211,2,0.25,0.1973707453747681,0.03293945267155,0.96875
2212,2,0.234375,0.20107117083729129,0.03307781391522836,0.96875
2213,2,0.15625,0.19658905375356217,0.032910155006090104,0.96875
2214,2,0.21875,0.19880514837820595,0.032993150761301875,0.96875
2215,2,0.125,0.19142463354038536,0.032715989538906774,0.96875
2216,2,0.28125,0.20040717018634682,0.03305302681876714,0.96875
2217,2,0.25,0.20536645316771213,0.03323772659991476,0.96875
2218,2,0.484375,0.2332673078509409,0.034257675113847474,0.96875
2219,2,0.4375,0.2536905770658468,0.0349825368604063,0.96875
2220,2,0.53125,0.2814465193592621,0.03593634192259514,0.96875
2221,2,0.453125,0.2986143674233359,0.03650747518711235,0.96875
2222,2,0.34375,0.3031279306810023,0.036655179753994765,0.96875
2223,2,0.359375,0.3087526376129021,0.0368378005040813,0.96875
2224,2,0.25,0.30287737385161195,0.03664700739188812,0.96875
2225,2,0.265625,0.2991521364664508,0.03652512744699087,0.96875
2226,2,0.234375,0.2926744228198057,0.0363115296058816,0.96875
2227,2,0.3125,0.29465698053782513,0.036377126557843545,0.96875
2228,2,0.34375,0.2995662824840426,0.036538711844916735,0.96875
2229,2,0.375,0.30710965423563835,0.03678462318181094,0.96875
2230,2,0.421875,0.3185861888120745,0.0371531886504096,0.96875
2231,2,0.46875,0.33360256993086707,0.03762516903239462,0.96875
2232,2,0.34375,0.33461731293778035,0.03765664009178704,0.96875
2233,2,0.40625,0.34178058164400227,0.0378772664391322,0.96875
2234,2,0.375,0.345102523479602,0.03797866662602972,0.96875
2235,2,0.421875,0.35277977113164183,0.03821078405683563,0.96875
2236,2,0.40625,0.3581267940184777,0.03837060725738591,0.96875
2237,2,0.375,0.35981411461662993,0.038420726928601226,0.96875
2238,2,0.40625,0.36445770315496695,0.03855787827944503,0.96875
2239,2,0.4375,0.3717619328394703,0.038771292697352897,0.96875
2240,2,0.296875,0.36427323955552326,0.03855245188308137,0.96875
2241,2,0.265625,0.35440841559997094,0.03825962480861655,0.96875
2242,2,0.34375,0.3533425740399738,0.03822767759450971,0.96875
2243,2,0.265625,0.34457081663597644,0.03796247564821649,0.96875
2244,2,0.296875,0.3398012349723788,0.03781657229180593,0.96875
2245,2,0.15625,0.3214461114751409,0.03724398032552614,0.96875
2246,2,0.203125,0.3096140003276268,0.03686562463124765,0.96875
2247,2,0.21875001192092897,0.30052760148695706,0.036570210695883086,0.96875
2248,2,0.1875,0.2892248413382614,0.036196925273962566,0.96875
2249,2,0.234375,0.28373985720443523,0.03601348221456905,0.96875
2250,2,0.1875,0.2741158714839917,0.03568803493634999,0.96875
2251,2,0.21875,0.2685792843355925,0.035498766978676766,0.96875
2252,2,0.1875,0.2604713559020333,0.03521894498099711,0.96875
2253,2,0.171875,0.25161172031183,0.0349096279351876,0.96875
2254,2,0.15625,0.242075548280647,0.03457262328356783,0.96875
2255,2,0.125,0.2303679934525823,0.03415324993099272,0.96875
2256,2,0.203125,0.22764369410732405,0.03405479093571934,0.96875
2257,2,0.25,0.22987932469659164,0.03413561292001463,0.96875
2258,2,0.203125,0.2272038922269325,0.03403886556699625,0.96875
2259,2,0.21875,0.22635850300423926,0.03400823004462698,0.96875
2260,2,0.296875,0.23341015270381532,0.03426281036631764,0.96875
2261,2,0.28125,0.2381941374334338,0.03443426862346708,0.96875
2262,2,0.234375,0.23781222369009042,0.03442061843348127,0.96875
2263,2,0.15625,0.22965600132108138,0.03412754924565286,0.96875
2264,2,0.296875,0.23637790118897323,0.03436929508275358,0.96875
2265,2,0.25,0.2377401110700759,0.03441804028119781,0.96875
2266,2,0.328125,0.2467785999630683,0.03473934897110933,0.96875
2267,2,0.34375,0.25647573996676143,0.0350799011882732,0.96875
2268,2,0.390625,0.26989066597008526,0.03554373014725271,0.96875
2269,2,0.296875,0.27258909937307674,0.03563599022060656,0.96875
2270,2,0.34375,0.27970518943576905,0.035877596710892835,0.96875
2271,2,0.3125,0.28298467049219217,0.035988108827489804,0.96875
2272,2,0.390625,0.29374870344297294,0.036347098781312315,0.96875
2273,2,0.328125,0.2971863330986756,0.03646052929056225,0.96875
2274,2,0.265625,0.294030199788808,0.03635640951059154,0.96875
2275,2,0.390625,0.3036896798099272,0.036673490649387075,0.96875
2276,2,0.296875,0.3030082118289345,0.0366512753049251,0.96875
2277,2,0.296875,0.302394890646041,0.03663126137533003,0.96875
2278,2,0.265625,0.2987179015814369,0.036510874827056956,0.96875
2279,2,0.328125,0.3016586114232932,0.036607209918140676,0.96875
2280,2,0.484375,0.31993025028096383,0.03719591009279003,0.96875
2281,2,0.515625,0.3394997252528675,0.03780730882453538,0.96875
2282,2,0.4875000238418579,0.3542997551117665,0.03825637060451311,0.96875
2283,2,0.5500000238418579,0.3738697819847756,0.038832351305115156,0.96875
2284,2,0.328125,0.36929530378629805,0.03869954056981817,0.96875
2285,2,0.25,0.3573657734076683,0.03834795271248674,0.96875
2286,2,0.296875,0.35131669606690147,0.038166788853008574,0.96875
2287,2,0.21875,0.3380600264602113,0.037763010319716545,0.96875
2288,2,0.171875,0.3214415238141902,0.03724383502307174,0.96875
2289,2,0.3125,0.32054737143277123,0.037215494258203016,0.96875
2290,2,0.296875,0.3181801342894941,0.03714026374515116,0.96875
2291,2,0.203125,0.3066746208605447,0.036770519725335515,0.96875
2292,2,0.21875,0.2978821587744902,0.03648341702614278,0.96875
2293,2,0.25,0.29309394289704116,0.036325426684449484,0.96875
2294,2,0.265625,0.29034704860733707,0.03623427308761816,0.96875
2295,2,0.375,0.29881234374660337,0.03651397545189933,0.96875
2296,2,0.265625,0.295493609371943,0.03640474905271021,0.96875
2297,2,0.234375,0.28938174843474873,0.03620215101607341,0.96875
2298,2,0.28125,0.28856857359127386,0.03617505521506232,0.96875
2299,2,0.25,0.28471171623214653,0.03604609414924217,0.96875
2300,2,0.25,0.2812405446089319,0.035929400953679295,0.96875
2301,2,0.21875,0.2749914901480387,0.035717832068685486,0.96875
2302,2,0.15625,0.2631173411332348,0.03531060774788176,0.96875
2303,2,0.296875,0.26649310701991136,0.03542706832406527,0.96875
2304,2,0.21875,0.2617187963179202,0.035262200425585276,0.96875
2305,2,0.21875,0.2574219166861282,0.03511289516415785,0.96875
2306,2,0.140625,0.2457422250175154,0.03470269573797443,0.96875
2307,2,0.234375,0.24460550251576385,0.03466243699198825,0.96875
2308,2,0.3125,0.25139495226418745,0.034902013961807525,0.96875
2309,2,0.21875,0.24813045703776873,0.03478708568151554,0.96875
2310,2,0.3125,0.25456741133399186,0.03501322852681537,0.96875
2311,2,0.296875,0.25879817020059265,0.0351608111612282,0.96875
2312,2,0.265625,0.2594808531805334,0.035184546524735454,0.96875
2313,2,0.375,0.27103276786248004,0.03558282177957797,0.96875
2314,2,0.375,0.28142949107623205,0.035935768179913986,0.96875
2315,2,0.421875,0.2954740419686088,0.03640410340789304,0.96875
2316,2,0.328125,0.298739137771748,0.03651157207027051,0.96875
2317,2,0.40625,0.30949022399457315,0.036861628682654,0.96875
2318,2,0.4375,0.3222912015951159,0.03727072782985672,0.96875
2319,2,0.375,0.3275620814356043,0.037436718469508655,0.96875
2320,2,0.28125,0.3229308732920439,0.03729094917112705,0.96875
2321,2,0.21875,0.3125127859628395,0.03695898397010192,0.96875
2322,2,0.203125,0.30157400736655554,0.03660444446661368,0.96875
2323,2,0.21875,0.29329160662989995,0.03633197146993094,0.96875
2324,2,0.25,0.28896244596691,0.03618818354219925,0.96875
2325,2,0.21875,0.281941201370219,0.03595300327761325,0.96875
2326,2,0.296875,0.2834345812331971,0.03600322868475922,0.96875
2327,2,0.234375,0.2785286231098774,0.03583782014773216,0.96875
2328,2,0.3125,0.2819257607988897,0.03595248340653305,0.96875
2329,2,0.25,0.27873318471900077,0.03584474069377513,0.96875
2330,2,0.296875,0.2805473662471007,0.035906026820579,0.96875
2331,2,0.1875,0.2712426296223906,0.03558999804327126,0.96875
2332,2,0.21875,0.26599336666015155,0.035409862078993506,0.96875
2333,2,0.28125,0.2675190299941364,0.03546235376971485,0.96875
2334,2,0.1875,0.2595171269947228,0.035185807069216854,0.96875
2335,2,0.171875,0.2507529142952505,0.03487944960797761,0.96875
2336,2,0.587499988079071,0.2844276216736325,0.0360365658257597,0.96875
2337,2,0.375,0.29348485950626924,0.036338368319432594,0.96875
2338,2,0.296875,0.2938238735556423,0.03634958548445993,0.96875
2339,2,0.296875,0.2941289862000781,0.0363596760140918,0.96875
2340,2,0.28125,0.2928410875800703,0.03631705161852652,0.96875
2341,2,0.328125,0.2963694788220633,0.03643362950327647,0.96875
2342,2,0.375,0.30423253093985697,0.03669117033714297,0.96875
2343,2,0.515625,0.3253717778458713,0.03736791641769888,0.96875
2344,2,0.328125,0.32564710006128417,0.037376578558944266,0.96875
2345,2,0.296875,0.3227698900551557,0.03728586215362916,0.96875
2346,2,0.265625,0.31705540104964014,0.03710441860134092,0.96875
2347,2,0.25,0.3103498609446761,0.03688936472209427,0.96875
2348,2,0.171875,0.29650237485020847,0.03643800817972231,0.96875
2349,2,0.15625,0.28247713736518765,0.035971040525903705,0.96875
2350,2,0.21875,0.2761044236286689,0.035755651191948574,0.96875
2351,2,0.15625,0.26411898126580197,0.035345220024497914,0.96875
2352,2,0.265625,0.2642695831392218,0.035350420032253776,0.96875
2353,2,0.21875,0.2597176248252996,0.035192773411213456,0.96875
2354,2,0.328125,0.26655836234276964,0.03542931420705508,0.96875
2355,2,0.375,0.2774025261084927,0.035799686423455594,0.96875
2356,2,0.34375,0.2840372734976434,0.03602346733603754,0.96875
2357,2,0.46875,0.3025085461478791,0.03663497162583394,0.96875
2358,2,0.34375,0.3066326915330912,0.036769159898907215,0.96875
2359,2,0.390625,0.31503192237978206,0.03703976659511892,0.96875
2360,2,0.390625,0.32259123014180385,0.0372802149882204,0.96875
2361,2,0.421875,0.33251960712762346,0.037591522866134736,0.96875
2362,2,0.40625,0.33989264641486117,0.03781937983878917,0.96875
2363,2,0.390625,0.34496588177337506,0.03797450717789667,0.96875
2364,2,0.3125,0.3417192935960376,0.03787539020700327,0.96875
2365,2,0.328125,0.34035986423643383,0.03783372278861868,0.96875
2366,2,0.28125,0.3344488778127905,0.03765142000071966,0.96875
2367,2,0.1875,0.31975399003151145,0.03719031291301101,0.96875
2368,2,0.234375,0.3112160910283603,0.03691727528091844,0.96875
2369,2,0.34375001192092897,0.31446948311761713,0.03702175876391966,0.96875
2370,2,0.234375,0.30646003480585543,0.03676355945826438,0.96875
2371,2,0.7500000119209289,0.35081403251736276,0.03815164745638864,0.96875
2372,2,0.6125000238418579,0.37698263164981227,0.03892208872165596,0.96875
2373,2,0.40625,0.37990936848483103,0.03900598928437903,0.96875
2374,2,0.40625,0.38254343163634796,0.03908110879556059,0.96875
2375,2,0.3125,0.37553908847271317,0.038880538440871,0.96875
2376,2,0.25,0.36298517962544186,0.038514510397407505,0.96875
2377,2,0.1875,0.34543666166289766,0.03798883383187069,0.96875
2378,2,0.21875,0.3327679954966079,0.0375992453646385,0.96875
2379,2,0.203125,0.31980369594694713,0.037191891496757536,0.96875
2380,2,0.3125,0.31907332635225244,0.03716868324823152,0.96875
2381,2,0.359375,0.32310349371702723,0.0372964024290683,0.96875
2382,2,0.375,0.3282931443453245,0.03745962719778189,0.96875
2383,2,0.25,0.32046382991079203,0.03721284424277391,0.96875
2384,2,0.203125,0.30872994691971284,0.03683706702717928,0.96875
2385,2,0.203125,0.29816945222774155,0.03649285983831047,0.96875
2386,2,0.25,0.2933525070049674,0.036333987530461596,0.96875
2387,2,0.1875,0.28276725630447064,0.03598079875712808,0.96875
2388,2,0.234375,0.2779280306740236,0.03581748962037329,0.96875
2389,2,0.21875,0.27201022760662125,0.03561622808869872,0.96875
2390,2,0.21875,0.2666842048459591,0.035433644734788994,0.96875
2391,2,0.25,0.2650157843613632,0.035376169049837,0.96875
2392,2,0.265625,0.26507670592522686,0.0353782700855742,0.96875
2393,2,0.25,0.26356903533270415,0.035326222222385247,0.96875
2394,2,0.28125,0.26533713179943375,0.035387249539964916,0.96875
2395,2,0.234375,0.26224091861949034,0.035280283314937724,0.96875
2396,2,0.1875,0.2547668267575413,0.03502020361823942,0.96875
2397,2,0.15625,0.2449151440817872,0.03467340926979947,0.96875
2398,2,0.296875,0.2501111296736085,0.03485687507786849,0.96875
2399,2,0.34375,0.2594750167062476,0.0351843436967181,0.96875
2400,2,0.265625,0.26009001503562285,0.03520570715560029,0.96875
2401,2,0.375,0.27158101353206054,0.0356015646684583,0.96875
2402,2,0.28125,0.2725479121788545,0.03563458466460236,0.96875
2403,2,0.3125,0.27654312096096906,0.035770542208849294,0.96875
2404,2,0.3125,0.28013880886487214,0.035892239129201746,0.96875
2405,2,0.359375,0.28806242797838494,0.03615817334638174,0.96875
2406,2,0.375,0.2967561851805464,0.03644636829126057,0.96875
2407,2,0.171875,0.2842680666624918,0.03603121272021666,0.96875
2408,2,0.34375,0.2902162599962426,0.036229923581883,0.96875
2409,2,0.25,0.2861946339966184,0.03609576538018294,0.96875
2410,2,0.171875,0.2747626705969566,0.035710048978067885,0.96875
2411,2,0.15625,0.2629114035372609,0.03530348553641206,0.96875
2412,2,0.140625,0.2506827631835348,0.034876982997418024,0.96875
2413,2,0.21875,0.2474894868651813,0.034764462247429836,0.96875
2414,2,0.328125,0.25555303817866315,0.03504768536835536,0.96875
2415,2,0.28125,0.25812273436079686,0.03513730615043333,0.96875
2416,2,0.390625,0.2713729609247172,0.035594453677316264,0.96875
2417,2,0.265625,0.2707981648322455,0.03557479696737254,0.96875
2418,2,0.234375,0.26715584834902095,0.03544986831795096,0.96875
2419,2,0.375,0.2779402635141189,0.035817903887490475,0.96875
2420,2,0.390625,0.289208737162707,0.03619638886011809,0.96875
2421,2,0.296875,0.2899753634464363,0.03622191009744211,0.96875
2422,2,0.4250000238418579,0.30347782948597846,0.036666587009646444,0.96875
2423,2,0.6875000119209289,0.34188004772947345,0.03788031100847247,0.96875
2424,2,0.7187500119209289,0.379567044148619,0.03899619950823133,0.96875
2425,2,0.359375,0.37754783973375716,0.038938327121485636,0.96875
2426,2,0.7500000119209289,0.4147930569524743,0.039970761305195196,0.96875
2427,2,0.6250000119209289,0.43581375244931975,0.04052077703176257,0.96875
2428,2,0.599999976158142,0.452232374820202,0.040934084525857596,0.96875
2429,2,0.743749988079071,0.48138413614608894,0.04163311190427859,0.96875
2430,2,0.3125,0.46449572253148,0.041233541072518975,0.96875
2431,2,0.5812500238418579,0.4761711526625178,0.04151135189437557,0.96875
2432,2,0.296875,0.458241537396266,0.041081805296214385,0.96875
2433,2,0.203125,0.4327298836566394,0.04044155621387753,0.96875
2434,2,0.21875,0.4113318952909754,0.039877941851113256,0.96875
2435,2,0.234375,0.39363620576187786,0.039393390349442184,0.96875
2436,2,0.25,0.37927258518569007,0.0389877735788299,0.96875
2437,2,0.203125,0.3616578266671211,0.038475319245143066,0.96875
2438,2,0.21875,0.34736704400040896,0.038047456607024625,0.96875
2439,2,0.3125,0.34388033960036807,0.037941427751301694,0.96875
2440,2,0.390625,0.34855480564033126,0.038083429467112136,0.96875
2441,2,0.453125,0.35901182507629814,0.0383969147932166,0.96875
2442,2,0.4875000238418579,0.3718606449528541,0.03877415740213483,0.96875
2443,2,0.296875,0.3643620804575687,0.03855506555649607,0.96875
2444,2,0.296875,0.3576133724118118,0.038355326767176734,0.96875
2445,2,0.203125,0.3421645351706306,0.037889016047845725,0.96875
2446,2,0.15625,0.3235730816535676,0.0373112293886764,0.96875
2447,2,0.15625,0.3068407734882108,0.03677590740635938,0.96875
2448,2,0.21875,0.29803169613938973,0.03648833256532604,0.96875
2449,2,0.25,0.29322852652545073,0.03632988305552195,0.96875
2450,2,0.234375,0.28734317387290564,0.036134161630445936,0.96875
2451,2,0.203125,0.2789213564856151,0.03585110494598237,0.96875
2452,2,0.40625,0.2916542208370536,0.036277697564979894,0.96875
2453,2,0.421875,0.30467629875334823,0.03670561195024732,0.96875
2454,2,0.453125,0.3195211688780134,0.03718291717207075,0.96875
2455,2,0.34375,0.3219440519902121,0.03725974485056453,0.96875
2456,2,0.3125,0.32099964679119086,0.0372298345962791,0.96875
2457,2,0.328125,0.32171218211207175,0.037252405572084535,0.96875
2458,2,0.25,0.3145409639008646,0.03702404829240535,0.96875
2459,2,0.1875,0.30183686751077815,0.03661303538704566,0.96875
2460,2,0.234375,0.29509068075970035,0.03639145017104283,0.96875
2461,2,0.21875,0.2874566126837303,0.03613795039789784,0.96875
2462,2,0.3125,0.28996095141535727,0.03622143058599866,0.96875
2463,2,0.21875,0.2828398562738215,0.03598324002910299,0.96875
2464,2,0.234375,0.27799337064643936,0.0358197022844037,0.96875
2465,2,0.125,0.26269403358179544,0.035295965758397795,0.96875
2466,2,0.203125,0.2567371302236159,0.035089020286452846,0.96875
2467,2,0.21875,0.2529384172012543,0.03495618058780614,0.96875
2468,2,0.390625,0.2667070754811289,0.035434431684141746,0.96875
2469,2,0.359375,0.275973867933016,0.03575121783696494,0.96875
2470,2,0.375,0.28587648113971437,0.036085117820318854,0.96875
2471,2,0.296875,0.28697633302574294,0.036121905065684266,0.96875
2472,2,0.265625,0.2848411997231686,0.03605043560846434,0.96875
2473,2,0.421875,0.29854457975085175,0.03650518333954217,0.96875
2474,2,0.53125,0.32181512177576654,0.037255664220654364,0.96875
2475,2,0.4375,0.3333836095981899,0.037618371176618225,0.96875
2476,2,0.484375,0.3484827486383709,0.03808124925091339,0.96875
2477,2,0.34375,0.34800947377453384,0.0380669226454797,0.96875
2478,2,0.34375,0.34758352639708046,0.03805401859601881,0.96875
2479,2,0.328125,0.3456376737573724,0.03799494742403318,0.96875
2480,2,0.265625,0.33763640638163517,0.03774995513642696,0.96875
2481,2,0.359375,0.3398102657434717,0.037816849676105976,0.96875
2482,2,0.453125,0.3511417391691245,0.03816152025897007,0.96875
2483,2,0.3125,0.34727756525221204,0.038044743615731826,0.96875
2484,2,0.296875,0.3422373087269908,0.03789124216459374,0.96875
2485,2,0.203125,0.32832607785429174,0.037460658554173736,0.96875
2486,2,0.171875,0.31268097006886253,0.03696438736742771,0.96875
2487,2,0.21875,0.30328787306197624,0.03666039489913766,0.96875
2488,2,0.203125,0.29327158575577866,0.036331308653622225,0.96875
2489,2,0.234375,0.2873819271802008,0.03613545603232914,0.96875
2490,2,0.203125,0.2789562344621807,0.03585228438131834,0.96875
2491,2,0.1875,0.26981061101596265,0.0355409876851169,0.96875
2492,2,0.234375,0.2662670499143664,0.03541928657401127,0.96875
2493,2,0.171875,0.25682784492292976,0.035092184292663475,0.96875
2494,2,0.390625,0.27020756043063676,0.03555458304895286,0.96875
2495,2,0.328125,0.2759993043875731,0.035752081662399925,0.96875
2496,2,0.390625,0.2874618739488158,0.03613812610454609,0.96875
2497,2,0.453125,0.3040281865539342,0.036684516961547155,0.96875
2498,2,0.681249988079071,0.3417503667064479,0.03787634148351117,0.96875
2499,2,0.453125,0.3528878300358031,0.038214028938306735,0.96875
2500,2,0.515625,0.3691615470322228,0.03869564043678239,0.96875
2501,2,0.712499988079071,0.4034953911369076,0.0396654234060391,0.96875
2502,2,0.4375,0.4068958520232168,0.03975804349777588,0.96875
2503,2,0.36874998807907106,0.4030812656288022,0.039654101453945184,0.96875
2504,2,0.5187500238418579,0.4146481414501078,0.03996688786562573,0.96875
2505,2,0.390625,0.412245827305097,0.03990251327657885,0.96875
2506,2,0.421875,0.4132087445745873,0.03992835346121453,0.96875
2507,2,0.3125,0.40313787011712854,0.039655649528676465,0.96875
2508,2,0.28125,0.3909490831054157,0.03931834660073768,0.96875
2509,2,0.078125,0.35966667479487413,0.038416353443037676,0.96875
2510,2,0.09375,0.33307500731538675,0.03760878603874934,0.96875
2511,2,0.203125,0.3200800065838481,0.03720066437403327,0.96875
2512,2,0.390625,0.3271345059254633,0.037423307000694926,0.96875
2513,2,0.328125,0.327233555332917,0.03742641466153433,0.96875
2514,2,0.375,0.33201019979962526,0.037575675102711814,0.96875
2515,2,0.359375,0.3347466798196628,0.03766064838424074,0.96875
2516,2,0.375,0.3387720118376965,0.03778493119011676,0.96875
2517,2,0.3125,0.3361448106539269,0.037703912088462146,0.96875
2518,2,0.25,0.32753032958853423,0.03743572285771257,0.96875
2519,2,0.21875,0.3166522966296808,0.03709155584365696,0.96875
2520,2,0.25,0.30998706696671274,0.03687766384080642,0.96875
2521,2,0.296875,0.30867586027004146,0.03683531856971586,0.96875
2522,2,0.375,0.3153082742430373,0.03704860870381998,0.96875
2523,2,0.6562500119209289,0.3494024480108264,0.03810905585975363,0.96875
2524,2,0.4875000238418579,0.3632122055939295,0.03852120414495211,0.96875
2525,2,0.4375,0.3706409850345366,0.038738725465740344,0.96875
2526,2,0.515625,0.38513938653108293,0.039154778942900065,0.96875
2527,2,0.390625,0.38568794787797467,0.03917030039157061,0.96875
2528,2,0.484375,0.3955566530901772,0.039446786510262295,0.96875
2529,2,0.296875,0.38568848778115944,0.039170315660118,0.96875
2530,2,0.296875,0.37680713900304347,0.038917043358657984,0.96875
2531,2,0.296875,0.3688139251027391,0.03868549988180101,0.96875
2532,2,0.3125,0.3631825325924652,0.03852032940689497,0.96875
2533,2,0.359375,0.36280177933321867,0.0385091009311906,0.96875
2534,2,0.375,0.3640216013998968,0.038545046484471365,0.96875
2535,2,0.578125,0.38543194125990715,0.03916305872933433,0.96875
2536,2,0.40625,0.3875137471339164,0.03922184524530686,0.96875
2537,2,0.28125,0.3768873724205248,0.038919350250184344,0.96875
2538,2,0.375,0.3766986351784723,0.038913923082893404,0.96875
2539,2,0.296875,0.36871627166062504,0.03868265005430083,0.96875
2540,2,0.265625,0.3584071444945625,0.03837894516736532,0.96875
2541,2,0.21875,0.34444143004510624,0.037958533451688724,0.96875
2542,2,0.265625,0.33655978704059564,0.03771673341089671,0.96875
2543,2,0.4250000238418579,0.34540381072072185,0.03798783449925538,0.96875
2544,2,0.375,0.34836342964864964,0.038077638434393934,0.96875
2545,2,0.43124998807907106,0.3566520854916918,0.03832667929796945,0.96875
2546,2,0.359375,0.35692437694252266,0.03833479887257847,0.96875
2547,2,0.203125,0.34154443924827044,0.03787003624557824,0.96875
2548,2,0.359375,0.3433274953234434,0.03792455724208112,0.96875
2549,2,0.6250000119209289,0.37149474698319196,0.03876353614434415,0.96875
2550,2,0.40625,0.3749702722848728,0.0388641353668682,0.96875
2551,2,0.421875,0.37966074505638553,0.03899887978448148,0.96875
2552,2,0.21875,0.36356967055074696,0.03853173826909132,0.96875
2553,2,0.296875,0.35690020349567225,0.03833407819323531,0.96875
2554,2,0.296875,0.35089768314610503,0.03815416813432948,0.96875
2555,2,0.109375,0.32674541483149455,0.037411094388466036,0.96875
2556,2,0.140625,0.30813337334834506,0.03681777335804573,0.96875
2557,2,0.0625,0.28357003601351055,0.03600777887165448,0.96875
2558,2,0.109375,0.26615053241215947,0.03541527464133799,0.96875
2559,2,0.125,0.25203547917094354,0.034924506158140405,0.96875
2560,2,0.171875,0.2440194312538492,0.03464165733042234,0.96875
2561,2,0.375,0.2571174881284643,0.035102284071043065,0.96875
2562,2,0.34375,0.26578073931561785,0.03540253761985537,0.96875
2563,2,0.515625,0.29076516538405606,0.03624817226154727,0.96875
2564,2,0.40625,0.3023136488456505,0.03662860885975138,0.96875
2565,2,0.3125,0.30333228396108547,0.03666184274865185,0.96875
2566,2,0.265625,0.29956155556497693,0.03653855684611531,0.96875
2567,2,0.34375,0.30398040000847926,0.03668296074412421,0.96875
2568,2,0.234375,0.29701986000763136,0.03645504989477726,0.96875
2569,2,0.328125,0.30013037400686826,0.036557200683414164,0.96875
2570,2,0.43124998807907106,0.3132423354140885,0.036982412345969155,0.96875
2571,2,0.46875,0.3287931018726797,0.03747527795417178,0.96875
2572,2,0.515625,0.3474762916854117,0.03805076841898897,0.96875
2573,2,0.359375,0.34866616251687055,0.03808679823380557,0.96875
2574,2,0.359375,0.34973704626518354,0.03811916117620763,0.96875
2575,2,0.34375,0.3491383416386652,0.03810107531802107,0.96875
2576,2,0.28125001192092897,0.34234950866689157,0.0378946737745659,0.96875
2577,2,0.265625,0.3346770578002024,0.03765849133027996,0.96875
2578,2,0.234375,0.3246468520201822,0.03734509011145386,0.96875
2579,2,0.25,0.3171821668181639,0.03710846187244742,0.96875
2580,2,0.34375001192092897,0.3198389513284404,0.03719301107636249,0.96875
2581,2,0.234375,0.31129255619559637,0.03691973720038164,0.96875
2582,2,0.078125,0.2879758005760367,0.03615528272037889,0.96875
2583,2,0.171875,0.276365720518433,0.03576452170794372,0.96875
2584,2,0.203125,0.2690416484665897,0.035514629436039793,0.96875
2585,2,0.34375,0.2765124836199307,0.03576950256822706,0.96875
2586,2,0.15625,0.26448623525793763,0.0353578987388154,0.96875
2587,2,0.25,0.2630376117321439,0.035307850599988096,0.96875
2588,2,0.328125,0.2695463505589295,0.035531932659718185,0.96875
2589,2,0.453125,0.2879042155030366,0.03615289375318705,0.96875
2590,2,0.421875,0.3013012939527329,0.03659552782324397,0.96875
2591,2,0.46875,0.31804616455745965,0.037135997561373604,0.96875
2592,2,0.40625,0.32686654810171367,0.03741489730717069,0.96875
2593,2,0.375,0.3316798932915423,0.037565391963817224,0.96875
2594,2,0.453125,0.34382440396238806,0.03793972155948738,0.96875
2595,2,0.359375,0.3453794635661493,0.03798709381697737,0.96875
2596,2,0.34375,0.34521651720953433,0.03798213590497865,0.96875
2597,2,0.390625,0.3497573654885809,0.03811977465360651,0.96875
2598,2,0.25,0.33978162893972275,0.037815970068733454,0.96875
2599,2,0.28125,0.3339284660457505,0.03763528218372768,0.96875
2600,2,0.39999998807907106,0.3405356182490826,0.0378391152303639,0.96875
2601,2,0.43124998807907106,0.3496070552320814,0.03811523597478631,0.96875
2602,2,0.359375,0.3505838497088733,0.03814470935684985,0.96875
2603,2,0.359375,0.351462964737986,0.038171192297515436,0.96875
2604,2,0.34375,0.3506916682641874,0.03814795953920939,0.96875
2605,2,0.3125,0.34687250143776865,0.03803245681847797,0.96875
2606,2,0.265625,0.33874775129399176,0.0377841846849736,0.96875
2607,2,0.15625,0.3204979761645926,0.037213927437535384,0.96875
2608,2,0.28125,0.3165731785481333,0.037089030263618435,0.96875
2609,2,0.46875,0.33179086069332,0.03756884724829746,0.96875
2610,2,0.265625,0.32517427462398796,0.037361700181433415,0.96875
2611,2,0.234375,0.3160943471615892,0.0370737383009276,0.96875
2612,2,0.28125,0.3126099124454303,0.03696210461406265,0.96875
2613,2,0.21875,0.30322392120088726,0.03665830981478256,0.96875
2614,2,0.1875,0.29165152908079855,0.03627760823195219,0.96875
2615,2,0.25,0.28748637617271866,0.03613894436943453,0.96875
2616,2,0.49374998807907106,0.3081127373633539,0.03681710564893959,0.96875
2617,2,0.34375,0.3116764636270185,0.03693209319756244,0.96875
2618,2,0.4875000238418579,0.32925881964850245,0.03748984515960114,0.96875
2619,2,0.421875,0.3385204376836522,0.037777188668563236,0.96875
2620,2,0.453125,0.349980893915287,0.03812652197791563,0.96875
2621,2,0.34375,0.34935780452375825,0.03810770711948957,0.96875
2622,2,0.453125,0.3597345240713824,0.03841836618935865,0.96875
2623,2,0.28125,0.3518860716642442,0.038183923639414086,0.96875
2624,2,0.234375,0.34013496449781977,0.03782682010399424,0.96875
2625,2,0.171875,0.32330896804803777,0.03730289156426765,0.96875
2626,2,0.1875,0.309728071243234,0.03686930656098964,0.96875
2627,2,0.234375,0.3021927641189106,0.036624661398392065,0.96875
2628,2,0.28125,0.3000984877070196,0.03655615599642928,0.96875
2629,2,0.3125,0.3013386389363176,0.036596749077833515,0.96875
2630,2,0.34375,0.30557977504268585,0.03673498302924708,0.96875
2631,2,0.296875,0.30470929753841725,0.03670668543610596,0.96875
2632,2,0.359375,0.31017586778457557,0.03688375391012019,0.96875
2633,2,0.5187500238418579,0.3310332833903038,0.0375452451556241,0.96875
2634,2,0.296875,0.32761745505127343,0.03743845464071271,0.96875
2635,2,0.3125,0.3261057095461461,0.037390998517353884,0.96875
2636,2,0.3125,0.3247451385915315,0.03734818653500679,0.96875
2637,2,0.4375,0.33602062473237837,0.03770007342399363,0.96875
2638,2,0.34375,0.33679356225914053,0.0377239522784853,0.96875
2639,2,0.296875,0.33280170603322645,0.03760029319107742,0.96875
2640,2,0.28125,0.32764653542990385,0.0374393663561526,0.96875
2641,2,0.234375,0.3183193818869135,0.037144697018871825,0.96875
2642,2,0.390625,0.32554994369822216,0.03737352229098929,0.96875
2643,2,0.203125,0.31330744932839993,0.03698450205442962,0.96875
2644,2,0.171875,0.2991642043955599,0.03652552340932036,0.96875
2645,2,0.328125,0.3020602839560039,0.03662033444136847,0.96875
2646,2,0.1875,0.29060425556040353,0.036242824275908546,0.96875
2647,2,0.25000001192092897,0.2865438311964561,0.03610744612725272,0.96875
2648,2,0.34375,0.2922644480768105,0.03629794022945445,0.96875
2649,2,0.296875,0.29272550326912944,0.03631322217411178,0.96875
2650,2,0.203125,0.2837654529422165,0.03601434170876722,0.96875
2651,2,0.1875,0.27413890764799487,0.03568881932929128,0.96875
2652,2,0.1875,0.2654750168831954,0.03539200249090257,0.96875
2653,2,0.265625,0.26549001519487586,0.03539251943362377,0.96875
2654,2,0.375,0.27644101367538826,0.03576707714545145,0.96875
2655,2,0.4375,0.29254691230784946,0.03630730393225815,0.96875
2656,2,0.34375,0.2976672210770645,0.03647634969884137,0.96875
2657,2,0.3125,0.2991504989693581,0.03652507371830342,0.96875
2658,2,0.234375,0.2926729490724223,0.036311480770820505,0.96875
2659,2,0.234375,0.2868431541651801,0.03611745376002746,0.96875
2660,2,0.21875,0.28003383874866206,0.03588869535402533,0.96875
2661,2,0.171875,0.26921795487379585,0.03552067532339923,0.96875
2662,2,0.125,0.25479615938641625,0.03502122944918329,0.96875
2663,2,0.234375,0.25275404344777463,0.0349497159669177,0.96875
2664,2,0.3125,0.25872863910299715,0.03515839248727961,0.96875
2665,2,0.34375,0.26723077519269745,0.03545244466911356,0.96875
2666,2,0.21875,0.2623826976734277,0.035285191377888096,0.96875
2667,2,0.328125,0.26895692790608494,0.03551172367264825,0.96875
2668,2,0.328125,0.2748737351154764,0.03571382705521606,0.96875
2669,2,0.5000000119209289,0.29738636279602165,0.036467111345315106,0.96875
2670,2,0.7062500238418579,0.3382727289006053,0.037769561865862604,0.96875
2671,2,0.46875,0.35132045601054473,0.03816690206094636,0.96875
2672,2,0.681249988079071,0.3843134092173973,0.039131377727890986,0.96875
2673,2,0.5625000119209289,0.4021320694877505,0.03962811640241339,0.96875
2674,2,0.296875,0.3916063625389754,0.03933673821898626,0.96875
2675,2,0.234375,0.37588322628507786,0.03889045403711708,0.96875
2676,2,0.21875001192092897,0.360169904848663,0.0384312759301682,0.96875
2677,2,0.234375,0.34759041436379673,0.038054227342680026,0.96875
2678,2,0.21875,0.33470637292741706,0.03765939961278673,0.96875
2679,2,0.15625,0.3168607356346754,0.0370982080191847,0.96875
2680,2,0.109375,0.29611216207120783,0.03642514887409087,0.96875
2681,2,0.1624999761581421,0.28275094347990126,0.03598025018067374,0.96875
2682,2,0.1875,0.2732258491319111,0.03565770952198579,0.96875
2683,2,0.3125,0.27715326421872,0.03579123714343396,0.96875
2684,2,0.21875,0.271312937796848,0.035592401769529804,0.96875
2685,2,0.46249998807907106,0.29043164282507034,0.03623708589896231,0.96875
2686,2,0.556249988079071,0.3170134773504704,0.037103081237468374,0.96875
2687,2,0.4875000238418579,0.3340621319996092,0.037639428477082904,0.96875
2688,2,0.5937500119209289,0.3600309199917412,0.03842715589868481,0.96875
2689,2,0.3125,0.3552778279925671,0.03828563977700078,0.96875
2690,2,0.265625,0.34631254519331034,0.03801545742487287,0.96875
2691,2,0.28125,0.3398062906739793,0.037816727580540235,0.96875
2692,2,0.328125,0.33863816160658144,0.0377808121885074,0.96875
2693,2,0.515625,0.3563368454459233,0.038317274112935784,0.96875
2694,2,0.421875,0.362890660901331,0.038511722752400536,0.96875
2695,2,0.40625,0.3672265948111979,0.038639113763878345,0.96875
2696,2,0.234375,0.3539414353300781,0.038245635083498236,0.96875
2697,2,0.265625,0.3451097917970703,0.03797888785003571,0.96875
2698,2,0.25,0.33559881261736324,0.03768702892019757,0.96875
2699,2,0.265625,0.3286014313556269,0.037469279404822815,0.96875
2700,2,0.34375,0.3301162882200642,0.03751663641242705,0.96875
2701,2,0.421875,0.3392921593980578,0.03780092887932926,0.96875
2702,2,0.484375,0.353800443458252,0.0382414090014027,0.96875
2703,2,0.296875,0.3481078991124268,0.03806990307352674,0.96875
2704,2,0.4375,0.35704710920118415,0.03833845739313524,0.96875
2705,2,0.453125,0.36665489828106573,0.038622374384546104,0.96875
2706,2,0.40625,0.3706144084529591,0.03873795251591153,0.96875
2707,2,0.328125,0.3663654676076632,0.03861389317019514,0.96875
2708,2,0.28125,0.3578539208468969,0.038362487727085386,0.96875
2709,2,0.28125,0.3501935287622072,0.03813293802435863,0.96875
2710,2,0.265625,0.3417366758859865,0.037875922357090225,0.96875
2711,2,0.21875,0.32943800829738784,0.0374954470003916,0.96875
2712,2,0.3125,0.32774420746764904,0.037442428205713287,0.96875
2713,2,0.234375,0.31840728672088414,0.03714749516070546,0.96875
2714,2,0.36874998807907106,0.32344155685670284,0.03730707772309972,0.96875
2715,2,0.390625,0.33015990117103255,0.037517998057512304,0.96875
2716,2,0.524999988079071,0.34964390986183636,0.03811634892560837,0.96875
2717,2,0.28125,0.3428045188756527,0.03790858337417771,0.96875
2718,2,0.21875,0.3303990669880874,0.0375254633195296,0.96875
2719,2,0.265625,0.32392166028927866,0.03732222816401772,0.96875
2720,2,0.265625,0.3180919942603508,0.03713745708418517,0.96875
2721,2,0.296875,0.3159702948343157,0.03706977464139823,0.96875
2722,2,0.28125,0.31249826535088415,0.03695851738578108,0.96875
2723,2,0.40625,0.3218734388157958,0.03725751005633048,0.96875
2724,2,0.3125,0.3209360949342162,0.03722782018976461,0.96875
2725,2,0.28125,0.3169674854407946,0.037101613993810116,0.96875
2726,2,0.3125,0.31652073689671517,0.037087356061849784,0.96875
2727,2,0.484375,0.33330616320704365,0.037615966171600575,0.96875
2728,2,0.28125,0.32810054688633933,0.037453594623737534,0.96875
2729,2,0.2562499761581421,0.32091548981351964,0.03722716702337312,0.96875
2730,2,0.21875,0.31069894083216765,0.03690061694387614,0.96875
2731,2,0.265625,0.3061915467489509,0.036754847537754355,0.96875
2732,2,0.34375001192092897,0.30994739326614873,0.03687638387120521,0.96875
2733,2,0.28125,0.3070776539395339,0.036783586084475184,0.96875
2734,2,0.28125,0.30449488854558054,0.03669970949429076,0.96875
2735,2,0.328125,0.3068578996910225,0.03677646266236324,0.96875
2736,2,0.40625,0.3167971097219202,0.03709617768269569,0.96875
2737,2,0.40625,0.3257423987497282,0.03737957591363764,0.96875
2738,2,0.40625,0.33379315887475536,0.03763108402905064,0.96875
2739,2,0.40625,0.3410388429872798,0.03785454607662612,0.96875
2740,2,0.40625,0.34755995868855183,0.038053304334312144,0.96875
2741,2,0.46875,0.35967896281969663,0.03841671798496372,0.96875
2742,2,0.359375,0.359648566537727,0.03841581622094515,0.96875
2743,2,0.21875001192092897,0.3455587110760472,0.03799254610286098,0.96875
2744,2,0.40625,0.3516278399684425,0.03817615453989007,0.96875
2745,2,0.515625,0.36802755597159825,0.03866253679682982,0.96875
2746,2,0.421875,0.3734123003744384,0.03881911944247163,0.96875
2747,2,0.359375,0.3720085703369946,0.03877844934336327,0.96875
2748,2,0.6250000119209289,0.397307714495388,0.039495301218867684,0.96875
2749,2,0.5,0.4075769430458492,0.03977652046620381,0.96875
2750,2,0.421875,0.40900674874126425,0.03981522832867465,0.96875
2751,2,0.5,0.41810607386713783,0.040059009276687735,0.96875
2752,2,0.46875,0.42317046648042406,0.040192777581405235,0.96875
2753,2,0.524999988079071,0.4333534186402887,0.04045761474357086,0.96875
2754,2,0.28125,0.41814307677625984,0.04005999160881796,0.96875
2755,2,0.25,0.4013287690986339,0.03960608775277045,0.96875
2756,2,0.234375,0.3846333921887705,0.03914044766553323,0.96875
2757,2,0.296875,0.3758575529698934,0.03888971453343296,0.96875
2758,2,0.25,0.3632717976729041,0.038522960733853945,0.96875
2759,2,0.328125,0.3597571179056137,0.038419036380406106,0.96875
2760,2,0.34375,0.35815640611505234,0.03837148814832828,0.96875
2761,2,0.5,0.3723407655035471,0.03878808348035342,0.96875
2762,2,0.359375,0.3710441889531924,0.03875044757967869,0.96875
2763,2,0.328125,0.36675227005787314,0.038625226676901575,0.96875
2764,2,0.40625,0.3707020430520859,0.0387405011266178,0.96875
2765,2,0.46875,0.3805068387468773,0.039023060723314906,0.96875
2766,2,0.46875,0.38933115487218956,0.03927297627332298,0.96875
2767,2,0.375,0.3878980393849706,0.03923267165696785,0.96875
2768,2,0.31250001192092897,0.3803582366385664,0.039018816515579036,0.96875
2769,2,0.171875,0.3595099129747098,0.03841170217505633,0.96875
2770,2,0.140625,0.3376214216772388,0.03774949316345079,0.96875
2771,2,0.3875,0.3426092795095149,0.037902616267104824,0.96875
2772,2,0.37500001192092897,0.34584835275065634,0.038001352740808965,0.96875
2773,2,0.49374998807907106,0.3606385162834978,0.03844515977040113,0.96875
2774,2,0.4250000238418579,0.3670746670393338,0.03863466698773144,0.96875
2775,2,0.36874998807907106,0.36724219914330747,0.03863957041773678,0.96875
2776,2,0.36874998807907106,0.36739297803688387,0.038643982227607156,0.96875
2777,2,0.375,0.36815368023319545,0.03866622201937879,0.96875
2778,2,0.421875,0.3735258122098759,0.03882240361644821,0.96875
2779,2,0.296875,0.3658607309888883,0.03859909216226373,0.96875
2780,2,0.359375,0.3652121578899995,0.03858005336677812,0.96875
2781,2,0.359375,0.3646284421009996,0.03856289932313166,0.96875
2782,2,0.359375,0.3641030978908997,0.03854744519363172,0.96875
2783,2,0.296875,0.3573802881018097,0.03834838508237623,0.96875
2784,2,0.40625,0.36226725929162873,0.03849332485027098,0.96875
2785,2,0.3125,0.35729053336246586,0.038345711250972095,0.96875
2786,2,0.203125,0.34187398002621927,0.0378801252963095,0.96875
2787,2,0.34375,0.3420615820235973,0.037885866272783675,0.96875
2788,2,0.296875,0.3375429238212376,0.03774707291086429,0.96875
2789,2,0.375,0.3412886314391138,0.037862200630959214,0.96875
2790,2,0.40625,0.34778476829520244,0.038060116399681404,0.96875
2791,2,0.25,0.3380062914656822,0.03776135482801993,0.96875
2792,2,0.359375,0.34014316231911396,0.03782707176041613,0.96875
2793,2,0.4375,0.3498788460872026,0.03812344193739592,0.96875
2794,2,0.328125,0.3477034614784823,0.038057652989981844,0.96875
2795,2,0.296875,0.34262061533063404,0.03790296277899036,0.96875
2796,2,0.21875,0.33023355379757063,0.037520297349821874,0.96875
2797,2,0.296875,0.3268976984178136,0.03741587513259039,0.96875
2798,2,0.328125,0.3270204285760322,0.03741972720852063,0.96875
2799,2,0.234375,0.317755885718429,0.03712675063710121,0.96875
2800,2,0.3499999761581421,0.3209802947624003,0.037229221216119955,0.96875
2801,2,0.328125,0.32169476528616026,0.037251854172428954,0.96875
2802,2,0.15625,0.30515028875754424,0.0367210260456499,0.96875
2803,2,0.25,0.29963525988178985,0.03654097353115324,0.96875
2804,2,0.265625,0.29623423389361087,0.03642917252408375,0.96875
2805,2,0.328125,0.29942331050424975,0.03653402320064616,0.96875
2806,2,0.40625,0.3101059794538248,0.03688149976368287,0.96875
2807,2,0.515625,0.33065788150844233,0.03753353853260791,0.96875
2808,2,0.546875,0.3522795933575981,0.03819575626199233,0.96875
2809,2,0.578125,0.3748641340218383,0.03886107272459668,0.96875
2810,2,0.421875,0.3795652206196545,0.03899614734227935,0.96875
2811,2,0.53125,0.39473369855768903,0.03942392920527516,0.96875
2812,2,0.359375,0.39119782870192016,0.03932530957417611,0.96875
2813,2,0.33749998807907106,0.3858280446396352,0.03917426182779228,0.96875
2814,2,0.515625,0.3988077401756717,0.03953673041321123,0.96875
2815,2,0.575,0.41642696615810454,0.04001435647150765,0.96875
2816,2,0.825,0.45728426954229406,0.04105839999336872,0.96875
2817,2,0.328125,0.4443683425880647,0.040737898116070884,0.96875
2818,2,0.28125,0.42805650832925823,0.04032054098227565,0.96875
2819,2,0.1875,0.4040008574963324,0.03967923014476108,0.96875
2820,2,0.21875,0.38547577174669917,0.039164298811281084,0.96875
2821,2,0.328125,0.3797406945720293,0.03900116633718075,0.96875
2822,2,0.25,0.3667666251148264,0.03862564713409764,0.96875
2823,2,0.34375,0.36446496260334377,0.038558091794844845,0.96875
2824,2,0.28125,0.3561434663430094,0.038311502042416956,0.96875
2825,2,0.296875,0.3502166197087085,0.0381336346270915,0.96875
2826,2,0.328125,0.3480074577378376,0.0380668615923176,0.96875
2827,2,0.41875,0.35508171196405386,0.03827977499676185,0.96875
2828,2,0.36874998807907106,0.35644853957555556,0.03832060710909095,0.96875
2829,2,0.390625,0.359866185618,0.038422271227316646,0.96875
2830,2,0.54375,0.37825456705620003,0.038958607376512085,0.96875
2831,2,0.4124999761581421,0.38167910796639426,0.03905650042933292,0.96875
2832,2,0.203125,0.3638236971697549,0.03853922004383129,0.96875
2833,2,0.21875,0.34931632745277935,0.03810645394664236,0.96875
2834,2,0.25,0.33938469470750143,0.037803773413529286,0.96875
2835,2,0.203125,0.3257587252367513,0.03738008937049124,0.96875
2836,2,0.25,0.3181828527130762,0.03714035030210408,0.96875
2837,2,0.34375,0.3207395674417686,0.03722158952690221,0.96875
2838,2,0.31250001192092897,0.31991561188968465,0.03719544530879389,0.96875
2839,2,0.28125,0.3160490507007162,0.037072291102207694,0.96875
2840,2,0.25,0.3094441456306446,0.036860140906247306,0.96875
2841,2,0.296875,0.3081872310675801,0.03681951590530113,0.96875
2842,2,0.40625,0.31799350796082215,0.03713432049119477,0.96875
2843,2,0.575,0.34369415716473994,0.03793574803346927,0.96875
2844,2,0.546875,0.36401224144826594,0.03854477096777585,0.96875
2845,2,0.5,0.3776110173034393,0.038940141150630395,0.96875
2846,2,0.59375,0.39922491557309536,0.03954823099947636,0.96875
2847,2,0.4875000238418579,0.40805242639997164,0.03978940492300168,0.96875
2848,2,0.453125,0.4125596837599745,0.039910941148145196,0.96875
2849,2,0.5812500238418579,0.4294287177681628,0.040356194104761905,0.96875
2850,2,0.609375,0.44742334599134653,0.040814499225012395,0.96875
2851,2,0.5625,0.4589310113922119,0.04109863327667844,0.96875
2852,2,0.515625,0.4646004102529907,0.041236063566380876,0.96875
2853,2,0.546875,0.47282786922769166,0.041432523251957294,0.96875
2854,2,0.53125,0.4786700823049225,0.04156989458695385,0.96875
2855,2,0.390625,0.46986557407443025,0.0413621934313336,0.96875
2856,2,0.359375,0.45881651666698725,0.04109584052926687,0.96875
2857,2,0.375,0.4504348650002885,0.0408895285959012,0.96875
2858,2,0.39999998807907106,0.4453913773081668,0.040763604498287566,0.96875
2859,2,0.33749998807907106,0.4346022383852572,0.04048971485574616,0.96875
2860,2,0.34375,0.42551701454673146,0.040254295136349004,0.96875
2861,2,0.21875,0.4048403130920583,0.03970212958619598,0.96875
2862,2,0.234375,0.3877937817828525,0.03922973525657507,0.96875
2863,2,0.25,0.3740144036045673,0.03883653191333677,0.96875
2864,2,0.328125,0.3694254632441105,0.038703334896772495,0.96875
2865,2,0.34375,0.3668579169196995,0.03862832079905158,0.96875
2866,2,0.3125,0.36142212522772954,0.038468350187480356,0.96875
2867,2,0.328125,0.3580924127049566,0.038369584434999056,0.96875
2868,2,0.453125,0.3675956714344609,0.03864991115594023,0.96875
2869,2,0.631249976158142,0.39396110190682904,0.039402437625228,0.96875
2870,2,0.3125,0.38581499171614614,0.03917389278202307,0.96875
2871,2,0.506249976158142,0.3978584901603457,0.03951052706047139,0.96875
2872,2,0.881249976158142,0.4461976387601253,0.040783824987191214,0.96875
2873,2,0.390625,0.4406403748841128,0.04064375567492182,0.96875
2874,2,0.515625,0.44813883739570154,0.04083236832928217,0.96875
2875,2,0.5500000238418579,0.4583249560403172,0.04108384261736899,0.96875
2876,2,0.390625,0.4515549604362855,0.04091731300880524,0.96875
2877,2,0.3125,0.43764946439265695,0.04056769490196843,0.96875
2878,2,0.49374998807907106,0.4432595167612983,0.040709973623443266,0.96875
2879,2,0.40625,0.43955856508516844,0.04061629919666468,0.96875
2880,2,0.484375,0.44404020857665155,0.04072964120399619,0.96875
2881,2,0.203125,0.4199486877189864,0.040107837277111466,0.96875
2882,2,0.39999998807907106,0.4179538177549949,0.040054966500215894,0.96875
2883,2,0.375,0.4136584359794954,0.0399404041203359,0.96875
2884,2,0.25,0.3972925923815459,0.03949488294895603,0.96875
2885,2,0.234375,0.38100083314339134,0.03903716116565616,0.96875
2886,2,0.375,0.3804007498290522,0.039020030850332885,0.96875
2887,2,0.296875,0.37204817484614694,0.03877959823981837,0.96875
2888,2,0.46875,0.38171835736153226,0.03905761877301152,0.96875
2889,2,0.40625,0.38417152162537904,0.039127354164555934,0.96875
2890,2,0.390625,0.38481686946284116,0.03914564587298175,0.96875
2891,2,0.421875,0.388522682516557,0.03925025247456184,0.96875
2892,2,0.578125,0.4074829142649013,0.03977397108197835,0.96875
2893,2,0.40625,0.4073596228384112,0.03977062758970755,0.96875
2894,2,0.375,0.40412366055457005,0.039682582430730716,0.96875
2895,2,0.34375,0.39808629449911304,0.03951681982536562,0.96875
2896,2,0.359375,0.39421516504920173,0.039409508506129384,0.96875
2897,2,0.484375,0.40323114854428155,0.039658200224477844,0.96875
2898,2,0.375,0.4004080336898534,0.03958079629978152,0.96875
2899,2,0.21875,0.382242230320868,0.0390725377501036,0.96875
2900,2,0.203125,0.36433050728878125,0.03855413673114904,0.96875
2901,2,0.265625,0.35445995655990314,0.038261168157596365,0.96875
2902,2,0.1875,0.3377639609039128,0.03775388711941305,0.96875
2903,2,0.25,0.32898756481352154,0.0374813619414977,0.96875
2904,2,0.3187499761581421,0.3279638059479836,0.037449310426886116,0.96875
2905,2,0.328125,0.3279799253531852,0.037449815510589776,0.96875
2906,2,0.390625,0.3342444328178667,0.0376450819095705,0.96875
2907,2,0.265625,0.32738248953608,0.03743108649073091,0.96875
2908,2,0.1875,0.313394240582472,0.03698728711824659,0.96875
2909,2,0.28125,0.3101798165242248,0.036883881263523405,0.96875
2910,2,0.15625,0.29478683487180235,0.036381416184783626,0.96875
2911,2,0.171875,0.28249565138462207,0.03597166337384979,0.96875
2912,2,0.3875,0.29299608624615986,0.03632218585868873,0.96875
2913,2,0.1875,0.28244647762154385,0.035970009034862825,0.96875
2914,2,0.34375,0.2885768298593895,0.036175330487333186,0.96875
2915,2,0.390625,0.29878164687345055,0.03651296769407527,0.96875
2916,2,0.40625,0.3095284821861055,0.036862863879262124,0.96875
2917,2,0.5,0.32857563396749495,0.037468471899898485,0.96875
2918,2,0.40625,0.3363430705707454,0.03771003875299949,0.96875
2919,2,0.46875,0.3495837635136709,0.0381145325651846,0.96875
2920,2,0.46875001192092897,0.3615003883543967,0.038470664544853025,0.96875
2921,2,0.28125,0.35347534951895704,0.03823166064512485,0.96875
2922,2,0.25,0.3431278145670613,0.0379184598622679,0.96875
2923,2,0.36874998807907106,0.3456900319182623,0.0379965394983577,0.96875
2924,2,0.390625,0.3501835287264361,0.03813263633667889,0.96875
2925,2,0.46875,0.3620401758537925,0.038486618006622876,0.96875
2926,2,0.53125,0.37896115826841326,0.038978857075858624,0.96875
2927,2,0.484375,0.3895025424415719,0.039277788989892266,0.96875
2928,2,0.6750000238418579,0.41805229058160054,0.04005758133855336,0.96875
2929,2,0.296875,0.4059345615234405,0.03973192297322308,0.96875
2930,2,0.34375,0.3997161053710964,0.03956176007121791,0.96875
2931,2,0.3125,0.3909944948339868,0.039319618028460096,0.96875
2932,2,0.234375,0.37533254535058813,0.03887458430824908,0.96875
2933,2,0.421875,0.37998679081552933,0.039008202537258174,0.96875
2934,2,0.3125,0.3732381117339764,0.03881407840477193,0.96875
2935,2,0.4375,0.3796643005605788,0.038998981478998475,0.96875
2936,2,0.28125,0.36982287050452095,0.038714914281213146,0.96875
2937,2,0.328125,0.3656530834540689,0.038592999125563215,0.96875
2938,2,0.3125,0.360337775108662,0.038436250865995655,0.96875
2939,2,0.34375,0.3586789975977958,0.03838702637561123,0.96875
2940,2,0.5000000119209289,0.3728110990301091,0.038801713768822216,0.96875
2941,2,0.6562500119209289,0.40115499031919105,0.03960131773542731,0.96875
2942,2,0.1875,0.37978949128727196,0.039002561753433224,0.96875
2943,2,0.28125001192092897,0.36993554335063766,0.03871819573601058,0.96875
2944,2,0.4250000238418579,0.3754419913997597,0.038877739653361595,0.96875
2945,2,0.421875,0.3800852922597837,0.0390110179109193,0.96875
2946,2,0.4875000238418579,0.3908267654179911,0.039314921428337424,0.96875
2947,2,0.5500000238418579,0.4067440912603778,0.03975392308225209,0.96875
2948,2,1.056249988079071,0.4716946809422471,0.04140567326434804,0.96875
2949,2,0.618749988079071,0.4864002116559295,0.04174895139544815,0.96875
2950,2,0.5625,0.4940101904903365,0.04192223165354766,0.96875
2951,2,0.328125,0.4774216714413029,0.04154068826176033,0.96875
2952,2,0.37500001192092897,0.4671795054892655,0.04129802752775891,0.96875
2953,2,0.28125,0.448586554940339,0.04084353617273964,0.96875
2954,2,0.5,0.4537278994463051,0.04097102553566356,0.96875
2955,2,0.59375,0.4677301095016746,0.04131121116566012,0.96875
2956,2,0.7625,0.49720709855150713,0.04199414459896769,0.96875
2957,2,0.4875000238418579,0.4962363910805422,0.04197236393595575,0.96875
2958,2,0.390625,0.48567525197248795,0.04173228933137269,0.96875
2959,2,0.390625,0.4761702267752392,0.04151133014370212,0.96875
2960,2,0.328125,0.46136570409771527,0.041157857756320075,0.96875
2961,2,0.328125,0.4480416336879437,0.04082994228985479,0.96875
2962,2,0.5,0.45323747031914935,0.04095892437583193,0.96875
2963,2,0.390625,0.4469762232872344,0.04080331882172075,0.96875
2964,2,0.46875,0.449153600958511,0.040857665386661204,0.96875
2965,2,0.265625,0.4308007408626599,0.04039174237605872,0.96875
2966,2,0.1875,0.40647066677639393,0.03974649630272838,0.96875
2967,2,0.140625,0.3798861000987545,0.039005324054280636,0.96875
2968,2,0.171875,0.35908499008887906,0.038399087762681625,0.96875
2969,2,0.125,0.3356764910799912,0.03768943181959247,0.96875
2970,2,0.1937499761581421,0.3214838395878063,0.03724517522595024,0.96875
2971,2,0.2249999761581421,0.3118354532448399,0.03693720804312204,0.96875
2972,2,0.25,0.3056519079203559,0.03673732620650329,0.96875
2973,2,0.203125,0.29539921712832035,0.03640163431496325,0.96875
2974,2,0.2874999761581421,0.2946092930313025,0.03637555102966005,0.96875
2975,2,0.28125,0.29327336372817225,0.03633136751645374,0.96875
2976,2,0.34375001192092897,0.2983210285474479,0.03649784020088565,0.96875
2977,2,0.25,0.29348892569270313,0.03633850289390573,0.96875
2978,2,0.265625,0.2907025331234328,0.03624609077426843,0.96875
2979,2,0.28125,0.28975727981108956,0.036214652998818146,0.96875
2980,2,0.1875,0.27953155182998063,0.03587173075005117,0.96875
2981,2,0.203125,0.27189089664698257,0.035612152228677744,0.96875
2982,2,0.359375,0.28063930698228434,0.03590912843974003,0.96875
2983,2,0.46875001192092897,0.2994503774761488,0.03653491091805345,0.96875
2984,2,0.296875,0.2991928397285339,0.0365264629374229,0.96875
2985,2,0.4250000238418579,0.3117735581398663,0.03693521697320136,0.96875
2986,2,0.43124998807907106,0.3237212011337868,0.037315903803207075,0.96875
2987,2,0.390625,0.33041158102040813,0.03752585384733644,0.96875
2988,2,0.5937500119209289,0.35674542411046023,0.03832946304459895,0.96875
2989,2,0.28125,0.34919588169941423,0.03810281432841917,0.96875
2990,2,0.328125,0.34708879352947286,0.03803901868121311,0.96875
2991,2,0.524999988079071,0.3648799129844327,0.03857029168652483,0.96875
2992,2,0.203125,0.3487044216859894,0.038087955498597954,0.96875
2993,2,0.234375,0.3372714795173905,0.03773870122805029,0.96875
2994,2,0.25,0.32854433156565144,0.0374674920315783,0.96875
2995,2,0.234375,0.3191273984090863,0.03717040238718656,0.96875
2996,2,0.28125001192092897,0.31533965976027056,0.03704961266150968,0.96875
2997,2,0.15625,0.29943069378424353,0.03653426535427175,0.96875
2998,2,0.265625,0.2960501244058192,0.0364231037431542,0.96875
2999,3,0.0,0.2664451119652373,0.03542541635517641,0.671875
3000,3,0.015625,0.24136310076871356,0.03454727880659246,0.671875
3001,3,0.09375,0.2266017906918422,0.034017049585204566,0.671875
3002,3,0.015625,0.20550411162265797,0.03324283921413926,0.671875
3003,3,0.03125,0.18807870046039216,0.03258963984586224,0.671875
3004,3,0.203125,0.18958333041435294,0.032646511301644636,0.671875
3005,3,0.0,0.17062499737291764,0.03192373460751935,0.671875
3006,3,0.03125,0.15668749763562587,0.031384173822682875,0.671875
3007,3,0.15625,0.15664374787206328,0.031382469760051254,0.671875
3008,3,0.0625,0.14722937308485695,0.031014326529312998,0.671875
3009,3,0.0,0.13250643577637125,0.030433060108927115,0.6875
3010,3,0.078125,0.1270682921987341,0.030216752243915974,0.6875
3011,3,0.15625,0.12998646297886068,0.030332929431769386,0.6875
3012,3,0.109375,0.12792531668097462,0.030250896497375834,0.6875
3013,3,0.125,0.12763278501287717,0.03023924419609135,0.6875
3014,3,0.203125,0.13518200651158946,0.0305391734929741,0.6875
3015,3,0.1875,0.1404138058604305,0.030746058563710422,0.6875
3016,3,0.296875,0.15605992527438745,0.03135972367856938,0.6875
3017,3,0.28125,0.16857893274694868,0.0318449467743001,0.6875
3018,3,0.078125,0.15953353947225382,0.03149489075320179,0.6875
3019,3,0.046875,0.14826768552502845,0.031055068680951536,0.6875
3020,3,0.046875,0.13812841697252562,0.030655785907170465,0.6875
3021,3,0.125,0.13681557527527305,0.03060385821909886,0.6875
3022,3,0.0,0.12313401774774575,0.03005974952411853,0.71875
3023,3,0.0,0.11082061597297117,0.029565724275895502,0.8125
3024,3,0.15625,0.11536355437567405,0.029748443798252696,0.8125
3025,3,0.15625,0.11945219893810666,0.029912443209471264,0.8125
3026,3,0.234375,0.13094447904429599,0.03037101735546667,0.8125
3027,3,0.21875,0.1397250311398664,0.030718868548572788,0.8125
3028,3,0.25,0.15075252802587977,0.031152431973385387,0.8125
3029,3,0.296875,0.1653647752232918,0.03172088235530981,0.8125
3030,3,0.15625,0.16445329770096262,0.031685634535696915,0.8125
3031,3,0.28125,0.17613296793086636,0.03213508732793312,0.8125
3032,3,0.203125,0.17883217113777972,0.032238259964558265,0.8125
3033,3,0.25,0.18594895402400174,0.0325089924441885,0.8125
3034,3,0.28125,0.19547905862160156,0.03286851108076533,0.8125
3035,3,0.140625,0.1899936527594414,0.032662005409879756,0.8125
3036,3,0.15625,0.18661928748349726,0.032534394688213585,0.8125
3037,3,0.203125,0.18826985873514757,0.03259686999309217,0.8125
3038,3,0.28125,0.1975678728616328,0.03294683715187193,0.8125
3039,3,0.3125,0.2090610855754695,0.033374675461972696,0.8125
3040,3,0.234375,0.21159247701792255,0.03346818142362726,0.8125
3041,3,0.203125,0.21074572931613028,0.03343693337667089,0.8125
3042,3,0.25,0.21467115638451725,0.033581543546496055,0.8125
3043,3,0.265625,0.21976654074606553,0.03376828644584064,0.8125
3044,3,0.15625,0.21341488667145897,0.033535333519569964,0.8125
3045,3,0.3125,0.22332339800431308,0.03389798688886214,0.8125
3046,3,0.1875,0.21974105820388176,0.03376735527073932,0.8125
3047,3,0.140625,0.2118294523834936,0.0334769213257273,0.8125
3048,3,0.234375,0.21408400714514425,0.03355995437417522,0.8125
3049,3,0.15625,0.20830060643062984,0.03334653265358539,0.8125
3050,3,0.171875,0.20465804578756686,0.03321140423898313,0.8125
3051,3,0.03125,0.18731724120881016,0.03256082542808125,0.8125
3052,3,0.109375,0.17952301708792914,0.03226462340660415,0.8125
3053,3,0.125,0.1740707153791362,0.032056082161188854,0.8125
3054,3,0.125,0.16916364384122257,0.0318674773416537,0.8125
3055,3,0.125,0.16474727945710033,0.03169700626384965,0.8125
3056,3,0.234375,0.1717100515113903,0.031965456559390204,0.8125
3057,3,0.078125,0.16235154636025126,0.03160424855415677,0.8125
3058,3,0.125,0.15861639172422615,0.03145924137438908,0.8125
3059,3,0.03125,0.14587975255180352,0.030961318321170536,0.8125
3060,3,0.046875,0.13597927729662318,0.030570752978604246,0.8125
3061,3,0.125,0.13488134956696085,0.03052725979118442,0.8125
3062,3,0.15625,0.13701821461026475,0.030611876682119562,0.8125
3063,3,0.328125,0.15612889314923828,0.031362411296050954,0.8125
3064,3,0.1875,0.15926600383431444,0.03148449460587097,0.8125
3065,3,0.375,0.180839403450883,0.03231480929815521,0.8125
3066,3,0.21875,0.18463046310579473,0.032458978596673974,0.8125
3067,3,0.28125,0.19429241679521525,0.032823937924441327,0.8125
3068,3,0.171875,0.19205067511569374,0.032739582176929814,0.8125
3069,3,0.15625,0.18847060760412437,0.032604461376807704,0.8125
3070,3,0.171875,0.18681104684371194,0.03254165825345889,0.8125
3071,3,0.15625,0.18375494215934074,0.03242573149284322,0.8125
3072,3,0.25,0.19037944794340667,0.032676567429671184,0.8125
3073,3,0.109375,0.182279003149066,0.0323696188461311,0.8125
3074,3,0.109375,0.1749886028341594,0.032091265582774274,0.8125
3075,3,0.203125,0.17780224255074345,0.0321989241249763,0.8125
3076,3,0.125,0.1725220182956691,0.03199665041694321,0.8125
3077,3,0.1875,0.17401981646610218,0.03205413027109083,0.8125
3078,3,0.0,0.15661783481949196,0.031381460411201885,0.8125
3079,3,0.171875,0.15814355133754276,0.03144085113437399,0.8125
3080,3,0.171875,0.1595166962037885,0.03149423631289632,0.8125
3081,3,0.09375,0.15294002658340966,0.031237980470153873,0.8125
3082,3,0.1875,0.15639602392506868,0.031372819663159364,0.8125
3083,3,0.1875,0.1595064215325618,0.031493837088842055,0.8125
3084,3,0.15625,0.15918077937930564,0.03148118236990413,0.8125
3085,3,0.0625,0.14951270144137507,0.031103876605322683,0.8125
3086,3,0.078125,0.14237393129723758,0.030823357618523062,0.8125
3087,3,0.0625,0.13438653816751384,0.03050764686366287,0.8125
3088,3,0.046875,0.12563538435076246,0.03015961911213544,0.8125
3089,3,0.09375,0.12244684591568622,0.03003228383212261,0.8125
3090,3,0.125,0.1227021613241176,0.030042490060853046,0.8125
3091,3,0.265625,0.13699444519170584,0.030610936186256467,0.8125
3092,3,0.140625,0.13735750067253524,0.03062529955009856,0.8125
3093,3,0.15625,0.13924675060528172,0.03069997957817456,0.8125
3094,3,0.125,0.13782207554475356,0.03064367356456263,0.8125
3095,3,0.21875,0.1459148679902782,0.030962698251285087,0.8125
3096,3,0.203125,0.15163588119125038,0.03118699666993638,0.8125
3097,3,0.171875,0.15365979307212535,0.03126609512213477,0.8125
3098,3,0.1875,0.1570438137649128,0.03139805004760175,0.8125
3099,3,0.015625,0.14290193238842153,0.030844159707498733,0.8125
3100,3,0.0625,0.13486173914957938,0.03052648262551343,0.8125
3101,3,0.03125,0.12450056523462145,0.03011433141024546,0.8125
3102,3,0.125,0.1245505087111593,0.03011632526508829,0.8125
3103,3,0.0625,0.11834545784004338,0.029868093504974824,0.8125
3104,3,0.21875,0.12838591205603905,0.030269238377292063,0.8125
3105,3,0.28125,0.14367232085043513,0.030874495971023402,0.8125
3106,3,0.3125,0.16055508876539162,0.031534564877767436,0.8125
3107,3,0.265625,0.17106207988885244,0.03194054612394306,0.8125
3108,3,0.125,0.1664558718999672,0.03176303838664037,0.8125
3109,3,0.15625,0.1654352847099705,0.03172360783568309,0.8125
3110,3,0.234375,0.17232925623897344,0.031989247086084714,0.8125
3111,3,0.15625,0.1707213306150761,0.031927440458948485,0.8125
3112,3,0.171875,0.1708366975535685,0.03193187808531026,0.8125
3113,3,0.078125,0.16156552779821165,0.03157377278895944,0.8125
3114,3,0.15625,0.16103397501839048,0.031553151343456605,0.8125
3115,3,0.140625,0.15899307751655145,0.03147388650433891,0.8125
3116,3,0.21875,0.16496876976489633,0.031705571924804346,0.8125
3117,3,0.203125,0.16878439278840668,0.031852865101301246,0.8125
3118,3,0.34375,0.186280953509566,0.03252157567813721,0.8125
3119,3,0.265625,0.19421535815860938,0.03282104150269739,0.8125
3120,3,0.203125,0.19510632234274844,0.03285451616092996,0.8125
3121,3,0.1875,0.19434569010847358,0.032825940185328376,0.8125
3122,3,0.171875,0.1920986210976262,0.03274138841358199,0.8125
3123,3,0.3875,0.2116387589878636,0.033469888535465106,0.8125
3124,3,0.234375,0.21391238308907726,0.03355364111225136,0.8125
3125,3,0.15625,0.20814614478016955,0.0333408136274192,0.8125
3126,3,0.203125,0.20764403030215262,0.033322215781835786,0.8125
3127,3,0.265625,0.21344212727193734,0.03353633622704672,0.8125
3128,3,0.109375,0.2030354145447436,0.03315103508785801,0.8125
3129,3,0.109375,0.19366937309026924,0.03280051276586667,0.8125
3130,3,0.109375,0.18523993578124232,0.0324821056849317,0.8125
3131,3,0.15625,0.18234094220311808,0.032371975302370064,0.8125
3132,3,0.234375,0.18754434798280628,0.03256942170558276,0.8125
3133,3,0.109375,0.17972741318452565,0.03227242000829886,0.8125
3134,3,0.21875,0.1836296718660731,0.03242097210823333,0.8125
3135,3,0.203125,0.18557920467946581,0.03249497351540743,0.8125
3136,3,0.390625,0.20608378421151924,0.0332643596764315,0.8125
3137,3,0.25,0.2104754057903673,0.03342695118783041,0.8125
3138,3,0.1875,0.20817786521133055,0.03334198817372415,0.8125
3139,3,0.234375,0.2107975786901975,0.03343884766248547,0.8125
3140,3,0.109375,0.20065532082117774,0.033062292335191354,0.8125
3141,3,0.0,0.18058978873905995,0.03230529792749201,0.8125
3142,3,0.046875,0.16721830986515399,0.03179247164055233,0.8125
3143,3,0.171875,0.1676839788786386,0.03181043839828201,0.8125
3144,3,0.21875,0.17279058099077474,0.032006962771325934,0.8125
3145,3,0.109375,0.16644902289169725,0.031762773894789306,0.8125
3146,3,0.140625,0.16386662060252752,0.031662931935544134,0.8125
3147,3,0.125,0.15997995854227476,0.031512232754701865,0.8125
3148,3,0.203125,0.16429446268804726,0.0316794892793345,0.8125
3149,3,0.171875,0.16505251641924254,0.03170881020462942,0.8125
3150,3,0.24374998807907106,0.1729222635852254,0.03201201821571977,0.8125
3151,3,0.39999998807907106,0.19563003603460993,0.03287417818836365,0.8125
3152,3,0.21875,0.19794203243114894,0.03296084908741217,0.8125
3153,3,0.140625,0.19221032918803405,0.03274559637039016,0.8125
3154,3,0.109375,0.18392679626923064,0.03243225977241756,0.8125
3155,3,0.1875,0.18428411664230757,0.03244582986140881,0.8125
3156,3,0.234375,0.1892932049780768,0.032635552014035424,0.8125
3157,3,0.203125,0.19067638448026913,0.03268777152335681,0.8125
3158,3,0.109375,0.1825462460322422,0.032379785010550305,0.8125
3159,3,0.140625,0.178354121429018,0.0322200067648529,0.8125
3160,3,0.0625,0.1667687092861162,0.03177511765475842,0.8125
3161,3,0.0625,0.1563418383575046,0.031370708591202216,0.8125
3162,3,0.109375,0.15164515452175412,0.031187359392443367,0.8125
3163,3,0.265625,0.1630431390695787,0.031631045773776484,0.8125
3164,3,0.3125,0.17798882516262085,0.032206053125054965,0.8125
3165,3,0.203125,0.18050244264635878,0.032301969127510176,0.8125
3166,3,0.4562500238418579,0.20807720076590872,0.033338260620828224,0.8125
3167,3,0.34375,0.22164448068931783,0.03383683304766502,0.8125
3168,3,0.25,0.22448003262038604,0.03394004604926033,0.8125
3169,3,0.15625,0.21765702935834744,0.03369110763473609,0.8125
3170,3,0.1875,0.21464132642251268,0.03358044706367439,0.8125
3171,3,0.0625,0.1994271937802614,0.033016412083120526,0.8125
3172,3,0.140625,0.19354697440223528,0.032795909041915,0.8125
3173,3,0.1875,0.19294227696201174,0.032773156252995865,0.8125
3174,3,0.0,0.17364804926581057,0.032039870774283934,0.84375
3175,3,0.140625,0.17034574433922953,0.03191299013762201,0.84375
3176,3,0.109375,0.16424866990530657,0.031677717415354516,0.84375
3177,3,0.046875,0.15251130291477594,0.03122122617746927,0.84375
3178,3,0.078125,0.14507267262329834,0.030929591930660107,0.84375
3179,3,0.171875,0.1477529053609685,0.03103487357089992,0.84375
3180,3,0.234375,0.15641511482487164,0.031373563422253246,0.84375
3181,3,0.203125,0.1610861033423845,0.031555174071690985,0.84375
3182,3,0.140625,0.15903999300814606,0.03147571019390123,0.84375
3183,3,0.125,0.15563599370733144,0.031343199987557684,0.84375
3184,3,0.203125,0.1603848943365983,0.031527957446429354,0.84375
3185,3,0.203125,0.1646589049029385,0.03169358809520184,0.84375
3186,3,0.234375,0.17163051441264465,0.03196239966392025,0.84375
3187,3,0.25,0.1794674629713802,0.032262504051718245,0.84375
3188,3,0.25,0.18652071667424217,0.03253066042492706,0.84375
3189,3,0.359375,0.20380614500681793,0.03317972303642875,0.84375
3190,3,0.3125,0.21467553050613614,0.033581704326297444,0.84375
3191,3,0.15625,0.20883297745552254,0.033366236443035,0.84375
3192,3,0.265625,0.21451217970997027,0.03357569948711681,0.84375
3193,3,0.171875,0.21024846173897324,0.03341856852351754,0.84375
3194,3,0.21875,0.21109861556507592,0.033449959777047115,0.84375
3195,3,0.203125,0.2103012540085683,0.033420518709673094,0.84375
3196,3,0.09375,0.19864612860771147,0.032987201756640314,0.84375
3197,3,0.140625,0.19284401574694032,0.03276945765640336,0.84375
3198,3,0.140625,0.1876221141722463,0.03257236480110617,0.84375
3199,3,0.109375,0.17979740275502168,0.03227508937548485,0.84375
3200,3,0.203125,0.18213016247951952,0.03236395565272392,0.84375
3201,3,0.265625,0.19047964623156757,0.03268034852083306,0.84375
3202,3,0.203125,0.19174418160841084,0.03272803374271177,0.84375
3203,3,0.28125,0.20069476344756973,0.03306376482722476,0.84375
3204,3,0.375,0.21812528710281276,0.03370825571722744,0.84375
3205,3,0.3125,0.22756275839253148,0.03405186086164293,0.84375
3206,3,0.421875,0.24699398255327834,0.03474696017444573,0.84375
3207,3,0.359375,0.2582320842979505,0.035141112960201455,0.84375
3208,3,0.296875,0.2620963758681555,0.035275278597192046,0.84375
3209,3,0.109375,0.24682423828133992,0.03474096191864156,0.84375
3210,3,0.125,0.23464181445320592,0.03430705081853041,0.84375
3211,3,0.109375,0.22211513300788532,0.03385398859667689,0.84375
3212,3,0.234375,0.2233411197070968,0.033898631746290826,0.84375
3213,3,0.109375,0.21194450773638712,0.03348116384485946,0.84375
3214,3,0.078125,0.1985625569627484,0.03298407489803061,0.84375
3215,3,0.1875,0.19745630126647357,0.03294265782135088,0.84375
3216,3,0.203125,0.1980231711398262,0.03296388692442243,0.84375
3217,3,0.171875,0.19540835402584358,0.03286585679528403,0.84375
3218,3,0.15625,0.19149251862325922,0.032718548551996934,0.84375
3219,3,0.125,0.18484326676093332,0.03246705525255352,0.84375
3220,3,0.109375,0.17729644008484,0.03217959186487304,0.84375
3221,3,0.046875,0.164254296076356,0.03167793511315548,0.84375
3222,3,0.0,0.1478288664687204,0.031037854093907004,0.84375
3223,3,0.09375,0.14242097982184837,0.030825211574131026,0.84375
3224,3,0.171875,0.14536638183966352,0.030941140017374608,0.84375
3225,3,0.1875,0.14957974365569715,0.031106503438409712,0.84375
3226,3,0.15625,0.15024676929012745,0.031132630869261654,0.84375
3227,3,0.21875,0.15709709236111472,0.03140012454451443,0.84375
3228,3,0.21875,0.16326238312500324,0.031639537430719455,0.84375
3229,3,0.0625,0.15318614481250292,0.031247595941592744,0.84375
3230,3,0.09375,0.14724253033125262,0.031014843016818495,0.84375
3231,3,0.15625,0.14814327729812737,0.03105018884552896,0.84375
3232,3,0.28125,0.16145394956831463,0.03156944493754478,0.84375
3233,3,0.234375,0.16874605461148318,0.03185138767993875,0.84375
3234,3,0.203125,0.17218394915033486,0.03198366545889196,0.84375
3235,3,0.328125,0.18777805423530136,0.03257826572481761,0.84375
3236,3,0.328125,0.20181274881177122,0.03310547601893981,0.84375
3237,3,0.359375,0.21756897393059407,0.033687881913875,0.84375
3238,3,0.359375,0.23174957653753464,0.034203057029393184,0.84375
3239,3,0.328125,0.24138711888378117,0.0345481335973871,0.84375
3240,3,0.34375,0.2516234069954031,0.03491003836778031,0.84375
3241,3,0.25,0.2514610662958628,0.034904336446894724,0.84375
3242,3,0.3125,0.2575649596662765,0.03511787953432686,0.84375
3243,3,0.27499998807907106,0.25930846250755596,0.0351785549602567,0.84375
3244,3,0.21875,0.25525261625680035,0.03503718763595749,0.84375
3245,3,0.171875,0.2469148546311203,0.034744164194503956,0.84375
3246,3,0.33749998807907106,0.25597336797591536,0.035062365986945836,0.84375
3247,3,0.3125,0.26162603117832384,0.0352589862976537,0.84375
3248,3,0.265625,0.26202592806049146,0.03527283901913164,0.84375
3249,3,0.21875,0.2576983352544423,0.03512252617524168,0.84375
3250,3,0.171875,0.24911600172899806,0.03482183417338427,0.84375
3251,3,0.1875,0.24295440155609824,0.03460385570913786,0.84375
3252,3,0.140625,0.2327214614004884,0.03423804367187015,0.84375
3253,3,0.125,0.2219493152604396,0.03384794553051865,0.84375
3254,3,0.09375,0.20912938373439563,0.033377201781964856,0.84375
3255,3,0.015625,0.18977894536095608,0.03265389869171881,0.84375
3256,3,0.0625,0.17705105082486047,0.0321702094753837,0.84375
3257,3,0.15625,0.17497094574237443,0.03209058905866004,0.84375
3258,3,0.109375,0.168411351168137,0.03183848716466022,0.84375
3259,3,0.296875,0.1812577160513233,0.03233074357573038,0.84375
3260,3,0.25,0.18813194444619097,0.032591653824756754,0.84375
3261,3,0.3312500238418579,0.20244375238575765,0.03312899606345539,0.84375
3262,3,0.3625000238418579,0.21844937953136767,0.03372011885960869,0.84375
3263,3,0.328125,0.2294169415782309,0.034118914939630644,0.84375
3264,3,0.4250000238418579,0.2489752498045936,0.03481687426061748,0.84375
3265,3,0.6250000119209289,0.2865777260162271,0.03610857959725479,0.84375
3266,3,0.28125,0.2860449534146044,0.03609075667319455,0.84375
3267,3,0.484375,0.30587795807314394,0.036744667546635655,0.84375
3268,3,0.5687500059604644,0.332165162861876,0.03758049746788468,0.84375
3269,3,0.484375,0.34738614657568834,0.038048035741480024,0.84375
3270,3,0.46875,0.3595225319181195,0.03841207663902415,0.84375
3271,3,0.390625,0.36263277872630756,0.03850411460725433,0.84375
3272,3,0.25,0.3513695008536768,0.03816837868100209,0.84375
3273,3,0.28125,0.34435755076830915,0.037955977317227114,0.84375
3274,3,0.171875,0.3271092956914783,0.037422515951837924,0.84375
3275,3,0.140625,0.3084608661223304,0.036828366984950754,0.84375
3276,3,0.0625,0.28386477951009736,0.03601767674753102,0.84375
3277,3,0.234375,0.27891580155908763,0.03585091709482467,0.84375
3278,3,0.43750001192092897,0.29477422259527175,0.03638099958606509,0.84375
3279,3,0.1875,0.2840468003357446,0.03602378710730719,0.84375
3280,3,0.140625,0.26970462030217013,0.035537356260590354,0.84375
3281,3,0.171875,0.2599216582719531,0.03519986065052163,0.84375
3282,3,0.171875,0.2511169924447578,0.03489224743976827,0.84375
3283,3,0.171875,0.24319279320028203,0.03461232154667533,0.84375
3284,3,0.203125,0.23918601388025384,0.03446968918737505,0.84375
3285,3,0.203125,0.23557991249222848,0.034340701344512135,0.84375
3286,3,0.265625,0.23858442124300563,0.03444821119934715,0.84375
3287,3,0.556249988079071,0.27035097792661217,0.03555949317584619,0.84375
3288,3,0.28125,0.27144088013395096,0.035596775305096015,0.84375
3289,3,0.45,0.28929679212055587,0.03619932172441805,0.84375
3290,3,0.265625,0.2869296129085003,0.03612034361522552,0.84375
3291,3,0.25,0.2832366516176502,0.035996578221745096,0.84375
3292,3,0.3125,0.2861629864558852,0.036094706462458624,0.84375
3293,3,0.359375,0.2934841878102967,0.036338346088908534,0.84375
3294,3,0.453125,0.30944826902926703,0.03686027404679699,0.84375
3295,3,0.59375,0.33787844212634033,0.03775741538000132,0.84375
3296,3,0.546875,0.3587780979137063,0.038389971294093606,0.84375
3297,3,0.609375,0.38383778812233565,0.03911788610994394,0.84375
3298,3,0.546875,0.4001415093101021,0.039573466751001714,0.84375
3299,3,0.5375000059604644,0.4138773589751384,0.039946266830224425,0.84375
3300,3,0.4375,0.4162396230776246,0.04000936510194226,0.84375
3301,3,0.234375,0.39805316076986214,0.039515904726487236,0.84375
3302,3,0.28125,0.3863728446928759,0.03918965685931764,0.84375
3303,3,0.1875,0.3664855602235883,0.03861741279647408,0.84375
3304,3,0.09375,0.3392120042012295,0.037798464546475875,0.84375
3305,3,0.0,0.30529080378110657,0.03672559338349925,0.84375
3306,3,0.046875,0.27944922340299594,0.03586894895093333,0.84375
3307,3,0.078125,0.25931680106269633,0.035178844805136146,0.84375
3308,3,0.203125,0.25369762095642673,0.03498278355928818,0.84375
3309,3,0.3125,0.25957785886078405,0.035187917411829236,0.84375
3310,3,0.296875,0.26330757297470564,0.03531718499522223,0.84375
3311,3,0.21875,0.2588518156772351,0.035162677090226,0.84375
3312,3,0.0625,0.23921663410951158,0.03447078195117128,0.84375
3313,3,0.140625,0.22935747069856044,0.034116766593832545,0.84375
3314,3,0.125,0.21892172362870438,0.033737400630069476,0.84375
3315,3,0.1875,0.21577955126583392,0.033622259108387606,0.84375
3316,3,0.234375,0.21763909613925053,0.033690450716582485,0.84375
3317,3,0.171875,0.21306268652532548,0.03352236648000092,0.84375
3318,3,0.296875,0.22144391787279294,0.03382951952469821,0.84375
3319,3,0.125,0.21179952608551367,0.033475817741299076,0.84375
3320,3,0.125,0.2031195734769623,0.03315416880225575,0.84375
3321,3,0.21875,0.20468261612926608,0.03321231754371234,0.84375
3322,3,0.265625,0.21077685451633946,0.0334380825366158,0.84375
3323,3,0.3125,0.22094916906470552,0.03381147112711188,0.84375
3324,3,0.265625,0.22541675215823495,0.033974065891576796,0.84375
3325,3,0.390625,0.24193757694241147,0.03456771691386654,0.84375
3326,3,0.48125,0.2658688192481703,0.0354055720066618,0.84375
3327,3,0.649999988079071,0.30428193613126037,0.03669277863333765,0.84375
3328,3,0.618749988079071,0.3357287413260414,0.0376910479469119,0.84375
3329,3,0.28125,0.3302808671934373,0.03752177423325439,0.84375
3330,3,0.171875,0.31444028047409356,0.03702082332817456,0.84375
3331,3,0.21875,0.30487125242668417,0.03671195320062704,0.84375
3332,3,0.203125,0.2946966271840158,0.03637843634054099,0.84375
3333,3,0.125,0.27772696446561423,0.03581067943325301,0.84375
3334,3,0.296875,0.2796417680190528,0.03587545433039687,0.84375
3335,3,0.46875,0.29855259121714756,0.0365054464509054,0.84375
3336,3,0.390625,0.3077598320954328,0.03680568349504275,0.84375
3337,3,0.34375,0.3113588488858895,0.03692187135841684,0.84375
3338,3,0.54375,0.3345979639973006,0.037656040510624614,0.84375
3339,3,0.296875,0.3308256675975705,0.03753877172266563,0.84375
3340,3,0.328125,0.33055560083781343,0.037530347713895316,0.84375
3341,3,0.359375,0.3334375407540321,0.037620045759059056,0.84375
3342,3,0.25,0.32509378667862887,0.037359166315266715,0.84375
3343,3,0.34375,0.326959408010766,0.03741781208149772,0.84375
3344,3,0.171875,0.31145096720968946,0.03692483654672157,0.84375
3345,3,0.3125,0.3115558704887205,0.03692821273992179,0.84375
3346,3,0.140625,0.29446278343984844,0.036370709845834695,0.84375
3347,3,0.140625,0.2790790050958636,0.03585643552545189,0.84375
3348,3,0.1875,0.2699211045862772,0.03554477280938911,0.84375
3349,3,0.046875,0.24761649412764952,0.034768946547732646,0.84375
3350,3,0.09375,0.23222984471488456,0.03422035130926334,0.84375
3351,3,0.1875,0.2277568602433961,0.03405888735114417,0.84375
3352,3,0.25,0.22998117421905648,0.03413928973517919,0.84375
3353,3,0.25,0.23198305679715084,0.03421146584160265,0.84375
3354,3,0.328125,0.24159725111743574,0.03455561096699754,0.84375
3355,3,0.390625,0.25650002600569216,0.03508074858815808,0.84375
3356,3,0.28125,0.25897502340512296,0.0351669620614857,0.84375
3357,3,0.390625,0.27214002106461066,0.035620660523498965,0.84375
3358,3,0.46875,0.2918010189581496,0.03628256890003383,0.84375
3359,3,0.390625,0.30168341706233465,0.036608020671049867,0.84375
3360,3,0.46875,0.3183900753561012,0.03714694732868321,0.84375
3361,3,0.296875,0.3162385678204911,0.03707834537420334,0.84375
3362,3,0.712499988079071,0.3558647098463491,0.03830317810051817,0.84375
3363,3,0.837499988079071,0.40402823766962126,0.03967997764033873,0.84375
3364,3,0.6875000119209289,0.43237541509475197,0.04043241802842426,0.84375
3365,3,0.453125,0.4344503735852768,0.04048581568526913,0.84375
3366,3,0.375,0.4285053362267491,0.04033221356326041,0.84375
3367,3,0.6375,0.44940480260407417,0.04086391922337265,0.84375
3368,3,0.40625,0.4450893223436667,0.040756020335199455,0.84375
3369,3,0.3125,0.4318303901093001,0.04041835429799975,0.84375
3370,3,0.265625,0.41520985109837005,0.03998189553160606,0.84375
3371,3,0.234375,0.39712636598853307,0.039490284406466694,0.84375
3372,3,0.140625,0.3714762293896797,0.038762998427410135,0.84375
3373,3,0.234375,0.3577661064507118,0.03835987390906928,0.84375
3374,3,0.21875,0.3438644958056406,0.03794094448841494,0.84375
3375,3,0.15625,0.3251030462250766,0.03735945783505215,0.84375
3376,3,0.125,0.30509274160256894,0.03671915522802116,0.84375
3377,3,0.171875,0.291770967442312,0.03628157176090943,0.84375
3378,3,0.140625,0.2766563706980808,0.03577438480283828,0.84375
3379,3,0.234375,0.27242823362827273,0.03563050004332667,0.84375
3380,3,0.1875,0.2639354102654455,0.03533888019203372,0.84375
3381,3,0.203125,0.2578543692389009,0.03512796114512592,0.84375
3382,3,0.25,0.2570689323150108,0.035100591218064685,0.84375
3383,3,0.234375,0.2547995390835097,0.03502134764254767,0.84375
3384,3,0.234375,0.2527570851751587,0.03494982263058196,0.84375
3385,3,0.171875,0.24466887665764284,0.03466468303751565,0.84375
3386,3,0.09375,0.22957698899187856,0.034124695773922145,0.84375
3387,3,0.0,0.2066192900926907,0.033284228230211564,0.875
3388,3,0.203125,0.20626986108342166,0.033271264905710855,0.875
3389,3,0.15625,0.2012678749750795,0.033085153466101885,0.875
3390,3,0.1875,0.19989108747757153,0.0330337492763949,0.875
3391,3,0.171875,0.1970894787298144,0.0329289136342845,0.875
3392,3,0.3125,0.20863053085683295,0.03335874499111158,0.875
3393,3,0.234375,0.21120497777114966,0.033453885003396404,0.875
3394,3,0.203125,0.21039697999403467,0.033424054604763706,0.875
3395,3,0.21875,0.2112322819946312,0.033454892571673826,0.875
3396,3,0.15625,0.2057340537951681,0.03325137750652018,0.875
3397,3,0.203125,0.20547314841565129,0.03324168931271411,0.875
3398,3,0.09375,0.19430083357408615,0.03282425427385604,0.875
3399,3,0.109375,0.18580825021667752,0.03250365831523883,0.875
3400,3,0.171875,0.18441492519500977,0.03245079642345962,0.875
3401,3,0.078125,0.1737859326755088,0.032045160009216006,0.875
3402,3,0.109375,0.1673448394079579,0.031797354239779585,0.875
3403,3,0.078125,0.15842285546716212,0.031451715048752577,0.875
3404,3,0.078125,0.1503930699204459,0.031138359569821385,0.875
3405,3,0.15625,0.15097876292840132,0.03116128670302298,0.875
3406,3,0.078125,0.1436933866355612,0.03087532524029604,0.875
3407,3,0.171875,0.14651154797200508,0.0309861400678013,0.875
3408,3,0.0625,0.13811039317480459,0.030655073347002845,0.875
3409,3,0.09375,0.13367435385732412,0.03047940538044738,0.875
3410,3,0.125,0.1328069184715917,0.030444987609361582,0.875
3411,3,0.046875,0.12421372662443253,0.030102878859732864,0.875
3412,3,0.078125,0.11960485396198928,0.0299185579372324,0.875
3413,3,0.15625,0.12326936856579035,0.03006515788617909,0.875
3414,3,0.171875,0.12812993170921133,0.030259045431017675,0.875
3415,3,0.3125,0.1465669385382902,0.03098831563606512,0.875
3416,3,0.203125,0.15222274468446118,0.03120994611930479,0.875
3417,3,0.265625,0.16356297021601504,0.03165117694868017,0.875
3418,3,0.21875,0.16908167319441356,0.03186431950752871,0.875
3419,3,0.328125,0.1849860058749722,0.032472471751159485,0.875
3420,3,0.34375,0.20086240528747495,0.033070022620173826,0.875
3421,3,0.3125,0.21202616475872746,0.03348417450836593,0.875
3422,3,0.296875,0.22051104828285473,0.03379547975400981,0.875
3423,3,0.203125,0.21877244345456925,0.03373193990625067,0.875
3424,3,0.25,0.22189519910911232,0.03384597306422904,0.875
3425,3,0.265625,0.22626817919820108,0.034004955016086545,0.875
3426,3,0.140625,0.21770386127838098,0.03369282308714825,0.875
3427,3,0.265625,0.22249597515054287,0.03386786353826117,0.875
3428,3,0.140625,0.2143088776354886,0.033568224456643155,0.875
3429,3,0.15625,0.20850298987193974,0.033354024522140195,0.875
3430,3,0.234375,0.21109019088474576,0.033449648849725115,0.875
3431,3,0.25,0.2149811717962712,0.03359293680487179,0.875
3432,3,0.1875,0.21223305461664407,0.0334918012140866,0.875
3433,3,0.1875,0.20975974915497966,0.03340050962877212,0.875
3434,3,0.203125,0.20909627423948168,0.03337597709982579,0.875
3435,3,0.203125,0.2084991468155335,0.033353882274875644,0.875
3436,3,0.21875,0.20952423213398016,0.03339180327816505,0.875
3437,3,0.21875,0.21044680892058215,0.03342589501888836,0.875
3438,3,0.21875,0.21127712802852394,0.03345654739271397,0.875
3439,3,0.3125,0.22139941522567155,0.033827896501544066,0.875
3440,3,0.171875,0.2164469737031044,0.03364675107550979,0.875
3441,3,0.09375,0.20417727633279395,0.03319352860549045,0.875
3442,3,0.203125,0.20407204869951456,0.03318961485202302,0.875
3443,3,0.21875,0.2055398438295631,0.03324416617648306,0.875
3444,3,0.3499999761581421,0.21998585706242102,0.03377629948718903,0.875
3445,3,0.40625001192092897,0.2386122725482718,0.03444920590297101,0.875
3446,3,0.25,0.23975104529344463,0.03448984701980293,0.875
3447,3,0.34375001192092897,0.25015094195619303,0.03485827601424293,0.875
3448,3,0.203125,0.24544834776057373,0.034692293294479655,0.875
3449,3,0.21875,0.24277851298451636,0.03459760784286003,0.875
3450,3,0.078125,0.22631316168606472,0.034006586069390776,0.875
3451,3,0.0,0.20368184551745824,0.03317509801853996,0.890625
3452,3,0.15625,0.19893866096571242,0.032998144751696996,0.890625
3453,3,0.109375,0.18998229486914117,0.032661576613964315,0.890625
3454,3,0.171875,0.18817156538222704,0.032593152434929135,0.890625
3455,3,0.234375,0.19279190884400435,0.03276749617622644,0.890625
3456,3,0.125,0.1860127179596039,0.03251140950918042,0.890625
3457,3,0.1875,0.1861614461636435,0.03251704666875489,0.890625
3458,3,0.21875,0.18942030154727915,0.03264035339769452,0.890625
3459,3,0.21875,0.19235327139255123,0.03275098018394041,0.890625
3460,3,0.265625,0.1996804442532961,0.033025877931097423,0.890625
3461,3,0.390625,0.2187748998279665,0.03373202976897715,0.890625
3462,3,0.203125,0.21720990984516986,0.033674724969208376,0.890625
3463,3,0.38437498807907106,0.23392641766855995,0.03428136246369394,0.890625
3464,3,0.3125,0.24178377590170397,0.03456224660950401,0.890625
3465,3,0.390625,0.2566678983115336,0.03508660531105479,0.890625
3466,3,0.203125,0.2513136084803802,0.0348991562005963,0.890625
3467,3,0.3125,0.2574322476323422,0.03511325518090453,0.890625
3468,3,0.21875,0.25356402286910795,0.03497810414611501,0.890625
3469,3,0.21875,0.25008262058219716,0.03485587183932659,0.890625
3470,3,0.21875,0.24694935852397745,0.034745383422643175,0.890625
3471,3,0.234375,0.24569192267157972,0.03470091545422276,0.890625
3472,3,0.125,0.23362273040442172,0.03427045082764722,0.890625
3473,3,0.1875,0.22901045736397954,0.034104227872663706,0.890625
3474,3,0.171875,0.22329691162758158,0.03389702307714997,0.890625
3475,3,0.1875,0.21971722046482342,0.033766484174409354,0.890625
3476,3,0.25,0.22274549841834107,0.03387695084929362,0.890625
3477,3,0.140625,0.21453344857650697,0.03357648140250063,0.890625
3478,3,0.171875,0.21026760371885628,0.033419275656011285,0.890625
3479,3,0.21875,0.21111584334697067,0.03345059558878965,0.890625
3480,3,0.09375,0.1993792590122736,0.03301462011691308,0.890625
3481,3,0.15625,0.19506633311104624,0.032853014383006536,0.890625
3482,3,0.21875,0.19743469979994163,0.03294184860072863,0.890625
3483,3,0.3125,0.20894122981994748,0.03337024158258875,0.890625
3484,3,0.3125,0.21929710683795273,0.03375112808912918,0.890625
3485,3,0.3125,0.22861739615415747,0.0340900189112049,0.890625
3486,3,0.296875,0.2354431565387417,0.03433579821427758,0.890625
3487,3,0.234375,0.23533634088486755,0.034331967957145326,0.890625
3488,3,0.21875,0.2336777067963808,0.03427242646082609,0.890625
3489,3,0.15625,0.22593493611674273,0.03399286896570427,0.890625
3490,3,0.3125,0.23459144250506847,0.034305242816077046,0.890625
3491,3,0.125,0.2236322982545616,0.03390922521091769,0.890625
3492,3,0.21875,0.22314406842910545,0.03389146068053651,0.890625
3493,3,0.171875,0.2180171615861949,0.03370429687623205,0.890625
3494,3,0.21875,0.21809044542757544,0.03370698009987576,0.890625
3495,3,0.1875,0.2150314008848179,0.03359478237420414,0.890625
3496,3,0.25,0.2185282607963361,0.03372300556867724,0.890625
3497,3,0.328125,0.2294879347167025,0.034121479315931916,0.890625
3498,3,0.234375,0.22997664124503225,0.03413912610240857,0.890625
3499,3,0.234375,0.23041647712052904,0.03415499922820567,0.890625
3500,3,0.296875,0.23706232940847616,0.034393796997531444,0.890625
3501,3,0.171875,0.23054359646762854,0.034159585219638654,0.890625
3502,3,0.328125,0.24030173682086567,0.03450947940569961,0.890625
3503,3,0.375,0.2537715631387791,0.03498537310412658,0.890625
3504,3,0.34375,0.26276940682490113,0.03529857350295475,0.890625
3505,3,0.328125,0.269304966142411,0.03552365855695918,0.890625
3506,3,0.25,0.2673744695281699,0.03545738483011069,0.890625
3507,3,0.3125,0.2718870225753529,0.03561201989461893,0.890625
3508,3,0.25,0.2696983203178176,0.03553714039523949,0.890625
3509,3,0.328125,0.27554098828603585,0.03573651235756499,0.890625
3510,3,0.1875,0.2667368894574323,0.0354354575074007,0.890625
3511,3,0.25937498807907106,0.26600069931959613,0.03541011463149741,0.890625
3512,3,0.3125,0.2706506293876365,0.03556974902207287,0.890625
3513,3,0.5968750238418579,0.3032730688330586,0.03665991224098901,0.890625
3514,3,0.5156250119209289,0.3245082631418456,0.03734072315139265,0.890625
3515,3,0.29687501192092897,0.32174493801975396,0.03725344254955131,0.890625
3516,3,0.234375,0.31300794421777856,0.03697488820219113,0.890625
3517,3,0.109375,0.2926446497960007,0.03631054300635932,0.890625
3518,3,0.265625,0.2899426848164006,0.03622082281202728,0.890625
3519,3,0.25,0.28594841633476054,0.036087525699759856,0.890625
3520,3,0.171875,0.2745410747012845,0.03570250916915806,0.890625
3521,3,0.25,0.2720869672311561,0.03561884883832924,0.890625
3522,3,0.109375,0.2558157705080405,0.03505686263970902,0.890625
3523,3,0.109375,0.24117169345723644,0.03454046579738967,0.890625
3524,3,0.140625,0.2311170241115128,0.034180263495637825,0.890625
3525,3,0.109375,0.21894282170036153,0.03373817232873321,0.890625
3526,3,0.046875,0.2017360395303254,0.033102615660547174,0.890625
3527,3,0.140625,0.19562493557729288,0.032873986751598465,0.890625
3528,3,0.09375,0.18543744201956358,0.03248959725483602,0.890625
3529,3,0.078125,0.17470619781760724,0.03208044399859663,0.890625
3530,3,0.203125,0.1775480780358465,0.032189210882679946,0.890625
3531,3,0.1875,0.17854327023226182,0.032227229970924504,0.890625
3532,3,0.265625,0.18725144320903564,0.03255833452307407,0.890625
3533,3,0.125,0.1810262988881321,0.03232192928498739,0.890625
3534,3,0.21875,0.1847986689993189,0.032465362750485276,0.890625
3535,3,0.09375,0.175693802099387,0.0321182757560507,0.890625
3536,3,0.21875,0.1799994218894483,0.03228279326751967,0.890625
3537,3,0.21875,0.1838744797005035,0.0324302725230797,0.890625
3538,3,0.15625,0.18111203173045315,0.03232519493718069,0.890625
3539,3,0.21875,0.18487582855740783,0.03246829093768969,0.890625
3540,3,0.0625,0.17263824570166705,0.03200111367058128,0.890625
3541,3,0.1875,0.17412442113150034,0.032058141587645785,0.890625
3542,3,0.265625,0.1832744790183503,0.032407474086806075,0.890625
3543,3,0.109375,0.17588453111651528,0.032125577856557,0.890625
3544,3,0.15625,0.17392107800486376,0.03205034354609085,0.890625
3545,3,0.21875,0.1784039702043774,0.0322219105153587,0.890625
3546,3,0.234375,0.18400107318393966,0.03243508101040173,0.890625
3547,3,0.203125,0.1859134658655457,0.03250764714693219,0.890625
3548,3,0.25,0.19232211927899112,0.03274980693013292,0.890625
3549,3,0.296875,0.202777407351092,0.03314142623061498,0.890625
3550,3,0.296875,0.2121871666159828,0.033490109771141315,0.890625
3551,3,0.25,0.21596844995438452,0.033629192909845826,0.890625
3552,3,0.234375,0.21780910495894606,0.03369667782156472,0.890625
3553,3,0.203125,0.21634069446305149,0.033642852275422165,0.890625
3554,3,0.109375,0.20564412501674634,0.03324803849704188,0.890625
3555,3,0.25,0.2100797125150717,0.03341233402522253,0.890625
3556,3,0.29062498807907106,0.21813424007147164,0.03370858349342471,0.890625
3557,3,0.015625,0.19788331606432447,0.03295865058073715,0.890625
3558,3,0.171875,0.195282484457892,0.03286113110240634,0.890625
3559,3,0.35937501192092897,0.21169173720419568,0.0334718425290284,0.890625
3560,3,0.203125,0.21083506348377612,0.033440231536518344,0.890625
3561,3,0.21875,0.21162655713539852,0.033469438478434144,0.890625
3562,3,0.328125,0.22327640142185867,0.0338962767112825,0.890625
3563,3,0.203125,0.22126126127967283,0.033822857449484954,0.890625
3564,3,0.171875,0.21632263515170555,0.033642189731262796,0.890625
3565,3,0.140625,0.208752871636535,0.033363272362806985,0.890625
3566,3,0.25,0.2128775844728815,0.03351554945092246,0.890625
3567,3,0.140625,0.20565232602559336,0.03324834300998582,0.890625
3568,3,0.15625,0.20071209342303403,0.03306441177886979,0.890625
3569,3,0.234375,0.20407838408073065,0.03318985049791214,0.890625
3570,3,0.23437501192092897,0.20710804686475048,0.03330235202528722,0.890625
3571,3,0.20312501192092897,0.20670974337036832,0.03328758310468746,0.890625
3572,3,0.15625,0.2016637690333315,0.03309992059998526,0.890625
3573,3,0.046875,0.18618489212999836,0.032517935251075054,0.890625
3574,3,0.1875,0.18631640291699852,0.03252291901167697,0.890625
3575,3,0.11562497615814209,0.1792472602411129,0.03225410233359417,0.890625
3576,3,0.09375,0.1706975342170016,0.03192652506400984,0.890625
3577,3,0.171875,0.17081528079530142,0.031931054318578705,0.890625
3578,3,0.21875,0.17560875271577128,0.03211501919628525,0.890625
3579,3,0.109375,0.16898537744419415,0.031860609511021105,0.890625
3580,3,0.125,0.16458683969977472,0.031690800543315426,0.890625
3581,3,0.140625,0.16219065572979727,0.03159801216437809,0.890625
3582,3,0.265625,0.17253409015681753,0.031997114011531776,0.890625
3583,3,0.23437501192092897,0.17871818233322867,0.032233908334916475,0.890625
3584,3,0.203125,0.18115886409990578,0.032326978714855174,0.890625
3585,3,0.45312501192092897,0.20835547888200812,0.03334856409917581,0.890625
3586,3,0.203125,0.20783243099380733,0.0333291951811927,0.890625
3587,3,0.171875,0.2042366878944266,0.03319573811348067,0.890625
3588,3,0.234375,0.20725051910498393,0.03330763325366597,0.890625
3589,3,0.21875,0.20840046719448554,0.03335022952923088,0.890625
3590,3,0.171875,0.20474792047503698,0.033214744853585484,0.890625
3591,3,0.171875,0.2014606284275333,0.033092344096853236,0.890625
3592,3,0.140625,0.19537706558477996,0.032864682148910376,0.890625
3593,3,0.21875,0.19771435902630197,0.03295232358773262,0.890625
3594,3,0.140625,0.19200542312367178,0.03273787734716377,0.890625
3595,3,0.14062501192092897,0.1868673820033975,0.03254379188114908,0.890625
3596,3,0.25,0.19318064380305774,0.0327821269233868,0.890625
3597,3,0.15625,0.18948757942275196,0.03264289473234207,0.890625
3598,3,0.171875,0.18772632148047677,0.03257630821006739,0.890625
3599,3,0.1875,0.1877036893324291,0.032575451800468946,0.890625
3600,3,0.203125,0.1892458203991862,0.03263376178669419,0.890625
3601,3,0.0625,0.17657123835926758,0.03215185762226101,0.890625
3602,3,0.265625,0.18547661452334083,0.03249108292376278,0.890625
3603,3,0.34375,0.20130395307100674,0.033086499466286,0.890625
3604,3,0.203125,0.20148605776390605,0.033093292621764824,0.890625
3605,3,0.171875,0.19852495198751544,0.03298266780564281,0.890625
3606,3,0.109375,0.18960995678876388,0.03264751693218927,0.890625
3607,3,0.09375,0.1800239611098875,0.03228372895471466,0.890625
3608,3,0.203125,0.18233406499889876,0.03237171366788844,0.890625
3609,3,0.1875,0.1828506584990089,0.032391361883417444,0.890625
3610,3,0.125,0.17706559264910798,0.0321707655393372,0.890625
3611,3,0.234375,0.18279653338419719,0.03238930374713076,0.890625
3612,3,0.359375,0.20045438004577745,0.03305478974369299,0.890625
3613,3,0.328125,0.2132214420411997,0.033528212063826515,0.890625
3614,3,0.21875,0.21377429783707974,0.033548560691902776,0.890625
3615,3,0.1875,0.21114686805337177,0.0334517405612838,0.890625
3616,3,0.125,0.20253218124803457,0.033132290879447655,0.890625
3617,3,0.1875,0.2010289631232311,0.0330762388312657,0.890625
3618,3,0.125,0.19342606681090802,0.032791360826778415,0.890625
3619,3,0.1875,0.1928334601298172,0.03276906031580131,0.890625
3620,3,0.171875,0.19073761411683549,0.03269008143347559,0.890625
3621,3,0.23437501192092897,0.19510135389724484,0.03285432957657627,0.890625
3622,3,0.2093749761581421,0.19652871612333456,0.032907892556773,0.890625
3623,3,0.125,0.1893758445110011,0.03263867399512308,0.890625
3624,3,0.140625,0.184500760059901,0.032454055065991416,0.890625
3625,3,0.15625,0.18167568405391088,0.03234665822125244,0.890625
3626,3,0.203125,0.18382061564851981,0.03242822638484091,0.890625
3627,3,0.359375,0.20137605408366782,0.03308918925115178,0.890625
3628,3,0.40625,0.22186344867530103,0.033844815741871266,0.890625
3629,3,0.34375,0.23405210380777092,0.03428587723047099,0.890625
3630,3,0.390625,0.24970939342699383,0.034842734462361406,0.890625
3631,3,0.421875,0.2669259540842944,0.03544196175072657,0.890625
3632,3,0.540624988079071,0.29429585748377207,0.03636519272399729,0.890625
3633,3,0.40625,0.3054912717353949,0.03673210771072061,0.890625
3634,3,0.34375,0.30931714456185544,0.03685603973955089,0.890625
3635,3,0.234375,0.3018229301056699,0.036612579965889624,0.890625
3636,3,0.265625,0.29820313709510293,0.036493966726310216,0.890625
3637,3,0.171875,0.28557032338559263,0.03607486696983128,0.890625
3638,3,0.25,0.2820132910470333,0.03595543032140345,0.890625
3639,3,0.21875,0.27568696194233,0.0357414722897738,0.890625
3640,3,0.203125,0.268430765748097,0.03549366952967391,0.890625
3641,3,0.15625,0.25721268917328727,0.035105602844995414,0.890625
3642,3,0.28125,0.25961642025595855,0.03518925727297539,0.890625
3643,3,0.28125,0.2617797782303627,0.035264313105563445,0.890625
3644,3,0.296875,0.2652893004073264,0.03538560056173267,0.890625
3645,3,0.203125,0.25907287036659377,0.0351703645153067,0.890625
3646,3,0.125,0.24566558332993438,0.03469998321487197,0.890625
3647,3,0.1875,0.23984902499694094,0.03449334103900494,0.890625
3648,3,0.15625,0.23148912249724685,0.03419367391108304,0.890625
3649,3,0.3125,0.23959021024752217,0.03448411059954889,0.890625
3650,3,0.296875,0.24531868922276995,0.03468770248381224,0.890625
3651,3,0.1875,0.23953682030049295,0.034482206109994244,0.890625
3652,3,0.234375,0.23902063827044365,0.0344637865915302,0.890625
3653,3,0.3781250238418579,0.2529310768275851,0.03495592324554575,0.890625
3654,3,0.265625,0.2542004691448266,0.03500038888312265,0.890625
3655,3,0.28125,0.2569054222303439,0.035094889778033066,0.890625
3656,3,0.296875,0.26090238000730953,0.03523389922604977,0.890625
3657,3,0.28125,0.2629371420065786,0.035304375794053745,0.890625
3658,3,0.328125,0.26945592780592076,0.03552883350406857,0.890625
3659,3,0.21875,0.2643853350253287,0.035354415999101683,0.890625
3660,3,0.25937498807907106,0.2638843003307029,0.035337114766952595,0.890625
3661,3,0.21875,0.2593708702976326,0.03518072415076807,0.890625
3662,3,0.234375,0.25687128326786934,0.03509369922673857,0.890625
3663,3,0.0,0.2311841549410824,0.034182683340713824,0.890625
3664,3,0.15625,0.22369073944697418,0.03391135093824993,0.890625
3665,3,0.09375,0.21069666550227675,0.03343512183129085,0.890625
3666,3,0.25,0.21462699895204906,0.03357992040453643,0.890625
3667,3,0.109375,0.20410179905684414,0.03319072140891973,0.890625
3668,3,0.171875,0.20087911915115972,0.033070646459230704,0.890625
3669,3,0.09375,0.19016620723604374,0.03266851926945379,0.890625
3670,3,0.125,0.18364958651243934,0.03242172876330708,0.890625
3671,3,0.125,0.17778462786119542,0.03219825103206376,0.890625
3672,3,0.046875,0.1646936650750759,0.03169493258825256,0.890625
3673,3,0.078125,0.15603679856756833,0.03135882241593228,0.890625
3674,3,0.15625,0.1560581187108115,0.031359653276261425,0.890625
3675,3,0.140625,0.15451480683973035,0.03129947067126381,0.890625
3676,3,0.25,0.1640633261557573,0.031670545156342364,0.890625
3677,3,0.125,0.1601569935401816,0.03151910815708904,0.890625
3678,3,0.234375,0.16757879418616345,0.03180638075461608,0.890625
3679,3,0.171875,0.1680084147675471,0.03182295151530983,0.890625
3680,3,0.140625,0.1652700732907924,0.03171722146687238,0.890625
3681,3,0.171875,0.16593056596171316,0.031742747625615436,0.890625
3682,3,0.171875,0.16652500936554185,0.03176570821400495,0.890625
3683,3,0.1875,0.16862250842898766,0.031846626283362336,0.890625
3684,3,0.203125,0.17207275758608886,0.03197939378853554,0.890625
3685,3,0.140625,0.16892798182747998,0.03185839806859535,0.890625
3686,3,0.265625,0.17859768364473197,0.03222930766411523,0.890625
3687,3,0.21875,0.18261291528025878,0.0323823207534316,0.890625
3688,3,0.203125,0.1846641237522329,0.03246025625182846,0.890625
3689,3,0.26562501192092897,0.1927602125691025,0.03276630296938542,0.890625
3690,3,0.20312501192092897,0.19379669250428513,0.03280530094890912,0.890625
3691,3,0.1875,0.19316702325385662,0.03278161438894057,0.890625
3692,3,0.45312501192092897,0.21916282212056387,0.03374621809631284,0.890625
3693,3,0.40625,0.23787153990850748,0.034422738916992844,0.890625
3694,3,0.328125,0.24689688591765674,0.03474352923113999,0.890625
3695,3,0.4375,0.26595719732589107,0.03540861629200823,0.890625
3696,3,0.5031250238418579,0.2896739799774878,0.0362118804324498,0.890625
3697,3,0.171875,0.27789408197973897,0.03581633990403662,0.890625
3698,3,0.140625,0.2641671737817651,0.03534688414165107,0.890625
3699,3,0.03125,0.24087545640358857,0.034529918176409706,0.890625
3700,3,0.015625,0.2183504107632297,0.03371649666136291,0.890625
3701,3,0.0625,0.20276536968690673,0.033140977851033884,0.890625
3702,3,0.046875,0.18717633271821607,0.03255549087459511,0.890625
3703,3,0.078125,0.17627119944639447,0.03214037747358692,0.890625
3704,3,0.171875,0.17583157950175501,0.03212355072548092,0.890625
3705,3,0.09375,0.1676234215515795,0.03180810236371728,0.890625
3706,3,0.20312501192092897,0.17117358058851442,0.03194483369048808,0.890625
3707,3,0.046875,0.15874372252966298,0.03146419238838791,0.890625
3708,3,0.046875,0.1475568502766967,0.03102718002028906,0.890625
3709,3,0.15625,0.14842616524902705,0.03106128423981489,0.890625
3710,3,0.15625,0.14920854872412434,0.031091957562066543,0.890625
3711,3,0.1875,0.1530376938517119,0.03124179642011949,0.890625
3712,3,0.3125,0.1689839244665407,0.0318605535294949,0.890625
3713,3,0.21875,0.17396053201988665,0.03205185669170097,0.890625
3714,3,0.15625,0.17218947881789798,0.03198387788178408,0.890625
3715,3,0.3125,0.1862205309361082,0.03251928589172475,0.890625
3716,3,0.3125,0.19884847784249737,0.03299477156226371,0.890625
3717,3,0.328125,0.21177613005824764,0.03347495494599606,0.890625
3718,3,0.296875,0.22028601705242284,0.033787262936942154,0.890625
3719,3,0.3125,0.22950741534718055,0.034122182946170636,0.890625
3720,3,0.15625,0.2221816738124625,0.03385641327889842,0.890625
3721,3,0.509374988079071,0.25090100523912334,0.034884655942850486,0.890625
3722,3,0.28125,0.253935904715211,0.03499112763233997,0.890625
3723,3,0.328125,0.2613548142436899,0.03524958683010126,0.890625
3724,3,0.28125,0.2633443328193209,0.0353184557648725,0.890625
3725,3,0.203125,0.25732239953738884,0.03510942689584957,0.890625
3726,3,0.171875,0.24877765958364995,0.03480990989914884,0.890625
3727,3,0.140625,0.23796239362528496,0.03442598652177773,0.890625
3728,3,0.203125,0.23447865426275644,0.034301194093205416,0.890625
3729,3,0.25937498807907106,0.2369682876443879,0.03439043163032736,0.890625
3730,3,0.21875,0.23514645887994912,0.034325157802224164,0.890625
3731,3,0.21875,0.23350681299195422,0.03426628477627613,0.890625
3732,3,0.15625,0.2257811316927588,0.03398728916191875,0.890625
3733,3,0.21875,0.22507801852348291,0.03396176813434931,0.890625
3734,3,0.0625,0.20882021667113462,0.03336576428547324,0.890625
3735,3,0.09375,0.19731319500402117,0.03293729651925424,0.890625
3736,3,0.109375,0.18851937550361905,0.03260630531756448,0.890625
3737,3,0.26562501192092897,0.19622993914535003,0.03289668734851711,0.890625
3738,3,0.171875,0.19379444523081502,0.03280521643975031,0.890625
3739,3,0.234375,0.19785250070773353,0.03295749671190493,0.890625
3740,3,0.4281249761581421,0.2208797482527744,0.03380893782147167,0.890625
3741,3,0.203125,0.21910427342749694,0.033744077078363986,0.890625
3742,3,0.17187501192092897,0.21438134727684013,0.03357088922668734,0.890625
3743,3,0.171875,0.2101307125491561,0.033414218363544856,0.890625
3744,3,0.109375,0.20005514129424048,0.0330398784321824,0.890625
3745,3,0.125,0.19254962716481644,0.03275837448380637,0.890625
3746,3,0.09375,0.1826696644483348,0.03238447905824159,0.890625
3747,3,0.203125,0.18471519800350134,0.03246219479244579,0.890625
3748,3,0.109375,0.17718117820315119,0.03217518513348374,0.890625
3749,3,0.171875,0.17665056038283605,0.03215489210862554,0.890625
3750,3,0.140625,0.17304800434455245,0.032016844965447,0.890625
3751,3,0.171875,0.1729307039100972,0.03201234222816,0.890625
3752,3,0.0625,0.1618876335190875,0.031586264120542815,0.890625
3753,3,0.21875,0.16757387016717876,0.03180619079434303,0.890625
3754,3,0.29062498807907106,0.179878981958368,0.0322782005367469,0.890625
3755,3,0.28125,0.19001608376253118,0.03266285223585203,0.890625
3756,3,0.265625,0.19757697538627805,0.03294717809911156,0.890625
3757,3,0.328125,0.21063177784765025,0.033432725880911736,0.890625
3758,3,0.3125,0.22081860006288523,0.03380670622940853,0.890625
3759,3,0.328125,0.23154924005659672,0.034195839972573513,0.890625
3760,3,0.28125,0.23651931605093704,0.034374359326684194,0.890625
3761,3,0.28125,0.2409923844458433,0.034534081913624864,0.890625
3762,3,0.3468750238418579,0.25158064838544475,0.03490853666823653,0.890625
3763,3,0.265625,0.2529850835469003,0.03495781657977502,0.890625
3764,3,0.296875,0.2573740751922103,0.03511122790017907,0.890625
3765,3,0.171875,0.24882416767298926,0.034811549308009025,0.890625
3766,3,0.25,0.24894175090569035,0.03481569366881918,0.890625
3767,3,0.28125,0.2521725758151213,0.034929317851990875,0.890625
3768,3,0.25,0.25195531823360917,0.034921692337694696,0.890625
3769,3,0.0625,0.23300978641024828,0.03424841496653087,0.890625
3770,3,0.140625,0.22377130776922347,0.03391428127101614,0.890625
3771,3,0.21875,0.22326917699230112,0.03389601381014914,0.890625
3772,3,0.09375,0.210317259293071,0.03342110993409091,0.890625
3773,3,0.1875,0.20803553336376387,0.03333671757616048,0.890625
3774,3,0.171875,0.2044194800273875,0.033202535228612724,0.890625
3775,3,0.171875,0.20116503202464875,0.033081316318064845,0.890625
3776,3,0.296875,0.2107360288221839,0.033436575220739305,0.890625
3777,3,0.21875,0.21153742593996552,0.033466150746814985,0.890625
3778,3,0.3125,0.22163368334596897,0.0338364393665494,0.890625
3779,3,0.28125,0.22759531501137206,0.0340530395265937,0.890625
3780,3,0.25,0.22983578351023484,0.03413404092371966,0.890625
3781,3,0.234375,0.23028970515921135,0.034150425060403986,0.890625
3782,3,0.21875,0.22913573464329023,0.03410875515809628,0.890625
3783,3,0.203125,0.2265346611789612,0.034014616298092014,0.890625
3784,3,0.125,0.21638119506106507,0.03364433807566865,0.890625
3785,3,0.21875,0.21661807555495857,0.03365302685663623,0.890625
3786,3,0.171875,0.21214376799946272,0.033488510006659956,0.890625
3787,3,0.28125,0.21905439119951645,0.03374225286178931,0.890625
3788,3,0.109375,0.2080864520795648,0.033338603209649174,0.890625
3789,3,0.35937501192092897,0.2232153080637012,0.03389405341792995,0.890625
3790,3,0.140625,0.2149562772573311,0.03359202206450325,0.890625
3791,3,0.15625,0.209085649531598,0.03337558409450238,0.890625
3792,3,0.09375,0.1975520845784382,0.03294624577280205,0.890625
3793,3,0.203125,0.19810937612059437,0.032967114156149384,0.890625
3794,3,0.171875,0.19548593850853493,0.032868769344612137,0.890625
3795,3,0.28125,0.20406234465768142,0.0331892539049051,0.890625
3796,3,0.296875,0.21334361019191328,0.033532709735070304,0.890625
3797,3,0.328125,0.22482174917272196,0.033952460942570505,0.890625
3798,3,0.21875,0.22421457425544977,0.03393039819870875,0.890625
3799,3,0.28125,0.2299181168299048,0.034137013387874636,0.890625
3800,3,0.15625,0.22255130514691432,0.03386987881579727,0.890625
3801,3,0.078125,0.20810867463222288,0.033339426126825125,0.890625
3802,3,0.140625,0.2013603071690006,0.0330886018179916,0.890625
3803,3,0.109375,0.19216177645210053,0.032743767486252066,0.890625
3804,3,0.125,0.1854455988068905,0.03248990661655634,0.890625
3805,3,0.203125,0.18721353892620146,0.032556899511337715,0.890625
3806,3,0.140625,0.18255468503358133,0.03238010599438234,0.890625
3807,3,0.125,0.17679921653022318,0.032160578372981606,0.890625
3808,3,0.15625,0.17474429487720086,0.032081904022624036,0.890625
3809,3,0.09375,0.16664486538948078,0.03177033620565226,0.890625
3810,3,0.125,0.16248037885053268,0.03160924167990802,0.890625
3811,3,0.15625,0.1618573409654794,0.03158508951898001,0.890625
3812,3,0.109375,0.15660910686893145,0.03138112044057643,0.890625
3813,3,0.234375,0.1643856961820383,0.03168301916915227,0.890625
3814,3,0.21875,0.16982212656383447,0.031892836098332426,0.890625
3815,3,0.3125,0.18408991390745102,0.032438455148382665,0.890625
3816,3,0.265625,0.19224342251670593,0.03274684287712473,0.890625
3817,3,0.234375,0.19645658026503535,0.03290518752641421,0.890625
3818,3,0.171875,0.1939984222385318,0.0328128862296709,0.890625
3819,3,0.1875,0.1933485800146786,0.03278844568358723,0.890625
3820,3,0.234375,0.19745122201321075,0.03294246754720805,0.890625
3821,3,0.171875,0.19489359981188967,0.0328465267379675,0.890625
3822,3,0.125,0.1879042398307007,0.03258304003000116,0.890625
3823,3,0.109375,0.18005131584763062,0.03228477197207221,0.890625
3824,3,0.09375,0.17142118426286757,0.03195435327825837,0.890625
3825,3,0.265625,0.18084156583658081,0.03231489168403574,0.890625
3826,3,0.234375,0.18619490925292273,0.032518314885205506,0.890625
3827,3,0.203125,0.18788791832763047,0.032582422530756106,0.890625
3828,3,0.34375,0.2034741264948674,0.033167367672768615,0.890625
3829,3,0.4375,0.22687671384538066,0.03402701285416355,0.890625
3830,3,0.328125,0.2370015424608426,0.03439162172846424,0.890625
3831,3,0.234375,0.23673888821475833,0.03438222070791754,0.890625
3832,3,0.26562501192092897,0.23962750058537538,0.034485440718629565,0.890625
3833,3,0.140625,0.22972725052683785,0.03413012212267323,0.890625
3834,3,0.25,0.23175452547415407,0.03420323529078332,0.890625
3835,3,0.296875,0.23826657292673864,0.03443685684097201,0.890625
3836,3,0.21875,0.2363149156340648,0.03436703920285305,0.890625
3837,3,0.21875,0.23455842407065833,0.034304057622710736,0.890625
3838,3,0.265625,0.2376650816635925,0.03441535760086718,0.890625
3839,3,0.15625,0.22952357349723324,0.03412276655749578,0.890625
3840,3,0.125,0.2190712161475099,0.03374286816991861,0.890625
3841,3,0.09375,0.20653909453275893,0.03328125352987848,0.890625
3842,3,0.046875,0.19057268507948305,0.03268385909538996,0.890625
3843,3,0.09375,0.18089041657153473,0.03231675282781379,0.890625
3844,3,0.171875,0.17998887491438126,0.032282391101621254,0.890625
3845,3,0.3125,0.19323998742294313,0.03278435990955208,0.890625
3846,3,0.21875,0.19579098868064881,0.032880218738379506,0.890625
3847,3,0.21875,0.19808688981258393,0.03296627237101768,0.890625
3848,3,0.09375,0.18765320083132553,0.032573541224700645,0.890625
3849,3,0.15625,0.18451288074819297,0.032454515194496124,0.890625
3850,3,0.203125,0.18637409267337368,0.03252510502747232,0.890625
3851,3,0.140625,0.18179918340603632,0.0323513593646105,0.890625
3852,3,0.1875,0.1823692650654327,0.032373052790978206,0.890625
3853,3,0.125,0.17663233855888943,0.03215419504792786,0.890625
3854,3,0.140625,0.1730316047030005,0.03201621547252722,0.890625
3855,3,0.140625,0.16979094423270047,0.03189163558464364,0.890625
3856,3,0.140625,0.16687434980943044,0.03177919587296423,0.890625
3857,3,0.171875,0.1673744148284874,0.03179849543344213,0.890625
3858,3,0.0625,0.15688697334563867,0.03139194263966514,0.890625
3859,3,0.234375,0.16463577601107482,0.0316926934667867,0.890625
3860,3,0.171875,0.16535969840996734,0.03172068610903996,0.890625
3861,3,0.171875,0.1660112285689706,0.03174586396811322,0.890625
3862,3,0.140625,0.16347260571207356,0.03164767812477672,0.890625
3863,3,0.15625,0.1627503451408662,0.03161970285106737,0.890625
3864,3,0.171875,0.16366281062677956,0.03165504234426721,0.890625
3865,3,0.171875,0.1644840295641016,0.03168682343744971,0.890625
3866,3,0.21875,0.16991062660769146,0.0318962431454213,0.890625
3867,3,0.125,0.1654195639469223,0.031723000178740905,0.890625
3868,3,0.140625,0.1629401075522301,0.0316270546371382,0.890625
3869,3,0.140625,0.1607085967970071,0.031540523655430884,0.890625
3870,3,0.32187498807907106,0.1768252359252135,0.03216157356105075,0.890625
3871,3,0.35312498807907106,0.19445521114059924,0.03283005614957858,0.890625
3872,3,0.140625,0.18907219002653933,0.032627201154411534,0.890625
3873,3,0.21875,0.1920399710238854,0.03273917891669192,0.890625
3874,3,0.1875,0.19158597392149684,0.0327220711738562,0.890625
3875,3,0.203125,0.19273987652934715,0.032765537398177114,0.890625
3876,3,0.171875,0.19065338887641245,0.03268690396845801,0.890625
3877,3,0.25,0.1965880499887712,0.03291011736961171,0.890625
3878,3,0.234375,0.20036674498989407,0.03305151717776382,0.890625
3879,3,0.1875,0.19908007049090465,0.03300343334888347,0.890625
3880,3,0.265625,0.20573456344181418,0.03325139642849783,0.890625
3881,3,0.265625,0.21172360709763274,0.03347301792878467,0.890625
3882,3,0.203125,0.21086374638786948,0.033441290420523656,0.890625
3883,3,0.17187501192092897,0.20696487294117544,0.033297043947426185,0.890625
3884,3,0.109375,0.19720588564705788,0.03293327577191546,0.890625
3885,3,0.1875,0.19623529708235207,0.0328968883214271,0.890625
3886,3,0.328125,0.20942426737411687,0.033388107190134346,0.890625
3887,3,0.171875,0.2056693406367052,0.03324897477341574,0.890625
3888,3,0.140625,0.19916490657303468,0.03300660576397692,0.890625
3889,3,0.234375,0.2026859159157312,0.0331380182056281,0.890625
3890,3,0.1875,0.20116732432415807,0.033081401850122254,0.890625
3891,3,0.171875,0.19823809189174227,0.03297193230235962,0.890625
3892,3,0.4593749761581421,0.22435178031838224,0.03393538521323144,0.890625
3893,3,0.1875,0.220666602286544,0.0338011584040837,0.890625
3894,3,0.046875,0.20328744205788962,0.03316041864525687,0.890625
3895,3,0.1875,0.20170869785210066,0.0331015960786476,0.890625
3896,3,0.21875,0.2034128280668906,0.03316508609322529,0.890625
3897,3,0.15625,0.19869654526020153,0.03298908797651216,0.890625
3898,3,0.234375,0.20226439073418137,0.033122312166579106,0.890625
3899,3,0.328125,0.21485045166076322,0.033588133252052704,0.890625
3900,3,0.28125,0.22149040649468688,0.033831214886063325,0.890625
3901,3,0.171875,0.2165288658452182,0.03364975492142375,0.890625
3902,3,0.21875,0.2167509792606964,0.03365790072741307,0.890625
3903,3,0.125,0.20757588133462673,0.03331969080927167,0.890625
3904,3,0.1781249761581421,0.20463079081697827,0.03321039111511013,0.890625
3905,3,0.140625,0.19823021173528046,0.03297163734776352,0.890625
3906,3,0.09375,0.1877821905617524,0.03257842223478007,0.890625
3907,3,0.203125,0.18931647150557718,0.03263643101046715,0.890625
3908,3,0.3125,0.20163482435501948,0.033098841156392306,0.890625
3909,3,0.34375,0.21584634191951751,0.03362471092874391,0.890625
3910,3,0.265625,0.22082420772756575,0.033806910886784704,0.890625
3911,3,0.41562498807907106,0.24030428576271629,0.03450957024470874,0.890625
3912,3,0.25,0.24127385718644465,0.034544102450267636,0.890625
3913,3,0.390625,0.2562089714678002,0.03507059115614485,0.890625
3914,3,0.21875,0.25246307432102016,0.03493951061952078,0.890625
3915,3,0.1875,0.24596676688891814,0.03471064123559203,0.890625
3916,3,0.140625,0.23543259020002633,0.03433541934312216,0.890625
3917,3,0.09375,0.2212643311800237,0.03382296943048532,0.890625
3918,3,0.17187501192092897,0.21632539925411423,0.03364229113911886,0.890625
3919,3,0.234375,0.2181303593287028,0.03370844141637629,0.890625
3920,3,0.203125,0.21662982339583253,0.033653457705879235,0.890625
3921,3,0.0625,0.2012168410562493,0.033083249405265296,0.890625
3922,3,0.09375,0.19047015695062436,0.032679990449144956,0.890625
3923,3,0.140625,0.18548564125556194,0.03249142526626039,0.890625
3924,3,0.140625,0.18099957713000575,0.03232091136984087,0.890625
3925,3,0.1875,0.18164961941700516,0.03234566596849738,0.890625
3926,3,0.15625,0.17910965747530466,0.03224885126453076,0.890625
3927,3,0.1875,0.1799486917277742,0.03228085884187473,0.890625
3928,3,0.140625,0.17601632255499677,0.03213062274657091,0.890625
3929,3,0.1875,0.17716469029949708,0.03217455472261887,0.890625
3930,3,0.078125,0.16726072126954739,0.03179410830007212,0.890625
3931,3,0.32812501192092897,0.18334715033468554,0.03241023612425171,0.890625
3932,3,0.203125,0.18532493530121696,0.032485329965865305,0.890625
3933,3,0.328125,0.19960494177109528,0.03302305611175679,0.890625
3934,3,0.234375,0.20308194759398576,0.03315276781265128,0.890625
3935,3,0.1875,0.20152375283458718,0.03309469861582192,0.890625
3936,3,0.28125,0.20949637755112846,0.033390773426866714,0.890625
3937,3,0.1875,0.2072967397960156,0.03330934640507967,0.890625
3938,3,0.203125,0.20687956581641403,0.033293880842827334,0.890625
3939,3,0.1875,0.20494160923477261,0.03322194308736345,0.890625
3940,3,0.140625,0.19850994831129537,0.03298210638658698,0.890625
3941,3,0.328125,0.21147145348016583,0.033463717045232697,0.890625
3942,3,0.5,0.24032430813214925,0.03451028379028167,0.890625
3943,3,0.5,0.26629187731893433,0.035420141347720493,0.890625
3944,3,0.328125,0.27247518958704087,0.035632102729806756,0.890625
3945,3,0.296875,0.27491517062833676,0.03571523641183799,0.890625
3946,3,0.3125,0.27867365356550305,0.035842726899962686,0.890625
3947,3,0.375,0.2883062882089527,0.03616630859464507,0.890625
3948,3,0.203125,0.27978815938805746,0.03588039914494876,0.890625
3949,3,0.359375,0.2877468434492517,0.036147640972690805,0.890625
3950,3,0.234375,0.2824096591043266,0.03596877028201134,0.890625
3951,3,0.21875,0.27604369319389394,0.03575358903681358,0.890625
3952,3,0.359375,0.2843768238745045,0.036034861684827606,0.890625
3953,3,0.359375,0.2918766414870541,0.03628507793115928,0.890625
3954,3,0.5343750238418579,0.3161264797225345,0.037074764855808344,0.890625
3955,3,0.390625,0.32357633175028105,0.03731133196874197,0.890625
3956,3,0.509374988079071,0.34215619738316005,0.03788876098016753,0.890625
3957,3,0.3125,0.33919057764484406,0.037797805740237396,0.890625
3958,3,0.38437498807907106,0.34370901868826675,0.037936201469011804,0.890625
3959,3,0.359375,0.3452756168194401,0.03798393426985737,0.890625
3960,3,0.234375,0.3341855551374961,0.03764325621087832,0.890625
3961,3,0.265625,0.32732949962374647,0.0374294244135605,0.890625
3962,3,0.28125,0.32272154966137184,0.03728433435109919,0.890625
3963,3,0.25,0.3154493946952347,0.037053122456865734,0.890625
3964,3,0.1875,0.3026544552257112,0.03663973382594151,0.890625
3965,3,0.234375,0.2958265097031401,0.036415730467183535,0.890625
3966,3,0.09375,0.27561885873282616,0.03573915838958648,0.890625
3967,3,0.109375,0.2589944728595435,0.035167638417567294,0.890625
3968,3,0.078125,0.2409075255735892,0.03453106020183263,0.890625
3969,3,0.125,0.22931677301623027,0.034115296327736334,0.890625
3970,3,0.03125,0.20951009571460724,0.03339128062456086,0.890625
3971,3,0.296875,0.21824658614314651,0.03371269629399624,0.890625
3972,3,0.25,0.22142192752883186,0.0338287175417419,0.890625
3973,3,0.296875,0.22896723477594866,0.03410266572979392,0.890625
3974,3,0.265625,0.2326330112983538,0.034234861308285514,0.890625
3975,3,0.140625,0.2234322101685184,0.0339019461325782,0.890625
3976,3,0.171875,0.21827648915166656,0.033713790902366446,0.890625
3977,3,0.20312501192092897,0.2167613414285928,0.03365828069945064,0.890625
3978,3,0.14062501192092897,0.20914770847782643,0.03337787957368042,0.890625
3979,3,0.109375,0.19917043763004377,0.033006812585909706,0.890625
3980,3,0.203125,0.19956589386703938,0.03302159665136168,0.890625
3981,3,0.17187501192092897,0.19679680567242833,0.03291794387225689,0.890625
3982,3,0.15625,0.19274212510518549,0.03276562204892831,0.890625
3983,3,0.171875,0.19065541259466692,0.03268698031807535,0.890625
3984,3,0.15625,0.18721487133520023,0.032556949955710714,0.890625
3985,3,0.1875,0.1872433842016802,0.03255802942308619,0.890625
3986,3,0.15625,0.1841440457815122,0.03244051091128624,0.890625
3987,3,0.25,0.19072964120336097,0.03268978066065105,0.890625
3988,3,0.125,0.18415667708302486,0.03244099059357422,0.890625
3989,3,0.1875,0.18449100937472238,0.03245368490409577,0.890625
3990,3,0.21875,0.18791690843725015,0.03258351932043782,0.890625
3991,3,0.15625,0.18475021759352514,0.032463523915996766,0.890625
3992,3,0.21875,0.18815019583417264,0.032592344167143204,0.890625
3993,3,0.265625,0.19589767625075538,0.032884222158144766,0.890625
3994,3,0.265625,0.20287040862567984,0.03314489014972213,0.890625
3995,3,0.203125,0.20289586776311186,0.03314583833802569,0.890625
3996,3,0.171875,0.19979378098680067,0.03303011333452964,0.890625
3997,3,0.09375,0.1891894028881206,0.032631630175339425,0.890625
3998,3,0.078125,0.17808296259930856,0.03220964946933606,0.890625
3999,4,0.0,0.1602746663393777,0.031523677560020065,0.59375
4000,4,0.0,0.14424719970543995,0.03089712156253074,0.765625
4001,4,0.0625,0.13607247973489597,0.030574443460548863,0.765625
4002,4,0.296875,0.15215273176140637,0.03120720883075026,0.765625
4003,4,0.125,0.14943745858526575,0.03110092828582041,0.765625
4004,4,0.25,0.15949371272673918,0.03149334328117106,0.765625
4005,4,0.359375,0.17948184145406526,0.032263052592798706,0.765625
4006,4,0.359375,0.19747115730865872,0.0329432143383638,0.765625
4007,4,0.375,0.21522404157779285,0.03360185959346839,0.765625
4008,4,0.328125,0.22651413742001356,0.03401387232086136,0.765625
4009,4,0.171875,0.2210502236780122,0.033815158444765604,0.765625
4010,4,0.078125,0.20675770131021098,0.03328936170873225,0.765625
4011,4,0.203125,0.20639443117918987,0.03327588685438574,0.765625
4012,4,0.0625,0.1920049880612709,0.03273786095617677,0.765625
4013,4,0.28125,0.20092948925514378,0.033072526437705106,0.765625
4014,4,0.25,0.2058365403296294,0.033255182376288696,0.765625
4015,4,0.1875,0.20400288629666644,0.03318704223530033,0.765625
4016,4,0.234375,0.2070400976669998,0.033299832958891044,0.765625
4017,4,0.09375,0.1957110879002998,0.03287722019111404,0.765625
4018,4,0.140625,0.19020247911026983,0.03266988837144721,0.765625
4019,4,0.15625,0.18680723119924286,0.03254151373605673,0.765625
4020,4,0.21875,0.1900015080793186,0.03266230196988624,0.765625
4021,4,0.234375,0.19443885727138674,0.032829441576589215,0.765625
4022,4,0.15625,0.19061997154424806,0.03268564319668068,0.765625
4023,4,0.09375,0.18093297438982325,0.03231837414809262,0.765625
4024,4,0.140625,0.17690217695084093,0.032164516251552165,0.765625
4025,4,0.0,0.15921195925575685,0.03148239419954168,0.765625
4026,4,0.125,0.15579076333018116,0.031349233170887274,0.765625
4027,4,0.0,0.14021168699716305,0.030738081220171416,0.78125
4028,4,0.078125,0.13400301829744674,0.030492440313666908,0.78125
4029,4,0.234375,0.14404021646770207,0.030888976469013042,0.78125
4030,4,0.125,0.14213619482093187,0.030813988534386556,0.78125
4031,4,0.28125,0.15604757533883867,0.031359242395837934,0.78125
4032,4,0.203125,0.16075531780495483,0.03154233708366271,0.78125
4033,4,0.28125,0.17280478602445934,0.03200750814864186,0.78125
4034,4,0.28125,0.18364930742201338,0.0324217181593962,0.78125
4035,4,0.234375,0.18872187667981205,0.032613961021225886,0.78125
4036,4,0.1875,0.18859968901183083,0.03260934181614156,0.78125
4037,4,0.109375,0.18067722011064774,0.032308629693879265,0.78125
4038,4,0.0625,0.16885949809958298,0.03185575925143943,0.78125
4039,4,0.203125,0.17228604828962468,0.03198758743411505,0.78125
4040,4,0.125,0.1675574434606622,0.031805557073820344,0.78125
4041,4,0.0,0.15080169911459598,0.031154356646949745,0.78125
4042,4,0.015625,0.13728402920313637,0.03062239315419491,0.78125
4043,4,0.0,0.12355562628282274,0.030076594572838344,0.84375
4044,4,0.03125,0.11432506365454047,0.029706720716600594,0.84375
4045,4,0.078125,0.11070505728908642,0.029561069761581755,0.84375
4046,4,0.046875,0.10432205156017778,0.029303473471389365,0.84375
4047,4,0.125,0.10638984640416,0.029387028668880495,0.84375
4048,4,0.21875,0.11762586176374398,0.02983924049260078,0.84375
4049,4,0.09375,0.11523827558736958,0.029743411965981167,0.84375
4050,4,0.1875,0.12246444802863263,0.030032987532419248,0.84375
4051,4,0.09375,0.11959300322576936,0.02991808326774712,0.84375
4052,4,0.203125,0.12794620290319242,0.030251728359010924,0.84375
4053,4,0.140625,0.12921408261287318,0.030302202936088048,0.84375
4054,4,0.171875,0.13348017435158585,0.030471702689793996,0.84375
4055,4,0.3125,0.15138215691642726,0.03117707127323669,0.84375
4056,4,0.046875,0.14093144122478454,0.03076648325781624,0.84375
4057,4,0.21875,0.1487132971023061,0.031072543494143835,0.84375
4058,4,0.171875,0.15102946739207548,0.031163271026666734,0.84375
4059,4,0.3499999761581421,0.17092651826868216,0.03193533274040127,0.84375
4060,4,0.171875,0.17102136644181395,0.031938980448478024,0.84375
4061,4,0.328125,0.18673172979763256,0.032538654009059656,0.84375
4062,4,0.265625,0.1946210568178693,0.03283628798234535,0.84375
4063,4,0.203125,0.19547145113608239,0.032868225501449126,0.84375
4064,4,0.265625,0.20248680602247415,0.033130600260275984,0.84375
4065,4,0.21875,0.20411312542022675,0.033191142680646574,0.84375
4066,4,0.3000000238418579,0.21370181526238988,0.03354589359937198,0.84375
4067,4,0.203125,0.21264413373615088,0.03350694976978355,0.84375
4068,4,0.296875,0.2210672203625358,0.033815778582981154,0.84375
4069,4,0.171875,0.2161479983262822,0.033635782097539056,0.84375
4070,4,0.046875,0.199220698493654,0.033008691926395155,0.84375
4071,4,0.03125,0.1824236286442886,0.03237512086430624,0.84375
4072,4,0.0,0.16418126577985975,0.031675109210453176,0.84375
4073,4,0.078125,0.15557563920187378,0.03134084705212575,0.84375
4074,4,0.0,0.14001807528168642,0.030730438484725044,0.859375
4075,4,0.140625,0.1400787677535178,0.03073283441450031,0.859375
4076,4,0.21875,0.14794589097816602,0.031042445484910332,0.859375
4077,4,0.171875,0.15033880188034943,0.031136234673657188,0.859375
4078,4,0.234375,0.15874242169231448,0.031464141810570535,0.859375
4079,4,0.265625,0.16943067952308302,0.03187776297007345,0.859375
4080,4,0.421875,0.19467511157077472,0.032838318915536326,0.859375
4081,4,0.47812498807907106,0.22302009922160437,0.033886948349812554,0.859375
4082,4,0.496875,0.2504055892994439,0.034867234949891794,0.859375
4083,4,0.375,0.2628650303694995,0.03530188147397121,0.859375
4084,4,0.47812498807907106,0.28439102614045664,0.03603533814866616,0.859375
4085,4,0.465625,0.302514423526411,0.036635163473344445,0.859375
4086,4,0.328125,0.3050754811737699,0.036718594070794974,0.859375
4087,4,0.328125,0.30738043305639295,0.03679339676274404,0.859375
4088,4,0.3125,0.30789238975075367,0.036809974608775324,0.859375
4089,4,0.21875,0.2989781507756783,0.036519417964737726,0.859375
4090,4,0.3125,0.30033033569811046,0.036563750833770114,0.859375
4091,4,0.28125,0.29842230212829945,0.03650116711507709,0.859375
4092,4,0.296875,0.2982675719154695,0.0364960839015489,0.859375
4093,4,0.203125,0.28875331472392257,0.0361812138600237,0.859375
4094,4,0.21875,0.2817529832515303,0.03594666533208243,0.859375
4095,4,0.15625,0.2692026849263773,0.03552015174652695,0.859375
4096,4,0.234375,0.26571991643373954,0.035400442032302616,0.859375
4097,4,0.21875,0.2610229247903656,0.03523807991613547,0.859375
4098,4,0.21875,0.256795632311329,0.035091060804487616,0.859375
4099,4,0.1875,0.2498660690801961,0.03484825013762,0.859375
4100,4,0.1875,0.2436294621721765,0.03462782196145968,0.859375
4101,4,0.3125,0.25051651595495883,0.034871136603983055,0.859375
4102,4,0.109375,0.23640236435946294,0.034370171203644,0.859375
4103,4,0.09375,0.22213712792351664,0.03385479009109349,0.859375
4104,4,0.203125,0.22023591513116497,0.033785433214487036,0.859375
4105,4,0.09375,0.20758732361804846,0.03332011476816015,0.859375
4106,4,0.140625,0.20089109125624363,0.033071093306926334,0.859375
4107,4,0.1875,0.19955198213061925,0.033021076669460483,0.859375
4108,4,0.09375,0.18897178391755734,0.03262340677583986,0.859375
4109,4,0.0,0.17007460552580161,0.031902555221843786,0.859375
4110,4,0.171875,0.17025464497322146,0.03190948442268028,0.859375
4111,4,0.0625,0.15947918047589932,0.031492778615877924,0.859375
4112,4,0.0625,0.1497812624283094,0.03111439843854938,0.859375
4113,4,0.046875,0.13949063618547847,0.03070961233171056,0.859375
4114,4,0.0,0.12554157256693063,0.0301558766621612,0.859375
4115,4,0.078125,0.12079991531023757,0.029966405934988918,0.859375
4116,4,0.046875,0.11340742377921381,0.029669830373612066,0.859375
4117,4,0.046875,0.10675418140129243,0.02940174025774761,0.859375
4118,4,0.03125,0.09920376326116319,0.029096231506311583,0.859375
4119,4,0.0,0.08928338693504687,0.028692923658357322,0.875
4120,4,0.03125,0.08348004824154219,0.028456063124336763,0.875
4121,4,0.109375,0.08606954341738797,0.02856183300145192,0.875
4122,4,0.203125,0.09777508907564918,0.02903827904055295,0.875
4123,4,0.171875,0.10518508016808426,0.029338358789031616,0.875
4124,4,0.265625,0.12122907215127582,0.02998357934463904,0.875
4125,4,0.40625,0.14973116493614824,0.03111243586551888,0.875
4126,4,0.25,0.1597580484425334,0.03150361307212504,0.875
4127,4,0.296875,0.17346974359828005,0.03203302991852299,0.875
4128,4,0.203125,0.17643526923845204,0.03214665555132091,0.875
4129,4,0.3125,0.19004174231460685,0.03266382088600238,0.875
4130,4,0.25,0.19603756808314618,0.03288947087776748,0.875
4131,4,0.265625,0.20299631127483156,0.03314957895378831,0.875
4132,4,0.265625,0.2092591801473484,0.03338200236517299,0.875
4133,4,0.21875,0.21020826213261357,0.03341708344230908,0.875
4134,4,0.1875,0.2079374359193522,0.03333308450838126,0.875
4135,4,0.15625,0.20276869232741698,0.03314110161351671,0.875
4136,4,0.296875,0.2121793230946753,0.0334898206482313,0.875
4137,4,0.484375,0.23939889078520776,0.034477285387942806,0.875
4138,4,0.53125,0.268584001706687,0.03549892887073642,0.875
4139,4,0.46875,0.2886006015360183,0.03617612303999425,0.875
4140,4,0.53125,0.31286554138241646,0.03697031558259065,0.875
4141,4,0.5,0.3315789872441748,0.03756224941040537,0.875
4142,4,0.28125,0.3265460885197573,0.03740483497878365,0.875
4143,4,0.4875000238418579,0.3426414820519673,0.03790360061250844,0.875
4144,4,0.28125,0.3365023338467706,0.03771495884545572,0.875
4145,4,0.1875,0.32160210046209353,0.03724892023105186,0.875
4146,4,0.21875,0.3113168904158842,0.036920520617124024,0.875
4147,4,0.40625,0.3208102013742957,0.03722382911877077,0.875
4148,4,0.453125,0.3340416812368661,0.037638794158685714,0.875
4149,4,0.515625,0.3522000131131795,0.038193364060847,0.875
4150,4,0.48125,0.36510501180186156,0.0385769059512395,0.875
4151,4,0.28125,0.3567195106216754,0.03832869024266217,0.875
4152,4,0.537499976158142,0.37479755717532204,0.03885915132881778,0.875
4153,4,0.390625,0.37638030145778983,0.038904765043473455,0.875
4154,4,0.1875,0.35749227131201083,0.038351720510414036,0.875
4155,4,0.03125,0.3248680441808097,0.03735205785195702,0.875
4156,4,0.09375,0.3017562397627288,0.03661040064422641,0.875
4157,4,0.109375,0.2825181157864559,0.03597241909776006,0.875
4158,4,0.3125,0.2855163042078103,0.03607305780506175,0.875
4159,4,0.171875,0.2741521737870293,0.03568927103629581,0.875
4160,4,0.03125,0.24986195640832634,0.034848105367897585,0.875
4161,4,0.109375,0.2358132607674937,0.03434906568454244,0.875
4162,4,0.21875,0.23410693469074434,0.03428784658835342,0.875
4163,4,0.203125,0.23100874122166992,0.034176359835427994,0.875
4164,4,0.296875,0.2375953670995029,0.03441286472652298,0.875
4165,4,0.203125,0.23414833038955263,0.03428933330686325,0.875
4166,4,0.25,0.23573349735059737,0.034346206848315824,0.875
4167,4,0.171875,0.22934764761553764,0.034116411726574626,0.875
4168,4,0.0625,0.21266288285398388,0.03350764051969457,0.875
4169,4,0.109375,0.20233409456858548,0.033124909828407295,0.875
4170,4,0.0,0.18210068511172695,0.03236283397910591,0.921875
4171,4,0.203125,0.18420311660055427,0.032442754114238546,0.921875
4172,4,0.25,0.19078280494049885,0.03269178618058485,0.921875
4173,4,0.3781250238418579,0.20951702683063475,0.033391536883750655,0.921875
4174,4,0.34375,0.22294032414757126,0.033884044282081575,0.921875
4175,4,0.39062501192092897,0.23970879292490704,0.03448834013949253,0.921875
4176,4,0.678124976158142,0.28355041124823055,0.03600711969402639,0.921875
4177,4,0.44687498807907106,0.29988286893131455,0.03654909035761388,0.921875
4178,4,0.203125,0.29020708203818313,0.03622961832774338,0.921875
4179,4,0.296875,0.2908738738343648,0.03625178455626547,0.921875
4180,4,0.38437498807907106,0.3002239852588354,0.03656026736098225,0.921875
4181,4,0.34375,0.3045765867329519,0.03670236787538108,0.921875
4182,4,0.296875,0.3038064280596567,0.036677294192243796,0.921875
4183,4,0.296875,0.303113285253691,0.03665470215455079,0.921875
4184,4,0.328125,0.3056144567283219,0.036736109668317446,0.921875
4185,4,0.28125,0.3031780110554897,0.03665681283410757,0.921875
4186,4,0.125,0.28536020994994077,0.03606782921689692,0.921875
4187,4,0.203125,0.2771366889549467,0.035790675180923194,0.921875
4188,4,0.046875,0.254110520059452,0.03499724052299653,0.921875
4189,4,0.15625,0.2443244680535068,0.03465247462881719,0.921875
4190,4,0.171875,0.23707952124815612,0.034394412179776984,0.921875
4191,4,0.125,0.2258715691233405,0.03399057022672435,0.921875
4192,4,0.109375,0.21422191221100645,0.03356502637314937,0.921875
4193,4,0.2718749761581421,0.21998721860572001,0.03377634922673762,0.921875
4194,4,0.15625,0.213613496745148,0.03354264350458868,0.921875
4195,4,0.203125,0.21256464707063322,0.03350402118048287,0.921875
4196,4,0.203125,0.2116206823635699,0.0334692217892584,0.921875
4197,4,0.21875,0.2123336141272129,0.03349550755496302,0.921875
4198,4,0.140625,0.20516275271449164,0.03323015977757691,0.921875
4199,4,0.109375,0.19558397744304246,0.032872449422334075,0.921875
4200,4,0.171875,0.19321307969873822,0.03278334744073485,0.921875
4201,4,0.140625,0.1879542717288644,0.03258493284727678,0.921875
4202,4,0.171875,0.18634634455597796,0.03252405359450183,0.921875
4203,4,0.3125,0.19896171010038016,0.03299900682434563,0.921875
4204,4,0.15625,0.19469053909034215,0.03283889853383678,0.921875
4205,4,0.140625,0.18928398518130793,0.03263520368949575,0.921875
4206,4,0.125,0.18285558666317714,0.03239154927402934,0.921875
4207,4,0.109375,0.17550752799685942,0.03211114293687593,0.921875
4208,4,0.078125,0.1657692751971735,0.031736515593898874,0.921875
4209,4,0.09375,0.15856734767745614,0.03145733424589217,0.921875
4210,4,0.140625,0.15677311290971055,0.031387508372269925,0.921875
4211,4,0.171875,0.1582833016187395,0.03144628723782644,0.921875
4212,4,0.234375,0.16589247145686556,0.03174127579292228,0.921875
4213,4,0.3125,0.180553224311179,0.032303904474693786,0.921875
4214,4,0.25,0.1874979018800611,0.032567663822279644,0.921875
4215,4,0.140625,0.182810611692055,0.032389839092839386,0.921875
4216,4,0.140625,0.17859205052284952,0.03222909257700121,0.921875
4217,4,0.21875,0.18260784547056458,0.03238212793073545,0.921875
4218,4,0.25,0.18934706092350811,0.032637586629929535,0.921875
4219,4,0.28125,0.19853735483115728,0.032983131897983034,0.921875
4220,4,0.25,0.20368361934804155,0.03317516402481384,0.921875
4221,4,0.296875,0.21300275741323738,0.033520159538205634,0.921875
4222,4,0.25,0.21670248167191364,0.0336561223009444,0.921875
4223,4,0.359375,0.23096973350472227,0.03417495345815797,0.921875
4224,4,0.296875,0.23756026015425002,0.034411609279237344,0.921875
4225,4,0.38437498807907106,0.25224173294673213,0.0349317447350189,0.921875
4226,4,0.28125,0.2551425596520589,0.03503334083868136,0.921875
4227,4,0.21875,0.25150330368685303,0.03490582007586962,0.921875
4228,4,0.328125,0.25916547331816775,0.035173584202241336,0.921875
4229,4,0.28125,0.26137392598635095,0.035250249293021334,0.921875
4230,4,0.4375,0.27898653338771584,0.03585330892293131,0.921875
4231,4,0.234375,0.2745253800489443,0.03570197506756898,0.921875
4232,4,0.25,0.27207284204404986,0.03561836646773649,0.921875
4233,4,0.140625,0.25892805783964484,0.03516532875727612,0.921875
4234,4,0.265625,0.25959775205568036,0.035188608633108256,0.921875
4235,4,0.35937501192092897,0.2695754780422052,0.035532930893291396,0.921875
4236,4,0.371875,0.2798054302379847,0.035880982451287846,0.921875
4237,4,0.15625,0.2674498872141862,0.035459977267765,0.921875
4238,4,0.203125,0.2610173984927676,0.035237888270146754,0.921875
4239,4,0.234375,0.25835315864349084,0.03514532727633274,0.921875
4240,4,0.25,0.25751784277914175,0.03511623784024169,0.921875
4241,4,0.234375,0.25520355850122756,0.03503547299520891,0.921875
4242,4,0.3125,0.2609332026511048,0.03523496827115919,0.921875
4243,4,0.40625,0.2754648823859943,0.03573392599968096,0.921875
4244,4,0.484375,0.2963558941473949,0.03643318186358141,0.921875
4245,4,0.359375,0.3026578047326554,0.03663984313494,0.921875
4246,4,0.40625,0.3130170242593898,0.03697517973118967,0.921875
4247,4,0.32187498807907106,0.31390282064135794,0.037003599291105325,0.921875
4248,4,0.17187501192092897,0.29970003976931503,0.036543097367478176,0.921875
4249,4,0.21875,0.2916050357923835,0.03627606517254594,0.921875
4250,4,0.47812498807907106,0.3102570310210523,0.03688637139898133,0.921875
4251,4,0.21875,0.30110632791894704,0.036589150904612996,0.921875
4252,4,0.171875,0.28818319512705237,0.03616220254264754,0.921875
4253,4,0.26562501192092897,0.28592737680644004,0.03608682147226768,0.921875
4254,4,0.234375,0.280772139125796,0.03591360879737689,0.921875
4255,4,0.1875,0.2714449252132164,0.03559691356776281,0.921875
4256,4,0.21875,0.26617543269189475,0.03541613206275559,0.921875
4257,4,0.28125,0.2676828894227053,0.03546798485607022,0.921875
4258,4,0.203125,0.2612271004804348,0.035245159493372334,0.921875
4259,4,0.1875,0.25385439043239133,0.0349882735136237,0.921875
4260,4,0.171875,0.2456564513891522,0.034699659996853004,0.921875
4261,4,0.15625,0.236715806250237,0.034381394401767816,0.921875
4262,4,0.15625,0.2286692256252133,0.03409189290773195,0.921875
4263,4,0.125,0.218302303062692,0.03371473579754346,0.921875
4264,4,0.203125,0.21678457275642282,0.03365913255631017,0.921875
4265,4,0.203125,0.21541861548078056,0.03360900624775421,0.921875
4266,4,0.140625,0.20793925393270252,0.03333315184264366,0.921875
4267,4,0.203125,0.2074578285394323,0.033315316409133315,0.921875
4268,4,0.21875,0.20858704568548908,0.03335713561989781,0.921875
4269,4,0.203125,0.20804084111694016,0.03333691413906897,0.921875
4270,4,0.171875,0.20442425700524613,0.033202712842050335,0.921875
4271,4,0.296875,0.21366933130472154,0.03354469823755162,0.921875
4272,4,0.21875,0.2141773981742494,0.033563389282366476,0.921875
4273,4,0.21875,0.2146346583568245,0.033580201955345605,0.921875
4274,4,0.15625,0.20879619252114204,0.033364875357610325,0.921875
4275,4,0.09375,0.19729157326902783,0.032936486416622765,0.921875
4276,4,0.265625,0.20412491594212503,0.03319158121070708,0.921875
4277,4,0.15625,0.19933742434791255,0.033013056118508084,0.921875
4278,4,0.25,0.20440368191312128,0.03320194783025423,0.921875
4279,4,0.17187501192092897,0.20115081491390205,0.03308078583348229,0.921875
4280,4,0.140625,0.19509823342251184,0.03285421239017924,0.921875
4281,4,0.203125,0.19590091008026067,0.03288434349963834,0.921875
4282,4,0.39062501192092897,0.2153733202643275,0.033607342707455676,0.921875
4283,4,0.521874976158142,0.24602348585370898,0.03471264789191218,0.921875
4284,4,0.28125,0.24954613726833808,0.034836985917557746,0.921875
4285,4,0.125,0.23709152354150426,0.0343948416546273,0.921875
4286,4,0.15625,0.22900737118735384,0.034104116335349675,0.921875
4287,4,0.171875,0.22329413406861845,0.03389692200291261,0.921875
4288,4,0.15625,0.2165897206617566,0.03365198692368001,0.921875
4289,4,0.171875,0.21211824859558095,0.03348756927095302,0.921875
4290,4,0.25,0.21590642373602287,0.033626916313284676,0.921875
4291,4,0.203125,0.21462828136242057,0.033579967544621774,0.921875
4292,4,0.265625,0.2197279532261785,0.03376687638193429,0.921875
4293,4,0.34375,0.23213015790356065,0.03421676246305458,0.921875
4294,4,0.40625,0.24954214211320458,0.03483684522548177,0.921875
4295,4,0.453125,0.2699004279018841,0.03554406454302616,0.921875
4296,4,0.59375,0.30228538511169567,0.03662768598065164,0.921875
4297,4,0.53125,0.32518184660052607,0.037361938539895924,0.921875
4298,4,0.5,0.3426636619404735,0.03790427856053046,0.921875
4299,4,0.40625,0.3490222957464262,0.038097567577367625,0.921875
4300,4,0.296875,0.34380756617178354,0.03793920792801461,0.921875
4301,4,0.28125,0.33755180955460523,0.03774734689276114,0.921875
4302,4,0.3125,0.3350466285991447,0.03766993860427517,0.921875
4303,4,0.1875,0.32029196573923024,0.03720739141634703,0.921875
4304,4,0.15625,0.30388776916530724,0.03667994379664459,0.921875
4305,4,0.25,0.2984989922487765,0.036503686100150576,0.921875
4306,4,0.203125,0.2889615930238989,0.03618815512072411,0.921875
4307,4,0.21875,0.281940433721509,0.03595297743180225,0.921875
4308,4,0.39062501192092897,0.292808891541451,0.03631598499292971,0.921875
4309,4,0.1875,0.2822780023873059,0.035964340168095556,0.921875
4310,4,0.328125,0.28686270214857534,0.036118107177380884,0.921875
4311,4,0.21875,0.2800514319337178,0.03588928933495816,0.921875
4312,4,0.25,0.277046288740346,0.035787610044728455,0.921875
4313,4,0.296875,0.2790291598663114,0.03585475023796126,0.921875
4314,4,0.34375,0.28550124387968023,0.036072553391523696,0.921875
4315,4,0.1875,0.2757011194917122,0.03574195328364801,0.921875
4316,4,0.21875,0.270006007542541,0.035547680889020765,0.921875
4317,4,0.234375,0.2664429067882869,0.035425340451297326,0.921875
4318,4,0.23437501192092897,0.2632361173015511,0.035314714624075434,0.921875
4319,4,0.234375,0.260350005571396,0.0352147331844918,0.921875
4320,4,0.17187501192092897,0.2515025062063493,0.0349057920643666,0.921875
4321,4,0.4281249761581421,0.26916475320152855,0.03551885109274308,0.921875
4322,4,0.234375,0.2656857778813757,0.03539926574742622,0.921875
4323,4,0.1875,0.25786720009323816,0.03512840801801561,0.921875
4324,4,0.09375,0.24145548008391435,0.03455056638981077,0.921875
4325,4,0.1875,0.2360599320755229,0.03435790494204597,0.921875
4326,4,0.21875,0.23432893886797063,0.03429581893352262,0.921875
4327,4,0.3125,0.24214604498117356,0.03457512986841776,0.921875
4328,4,0.296875,0.24761894048305622,0.034769032914979396,0.921875
4329,4,0.390625,0.26191954643475057,0.03526915462186101,0.921875
4330,4,0.40625,0.2763525917912755,0.03576407609280107,0.921875
4331,4,0.359375,0.28465483261214797,0.03604418663337144,0.921875
4332,4,0.21875,0.27806434935093316,0.03582210566136486,0.921875
4333,4,0.375,0.2877579144158398,0.03614801054073107,0.921875
4334,4,0.359375,0.29491962297425584,0.03638580185218035,0.921875
4335,4,0.21875,0.28730266067683025,0.03613280836677597,0.921875
4336,4,0.28125,0.2866973946091472,0.03611258095602233,0.921875
4337,4,0.265625,0.2845901551482325,0.03604201756727501,0.921875
4338,4,0.09375,0.2655061396334093,0.03539307517826869,0.921875
4339,4,0.140625,0.25301802567006837,0.034958971377738055,0.921875
4340,4,0.109375,0.23865372310306152,0.03445068623635844,0.921875
4341,4,0.2406249761581421,0.23885084840856957,0.03445772516032288,0.921875
4342,4,0.17187501192092897,0.23215326475980552,0.03421759437707703,0.921875
4343,4,0.29687501192092897,0.23862543947591786,0.034449676144925806,0.921875
4344,4,0.171875,0.23195039552832608,0.03421028968812466,0.921875
4345,4,0.140625,0.22281785597549347,0.033879585515072946,0.921875
4346,4,0.15625,0.21616107037794413,0.03363626177135501,0.921875
4347,4,0.109375,0.20548246334014972,0.033242035251439615,0.921875
4348,4,0.1875,0.20368421700613473,0.03317518626432936,0.921875
4349,4,0.15625,0.19894079530552125,0.03299822458013822,0.921875
4350,4,0.09375,0.18842171577496913,0.03260261265867547,0.921875
4351,4,0.109375,0.18051704419747222,0.0323025256190843,0.921875
4352,4,0.26562501192092897,0.1890278409698179,0.0326255252373104,0.921875
4353,4,0.140625,0.1841875568728361,0.03244216324933658,0.921875
4354,4,0.1875,0.1845188011855525,0.03245473994555809,0.921875
4355,4,0.171875,0.18325442106699724,0.032406711704166834,0.921875
4356,4,0.20312501192092897,0.1852414801523904,0.03248216426989509,0.921875
4357,4,0.340625,0.20077983213715137,0.03306694044189258,0.921875
4358,4,0.465625,0.22726434892343622,0.03404105522436938,0.921875
4359,4,0.29687501192092897,0.23422541522318552,0.034292101590606826,0.921875
4360,4,0.26562501192092897,0.23736537489295986,0.03440463904945173,0.921875
4361,4,0.496875,0.26331633740366384,0.03531748798303166,0.921875
4362,4,0.35937501192092897,0.27292220485539037,0.035647354775597766,0.921875
4363,4,0.140625,0.2596924843698513,0.03519190000451828,0.921875
4364,4,0.171875,0.25091073593286617,0.03488499800281102,0.921875
4365,4,0.078125,0.23363216233957956,0.034270789783477716,0.921875
4366,4,0.140625,0.2243314461056216,0.03393464617915453,0.921875
4367,4,0.125,0.21439830149505945,0.03357151261578855,0.921875
4368,4,0.140625,0.20702097134555353,0.03329912385860993,0.921875
4369,4,0.1875,0.20506887421099818,0.03322667192098288,0.921875
4370,4,0.09375,0.19393698678989835,0.03281057635160289,0.921875
4371,4,0.171875,0.19173078811090852,0.03272752900304828,0.921875
4372,4,0.1875,0.19130770929981766,0.032711581514442534,0.921875
4373,4,0.0625,0.17842693836983592,0.0322227876507233,0.921875
4374,4,0.078125,0.16839674453285233,0.03183792408963628,0.921875
4375,4,0.0625,0.1578070700795671,0.03142775977707286,0.921875
4376,4,0.046875,0.1467138630716104,0.030994085906206045,0.921875
4377,4,0.17187501192092897,0.14922997795654228,0.03109279742073849,0.921875
4378,4,0.078125,0.14211948016088805,0.030813329752395077,0.921875
4379,4,0.171875,0.14509503214479924,0.030930471158809005,0.921875
4380,4,0.21875,0.15246052893031933,0.031219241562247774,0.921875
4381,4,0.25,0.1622144760372874,0.03159893553500435,0.921875
4382,4,0.21875,0.16786802843355866,0.03181753742965468,0.921875
4383,4,0.28125,0.17920622559020277,0.032252536480430076,0.921875
4384,4,0.47812498807907106,0.2090981018390896,0.03337604470181434,0.921875
4385,4,0.359375,0.22412579165518065,0.033927170792528216,0.921875
4386,4,0.678124976158142,0.26952571010547677,0.03553122526205523,0.921875
4387,4,0.5156250119209289,0.294135640287022,0.036359896022720536,0.921875
4388,4,0.653125,0.3300345762583198,0.037514085006837644,0.921875
4389,4,0.39062501192092897,0.3360936198245807,0.037702329845733906,0.921875
4390,4,0.4906249761581421,0.35154675545793684,0.03817371432262041,0.921875
4391,4,0.3656249761581421,0.3529545775279574,0.03821603297816452,0.921875
4392,4,0.3343749761581421,0.35109661739097586,0.038160161214262835,0.921875
4393,4,0.046875,0.3206744556518783,0.037219524797397305,0.921875
4394,4,0.15625,0.3042320100866905,0.03669115338105515,0.921875
4395,4,0.15625,0.28943380907802146,0.036203884609087106,0.921875
4396,4,0.078125,0.26830292817021933,0.03548928104508106,0.921875
4397,4,0.203125,0.2617851353531974,0.03526449869128822,0.921875
4398,4,0.34375,0.26998162181787766,0.03554684566943684,0.921875
4399,4,0.25,0.2679834596360899,0.03547831070848253,0.921875
4400,4,0.25,0.2661851136724809,0.03541646541165217,0.921875
4401,4,0.375,0.2770666023052328,0.03578829883713932,0.921875
4402,4,0.21875,0.2712349420747095,0.03558973520359452,0.921875
4403,4,0.25,0.2691114478672385,0.035517023171102634,0.921875
4404,4,0.234375,0.26563780308051466,0.035397612623863615,0.921875
4405,4,0.4906249761581421,0.2881365203882774,0.03616064540299363,0.921875
4406,4,0.1875,0.27807286834944966,0.03582239410267548,0.921875
4407,4,0.3125,0.28151558151450473,0.035938668723183784,0.921875
4408,4,0.4281249761581421,0.29617652097886843,0.03642727032274861,0.921875
4409,4,0.25,0.2915588688809816,0.03627453283848902,0.921875
4410,4,0.39062501192092897,0.3014654831849763,0.03660089660829195,0.921875
4411,4,0.44687498807907106,0.31600643367438574,0.037070929413706426,0.921875
4412,4,0.4593749761581421,0.33034328792276135,0.03752372251227251,0.921875
4413,4,0.34375,0.3316839591304852,0.03756551857657191,0.921875
4414,4,0.5031250238418579,0.3488280656016225,0.03809169495610619,0.921875
4415,4,0.4093750238418579,0.354882761425646,0.03827382337023902,0.921875
4416,4,0.296875,0.3490819852830814,0.03809937191283143,0.921875
4417,4,0.328125,0.3469862867547733,0.03803590914139567,0.921875
4418,4,0.28125,0.340412658079296,0.03783534276686981,0.921875
4419,4,0.265625,0.3329338922713664,0.037604401370510195,0.921875
4420,4,0.28125,0.32776550304422974,0.03744309571935844,0.921875
4421,4,0.375,0.3324889527398068,0.0375905695850668,0.921875
4422,4,0.46875,0.3461150574658261,0.038009458064535075,0.921875
4423,4,0.328125,0.3443160517192435,0.03795471253953869,0.921875
4424,4,0.28125,0.3380094465473192,0.03776145203536632,0.921875
4425,4,0.234375,0.32764600189258725,0.03743934962931764,0.921875
4426,4,0.28125,0.32300640170332856,0.03729333538170083,0.921875
4427,4,0.25,0.3157057615329957,0.037061319759272925,0.921875
4428,4,0.28125,0.31226018537969613,0.036950865728204677,0.921875
4429,4,0.234375,0.30447166684172655,0.036698953820355776,0.921875
4430,4,0.21875,0.2958995001575539,0.036418137466672926,0.921875
4431,4,0.28125,0.29443455014179853,0.03636977679638081,0.921875
4432,4,0.25,0.28999109512761867,0.03622243350396238,0.921875
4433,4,0.28125,0.2891169856148568,0.03619333246256978,0.921875
4434,4,0.3125,0.29145528705337115,0.03627109444890186,0.921875
4435,4,0.3125,0.29355975834803405,0.03634084703816297,0.921875
4436,4,0.1875,0.28295378251323067,0.03598707042949498,0.921875
4437,4,0.203125,0.2749709042619076,0.035717131962489206,0.921875
4438,4,0.21875,0.26934881383571685,0.03552516176343073,0.921875
4439,4,0.015625,0.24397643245214518,0.034640132153901194,0.921875
4440,4,0.125,0.23207878920693065,0.034214912955957764,0.921875
4441,4,0.26562501192092897,0.23543341147833047,0.034335448791406535,0.921875
4442,4,0.234375,0.23532757033049742,0.0343316534349449,0.921875
4443,4,0.42187501192092897,0.25398231448954056,0.03499275247298644,0.921875
4444,4,0.390625,0.26764658304058647,0.03546673728563423,0.921875
4445,4,0.48437501192092897,0.2893194259286207,0.0362000755309479,0.921875
4446,4,0.25,0.2853874833357586,0.036068742862674245,0.921875
4447,4,0.203125,0.27716123500218276,0.03579150737758838,0.921875
4448,4,0.32812501192092897,0.28225761269405736,0.03596365399950145,0.921875
4449,4,0.32187498807907106,0.28621935023255873,0.03609659234393821,0.921875
4450,4,0.35937501192092897,0.29353491640139573,0.036340024944432024,0.921875
4451,4,0.590625,0.32324392476125613,0.03730083765282708,0.921875
4452,4,0.3031249761581421,0.32123202990094474,0.03723719867853418,0.921875
4453,4,0.4906249761581421,0.3381713245266645,0.037766438758748994,0.921875
4454,4,0.29062498807907106,0.3334166908819052,0.037619398380794894,0.921875
4455,4,0.3656249761581421,0.33663751940952885,0.03771913406711638,0.921875
4456,4,0.1781249761581421,0.3207862650843902,0.03722307019910614,0.921875
4457,4,0.26562501192092897,0.3152701397680441,0.03704738879283101,0.921875
4458,4,0.20312501192092897,0.30405562698333255,0.036685410534657424,0.921875
4459,4,0.234375,0.29708756428499933,0.036457278522346565,0.921875
4460,4,0.21875,0.2892538078564994,0.03619789008700779,0.921875
4461,4,0.265625,0.28689092707084946,0.03611905059955386,0.921875
4462,4,0.25,0.28320183436376456,0.03599540815744332,0.921875
4463,4,0.234375,0.2783191509273881,0.035830731351273404,0.921875
4464,4,0.1875,0.2692372358346493,0.03552133641411992,0.921875
4465,4,0.45312501192092897,0.28762601344327726,0.036143607062437424,0.921875
4466,4,0.234375,0.28230091209894953,0.03596511111775674,0.921875
4467,4,0.140625,0.26813332088905456,0.03548345745408484,0.921875
4468,4,0.203125,0.2616324888001491,0.03525921005463938,0.921875
4469,4,0.4281249761581421,0.2782817375359484,0.035829465010303437,0.921875
4470,4,0.203125,0.2707660637823536,0.03557369871494893,0.921875
4471,4,0.26562501192092897,0.27025195859621115,0.03555610319694834,0.921875
4472,4,0.203125,0.26353926273659006,0.03532519332163899,0.921875
4473,4,0.29687501192092897,0.26687283765502395,0.03544013460040244,0.921875
4474,4,0.32812501192092897,0.27299805508161445,0.035649941805779274,0.921875
4475,4,0.1875,0.26444824957345303,0.03535658765655135,0.921875
4476,4,0.39062501192092897,0.2770659258082006,0.03578827589880017,0.921875
4477,4,0.32187498807907106,0.28154683203528763,0.03593972151991572,0.921875
4478,4,0.3656249761581421,0.2899546464475731,0.03622122080633309,0.921875
4479,4,0.203125,0.2812716818028158,0.03593045035334747,0.921875
4480,4,0.29687501192092897,0.28283201481462716,0.03598297636195385,0.921875
4481,4,0.403125,0.29486131333316445,0.036383876135698046,0.921875
4482,4,0.1781249761581421,0.2831876796156622,0.035994932457663276,0.921875
4483,4,0.15625,0.270493911654096,0.03556438575380046,0.921875
4484,4,0.265625,0.2700070204886864,0.035547715582160314,0.921875
4485,4,0.32187498807907106,0.27519381724772485,0.03572471192275915,0.921875
4486,4,0.32812501192092897,0.28048693671504527,0.03590398800546629,0.921875
4487,4,0.265625,0.2790007430435407,0.03585378939920605,0.921875
4488,4,0.234375,0.2745381687391867,0.035702410277842815,0.921875
4489,4,0.20312501192092897,0.26739685305736094,0.035458154278932334,0.921875
4490,4,0.171875,0.25784466775162485,0.03512762325666605,0.921875
4491,4,0.1875,0.2508102009764624,0.03488146371822839,0.921875
4492,4,0.125,0.23822918087881617,0.03443552080230908,0.921875
4493,4,0.140625,0.22846876279093456,0.03408464412662965,0.921875
4494,4,0.1875,0.2243718865118411,0.03393611594248782,0.921875
4495,4,0.140625,0.215997197860657,0.03363024801152433,0.921875
4496,4,0.046875,0.1990849780745913,0.03300361687405619,0.921875
4497,4,0.078125,0.18698898026713218,0.03254839685974295,0.921875
4498,4,0.140625,0.18235258224041898,0.03237241812874439,0.921875
4499,4,0.09375,0.17349232401637707,0.03203389629965519,0.921875
4500,4,0.140625,0.17020559161473936,0.03190759661376898,0.921875
4501,4,0.25,0.17818503245326542,0.03221354848902523,0.921875
4502,4,0.234375,0.18380402920793887,0.03242759629235436,0.921875
4503,4,0.23437501192092897,0.1888611274792379,0.03261922458550224,0.921875
4504,4,0.26562501192092897,0.19653751592340699,0.032908222527350074,0.921875
4505,4,0.20312501192092897,0.19719626552315916,0.03293291529561456,0.921875
4506,4,0.26562501192092897,0.20403914016293614,0.033188390785586046,0.921875
4507,4,0.234375,0.20707272614664254,0.03330104261133659,0.921875
4508,4,0.140625,0.2004279535319783,0.03305380292779136,0.921875
4509,4,0.29687501192092897,0.21007265937087333,0.033412073418678176,0.921875
4510,4,0.25,0.214065393433786,0.03355926972086976,0.921875
4511,4,0.21875,0.2145338540904074,0.033576496310376756,0.921875
4512,4,0.1875,0.21183046868136665,0.03347695880282843,0.921875
4513,4,0.171875,0.20783492181323,0.033329287445086106,0.921875
4514,4,0.21875,0.208926429631907,0.033369694031241605,0.921875
4515,4,0.078125,0.1958462866687163,0.032882293835191964,0.921875
4516,4,0.046875,0.1809491580018447,0.03231899067561831,0.921875
4517,4,0.109375,0.17379174220166022,0.0320453828487546,0.921875
4518,4,0.15625,0.1720375679814942,0.0319780418097974,0.921875
4519,4,0.109375,0.16577131118334476,0.031736594266960065,0.921875
4520,4,0.29687501192092897,0.1788816812571032,0.0322401499107503,0.921875
4521,4,0.234375,0.18443101313139287,0.03245140720848719,0.921875
4522,4,0.29687501192092897,0.19567541301034647,0.03287588128883397,0.921875
4523,4,0.35937501192092897,0.2120453729014047,0.03348488266491772,0.921875
4524,4,0.32812501192092897,0.22365333680335714,0.033909990479557575,0.921875
4525,4,0.26562501192092897,0.2278505043151143,0.034062276678780326,0.921875
4526,4,0.25,0.23006545388360286,0.034142331925280885,0.921875
4527,4,0.21875,0.2289339084952426,0.034101461201499476,0.921875
4528,4,0.21875,0.22791551764571835,0.034064629527759065,0.921875
4529,4,0.234375,0.2285614658811465,0.03408799651004978,0.921875
4530,4,0.26562501192092897,0.23226782048512476,0.0342217183674109,0.921875
4531,4,0.25,0.23404103843661228,0.03428547977991471,0.921875
4532,4,0.234375,0.23407443459295105,0.03428667930022292,0.921875
4533,4,0.359375,0.24660449113365593,0.034733194746259445,0.921875
4534,4,0.540624988079071,0.2760065408281974,0.03575232740714634,0.921875
4535,4,0.35937501192092897,0.2843433879374706,0.03603373992205627,0.921875
4536,4,0.359375,0.29184654914372354,0.036284079550899455,0.921875
4537,4,0.6718750119209289,0.3298493954214441,0.03750830156194872,0.921875
4538,4,0.6406250119209289,0.3609269570713926,0.038453699787233,0.921875
4539,4,0.5781250119209289,0.3826467625563462,0.03908404808479119,0.921875
4540,4,0.746875,0.41906958630071156,0.04008456426419113,0.921875
4541,4,0.41562498807907106,0.4187251264785475,0.04007543392937343,0.921875
4542,4,0.29687501192092897,0.40654011502278564,0.03974838304037997,0.921875
4543,4,0.32812501192092897,0.3986986047126,0.03953372025907973,0.921875
4544,4,0.09375,0.36820374424134,0.03866768460395376,0.921875
4545,4,0.09375,0.34075836981720603,0.037845947308769945,0.921875
4546,4,0.15625,0.3223075328354854,0.037271244357484766,0.921875
4547,4,0.203125,0.3103892795519369,0.036890635651298534,0.921875
4548,4,0.171875,0.2965378515967432,0.036439176922349485,0.921875
4549,4,0.171875,0.2840715664370689,0.03602461836821341,0.921875
4550,4,0.171875,0.27285190979336205,0.0356449569671479,0.921875
4551,4,0.09375,0.25494171881402583,0.03502631940950462,0.921875
4552,4,0.0625,0.23569754693262326,0.03434491824043028,0.921875
4553,4,0.21875,0.23400279223936093,0.03428410599532459,0.921875
4554,4,0.25,0.23560251301542484,0.03434151156382189,0.921875
4555,4,0.265625,0.23860476171388234,0.03444893765850674,0.921875
4556,4,0.3125,0.2459942855424941,0.03471161483453369,0.921875
4557,4,0.265625,0.2479573569882447,0.0347809778726159,0.921875
4558,4,0.25,0.24816162128942024,0.034788185160869366,0.921875
4559,4,0.29062498807907106,0.25240795796838533,0.03493757704473859,0.921875
4560,4,0.40625,0.2677921621715468,0.03547173933648757,0.921875
4561,4,0.35937501192092897,0.276950447146485,0.035784359976248625,0.921875
4562,4,0.25,0.2742554024318365,0.03569278564070812,0.921875
4563,4,0.21875,0.26870486218865286,0.03550307622994347,0.921875
4564,4,0.25,0.26683437596978754,0.0354388114738085,0.921875
4565,4,0.109375,0.2510884383728088,0.03489124394809034,0.921875
4566,4,0.078125,0.23379209453552793,0.03427653667149147,0.921875
4567,4,0.15625,0.22603788508197514,0.03399660323160298,0.921875
4568,4,0.25,0.22843409657377764,0.034083390409874646,0.921875
4569,4,0.28125,0.23371568691639985,0.03427379123707136,0.921875
4570,4,0.38437498807907106,0.24878161703266696,0.034810049402999255,0.921875
4571,4,0.29062498807907106,0.2529659541373074,0.034957145968267385,0.921875
4572,4,0.125,0.24016935872357664,0.034504761320940984,0.921875
4573,4,0.0625,0.222402422851219,0.033864455794651686,0.921875
4574,4,0.25,0.2251621805660971,0.03396482411041709,0.921875
4575,4,0.3656249761581421,0.23920846012530161,0.03447049024507864,0.921875
4576,4,0.23437501192092897,0.23872511530486434,0.03445323570154018,0.921875
4577,4,0.21875,0.23672760377437793,0.03438181674170959,0.921875
4578,4,0.359375,0.24899234339694012,0.03481747666509701,0.921875
4579,4,0.740624976158142,0.2981556066730603,0.036492404855475155,0.921875
4580,4,0.34375,0.3027150460057543,0.03664171107913112,0.921875
4581,4,0.48437501192092897,0.32088104259727174,0.037226075024254665,0.921875
4582,4,0.265625,0.31535543833754454,0.03705011736639361,0.921875
4583,4,0.434375,0.3272573945037901,0.03742716253593739,0.921875
4584,4,0.09375,0.30390665505341113,0.03668055893737689,0.921875
4585,4,0.0625,0.27976598954807,0.035879650358512566,0.921875
4586,4,0.015625,0.2533518905932631,0.034970672281736274,0.921875
4587,4,0.203125,0.24832920153393678,0.034794096649568514,0.921875
4588,4,0.171875,0.2406837813805431,0.03452309140595316,0.921875
4589,4,0.25,0.24161540324248879,0.03455625680039902,0.921875
4590,4,0.28125,0.24557886291823988,0.03469691365862128,0.921875
4591,4,0.234375,0.2444584766264159,0.03465722553528863,0.921875
4592,4,0.328125,0.2528251289637743,0.034952208596406124,0.921875
4593,4,0.28125,0.25566761606739685,0.03505168798492591,0.921875
4594,4,0.25,0.25510085446065717,0.03503188297338788,0.921875
4595,4,0.21875,0.25146576901459144,0.03490450163850652,0.921875
4596,4,0.140625,0.24038169211313232,0.03451232870690222,0.921875
4597,4,0.09375,0.2257185229018191,0.033985017510263005,0.921875
4598,4,0.125,0.21564667061163717,0.03361738062813172,0.921875
4599,4,0.26562501192092897,0.22064450474256633,0.0338003517749171,0.921875
4600,4,0.140625,0.21264255426830972,0.03350689157878709,0.921875
4601,4,0.265625,0.21794079884147874,0.03370150067843594,0.921875
4602,4,0.29687501192092897,0.22583422014942378,0.03398921525119695,0.921875
4603,4,0.25,0.2282507981344814,0.03407676047814774,0.921875
4604,4,0.140625,0.21948821832103327,0.03375811457198886,0.921875
4605,4,0.1875,0.21628939648892995,0.033640970264344754,0.921875
4606,4,0.3343749761581421,0.22809795445585118,0.03407123097497102,0.921875
4607,4,0.2406249761581421,0.22935065662608026,0.034116520430098767,0.921875
4608,4,0.203125,0.22672809096347224,0.03402162714095471,0.921875
4609,4,0.0625,0.21030528186712502,0.03342066749705279,0.921875
4610,4,0.11562497615814209,0.20083725129622673,0.033069083735189755,0.921875
4611,4,0.371875,0.21794102616660405,0.03370150900283672,0.921875
4612,4,0.203125,0.21645942354994363,0.03364720776058149,0.921875
4613,4,0.125,0.20731348119494925,0.0333099668966894,0.921875
4614,4,0.3656249761581421,0.22314463069126853,0.033891481144695604,0.921875
4615,4,0.340625,0.23489266762214167,0.034316053018797345,0.921875
4616,4,0.4281249761581421,0.2542158984757417,0.035000928896149225,0.921875
4617,4,0.615624976158142,0.29035680624398175,0.036234597553406626,0.921875
4618,4,0.32187498807907106,0.2935086244274907,0.03633915483136043,0.921875
4619,4,0.203125,0.2844702619847417,0.03603799620473904,0.921875
4620,4,0.465625,0.3025857357862675,0.036637491085949915,0.921875
4621,4,0.140625,0.2863896622076407,0.03610228987448052,0.921875
4622,4,0.125,0.2702506959868767,0.035556059967802194,0.921875
4623,4,0.203125,0.263538126388189,0.035325154050136094,0.921875
4624,4,0.109375,0.24812181374937012,0.03478678073711685,0.921875
4625,4,0.15625,0.2389346323744331,0.034460716377161665,0.921875
4626,4,0.15625,0.23066616913698978,0.034164006509745,0.921875
4627,4,0.1875,0.2263495522232908,0.03400790551633229,0.921875
4628,4,0.15625,0.21933959700096173,0.03375268154127781,0.921875
4629,4,0.1875,0.21615563730086554,0.03363606240759633,0.921875
4630,4,0.09375,0.20391507357077898,0.033183775607286234,0.921875
4631,4,0.35312498807907106,0.21883606502160818,0.033734267322718614,0.921875
4632,4,0.15625,0.21257745851944737,0.03350449322054313,0.921875
4633,4,0.21875,0.21319471266750264,0.03352722792750512,0.921875
4634,4,0.15625,0.20750024140075238,0.03331688806703077,0.921875
4635,4,0.125,0.19925021726067715,0.03300979563705734,0.921875
4636,4,0.2718749761581421,0.20651269315042364,0.03328027416364839,0.921875
4637,4,0.1875,0.20461142383538128,0.03320967118580169,0.921875
4638,4,0.615624976158142,0.24571277906765734,0.034701653610853804,0.921875
4639,4,0.34375,0.25551650116089164,0.03504640887007401,0.921875
4640,4,0.39062501192092897,0.2690273522368954,0.03551413912518539,0.921875
4641,4,0.45312501192092897,0.28743711820529877,0.03613729934299522,0.921875
4642,4,0.328125,0.2915059063847689,0.0362727748200014,0.921875
4643,4,0.32187498807907106,0.2945428145541992,0.03637335448405631,0.921875
4644,4,0.41562498807907106,0.30665103190668636,0.0367697547137504,0.921875
4645,4,0.1875,0.2947359287160177,0.036379734644152055,0.921875
4646,4,0.171875,0.28244983584441596,0.035970122018389776,0.921875
4647,4,0.15625,0.26982985225997436,0.035541646865289926,0.921875
4648,4,0.3125,0.2740968670339769,0.035687387805907814,0.921875
4649,4,0.5031250238418579,0.29699968271476496,0.036454385672500346,0.921875
4650,4,0.40625,0.3079247144432885,0.03681102087749132,0.921875
4651,4,0.359375,0.3130697429989597,0.03697687226562332,0.921875
4652,4,0.25,0.3067627686990637,0.036773378190590476,0.921875
4653,4,0.21875,0.2979614918291573,0.03648602497434662,0.921875
4654,4,0.140625,0.28222784264624157,0.03596265211975149,0.921875
4655,4,0.09375,0.26338005838161743,0.03531969071831514,0.921875
4656,4,0.234375,0.2604795525434557,0.03521922944284565,0.921875
4657,4,0.296875,0.2641190972891101,0.0353452240309868,0.921875
4658,4,0.41562498807907106,0.2792696863681062,0.03586288141447582,0.921875
4659,4,0.1875,0.27009271773129556,0.0355506505112495,0.921875
4660,4,0.15625,0.258708445958166,0.03515769001596813,0.921875
4661,4,0.140625,0.2469001013623494,0.03474364285692346,0.921875
4662,4,0.234375,0.2456475912261145,0.03469934639454965,0.921875
4663,4,0.3125,0.25233283210350305,0.03493494127504037,0.921875
4664,4,0.28125,0.25522454889315277,0.03503620665407276,0.921875
4665,4,0.5656250238418579,0.28626459638802326,0.036098106125979225,0.921875
4666,4,0.34375,0.2920131367492209,0.03628960589676329,0.921875
4667,4,0.375,0.3003118230742988,0.03656314450007323,0.921875
4668,4,0.32187498807907106,0.3024681395747761,0.03663365264004592,0.921875
4669,4,0.21875,0.2940963256172985,0.036358596102748504,0.921875
4670,4,0.109375,0.2756241930555686,0.035739339638682074,0.921875
4671,4,0.125,0.26056177375001177,0.03522208272803715,0.921875
4672,4,0.171875,0.2516930963750106,0.03491248570493645,0.921875
4673,4,0.26562501192092897,0.2530862879296024,0.03496136417498103,0.921875
4674,4,0.15625,0.2434026591366422,0.034619772230015014,0.921875
4675,4,0.35937501192092897,0.25499989441507087,0.035028353432223644,0.921875
4676,4,0.621875,0.29168740497356377,0.03627879883832865,0.921875
4677,4,0.4281249761581421,0.3053311620920216,0.036726905015364866,0.921875
4678,4,0.39062501192092897,0.31386054707491234,0.03700224391637688,0.921875
4679,4,0.4906249761581421,0.33153698998323533,0.03756094131801874,0.921875
4680,4,0.465625,0.3449457909849118,0.037973895520405865,0.921875
4681,4,0.371875,0.3476387118864206,0.03805569097669596,0.921875
4682,4,0.653125,0.37818734069777854,0.03895667939540806,0.921875
4683,4,0.28125,0.3684936066280007,0.03867615010567639,0.921875
4684,4,0.140625,0.3457067459652006,0.03799704769826581,0.921875
4685,4,0.171875,0.3283235713686805,0.03746058006224563,0.921875
4686,4,0.4593749761581421,0.3414287118476267,0.03786649184104635,0.921875
4687,4,0.23437501192092897,0.3307233418549569,0.0375355803927634,0.921875
4688,4,0.32812501192092897,0.3304635088615541,0.03752747428223033,0.921875
4689,4,0.25,0.3224171579753987,0.037274711245325665,0.921875
4690,4,0.265625,0.31673794217785883,0.03709428942813673,0.921875
4691,4,0.20312501192092897,0.30537664915216584,0.036728383230686265,0.921875
4692,4,0.125,0.28733898423694926,0.03613402168766628,0.921875
4693,4,0.09375,0.2679800858132544,0.03547819482751544,0.921875
4694,4,0.171875,0.25836957723192894,0.03514589871603983,0.921875
4695,4,0.15625,0.24815761950873605,0.03478804397996418,0.921875
4696,4,0.25,0.24834185755786245,0.03479454304550283,0.921875
4697,4,0.28125,0.2516326718020762,0.034910363740326356,0.921875
4698,4,0.840625,0.3105319046218686,0.036895233485187355,0.921875
4699,4,0.515625,0.33104121415968174,0.03754549239139675,0.921875
4700,4,0.9531250119209289,0.3932495939358064,0.03938261714493682,0.921875
4701,4,0.884374988079071,0.44236213335013286,0.04068732652390351,0.921875
4702,4,0.665624988079071,0.4646884188230267,0.04123818372694643,0.921875
4703,4,0.7968750119209289,0.4979070781328169,0.04200982099121743,0.921875
4704,4,0.809375,0.5290538703195352,0.04268245402805743,0.921875
4705,4,0.34375,0.5105234832875817,0.04228812486422768,0.921875
4706,4,0.29687501192092897,0.4891586361509164,0.04181210322205109,0.921875
4707,4,0.23437501192092897,0.46368027372791765,0.04121387292549294,0.921875
4708,4,0.32812501192092897,0.45012474754721876,0.04088182434254059,0.921875
4709,4,0.4281249761581421,0.4479247704083111,0.040827024921921654,0.921875
4710,4,0.203125,0.42344479336748,0.04019998451428842,0.921875
4711,4,0.09375,0.390475314030732,0.039305075543039227,0.921875
4712,4,0.21875,0.37330278262765876,0.0388159501760833,0.921875
4713,4,0.125,0.3484725043648929,0.0380809392694607,0.921875
4714,4,0.125,0.32612525392840364,0.03739161280451176,0.921875
4715,4,0.109375,0.30445022853556325,0.0366982561569295,0.921875
4716,4,0.1781249761581421,0.29181770329782114,0.03628312248352446,0.921875
4717,4,0.296875,0.29232343296803903,0.036299895910682826,0.921875
4718,4,0.140625,0.2771535896712351,0.03579124817733914,0.921875
4719,4,0.1875,0.2681882307041116,0.035485342974225946,0.921875
4720,4,0.078125,0.24918190763370043,0.03482415629659918,0.921875
4721,4,0.25,0.2492637168703304,0.0348270384776454,0.921875
4722,4,0.4281249761581421,0.2671498427991115,0.035449661806143125,0.921875
4723,4,0.23437501192092897,0.26387235971129325,0.03533670229949192,0.921875
4724,4,0.21875,0.25936012374016393,0.035180350631481984,0.921875
4725,4,0.34375,0.26779911136614754,0.03547197808309842,0.921875
4726,4,0.17187501192092897,0.2582067014216257,0.03514022935386746,0.921875
4727,4,0.203125,0.2526985312794631,0.03494776925687372,0.921875
4728,4,0.25,0.2524286781515168,0.0349383039603402,0.921875
4729,4,0.21875,0.24906081033636515,0.03481988941020249,0.921875
4730,4,0.109375,0.23509222930272863,0.034323212552689865,0.921875
4731,4,0.21875,0.23345800637245578,0.03426453049645628,0.921875
4732,4,0.2718749761581421,0.23729970335102443,0.03440228986957722,0.921875
4733,4,0.4593749761581421,0.2595072306317362,0.0351854631687312,0.921875
4734,4,0.2093749761581421,0.2544940051843768,0.035010660481348516,0.921875
4735,4,0.32812501192092897,0.261857105858032,0.03526699181901964,0.921875
4736,4,0.328125,0.2684838952722288,0.035495493160784646,0.921875
4737,4,0.4281249761581421,0.28444800336082016,0.03603724954531156,0.921875
4738,4,0.23437501192092897,0.27944070421683104,0.03586866107679779,0.921875
4739,4,0.1875,0.2702466337951479,0.035555920886193075,0.921875
4740,4,0.171875,0.2604094704156331,0.035216797162223486,0.921875
4741,4,0.21875,0.2562435233740698,0.035071797181329446,0.921875
4742,4,0.171875,0.24780667103666282,0.03477565981904306,0.921875
4743,4,0.15625,0.23865100393299654,0.03445058912836959,0.921875
4744,4,0.15625,0.2304109035396969,0.03415479813793124,0.921875
4745,4,0.1875,0.22611981318572721,0.033999574678687965,0.921875
4746,4,0.453125,0.24882033186715447,0.03481141409973345,0.921875
4747,4,0.234375,0.24737579868043902,0.03476044758056581,0.921875
4748,4,0.3125,0.2538882188123951,0.034989458008848125,0.921875
4749,4,0.25,0.2534993969311556,0.03497584025631711,0.921875
4750,4,0.3125,0.25939945723804003,0.03518171772369091,0.921875
4751,4,0.140625,0.24752201151423603,0.034765610679913996,0.921875
4752,4,0.39062501192092897,0.26183231155490533,0.035266132948166565,0.921875
4753,4,0.15625,0.2512740803994148,0.034897767393451816,0.921875
4754,4,0.09375,0.2355216723594733,0.03433861335499325,0.921875
4755,4,0.1781249761581421,0.22978200273934019,0.03413209912584926,0.921875
4756,4,0.2406249761581421,0.23086630008122036,0.034171223963057065,0.921875
4757,4,0.171875,0.22496717007309833,0.03395774268927315,0.921875
4758,4,0.653125,0.2677829530657885,0.035471422944773616,0.921875
4759,4,0.32812501192092897,0.27381715895130254,0.03567786129324188,0.921875
4760,4,0.17187501192092897,0.26362294424826516,0.035328085134438234,0.921875
4761,4,0.590625,0.2963231498234386,0.03643210284055375,0.921875
4762,4,0.17187501192092897,0.28387833603318763,0.03601813189042732,0.921875
4763,4,0.32812501192092897,0.28830300362196176,0.036166199039484835,0.921875
4764,4,0.1875,0.27822270325976556,0.035827466722384,0.921875
4765,4,0.1468749761581421,0.2650879305496032,0.03537865717609417,0.921875
4766,4,0.23437501192092897,0.2620166386867358,0.0352725173144425,0.921875
4767,4,0.078125,0.24362747481806224,0.0346277514361284,0.921875
4768,4,0.125,0.23176472733625603,0.03420360275986906,0.921875
4769,4,0.0625,0.21483825460263042,0.033587685011941634,0.921875
4770,4,0.109375,0.20429192914236738,0.033197792399372775,0.921875
4771,4,0.125,0.19636273622813066,0.03290166815088751,0.921875
4772,4,0.09375,0.1861014626053176,0.03251477324751891,0.921875
4773,4,0.0625,0.17374131634478585,0.03204344859287129,0.921875
4774,4,0.23437501192092897,0.17980468590240017,0.03227536714067123,0.921875
4775,4,0.140625,0.17588671731216016,0.03212566154784922,0.921875
4776,4,0.078125,0.16611054558094415,0.03174970069970512,0.921875
4777,4,0.109375,0.16043699102284972,0.0315299800918208,0.921875
4778,4,0.171875,0.16158079192056474,0.03157436481468081,0.921875
4779,4,0.2093749761581421,0.16636021034432247,0.031759344024783386,0.921875
4780,4,0.09375,0.15909918930989023,0.03147801115523621,0.921875
4781,4,0.078125,0.1510017703789012,0.03116218711186617,0.921875
4782,4,0.03125,0.13902659334101106,0.03069128248884391,0.921875
4783,4,0.015625,0.12668643400690996,0.030201532272124118,0.921875
4784,4,0.1781249761581421,0.1318302882220332,0.030406211304807668,0.921875
4785,4,0.215625,0.14020975939982985,0.03073800513470994,0.921875
4786,4,0.15625,0.14181378345984688,0.030801279693919895,0.921875
4787,4,0.0625,0.1338824051138622,0.030487657121564867,0.921875
4788,4,0.015625,0.12205666460247598,0.03001668296444622,0.921875
4789,4,0.03125,0.11297599814222839,0.029652479193589355,0.921875
4790,4,0.03125,0.10480339832800556,0.029322932596199388,0.921875
4791,4,0.278125,0.122135558495205,0.030019837757975867,0.921875
4792,4,0.278125,0.1377345026456845,0.03064021053228312,0.921875
4793,4,0.3125,0.15521105238111604,0.031326630992185724,0.921875
4794,4,0.21875,0.16156494714300446,0.03157375026783459,0.921875
4795,4,0.296875,0.17509595242870402,0.03209537839465824,0.921875
4796,4,0.234375,0.1810238571858336,0.03232183627403034,0.921875
4797,4,0.234375,0.18635897146725025,0.03252453205764741,0.921875
4798,4,0.3125,0.19897307432052522,0.0329994318556416,0.921875
4799,4,0.265625,0.2056382668884727,0.033247820976281886,0.921875
4800,4,0.265625,0.21163694019962542,0.033469821451091016,0.921875
4801,4,0.15625,0.20609824617966288,0.03326489640434541,0.921875
4802,4,0.2718749761581421,0.2126759191775108,0.03350812079172979,0.921875
4803,4,0.153125,0.20672082725975974,0.03328799417847916,0.921875
4804,4,0.109375,0.19698624453378374,0.03292504467126364,0.921875
4805,4,0.15625,0.19291262008040538,0.03277203999423187,0.921875
4806,4,0.265625,0.20018385807236483,0.03304468661901683,0.921875
4807,4,0.453125,0.22547797226512833,0.033976287961874706,0.921875
4808,4,0.328125,0.2357426750386155,0.03434653580439733,0.921875
4809,4,0.328125,0.24498090753475396,0.034675739061186706,0.921875
4810,4,0.359375,0.2564203167812786,0.035077967232851885,0.921875
4811,4,0.359375,0.26671578510315075,0.03543473136453083,0.921875
4812,4,0.296875,0.2697317065928357,0.03553828433503901,0.921875
4813,4,0.09375,0.25213353593355214,0.034927947754503516,0.921875
4814,4,0.140625,0.24098268234019693,0.03453373645102356,0.921875
4815,4,0.0,0.21688441410617723,0.03366279332405921,0.921875
4816,4,0.078125,0.20300847269555952,0.03315003182942587,0.921875
4817,4,0.109375,0.19364512542600357,0.03279960079648058,0.921875
4818,4,0.140625,0.18834311288340322,0.032599640301465276,0.921875
4819,4,0.015625,0.1710713015950629,0.031940900745490365,0.921875
4820,4,0.496875,0.2036516714355566,0.03317397518673727,0.921875
4821,4,0.32812501192092897,0.21609900548409383,0.03363398426014743,0.921875
4822,4,0.39062501192092897,0.23355160612777734,0.03426789470442953,0.921875
4823,4,0.4093750238418579,0.2511339478991854,0.034892843296877585,0.921875
4824,4,0.265625,0.2525830531092669,0.034943719189787,0.921875
4825,4,0.29687501192092897,0.25701224899043307,0.03509861486697157,0.921875
4826,4,0.15625,0.24693602409138976,0.03474491224416168,0.921875
4827,4,0.203125,0.2425549216822508,0.03458966346284019,0.921875
4828,4,0.234375,0.24173692951402573,0.03456058019175847,0.921875
4829,4,0.21875,0.23943823656262317,0.03447868916070581,0.921875
4830,4,0.621875,0.2776819129063608,0.035809153249487156,0.921875
4831,4,0.25,0.2749137216157247,0.03571518712761176,0.921875
4832,4,0.25,0.2724223494541522,0.03563029919896679,0.921875
4833,4,0.203125,0.265492614508737,0.03539260902237395,0.921875
4834,4,0.21875,0.26081835305786333,0.035230984627335205,0.921875
4835,4,0.1875,0.253486517752077,0.034975389066809096,0.921875
4836,4,0.25,0.25313786597686927,0.03496317199658957,0.921875
4837,4,0.29062498807907106,0.25688657818708943,0.03509423262363972,0.921875
4838,4,0.21875,0.25307292036838047,0.034960895618886774,0.921875
4839,4,0.34375,0.2621406283315424,0.03527681092105747,0.921875
4840,4,0.3125,0.26717656549838814,0.03545058070172682,0.921875
4841,4,0.35937501192092897,0.2763964101406422,0.03576556334207719,0.921875
4842,4,0.234375,0.27219426912657796,0.03562251284851352,0.921875
4843,4,0.171875,0.26216234221392015,0.03527756277064829,0.921875
4844,4,0.09375,0.24532110799252813,0.034687788132060894,0.921875
4845,4,0.3031249761581421,0.25110149480908955,0.03489170280240282,0.921875
4846,4,0.109375,0.2369288453281806,0.03438902003440401,0.921875
4847,4,0.171875,0.23042346079536252,0.034155251191596535,0.921875
4848,4,0.109375,0.21831861471582625,0.03371533285643754,0.921875
4849,4,0.234375,0.21992425324424364,0.033774048909490206,0.921875
4850,4,0.3343749761581421,0.2313693255356335,0.034189357099128466,0.921875
4851,4,0.203125,0.22854489298207015,0.034087397218810066,0.921875
4852,4,0.15625,0.22131540368386313,0.033824832346956456,0.921875
4853,4,0.25,0.22418386331547682,0.03392928183974947,0.921875
4854,4,0.23437501192092897,0.22520297817602203,0.03396630538636224,0.921875
4855,4,0.29687501192092897,0.2323701815505127,0.034225402860290625,0.921875
4856,4,0.171875,0.22632066339546142,0.034006858070849875,0.921875
4857,4,0.3031249761581421,0.23400109467172947,0.03428404501802281,0.921875
4858,4,0.15625,0.22622598520455653,0.034003424992785594,0.921875
4859,4,0.171875,0.22079088668410088,0.033805694781922704,0.921875
4860,4,0.2718749761581421,0.22589929563150501,0.03399157607161872,0.921875
4861,4,0.140625,0.2173718660683545,0.03368066009953642,0.921875
4862,4,0.125,0.2081346794615191,0.03334038907861716,0.921875
4863,4,0.11562497615814209,0.1988837091311814,0.03299608938413396,0.921875
4864,4,0.125,0.19149533821806325,0.03271865483628244,0.921875
4865,4,0.184375,0.19078330439625693,0.032691805021264085,0.921875
4866,4,0.125,0.1842049739566312,0.032442824644845006,0.921875
4867,4,0.078125,0.1735969765609681,0.03203791144142514,0.921875
4868,4,0.3343749761581421,0.18967477652068548,0.03264996494340299,0.921875
4869,4,0.0625,0.17695729886861694,0.03216662431433911,0.921875
4870,4,0.078125,0.16707406898175525,0.031786904902811164,0.921875
4871,4,0.03125,0.15349166208357973,0.031259529302393965,0.921875
4872,4,0.340625,0.17220499587522176,0.031984473965699804,0.921875
4873,4,0.2718749761581421,0.1821719939035138,0.03236554736750736,0.921875
4874,4,0.203125,0.18426729451316243,0.032445191109045576,0.921875
4875,4,0.15625,0.1814655650618462,0.032338658495891674,0.921875
4876,4,0.171875,0.18050650855566158,0.03230212408747679,0.921875
4877,4,0.078125,0.17026835770009544,0.03191001213903656,0.921875
4878,4,0.1875,0.17199152193008588,0.03197627266132832,0.921875
4879,4,0.109375,0.1657298697370773,0.031734992889122446,0.921875
4880,4,0.1468749761581421,0.16384438037918375,0.03166207107421393,0.921875
4881,4,0.21875,0.1693349423412654,0.031874075673373824,0.921875
4882,4,0.125,0.16490144810713886,0.031702968583913395,0.921875
4883,4,0.1875,0.16716130329642498,0.031790271653424775,0.921875
4884,4,0.3656249761581421,0.18700767058259668,0.0325491046200762,0.921875
4885,4,0.125,0.18080690352433704,0.03231357104527291,0.921875
4886,4,0.046875,0.16741371317190334,0.03180001174731732,0.921875
4887,4,0.046875,0.15535984185471302,0.03133243315694002,0.921875
4888,4,0.046875,0.14451135766924172,0.0309075146397726,0.921875
4889,4,0.0625,0.13631022190231756,0.030583856038749403,0.921875
4890,4,0.1468749761581421,0.13736669732790002,0.03062566334155626,0.921875
4891,4,0.125,0.13613002759511,0.030576722021562225,0.921875
4892,4,0.684375,0.190954524835599,0.032698263301502155,0.921875
4893,4,0.44687498807907106,0.2165465711599462,0.03365040432418402,0.921875
4894,4,0.203125,0.21520441404395158,0.03360113859012715,0.921875
4895,4,0.359375,0.2296214726395564,0.03412630230164973,0.921875
4896,4,0.5781250119209289,0.26447182656769364,0.035357401428553745,0.921875
4897,4,0.7656250119209289,0.31458714510301716,0.0370255273361584,0.921875
4898,4,0.4718750238418579,0.33031593297690126,0.03752286873328849,0.921875
4899,4,0.34375,0.33165933967921113,0.037564751898339487,0.921875
4900,4,0.29687501192092897,0.3281809069033829,0.037456111909997855,0.921875
4901,4,0.34375,0.3297378162130446,0.037504815931723445,0.921875
4902,4,0.203125,0.3170765345917402,0.037105092725956704,0.921875
4903,4,0.684375,0.35380638113256613,0.03824158699812578,0.921875
4904,4,0.171875,0.3356132430193095,0.03768747533298737,0.921875
4905,4,0.171875,0.3192394187173786,0.03717396342287935,0.921875
4906,4,0.171875,0.30450297684564076,0.036699972694971925,0.921875
4907,4,0.34375,0.30842767916107666,0.03682729371324968,0.921875
4908,4,0.265625,0.30414741124496897,0.03668839912967292,0.921875
4909,4,0.171875,0.2909201701204721,0.03625332276591369,0.921875
4910,4,0.28125,0.2899531531084249,0.036221171119478944,0.921875
4911,4,0.32812501192092897,0.2937703389896753,0.036347814536008015,0.921875
4912,4,0.296875,0.2940808050907078,0.036358082902957674,0.921875
4913,4,0.328125,0.29748522458163695,0.0364703636875387,0.921875
4914,4,0.375,0.30523670212347326,0.03672383496753852,0.921875
4915,4,0.390625,0.31377553191112595,0.036999517883293996,0.921875
4916,4,0.265625,0.30896047872001337,0.03684451774773669,0.921875
4917,4,0.375,0.315564430848012,0.037056801143495126,0.921875
4918,4,0.28125,0.3121329877632108,0.0369467765311444,0.921875
4919,4,0.1875,0.2996696889868897,0.03654210233045386,0.921875
4920,4,0.109375,0.2806402200882008,0.03590915924127289,0.921875
4921,4,0.234375,0.2760136980793807,0.03575257046016384,0.921875
4922,4,0.17187501192092897,0.26559982946353555,0.035396304044776845,0.921875
4923,4,0.078125,0.246852346517182,0.03474195527116233,0.921875
4924,4,0.234375,0.24560461186546378,0.03469782510445202,0.921875
4925,4,0.21875,0.24291915067891742,0.034602603649729856,0.921875
4926,4,0.23437501192092897,0.24206473680311857,0.03457223885008529,0.921875
4927,4,0.15625,0.23348326312280673,0.03426543832519824,0.921875
4928,4,0.2406249761581421,0.23419743442634025,0.034291096770001694,0.921875
4929,4,0.09375,0.2201526909837062,0.03378239363080174,0.921875
4930,4,0.1875,0.21688742188533558,0.03366290360028301,0.921875
4931,4,0.15625,0.21082367969680202,0.03343981127287717,0.921875
4932,4,0.203125,0.21005381172712184,0.03341137700718931,0.921875
4933,4,0.125,0.20154843055440969,0.0330956190427892,0.921875
4934,4,0.171875,0.19858108749896872,0.032984768247707075,0.921875
4935,4,0.25,0.20372297874907183,0.033176628600509225,0.921875
4936,4,0.29687501192092897,0.21303818206625752,0.03352146410009434,0.921875
4937,4,0.4281249761581421,0.23454686147544598,0.0343036425730469,0.921875
4938,4,0.15625,0.2267171753279014,0.0340212315482701,0.921875
4939,4,0.20312501192092897,0.22435795898720415,0.03393560976948783,0.921875
4940,4,0.3343749761581421,0.23535966070429792,0.034332804216083916,0.921875
4941,4,0.11562497615814209,0.22338619224968234,0.033900271785146284,0.921875
4942,4,0.234375,0.2244850730247141,0.03394022920879647,0.921875
4943,4,0.328125,0.23484906572224268,0.03431448850783639,0.921875
4944,4,0.265625,0.2379266591500184,0.03442470922198223,0.921875
4945,4,0.1875,0.23288399323501655,0.03424389053273276,0.921875
4946,4,0.125,0.2220955939115149,0.033853276574823815,0.921875
4947,4,0.11562497615814209,0.21144853213617762,0.03346287144224105,0.921875
4948,4,0.03125,0.19342867892255985,0.03279145909336186,0.921875
4949,4,0.015625,0.17564831103030387,0.032116533925615504,0.921875
4950,4,0.015625,0.15964597992727347,0.031499259349831325,0.921875
4951,4,0.046875,0.14836888193454614,0.031059037685798953,0.921875
4952,4,0.125,0.14603199374109155,0.030967300659089755,0.921875
4953,4,0.15625,0.1470537943669824,0.031007433668018825,0.921875
4954,4,0.109375,0.14328591493028417,0.030859282407762534,0.921875
4955,4,0.171875,0.14614482343725574,0.03097173384964157,0.921875
4956,4,0.375,0.16903034109353016,0.031862341870955393,0.921875
4957,4,0.359375,0.18806480698417713,0.032589114300713005,0.921875
4958,4,0.20312501192092897,0.1895708274778523,0.03264603907867298,0.921875
4959,4,0.296875,0.20030124473006705,0.03304907099298902,0.921875
4960,4,0.25,0.20527112025706035,0.033234185496913884,0.921875
4961,4,0.553124976158142,0.2400565058471685,0.03450073850906297,0.921875
4962,4,0.359375,0.25198835526245167,0.03492285204425844,0.921875
4963,4,0.684375,0.29522701973620646,0.03639595102590403,0.921875
4964,4,0.20312501192092897,0.28601681895467873,0.03608981509617602,0.921875
4965,4,0.171875,0.27460263705921084,0.03570460407001875,0.921875
4966,4,0.08437497615814209,0.25557987096910395,0.03504862278906148,0.921875
4967,4,0.046875,0.23470938387219356,0.034309475913052105,0.921875
4968,4,0.03125,0.21436344548497419,0.03357023098317165,0.921875
4969,4,0.078125,0.20073960093647678,0.03306543864714894,0.921875
4970,4,0.078125,0.1884781408428291,0.03260474621860798,0.921875
4971,4,0.03125,0.17275532675854618,0.03200560921573572,0.921875
4972,4,0.015625,0.15704229408269157,0.031397990874688135,0.921875
4973,4,0.03125,0.1444630646744224,0.030905614753134414,0.921875
4974,4,0.09375,0.13939175820698016,0.0307057071616472,0.921875
4975,4,0.140625,0.13951508238628216,0.030710577785216304,0.921875
4976,4,0.0625,0.13181357414765396,0.03040554744799423,0.921875
4977,4,0.09375,0.12800721673288856,0.03025415836325524,0.921875
4978,4,0.140625,0.1292689950595997,0.030304387994071747,0.921875
4979,4,0.25,0.14134209555363975,0.03078268094768588,0.921875
4980,4,0.140625,0.1412703859982758,0.030779852833004898,0.921875
4981,4,0.125,0.1396433473984482,0.03071564305919235,0.921875
4982,4,0.265625,0.15224151265860336,0.031210679862027902,0.921875
4983,4,0.265625,0.16357986139274303,0.031651830927179464,0.921875
4984,4,0.265625,0.1737843752534687,0.03204510027002203,0.921875
4985,4,0.21875,0.17828093772812184,0.03221721167596239,0.921875
4986,4,0.234375,0.18389034395530965,0.032430875139037786,0.921875
4987,4,0.32187498807907106,0.19768880836768576,0.03295136668463613,0.921875
4988,4,0.265625,0.2044824275309172,0.03320487561350679,0.921875
4989,4,0.265625,0.21059668477782548,0.033431430010676576,0.921875
4990,4,0.234375,0.21297451630004294,0.033519119482504724,0.921875
4991,4,0.203125,0.21198956467003865,0.03348282511133307,0.921875
4992,4,0.09375,0.20016560820303478,0.033044004939554894,0.921875
4993,4,0.2406249761581421,0.2042115449985455,0.03319480307006852,0.921875
4994,4,0.234375,0.20722789049869095,0.033306794501447176,0.921875
4995,4,0.2718749761581421,0.21369259906463606,0.03354555446135791,0.921875
4996,4,0.125,0.20482333915817247,0.03321754788918988,0.921875
4997,4,0.109375,0.1952785052423552,0.03286098169512096,0.921875
4998,4,0.109375,0.18668815471811967,0.032537003439842484,0.921875
