step,task_id,gap,gap_ema,mu,best_mem
6,0,0.05000002384185791,0.00500000238418579,0.010049999607178764,0.5
7,0,0.08749998807907104,0.013250000953674314,0.01013249225606914,0.5625
8,0,0.0,0.011925000858306884,0.010119244356229773,0.5625
9,0,0.05000002384185791,0.015732503156661984,0.010157312052925223,0.5625
10,0,0.08125002384185791,0.022284255225181574,0.010222805672595986,0.5625
11,0,0.0,0.020055829702663418,0.010200531410743032,0.5625
12,0,0.0625,0.024300246732397075,0.010242954647472083,0.5625
13,0,0.03125,0.024995222059157367,0.01024990018011977,0.5625
14,0,0.046875,0.02718319985324163,0.010271765063707096,0.5625
15,0,0.17500002384185792,0.04196488225210325,0.010419402654884367,0.5625
16,0,0.0,0.03776839402689293,0.01037750446005746,0.5625
17,0,0.046875,0.03867905462420364,0.010386597773119042,0.5625
18,0,0.15625,0.05043614916178327,0.010503934260544294,0.5625
19,0,0.0625,0.05164253424560494,0.01051596673792663,0.5625
20,0,0.03125,0.049603280821044454,0.010495626381036901,0.5625
21,0,0.21249998807907106,0.06589295154684711,0.010657977504313498,0.5625
22,0,0.1375,0.07305365639216241,0.010729239747425779,0.5625
23,0,0.1375,0.07949829075294616,0.01079331237227734,0.5625
24,0,0.3625000238418579,0.10779846406183734,0.011073828381998961,0.5625
25,0,0.140625,0.1110811176556536,0.011106264842340683,0.5625
26,0,0.08125002384185791,0.10809800827427403,0.011076789188133138,0.5625
27,0,0.078125,0.10510070744684663,0.01104715423356179,0.5625
28,0,0.046875,0.09927813670216197,0.010989532508078785,0.5625
29,0,0.14375002384185792,0.10372532541613157,0.01103354927743644,0.5625
30,0,0.0,0.0933527928745184,0.010930825529688227,0.5625
31,0,0.03125,0.08714251358706657,0.010869226001027948,0.5625
32,0,0.33749998807907106,0.11217826103626702,0.01111710068580914,0.5625
33,0,0.4250000238418579,0.1434604373168261,0.011424842910183275,0.5625
34,0,0.0,0.12911439358514348,0.011284016774373292,0.59375
35,0,0.11250002384185791,0.12745295661081493,0.011267672853959328,0.59375
36,0,0.27499998807907106,0.14220765975764055,0.011412567285859303,0.59375
37,0,0.0,0.1279868937818765,0.011272926066195203,0.671875
38,0,0.10312498807907104,0.12550070321159595,0.011248459315414896,0.671875
39,0,0.0,0.11295063289043636,0.011124727359431244,0.703125
40,0,0.0,0.10165556960139273,0.01101306846359628,0.71875
41,0,0.06250001192092895,0.09774001383334635,0.010974299581999785,0.71875
42,0,0.0,0.08796601245001172,0.01087739818306699,0.765625
43,0,0.1468749761581421,0.09385690882082476,0.010935822775806387,0.765625
44,0,0.0,0.08447121793874228,0.010842708781196028,0.859375
45,0,0.11562497615814209,0.08758659376068226,0.010873633079710425,0.859375
46,0,0.090625,0.08789043438461404,0.01087664821564911,0.859375
47,0,0.021874976158142087,0.08128888856196684,0.010811103113881,0.859375
48,0,0.0,0.07315999970577015,0.010730297517117335,0.890625
49,0,0.215625,0.08740649973519314,0.010871845856757384,0.890625
50,0,0.3031249761581421,0.10897834737748803,0.011085489679049378,0.890625
51,0,0.184375,0.11651801263973922,0.011159935603172593,0.890625
52,0,0.0,0.10486621137576531,0.011044834929186467,0.90625
53,0,0.1937499761581421,0.11375458785400298,0.011132664488419609,0.90625
54,0,0.015625,0.10394162906860269,0.011035689160010822,0.90625
55,0,0.03125,0.09667246616174242,0.010963724347354707,0.90625
56,0,0.04375,0.09138021954556819,0.010911267141495684,0.90625
57,0,0.028124999999999997,0.08505469759101136,0.010848501855934299,0.921875
58,0,0.046875,0.08123672783191023,0.010810584935981813,0.921875
59,0,0.090625,0.0821755550487192,0.010819910810262949,0.921875
60,0,0.03125,0.07708299954384729,0.010769306912255527,0.921875
61,0,0.015625,0.07093719958946255,0.010708184512347922,0.921875
62,0,0.140625,0.07790597963051629,0.010777487486655636,0.921875
63,0,0.09375,0.07949038166746467,0.010793233779127174,0.921875
64,0,0.1781249761581421,0.0893538411165324,0.01089116794530034,0.921875
65,0,0.015625,0.08198095700487916,0.010817977880934686,0.921875
66,0,0.078125,0.08159536130439124,0.010814147603047743,0.921875
67,0,0.278125,0.1012483251739521,0.01100903764905646,0.921875
68,0,0.1468749761581421,0.1058109902723711,0.01105417865339257,0.921875
69,0,0.0625,0.10147989124513399,0.011011329679110886,0.921875
70,0,0.046875,0.09601940212062059,0.010957253954911301,0.921875
71,0,0.03125,0.08954246190855854,0.010893039141853095,0.921875
72,0,0.11562497615814209,0.09215071333351689,0.010918907559004527,0.921875
73,0,0.0,0.0829356420001652,0.010827460110719191,0.921875
74,0,0.03125,0.07776707780014869,0.010776106849882915,0.921875
75,0,0.0,0.06999037002013382,0.010698763073632982,0.96875
76,0,0.2,0.08299133301812045,0.010828013205239781,0.96875
77,0,0.125,0.0871921997163084,0.010869719106135737,0.96875
78,0,0.1937499761581421,0.09784797736049178,0.010975368957476176,0.96875
79,0,0.09375,0.0974381796244426,0.010971309803983382,0.96875
80,0,0.15625,0.10331936166199834,0.011029532837619498,0.96875
81,0,0.140625,0.1070499254957985,0.011066428717469642,0.96875
82,0,0.125,0.10884493294621865,0.01108417123571106,0.96875
83,0,0.09375,0.10733543965159678,0.011069251302334349,0.96875
84,0,0.078125,0.10441439568643711,0.011040365885442374,0.96875
85,0,0.2,0.1139729561177934,0.011134820102612318,0.96875
86,0,0.0625,0.10882566050601405,0.011083980776246257,0.96875
87,0,0.046875,0.10263059445541264,0.011022717688407506,0.96875
88,0,0.2,0.11236753500987137,0.01111896976624033,0.96875
89,0,0.10625,0.11175578150888424,0.011112928415681607,0.96875
90,0,0.09375,0.10995520335799581,0.011095142110519476,0.96875
91,0,0.0625,0.10520968302219624,0.011048232027491419,0.96875
92,0,0.109375,0.10562621471997663,0.011052351396267947,0.96875
93,0,0.09375,0.10443859324797897,0.011040605241405066,0.96875
94,0,0.1624999761581421,0.11024473153899528,0.01109800257738737,0.96875
95,0,0.03125,0.10234525838509576,0.011019894090151442,0.96875
96,0,0.09375,0.10148573254658617,0.011011387494650115,0.96875
97,0,0.1624999761581421,0.10758715690774176,0.011071739629077877,0.96875
98,0,0.2,0.11682844121696759,0.011162998011944503,0.96875
99,0,0.075,0.11264559709527082,0.011121715485623943,0.96875
100,0,0.046875,0.10606853738574373,0.011056725434303733,0.96875
101,0,0.078125,0.10327418364716937,0.011029085843981299,0.96875
102,0,0.1312499761581421,0.10607176289826664,0.011056757329235221,0.96875
103,0,0.075,0.10296458660843998,0.011026022562968743,0.96875
104,0,0.2874999761581421,0.12141812556341018,0.011208249598946531,0.96875
105,0,0.109375,0.12021381300706917,0.011196380565673297,0.96875
106,0,0.1312499761581421,0.12131742932217646,0.011207257324777824,0.96875
107,0,0.16875,0.12606068638995882,0.011253971479442848,0.96875
108,0,0.078125,0.12126711775096294,0.011206761538816572,0.96875
109,0,0.046875,0.11382790597586664,0.011133388257433093,0.96875
110,0,0.10625,0.11307011537827998,0.011125907053777011,0.96875
111,0,0.16875,0.11863810384045198,0.01118084609380819,0.96875
112,0,0.0625,0.11302429345640677,0.011125454640916963,0.96875
113,0,0.075,0.10922186411076609,0.01108789608944412,0.96875
114,0,0.0625,0.10454967769968948,0.01104170404433322,0.96875
115,0,0.0625,0.10034470992972053,0.011000092685679808,0.96875
116,0,0.015625,0.09187273893674847,0.01091615121661254,0.96875
117,0,0.04375,0.08706046504307363,0.010868411708991674,0.96875
118,0,0.109375,0.08929191853876628,0.010890553633902664,0.96875
119,0,0.09375,0.08973772668488965,0.010894976183078704,0.96875
120,0,0.015625,0.08232645401640068,0.010821409637144857,0.96875
121,0,0.109375,0.08503130861476062,0.01084826964961298,0.96875
122,0,0.075,0.08402817775328456,0.010838309678244258,0.96875
123,0,0.0,0.07562535997795611,0.010754815169734479,0.984375
124,0,0.0625,0.07431282398016051,0.010741763305380181,0.984375
125,0,0.0,0.06688154158214446,0.010667819961774759,0.984375
126,0,0.03125,0.06331838742393002,0.0106323390382982,0.984375
127,0,0.03125,0.06011154868153702,0.010600392508537755,0.984375
128,0,0.0625,0.06035039381338332,0.010602772316006051,0.984375
129,0,0.03125,0.057440354432044996,0.010573772649006353,0.984375
130,0,0.078125,0.0595088189888405,0.010594386721671416,0.984375
131,0,0.046875,0.05824543708995645,0.010581796598665056,0.984375
132,0,0.121875,0.0646083933809608,0.010645186461519273,0.984375
133,0,0.015625,0.059710054042864724,0.010596391938654491,0.984375
134,0,0.046875,0.05842654863857825,0.010583601564717009,0.984375
135,0,0.059375,0.058521393774720425,0.010584546780505709,0.984375
136,0,0.046875,0.05735675439724838,0.010572939396902417,0.984375
137,0,0.153125,0.06693357895752354,0.010668338012946685,0.984375
138,0,0.03125,0.06336522106177118,0.010632805500639391,0.984375
139,0,0.2718749761581421,0.08421619657140827,0.010840176623708014,0.984375
140,0,0.25,0.10079457691426745,0.01100454615982109,0.984375
141,0,0.265625,0.11727761922284069,0.011167428806026695,0.984375
142,0,0.234375,0.1289873573005566,0.011282767335614221,0.984375
143,0,0.2093749761581421,0.13702611918631513,0.01136174903646806,0.984375
144,0,0.278125,0.15113600726768361,0.011499956709733885,0.984375
145,0,0.046875,0.14070990654091528,0.011397885512120511,0.984375
146,0,0.03125,0.12976391588682373,0.011290404377085419,0.984375
147,0,0.109375,0.12772502429814137,0.011270349717316693,0.984375
148,0,0.015625,0.11651502186832723,0.011159906097841756,0.984375
149,0,0.0625,0.1111135196814945,0.011106584896020856,0.984375
150,0,0.090625,0.10906466771334505,0.011086342703392772,0.984375
151,0,0.153125,0.11347070094201055,0.011129861949930498,0.984375
152,0,0.09375,0.11149863084780949,0.011110388687371534,0.984375
153,0,0.184375,0.11878626776302854,0.011182307047522315,0.984375
154,0,0.059375,0.11284514098672568,0.011123685772888154,0.984375
155,0,0.078125,0.10937312688805312,0.01108939079038859,0.984375
156,0,0.015625,0.0999983141992478,0.010996663255701776,0.984375
157,0,0.03125,0.09312348277932303,0.010928552248509442,0.984375
158,0,0.0625,0.09006113450139072,0.010898184263880561,0.984375
159,0,0.015625,0.08261752105125164,0.010824300599598791,0.984375
160,0,0.1468749761581421,0.0890432665619407,0.010888086779794312,0.984375
161,0,0.078125,0.08795143990574664,0.010877253579274096,0.984375
162,0,0.1781249761581421,0.09696879353098618,0.010966660015287448,0.984375
163,0,0.078125,0.09508441417788757,0.010947988925174474,0.984375
164,0,0.090625,0.09463847276009882,0.010943569400452451,0.984375
165,0,0.109375,0.09611212548408894,0.010958172683821162,0.984375
166,0,0.125,0.09900091293568004,0.010986787340224955,0.984375
167,0,0.1468749761581421,0.10378831925792625,0.011034172482641998,0.984375
168,0,0.1468749761581421,0.10809698494794784,0.011076779073520886,0.984375
169,0,0.09375,0.10666228645315305,0.011062596253838684,0.984375
170,0,0.125,0.10849605780783775,0.01108072336178971,0.984375
171,0,0.2406249761581421,0.12170894964286819,0.01121111528251326,0.984375
172,0,0.09375,0.11891305467858136,0.011183557175023185,0.984375
173,0,0.09375,0.11639674921072322,0.011158739267456282,0.984375
174,0,0.078125,0.1125695742896509,0.011120964816704089,0.984375
175,0,0.109375,0.11225011686068583,0.011117810271367738,0.984375
176,0,0.090625,0.11008760517461724,0.011096450230280745,0.984375
177,0,0.015625,0.10064134465715552,0.011003029276778707,0.984375
178,0,0.03125,0.09370221019143997,0.010934289315277974,0.984375
179,0,0.059375,0.09026948917229598,0.010900250963183358,0.984375
180,0,0.0625,0.08749254025506639,0.010872699715478187,0.984375
181,0,0.046875,0.08343078622955975,0.010832377449100107,0.984375
182,0,0.0625,0.08133770760660378,0.01081158809065897,0.984375
183,0,0.153125,0.08851643684594339,0.010882859789523566,0.984375
184,0,0.153125,0.09497729316134905,0.010946927331016385,0.984375
185,0,0.125,0.09797956384521414,0.010976672287179036,0.984375
186,0,0.078125,0.09599410746069273,0.010957003325543776,0.984375
187,0,0.0625,0.09264469671462347,0.010923805458572107,0.984375
188,0,0.078125,0.09119272704316113,0.010909407754248406,0.984375
189,0,0.1468749761581421,0.09676095195465922,0.010964600979558663,0.984375
190,0,0.09375,0.0964598567591933,0.01096161795661072,0.984375
191,0,0.153125,0.10212637108327396,0.011017727937116148,0.984375
192,0,0.078125,0.09972623397494657,0.010993969407228446,0.984375
193,0,0.0625,0.09600361057745191,0.010957097486277682,0.984375
194,0,0.121875,0.09859074951970673,0.010982725481523748,0.984375
195,0,0.2718749761581421,0.11591917218355027,0.01115402735994603,0.984375
196,0,0.078125,0.11213975496519525,0.011116720428689221,0.984375
197,0,0.046875,0.10561327946867573,0.011052223476086762,0.984375
198,0,0.0,0.09505195152180816,0.010947667214987479,1.0
199,0,0.078125,0.09335925636962734,0.010930889604580175,1.0
200,0,0.140625,0.09808583073266461,0.010977724808446762,1.0
201,0,0.09375,0.09765224765939814,0.010973430244117758,1.0
202,0,0.125,0.10038702289345833,0.011000511581463531,1.0
203,0,0.23125,0.11347332060411248,0.011129887812120933,1.0
204,0,0.1375,0.11587598854370124,0.0111536012725315,1.0
205,0,0.0625,0.1105383896893311,0.011100903661555252,1.0
206,0,0.075,0.10698455072039799,0.011065782400089043,1.0
207,0,0.10625,0.10691109564835818,0.011065056187388424,1.0
208,0,0.03125,0.09934498608352237,0.01099019445179115,1.0
209,0,0.10625,0.10003548747517013,0.010997031294535838,1.0
210,0,0.015625,0.09159443872765312,0.010913391502886153,1.0
211,0,0.075,0.0899349948548878,0.01089693302937252,1.0
212,0,0.046875,0.08562899536939902,0.010854203208389963,1.0
213,0,0.1375,0.09081609583245913,0.010905672462627199,1.0
214,0,0.16875,0.09860948624921322,0.01098291103897865,1.0
215,0,0.09375,0.09812353762429189,0.010978098271411543,1.0
216,0,0.03125,0.09143618386186271,0.01091182213450718,1.0
217,0,0.125,0.09479256547567644,0.010945096586159121,1.0
218,0,0.109375,0.0962508089281088,0.010959546767537201,1.0
219,0,0.0625,0.09287572803529792,0.010926096006256707,1.0
220,0,0.0625,0.08983815523176814,0.010895972415440354,1.0
221,0,0.046875,0.08554183970859132,0.010853338004769902,1.0
222,0,0.03125,0.08011265573773219,0.010799417059101226,1.0
223,0,0.078125,0.07991389016395897,0.010797442074472174,1.0
224,0,0.03125,0.07504750114756308,0.010749069254719013,1.0
225,0,0.046875,0.07223025103280677,0.010721048991785047,1.0
226,0,0.03125,0.0681322259295261,0.010680269980433293,1.0
227,0,0.015625,0.06288150333657348,0.010627987546414083,1.0
228,0,0.140625,0.07065585300291613,0.01070538510102259,1.0
229,0,0.16875,0.08046526770262452,0.010802920545557837,1.0
230,0,0.03125,0.07554374093236207,0.010754003624492619,1.0
231,0,0.075,0.07548936683912587,0.01075346297262813,1.0
232,0,0.10625,0.07856543015521328,0.01078404179199054,1.0
233,0,0.015625,0.07227138713969194,0.010721458212925757,1.0
234,0,0.075,0.07254424842572274,0.01072417256980118,1.0
235,0,0.10625,0.07591482358315046,0.010757693250751012,1.0
236,0,0.09375,0.07769834122483542,0.010775423620777585,1.0
237,0,0.03125,0.07305350710235188,0.01072923826246675,1.0
238,0,0.10625,0.07637315639211668,0.01076225010742946,1.0
239,0,0.015625,0.07029834075290502,0.010701827677632135,1.0
240,0,0.078125,0.07108100667761452,0.010709615356358232,1.0
241,0,0.03125,0.06709790600985308,0.010669973925398573,1.0
242,0,0.03125,0.06351311540886777,0.010634278507991313,1.0
243,0,0.03125,0.06028680386798099,0.010602138724566185,1.0
244,0,0.0625,0.060508123481182896,0.010604343866867035,1.0
245,0,0.0625,0.06070731113306461,0.010606328444509015,1.0
246,0,0.078125,0.06244908001975815,0.010623680249954349,1.0
247,0,0.03125,0.05932917201778233,0.01059259657971299,1.0
248,0,0.0625,0.0596462548160041,0.010595756213200093,1.0
249,0,0.10625,0.06430662933440369,0.010642181324034961,1.0
250,0,0.1375,0.07162596640096332,0.010715037301719615,1.0
251,0,0.16875,0.08133836976086699,0.010811594668586786,1.0
252,0,0.1624999761581421,0.08945453040059449,0.010892166832629812,1.0
253,0,0.109375,0.09144657736053505,0.010911925205260362,1.0
254,0,0.015625,0.08386441962448155,0.01083668358296502,1.0
255,0,0.10625,0.08610297766203338,0.010858908255727422,1.0
256,0,0.046875,0.08218017989583004,0.010819956747809561,1.0
257,0,0.03125,0.07708716190624704,0.010769348289523882,1.0
258,0,0.075,0.07687844571562233,0.010767273448175243,1.0
259,0,0.078125,0.0770031011440601,0.01076851265202928,1.0
260,0,0.046875,0.07399029102965408,0.01073855564542111,1.0
261,0,0.075,0.07409126192668868,0.010739559839296111,1.0
262,0,0.078125,0.0744946357340198,0.010743571394999285,1.0
263,0,0.03125,0.07017017216061783,0.010700552293342833,1.0
264,0,0.046875,0.06784065494455604,0.010677367706050279,1.0
265,0,0.075,0.06855658945010044,0.010684493855296136,1.0
266,0,0.03125,0.0648259305050904,0.010647352747000644,1.0
267,0,0.046875,0.06303083745458136,0.010629474984368819,1.0
268,0,0.046875,0.06141525370912323,0.010613381539951172,1.0
269,0,0.046875,0.0599612283382109,0.010598894710212881,1.0
270,0,0.0625,0.06021510550438981,0.010601424337422371,1.0
271,0,0.078125,0.06200609495395083,0.010619267508771844,1.0
272,0,0.1375,0.06955548545855575,0.01069443533087926,1.0
273,0,0.09375,0.07197493691270017,0.01071850907795939,1.0
274,0,0.109375,0.07571494322143016,0.01075570589217495,1.0
275,0,0.109375,0.07908094889928714,0.010789165081852879,1.0
276,0,0.09375,0.08054785400935842,0.010803741078996728,1.0
277,0,0.2625,0.09874306860842258,0.01098423393961303,1.0
278,0,0.109375,0.09980626174758032,0.010994761772104884,1.0
279,0,0.0625,0.09607563557282228,0.010957811133564657,1.0
280,0,0.0625,0.09271807201554005,0.010924532944679304,1.0
281,0,0.325,0.11594626481398604,0.01115429467727451,1.0
282,0,0.2,0.12435163833258744,0.011237146147734753,1.0
283,0,0.109375,0.12285397449932871,0.011222396009513051,1.0
284,0,0.125,0.12306857704939583,0.01122450991249835,1.0
285,0,0.078125,0.11857421934445625,0.011180216152135086,1.0
286,0,0.046875,0.11140429741001062,0.011109456974201109,1.0
287,0,0.16875,0.11713886766900956,0.011166060178638549,1.0
288,0,0.23125,0.12854998090210862,0.011278465300475554,1.0
289,0,0.125,0.12819498281189776,0.011274973184727479,1.0
290,0,0.21875,0.13725048453070798,0.011363951017176242,1.0
291,0,0.109375,0.13446293607763718,0.011336583783317197,1.0
292,0,0.125,0.13351664246987346,0.011327288725583692,1.0
293,0,0.03125,0.12328997822288612,0.011226690667640662,1.0
294,0,0.03125,0.11408598040059752,0.011135935775670238,1.0
295,0,0.171875,0.11986488236053776,0.011192941059130686,1.0
296,0,0.140625,0.12194089412448397,0.011213400641468233,1.0
297,0,0.15625,0.12537180471203557,0.01124719040077954,1.0
298,0,0.2562499761581421,0.13845962185664623,0.011375815484601797,1.0
299,0,0.140625,0.1386761596709816,0.011377939811669511,1.0
300,0,0.1937499761581421,0.14418354131969766,0.011431926416222378,1.0
301,0,0.09375,0.1391401871877279,0.011382491689716645,1.0
302,0,0.1375,0.1389761684689551,0.011380882814684728,1.0
303,0,0.0625,0.1313285516220596,0.011305787081801666,1.0
304,0,0.16875,0.13507069645985365,0.011342552327835194,1.0
305,0,0.0625,0.1278136268138683,0.011271221434088723,1.0
306,0,0.046875,0.11971976413248146,0.01119151050399126,1.0
307,0,0.1375,0.12149778771923332,0.0112090345833315,1.0
308,0,0.0625,0.11559800894730998,0.011150858382090482,1.0
309,0,0.16875,0.12091320805257899,0.011203273831952139,1.0
310,0,0.046875,0.1135093872473211,0.011130243872666607,1.0
311,0,0.23125,0.125283448522589,0.011246320572965077,1.0
312,0,0.09375,0.12213010367033009,0.011215264836005562,1.0
313,0,0.03125,0.11304209330329708,0.011125630384419471,1.0
314,0,0.09375,0.11111288397296737,0.011106578616779566,1.0
315,0,0.1375,0.11375159557567063,0.01113263494951429,1.0
316,0,0.075,0.10987643601810357,0.011094363877261553,1.0
317,0,0.0625,0.1051387924162932,0.011047530905615147,1.0
318,0,0.015625,0.09618741317466388,0.01095891864321984,1.0
319,0,0.03125,0.0896936718571975,0.010894539161792997,1.0
320,0,0.046875,0.08541180467147774,0.010852047109047875,1.0
321,0,0.125,0.08937062420432997,0.010891334443049494,1.0
322,0,0.125,0.09293356178389697,0.010926669380537588,1.0
323,0,0.125,0.09614020560550728,0.010958450906265092,1.0
324,0,0.2,0.10652618504495653,0.01106125058766086,1.0
325,0,0.203125,0.11618606654046088,0.011156660677911613,1.0
326,0,0.140625,0.11862995988641478,0.011180765789781506,1.0
327,0,0.0625,0.1130169638977733,0.01112538227366812,1.0
328,0,0.09375,0.11109026750799597,0.01110635522099365,1.0
329,0,0.078125,0.10779374075719637,0.011073781693576623,1.0
330,0,0.03125,0.10013936668147674,0.010998059749608583,1.0
331,0,0.075,0.09762543001332906,0.010973164608113829,1.0
332,0,0.10625,0.09848788701199615,0.010981706780092852,1.0
333,0,0.10625,0.09926409831079654,0.01098939349857564,1.0
334,0,0.046875,0.09402518847971689,0.010937490808780165,1.0
335,0,0.1375,0.0983726696317452,0.010980565697442948,1.0
336,0,0.078125,0.09634790266857067,0.010960508756264378,1.0
337,0,0.10625,0.0973381124017136,0.010970318562894339,1.0
338,0,0.075,0.09510430116154223,0.010948186007430026,1.0
339,0,0.0625,0.09184387104538799,0.010915864959919475,1.0
340,0,0.140625,0.09672198394084919,0.010964214923768152,1.0
341,0,0.075,0.09454978554676427,0.01094269041699433,1.0
342,0,0.03125,0.08821980699208785,0.010879916534551712,1.0
343,0,0.078125,0.08721032629287907,0.010869899000503041,1.0
344,0,0.046875,0.08317679366359117,0.01082985506809833,1.0
345,0,0.10625,0.08548411429723204,0.010852764951316323,1.0
346,0,0.046875,0.08162320286750883,0.010814424172612023,1.0
347,0,0.109375,0.08439838258075795,0.010841985595640494,1.0
348,0,0.09375,0.08533354432268216,0.010851270181959105,1.0
349,0,0.140625,0.09086268989041393,0.010906134579413161,1.0
350,0,0.15625,0.09740142090137255,0.01097094568342781,1.0
351,0,0.41875,0.12953627881123528,0.01128816584545139,1.0
352,0,0.1875,0.13533265093011174,0.01134512456611808,1.0
353,0,0.537499976158142,0.17554938345291476,0.011737680032936031,1.0
354,0,0.234375,0.18143194510762328,0.011794670478163877,1.0
355,0,0.6375,0.22703875059686096,0.012232165157843283,1.0
356,0,0.23125,0.22745987553717487,0.012236166202820836,1.0
357,0,0.1624999761581421,0.2209638855992716,0.012174365680914831,1.0
358,0,0.046875,0.20355499703934446,0.012007894152380568,1.0
359,0,0.23125,0.20632449733541003,0.012034457753249858,1.0
360,0,0.41875,0.22756704760186902,0.012237184308324243,1.0
361,0,0.109375,0.2157478428416821,0.012124615354954078,1.0
362,0,0.140625,0.2082355585575139,0.012052770231588267,1.0
363,0,0.23125,0.21053700270176254,0.01207480442679767,1.0
364,0,0.109375,0.20042080243158628,0.011977796958393,1.0
365,0,0.046875,0.18506622218842766,0.011829819625517709,1.0
366,0,0.075,0.17405959996958492,0.011723228312455387,1.0
367,0,0.1375,0.17040363997262642,0.011687732150964456,1.0
368,0,0.16875,0.17023827597536378,0.01168612556910771,1.0
369,0,0.0625,0.15946444837782742,0.011581263878490048,1.0
370,0,0.046875,0.1482055035400447,0.011471298482682954,1.0
371,0,0.078125,0.14119745318604024,0.011402665381723263,1.0
372,0,0.015625,0.1286402078674362,0.011279352812530183,1.0
373,0,0.046875,0.12046368708069259,0.011198843467593905,1.0
374,0,0.03125,0.11154231837262334,0.01111082017401592,1.0
375,0,0.046875,0.105075586535361,0.011046905778381714,1.0
376,0,0.0625,0.1008180278818249,0.011004778302482159,1.0
377,0,0.03125,0.0938612250936424,0.01093586556051353,1.0
378,0,0.046875,0.08916260258427816,0.010889270715454882,1.0
379,0,0.075,0.08774634232585034,0.010875218350658574,1.0
380,0,0.015625,0.0805342080932653,0.010803605501212907,1.0
381,0,0.0625,0.07873078728393876,0.010785685177098095,1.0
382,0,0.078125,0.07867020855554488,0.010785083126481541,1.0
383,0,0.046875,0.07549068769999039,0.010753476106249344,1.0
384,0,0.03125,0.07106661892999135,0.010709472203236575,1.0
385,0,0.1375,0.07770995703699221,0.010775539080357515,1.0
386,0,0.28125001192092897,0.09806396252538589,0.010977508216393006,1.0
387,0,0.16875,0.10513256627284731,0.011047469327348318,1.0
388,0,0.25,0.11961930964556258,0.011190520208768498,1.0
389,0,0.1624999761581421,0.12390737629682054,0.011232771282878478,1.0
390,0,0.109375,0.12245413866713849,0.01121845720443826,1.0
391,0,0.0625,0.11645872480042463,0.011159350697643651,1.0
392,0,0.0625,0.11106285232038215,0.011106084423975164,1.0
393,0,0.015625,0.10151906708834393,0.0110117174291494,1.0
394,0,0.0,0.09136716037950954,0.010911137634124326,1.0
395,0,0.03125,0.08535544434155859,0.01085148759473373,1.0
396,0,0.015625,0.07838239990740273,0.0107822227146918,1.0
397,0,0.03125,0.07366915991666247,0.010735361775211259,1.0
398,0,0.0625,0.07255224392499621,0.010724252105443165,1.0
399,0,0.10625,0.07592201953249658,0.010757764797086686,1.0
400,0,0.09375,0.07770481757924692,0.01077548799487797,1.0
401,0,0.078125,0.07774683582132223,0.010775905649037677,1.0
402,0,0.1624999761581421,0.08622214985500422,0.010860091173931977,1.0
403,0,0.16875,0.0944749348695038,0.010941948556707843,1.0
404,0,0.125,0.09752744138255341,0.010972193992560431,1.0
405,0,0.140625,0.10183719724429806,0.011014866066344392,1.0
406,0,0.21875,0.11352847751986825,0.011130432336296235,1.0
407,0,0.3812499761581421,0.14030062738369564,0.011393872467757303,1.0
408,0,0.25000001192092897,0.15127056583741896,0.01150127199494594,1.0
409,0,0.25000001192092897,0.16114351044576997,0.011597630306520626,1.0
410,0,0.28125001192092897,0.17315416059328587,0.011714441421748632,1.0
411,0,0.296875,0.18552624453395727,0.011834265447913305,1.0
412,0,0.31250001192092897,0.19822362127265444,0.011956675469421424,1.0
413,0,0.4749999761581421,0.2259012567612032,0.01222135424245342,1.0
414,0,0.09375,0.21268613108508289,0.01209536135293674,1.0
415,0,0.109375,0.2023550179765746,0.011996375380143183,1.0
416,0,0.125,0.19461951617891715,0.011921989968298612,1.0
417,0,0.09375,0.18453256456102543,0.011824661227391307,1.0
418,0,0.078125,0.17389180810492288,0.01172160017280702,1.0
419,0,0.075,0.1640026272944306,0.011625478910960815,1.0
420,0,0.046875,0.15228986456498755,0.01151123372304208,1.0
421,0,0.075,0.1445608781084888,0.011435622214608476,1.0
422,0,0.015625,0.13166729029763993,0.011309116563509483,1.0
423,0,0.0625,0.12475056126787595,0.011241074126647727,1.0
424,0,0.03125,0.11540050514108836,0.011148909458640475,1.0
425,0,0.0625,0.11011045462697952,0.011096675977270494,1.0
426,0,0.0625,0.10534940916428157,0.011049613915689272,1.0
427,0,0.075,0.10231446824785341,0.011019589390562952,1.0
428,0,0.29375,0.12145802142306807,0.011208642731382572,1.0
429,0,0.140625,0.12337471928076126,0.01122752531796102,1.0
430,0,0.140625,0.12509974735268514,0.011244512054457983,1.0
431,0,0.3875,0.15133977261741663,0.01150194845777061,1.0
432,0,0.2249999761581421,0.15870579297148918,0.011573866132239732,1.0
433,0,0.140625,0.15689771367434027,0.011556228210424086,1.0
434,0,0.109375,0.15214544230690624,0.01150982245321982,1.0
435,0,0.09375,0.1463058980762156,0.011452708465953197,1.0
436,0,0.0625,0.13792530826859406,0.011370573102366291,1.0
437,0,0.015625,0.12569527744173467,0.011250374683839097,1.0
438,0,0.0625,0.1193757496975612,0.011188119060397444,1.0
439,0,0.0,0.10743817472780509,0.011070266896252312,1.0
440,0,0.015625,0.09825685725502457,0.010979418696120595,1.0
441,0,0.046875,0.09311867152952212,0.010928504550820546,1.0
442,0,0.03125,0.08693180437656992,0.010867134790867925,1.0
443,0,0.0625,0.08448862393891293,0.010842881604843034,1.0
444,0,0.078125,0.08385226154502164,0.0108365628531611,1.0
445,0,0.015625,0.07702953539051947,0.010768775432722458,1.0
446,0,0.03125,0.07245158185146754,0.010723250757550562,1.0
447,0,0.125,0.07770642366632079,0.010775503959159594,1.0
448,0,0.15625,0.0855607812996887,0.010853526041077246,1.0
449,0,0.328125,0.10981720316971984,0.011093778638901972,1.0
450,0,0.265625,0.12539798285274786,0.01124744810937758,1.0
451,0,0.37500001192092897,0.15035818575956597,0.011492352608754672,1.0
452,0,0.1875,0.15407236718360937,0.011528646947223749,1.0
453,0,0.16875,0.15554013046524842,0.011542978372947092,1.0
454,0,0.140625,0.15404861741872358,0.011528414998486444,1.0
455,0,0.23125,0.16176875567685123,0.011603722560470165,1.0
456,0,0.1375,0.1593418801091661,0.011580068819561818,1.0
457,0,0.1375,0.15715769209824948,0.011558764929197081,1.0
458,0,0.109375,0.15237942288842451,0.011512108840854964,1.0
459,0,0.1375,0.15089148059958207,0.011497566370752482,1.0
460,0,0.046875,0.14048983253962388,0.01139572771006657,1.0
461,0,0.03125,0.12956584928566148,0.011288456642248375,1.0
462,0,0.046875,0.12129676435709533,0.011207053686476188,1.0
463,0,0.0625,0.1154170879213858,0.01114907309721637,1.0
464,0,0.09375,0.11325037912924722,0.011127686803710242,1.0
465,0,0.1375,0.1156753412163225,0.01115162145552203,1.0
466,0,0.0,0.10410780709469025,0.011037333086843333,1.0
467,0,0.046875,0.09838452638522123,0.01098068312480356,1.0
468,0,0.046875,0.0932335737466991,0.010929643654876517,1.0
469,0,0.109375,0.0948477163720292,0.010945643166153419,1.0
470,0,0.015625,0.08692544473482627,0.01086707167261161,1.0
471,0,0.046875,0.08292040026134365,0.01082730873672705,1.0
472,0,0.078125,0.08244086023520929,0.010822545969504,1.0
473,0,0.015625,0.07575927421168835,0.01075614666889588,1.0
474,0,0.015625,0.06974584679051951,0.01069632973914011,1.0
475,0,0.075,0.07027126211146756,0.010701558224496963,1.0
476,0,0.0,0.06324413590032081,0.01063159948855804,1.0
477,0,0.046875,0.06160722231028873,0.010615293980852945,1.0
478,0,0.015625,0.05700900007925986,0.010569473200168692,1.0
479,0,0.03125,0.05443310007133387,0.010543794026358546,1.0
480,0,0.03125,0.052114790064200486,0.010520676608524342,1.0
481,0,0.109375,0.05784081105778043,0.010577763939707125,1.0
482,0,0.29375,0.08143172995200239,0.010812522113963925,1.0
483,0,0.09375,0.08266355695680215,0.010824757828910425,1.0
484,0,0.109375,0.08533470126112194,0.010851281667503565,1.0
485,0,0.09375,0.08617623113500975,0.010859635381800896,1.0
486,0,0.078125,0.08537110802150877,0.01085164309566027,1.0
487,0,0.1375,0.09058399721935789,0.010903370465865533,1.0
488,0,0.140625,0.0955880974974221,0.010952980254454856,1.0
489,0,0.1375,0.09977928774767988,0.010994494700604132,1.0
490,0,0.075,0.0973013589729119,0.01096995448771,1.0
491,0,0.03125,0.09069622307562071,0.010904483554631363,1.0
492,0,0.015625,0.08318910076805863,0.01082997729147781,1.0
493,0,0.015625,0.07643269069125276,0.010762841988641199,1.0
494,0,0.0625,0.07503942162212748,0.010748988912762044,1.0
495,0,0.075,0.07503547945991473,0.01074894971227749,1.0
496,0,0.075,0.07503193151392326,0.010748914431821598,1.0
497,0,0.0625,0.07377873836253093,0.01073645162535308,1.0
498,0,0.03125,0.06952586452627785,0.010694140549391315,1.0
499,0,0.078125,0.07038577807365007,0.010702697738667222,1.0
500,0,0.16875,0.08022220026628507,0.01080050549421451,1.0
501,0,0.046875,0.07688748023965657,0.010767363261483176,1.0
502,0,0.140625,0.0832612322156909,0.010830693632800814,1.0
503,0,0.046875,0.07962260899412181,0.010794547718598968,1.0
504,0,0.046875,0.07634784809470962,0.010761998494445972,1.0
505,0,0.078125,0.07652556328523867,0.010763765303521631,1.0
506,0,0.078125,0.0766855069567148,0.01076535539068525,1.0
507,0,0.046875,0.07370445626104333,0.010735712829069422,1.0
508,0,0.09375,0.075709010634939,0.010755646905088503,1.0
509,0,0.1624999761581421,0.08438810718725931,0.010841883570080724,1.0
510,0,0.140625,0.09001179646853337,0.010897694861655273,1.0
511,0,0.109375,0.09194811682168004,0.010916898663583734,1.0
512,0,0.171875,0.09994080513951203,0.010996093874432912,1.0
513,0,0.1375,0.10369672462556083,0.011033266323899796,1.0
514,0,0.03125,0.09645205216300475,0.01096154063228891,1.0
515,0,0.046875,0.09149434694670427,0.01091239892650306,1.0
516,0,0.015625,0.08390741225203384,0.010837110498051217,1.0
517,0,0.046875,0.08020417102683046,0.010800326356891418,1.0
518,0,0.015625,0.07374625392414741,0.010736128542025674,1.0
519,0,0.046875,0.07105912853173267,0.010709397676244183,1.0
520,0,0.078125,0.07176571567855941,0.010716427635515578,1.0
521,0,0.125,0.07708914411070347,0.010769367994239396,1.0
522,0,0.125,0.08188022969963313,0.010816977339183121,1.0
523,0,0.109375,0.08462970672966982,0.010844282392865284,1.0
524,0,0.125,0.08866673605670285,0.010884351046889127,1.0
525,0,0.075,0.08730006245103256,0.010870789564577432,1.0
526,0,0.09375,0.0879450562059293,0.01087719023351329,1.0
527,0,0.03125,0.08227555058533637,0.010820904035245297,1.0
528,0,0.03125,0.07717299552680273,0.01077020153962837,1.0
529,0,0.015625,0.07101819597412246,0.010708990409396461,1.0
530,0,0.0625,0.07016637637671022,0.010700514521780736,1.0
531,0,0.075,0.0706497387390392,0.010705324262583873,1.0
532,0,0.078125,0.07139726486513527,0.010712761942206248,1.0
533,0,0.046875,0.06894503837862175,0.010688360041519471,1.0
534,0,0.0,0.062050534540759573,0.010619710199197654,1.0
535,0,0.03125,0.05897048108668361,0.010589022190753195,1.0
536,0,0.046875,0.057760932978015246,0.010576967821656553,1.0
537,0,0.0,0.051984839680213724,0.010519380618931418,1.0
538,0,0.046875,0.05147385571219235,0.010514284428555063,1.0
539,0,0.078125,0.05413897014097312,0.010540861378006266,1.0
540,0,0.1624999761581421,0.06497507074269002,0.010648837885073162,1.0
541,0,0.09375,0.06785256366842102,0.010677486246788886,1.0
542,0,0.03125,0.06419230730157892,0.010641042809957873,1.0
543,0,0.109375,0.06871057657142103,0.010686026495555804,1.0
544,0,0.03125,0.06496451891427893,0.010648732810939176,1.0
545,0,0.015625,0.06003056702285104,0.01059958560718472,1.0
546,0,0.015625,0.05559001032056594,0.010555328186849034,1.0
547,0,0.046875,0.05471850928850934,0.010546639634396688,1.0
548,0,0.078125,0.057059158359658406,0.010569973154912538,1.0
549,0,0.03125,0.05447824252369257,0.010544244114860712,1.0
550,0,0.0,0.04903041827132332,0.010489911666020622,1.0
551,0,0.03125,0.04725237644419099,0.010472172396598384,1.0
552,0,0.046875,0.04721463879977189,0.010471795860832038,1.0
553,0,0.015625,0.0440556749197947,0.010440271944409678,1.0
554,0,0.03125,0.042775107427815234,0.01042749037829596,1.0
555,0,0.0,0.03849759668503371,0.010384785893067799,1.0
556,0,0.015625,0.03621033701653034,0.01036194519120001,1.0
557,0,0.03125,0.03571430331487731,0.010356991263904302,1.0
558,0,0.078125,0.03995537298338958,0.010399341245422215,1.0
559,0,0.03125,0.039084835685050626,0.010390649455228738,1.0
560,0,0.075,0.042676352116545566,0.010426504625758719,1.0
561,0,0.03125,0.04153371690489101,0.010415098507983792,1.0
562,0,0.10625,0.048005345214401904,0.010479685028587614,1.0
563,0,0.046875,0.04789231069296171,0.010478557278161884,1.0
564,0,0.046875,0.047790579623665536,0.010477542292346178,1.0
565,0,0.075,0.050511521661298985,0.010504686068599793,1.0
566,0,0.015625,0.04702286949516909,0.010469882419115957,1.0
567,0,0.046875,0.047008082545652176,0.010469734875998584,1.0
568,0,0.075,0.04980727429108696,0.010497661284127316,1.0
569,0,0.1375,0.05857654686197826,0.010585096425052625,1.0
570,0,0.171875,0.06990639217578043,0.01069792739067238,1.0
571,0,0.1875,0.08166575295820239,0.010814846849762902,1.0
572,0,0.078125,0.08131167766238215,0.01081132950519848,1.0
573,0,0.046875,0.07786800989614394,0.010777110083418256,1.0
574,0,0.046875,0.07476870890652955,0.010746296917649514,1.0
575,0,0.0,0.0672918380158766,0.010671904515420404,1.0
576,0,0.015625,0.06212515421428894,0.010620453526794834,1.0
577,0,0.015625,0.05747513879286005,0.010574119346768893,1.0
578,0,0.03125,0.05485262491357405,0.010547976773261792,1.0
579,0,0.015625,0.05092986242221665,0.010508858732392769,1.0
580,0,0.03125,0.04896187617999498,0.010489227887914628,1.0
581,0,0.078125,0.051878188561995484,0.010518316978841827,1.0
582,0,0.015625,0.04825286970579594,0.010482154548647293,1.0
583,0,0.03125,0.04655258273521634,0.010465189831603113,1.0
584,0,0.109375,0.052834824461694706,0.010527857161625853,1.0
585,0,0.03125,0.05067634201552523,0.010506330060345292,1.0
586,0,0.015625,0.047171207813972715,0.01047136251682248,1.0
587,0,0.015625,0.044016587032575445,0.010439881822543514,1.0
588,0,0.0,0.0396149283293179,0.01039594218198901,1.0
589,0,0.03125,0.03877843549638611,0.010387590092700034,1.0
590,0,0.046875,0.0395880919467475,0.010395674238593203,1.0
591,0,0.1375,0.04937928275207275,0.01049339187798923,1.0
592,0,0.075,0.05194135447686547,0.010518946938959163,1.0
593,0,0.078125,0.05455971902917893,0.010545056462963984,1.0
594,0,0.0,0.04910374712626104,0.010490643191949629,1.0
595,0,0.03125,0.04731837241363493,0.010472830882881092,1.0
596,0,0.09375,0.051961535172271436,0.010519148202224335,1.0
597,0,0.109375,0.05770288165504429,0.010576389238970934,1.0
598,0,0.1937499761581421,0.07130759110535406,0.010711869754600626,1.0
599,0,0.140625,0.07823933199481865,0.010780800773592933,1.0
600,0,0.09375,0.07979039879533678,0.010796215001695633,1.0
601,0,0.16875,0.0886863589158031,0.010884545740484008,1.0
602,0,0.15625,0.0954427230242228,0.01095153969226899,1.0
603,0,0.35625,0.12152345072180051,0.011209287461245575,1.0
604,0,0.078125,0.11718360564962046,0.011166501473135401,1.0
605,0,0.078125,0.11327774508465842,0.01112795698236346,1.0
606,0,0.0625,0.10819997057619257,0.011077796977810566,1.0
607,0,0.046875,0.10206747351857332,0.01101714505840991,1.0
608,0,0.03125,0.094985726166716,0.010947010904839866,1.0
609,0,0.03125,0.0886121535500444,0.010883809487980043,1.0
610,0,0.015625,0.08131343819503996,0.010811346994634518,1.0
611,0,0.09375,0.08255709437553596,0.010823700435673234,1.0
612,0,0.1624999761581421,0.09055138255379658,0.010903046979868696,1.0
613,0,0.1624999761581421,0.09774624191423113,0.010974361271564594,1.0
614,0,0.09375,0.09734661772280802,0.010970402815244362,1.0
615,0,0.0625,0.09386195595052721,0.010935872805070197,1.0
616,0,0.078125,0.0922882603554745,0.010920271397629392,1.0
617,0,0.078125,0.09087193431992704,0.010906226264589982,1.0
618,0,0.046875,0.08647224088793434,0.010862573530158862,1.0
619,0,0.03125,0.08095001679914092,0.01080773659782505,1.0
620,0,0.03125,0.07598001511922683,0.010758341420269239,1.0
621,0,0.09375,0.07775701360730415,0.010776006814084782,1.0
622,0,0.03125,0.07310631224657374,0.01072976350376936,1.0
623,0,0.10625,0.07642068102191636,0.010762722590714622,1.0
624,0,0.10625,0.07940361291972473,0.01079237154537902,1.0
625,0,0.10625,0.08208825162775225,0.010819043638853278,1.0
626,0,0.03125,0.07700442646497703,0.010768525826962104,1.0
627,0,0.03125,0.07242898381847933,0.01072302595893756,1.0
628,0,0.03125,0.0683110854366314,0.010682050276791848,1.0
629,0,0.03125,0.06460497689296826,0.01064515243884848,1.0
630,0,0.0,0.05814447920367144,0.010580790431191757,1.0
631,0,0.046875,0.05701753128330429,0.010569558235501106,1.0
632,0,0.03125,0.05444077815497386,0.010543870580112878,1.0
633,0,0.046875,0.053684200339476476,0.010536326872197686,1.0
634,0,0.078125,0.05612828030552883,0.010560694126108147,1.0
635,0,0.140625,0.06457795227497594,0.010644883317022569,1.0
636,0,0.015625,0.05968265704747835,0.010596118942720133,1.0
637,0,0.0625,0.05996439134273051,0.010598926226803081,1.0
638,0,0.078125,0.06178045220845746,0.010617019703170106,1.0
639,0,0.109375,0.06653990698761171,0.010664418774702797,1.0
640,0,0.10625,0.07051091628885053,0.010703942930736966,1.0
641,0,0.0625,0.06970982465996547,0.010695971263558984,1.0
642,0,0.015625,0.06430134219396892,0.010642128670652742,1.0
643,0,0.03125,0.06099620797457203,0.010609206741590509,1.0
644,0,0.0,0.054896587177114826,0.010548415074748588,1.0
645,0,0.015625,0.050969428459403346,0.010509253367457965,1.0
646,0,0.0,0.045872485613463014,0.010458403364134663,1.0
647,0,0.015625,0.04284773705211672,0.010428215344994763,1.0
648,0,0.015625,0.040125463346905046,0.010401039425016889,1.0
649,0,0.046875,0.04080041701221454,0.010407777922790351,1.0
650,0,0.015625,0.038282875310993086,0.010382641840814411,1.0
651,0,0.015625,0.03601708777989378,0.010360015217006855,1.0
652,0,0.075,0.0399153790019044,0.010398941942767583,1.0
653,0,0.2,0.05592384110171396,0.010558656137854188,1.0
654,0,0.075,0.05783145699154257,0.010577670711243544,1.0
655,0,0.1624999761581421,0.06829830890820252,0.010681923105751367,1.0
656,0,0.015625,0.06303097801738226,0.010629476384427173,1.0
657,0,0.078125,0.06454038021564404,0.010644509158048968,1.0
658,0,0.015625,0.059648842194079635,0.010595781995144238,1.0
659,0,0.0625,0.05993395797467167,0.010598622984253193,1.0
660,0,0.2,0.0739405621772045,0.010738061067612633,1.0
661,0,0.10625,0.07717150595948405,0.010770186732316172,1.0
662,0,0.0,0.06945435536353564,0.010693428899766533,1.0
663,0,0.03125,0.06563391982718209,0.010655398357590433,1.0
664,0,0.015625,0.06063302784446388,0.010605588339198538,1.0
665,0,0.03125,0.05769472506001749,0.010576307943964563,1.0
666,0,0.03125,0.055050252554015744,0.010549947093968885,1.0
667,0,0.0,0.04954522729861417,0.010495047270205692,1.0
668,0,0.03125,0.04771570456875275,0.010476795246627786,1.0
669,0,0.075,0.050444134111877474,0.010504013907235588,1.0
670,0,0.0,0.045399720700689726,0.010453685547496696,1.0
671,0,0.03125,0.043984748630620754,0.010439564054139434,1.0
672,0,0.046875,0.04427377376755868,0.010442448684336485,1.0
673,0,0.03125,0.042971396390802816,0.010429449664317981,1.0
674,0,0.046875,0.04336175675172253,0.010433346003111415,1.0
675,0,0.03125,0.042150581076550286,0.010421256362254296,1.0
676,0,0.03125,0.04106052296889526,0.010410374629640935,1.0
677,0,0.046875,0.04164197067200573,0.010416179175508923,1.0
678,0,0.23125,0.06060277360480515,0.010605286905785391,1.0
679,0,0.109375,0.06547999624432463,0.010653865718053934,1.0
680,0,0.125,0.07143199661989216,0.010713107494422348,1.0
681,0,0.09375,0.07366379695790294,0.010735308435608347,1.0
682,0,0.03125,0.06942241726211265,0.010693111053771775,1.0
683,0,0.03125,0.06560517553590138,0.010655112148840946,1.0
684,0,0.10625,0.06966965798231124,0.010695571541242703,1.0
685,0,0.03125,0.06582769218408012,0.010657327733198966,1.0
686,0,0.075,0.06674492296567211,0.010666459856174244,1.0
687,0,0.046875,0.0647579306691049,0.010646675595300083,1.0
688,0,0.03125,0.061407137602194406,0.010613300684199535,1.0
689,0,0.015625,0.056828923841974965,0.010567678259275815,1.0
690,0,0.0,0.05114603145777747,0.010511014801577455,1.0
691,0,0.03125,0.04915642831199972,0.010491168734250034,1.0
692,0,0.03125,0.047365785480799755,0.010473303952482433,1.0
693,0,0.046875,0.047316706932719776,0.01047281426530563,1.0
694,0,0.125,0.0550850362394478,0.01055029387815563,1.0
695,0,0.1375,0.06332653261550303,0.01063242016448449,1.0
696,0,0.046875,0.06168137935395272,0.01061603274043047,1.0
697,0,0.16875,0.07238824141855744,0.010722620663620988,1.0
698,0,0.046875,0.0698369172767017,0.01069723602247106,1.0
699,0,0.0,0.06285322554903153,0.010627705883225022,1.0
700,0,0.0,0.05656790299412837,0.010565076423924975,1.0
701,0,0.075,0.058411112694715536,0.010583447730873838,1.0
702,0,0.0,0.052570001425243984,0.010525216273254995,1.0
703,0,0.075,0.054813001282719584,0.010547581725908313,1.0
704,0,0.015625,0.05089420115444763,0.010508503042472693,1.0
705,0,0.015625,0.04736728103900287,0.010473318874560418,1.0
706,0,0.015625,0.04419305293510258,0.010441643053334157,1.0
707,0,0.03125,0.04289874764159232,0.010428724514403949,1.0
708,0,0.015625,0.040171372877433095,0.010401497781102933,1.0
709,0,0.075,0.04365423558968979,0.010436265261984051,1.0
710,0,0.03125,0.04241381203072081,0.010423883971382846,1.0
711,0,0.078125,0.04598493082764873,0.010459525447635717,1.0
712,0,0.10625,0.05201143774488385,0.01051964588171225,1.0
713,0,0.075,0.05431029397039547,0.010542569588701447,1.0
714,0,0.046875,0.05356676457335592,0.010535155885165397,1.0
715,0,0.0,0.04821008811602033,0.010481727726425867,1.0
716,0,0.015625,0.0449515793044183,0.010449213267025253,1.0
717,0,0.015625,0.042018921373976476,0.010419942094339463,1.0
718,0,0.046875,0.042504529236578825,0.010424789509971649,1.0
719,0,0.015625,0.039816576312920945,0.010397955484483655,1.0
720,0,0.015625,0.03739741868162885,0.010373799941650339,1.0
721,0,0.03125,0.03678267681346596,0.010367660972240957,1.0
722,0,0.16875,0.04997940913211936,0.010499378354603696,1.0
723,0,0.03125,0.04810646821890742,0.010480693926918002,1.0
724,0,0.109375,0.05423332139701668,0.010541802125696172,1.0
725,0,0.075,0.05630998925731501,0.010562505484623461,1.0
726,0,0.078125,0.05849149033158351,0.01058424876733902,1.0
727,0,0.0625,0.05889234129842516,0.010588243500325804,1.0
728,0,0.10625,0.06362810716858265,0.010635423791005506,1.0
729,0,0.075,0.06476529645172438,0.010646748945062172,1.0
730,0,0.03125,0.061413766806551945,0.010613366726866871,1.0
731,0,0.09375,0.06464739012589675,0.010645574804691131,1.0
732,0,0.078125,0.06599515111330707,0.010658995068561184,1.0
733,0,0.0,0.059395636001976365,0.010593258882924958,1.0
734,0,0.140625,0.06751857240177872,0.010674161588803034,1.0
735,0,0.1875,0.07951671516160085,0.0107934954565662,1.0
736,0,0.328125,0.10437754364544076,0.01104000135235681,1.0
737,0,0.203125,0.11425228928089669,0.011137577373777838,1.0
738,0,0.1875,0.12157706035280702,0.011209815714385842,1.0
739,0,0.29375,0.13879435431752632,0.01137909929741382,1.0
740,0,0.0625,0.1311649188857737,0.011304178620774265,1.0
741,0,0.015625,0.11961092699719632,0.011190437570307282,1.0
742,0,0.0,0.10764983429747668,0.011072359199525626,1.0
743,0,0.015625,0.09844735086772902,0.010981305323716438,1.0
744,0,0.10625,0.09922761578095611,0.01098903224324643,1.0
745,0,0.046875,0.09399235420286049,0.01093716535077843,1.0
746,0,0.0625,0.09084311878257445,0.010905940474934843,1.0
747,0,0.046875,0.08644630690431701,0.010862316119321128,1.0
748,0,0.015625,0.0793641762138853,0.010791979653140313,1.0
749,0,0.046875,0.07611525859249678,0.010759686063598197,1.0
750,0,0.03125,0.0716287327332471,0.01071506482360043,1.0
751,0,0.015625,0.06602835945992239,0.010659325709149823,1.0
752,0,0.03125,0.06255052351393015,0.010624690732580296,1.0
753,0,0.015625,0.05785797116253713,0.010577934967761644,1.0
754,0,0.015625,0.05363467404628342,0.010535833032560966,1.0
755,0,0.03125,0.051396206641655076,0.01051350998848703,1.0
756,0,0.03125,0.04938158597748957,0.010493414854172092,1.0
757,0,0.015625,0.046005927379740616,0.010459734969583618,1.0
758,0,0.046875,0.046092834641766556,0.010460602201897496,1.0
759,0,0.0,0.0414835511775899,0.010414597714057812,1.0
760,0,0.046875,0.04202269605983091,0.010419979774624935,1.0
761,0,0.03125,0.040945426453847814,0.010409225597378103,1.0
762,0,0.015625,0.038413383808463035,0.010383945008436677,1.0
763,0,0.03125,0.03769704542761673,0.010376791988933065,1.0
764,0,0.03125,0.03705234088485505,0.010370353941017103,1.0
765,0,0.0,0.03334710679636955,0.010333347513030252,1.0
766,0,0.0,0.030012396116732593,0.01030003388201133,1.0
767,0,0.03125,0.030136156505059332,0.010301270367201827,1.0
768,0,0.046875,0.0318100408545534,0.010317993158945557,1.0
769,0,0.075,0.03612903676909806,0.010361133251406618,1.0
770,0,0.03125,0.03564113309218825,0.01035626049227139,1.0
771,0,0.2,0.05207701978296942,0.010520299928939356,1.0
772,0,0.03125,0.04999431780467248,0.010499527069427894,1.0
773,0,0.09375,0.05436988602420523,0.01054316375303638,1.0
774,0,0.09375,0.0583078974217847,0.010582419085517665,1.0
775,0,0.046875,0.05716460767960623,0.010571024216065197,1.0
776,0,0.09375,0.0608231469116456,0.010607482535664781,1.0
777,0,0.125,0.06724083222048104,0.010671396758412346,1.0
778,0,0.34375,0.09489174899843292,0.010946079553022119,1.0
779,0,0.21875,0.10727757409858962,0.011068679259024635,1.0
780,0,0.234375,0.11998731668873067,0.011194147961047214,1.0
781,0,0.203125,0.1283010850198576,0.01127601694516876,1.0
782,0,0.125,0.12797097651787184,0.011272769472377068,1.0
783,0,0.046875,0.11986137886608465,0.011192906522756948,1.0
784,0,0.0,0.10787524097947619,0.011074587291713867,1.0
785,0,0.075,0.10458771688152857,0.011042080306848863,1.0
786,0,0.03125,0.09725394519337571,0.010969484808498861,1.0
787,0,0.0,0.08752855067403814,0.010873057075973929,1.0
788,0,0.0,0.07877569560663433,0.010786131486553862,1.0
789,0,0.0,0.0708981260459709,0.010707795735474484,1.0
790,0,0.015625,0.06537081344137381,0.010652778550273037,1.0
791,0,0.015625,0.060396232097236435,0.010603229032119518,1.0
792,0,0.0,0.05435660888751279,0.010543031373285194,1.0
793,0,0.075,0.05642094799876152,0.01056361155425747,1.0
794,0,0.03125,0.05390385319888537,0.010538517056716996,1.0
795,0,0.075,0.05601346787899683,0.010559549603929025,1.0
796,0,0.0625,0.056662121091097147,0.010566015591400801,1.0
797,0,0.0625,0.057245908981987434,0.010571834574344501,1.0
798,0,0.2,0.0715213180837887,0.0107139961612029,1.0
799,0,0.03125,0.06749418627540983,0.010673918835474742,1.0
800,0,0.1375,0.07449476764786885,0.010743572706844267,1.0
801,0,0.046875,0.07173279088308196,0.010716100076714495,1.0
802,0,0.0,0.06455951179477376,0.010644699678894722,1.0
803,0,0.09375,0.06747856061529639,0.01067376328837511,1.0
804,0,0.046875,0.06541820455376675,0.010653250440507476,1.0
805,0,0.09375,0.06825138409839007,0.0106814560382524,1.0
806,0,0.2,0.08142624568855106,0.010812467633371924,1.0
807,0,0.125,0.08578362111969595,0.010855738163135982,1.0
808,0,0.140625,0.09126775900772635,0.01091015186350324,1.0
809,0,0.35625,0.11776598310695371,0.011172245611238106,1.0
810,0,0.0625,0.11223938479625833,0.01111770429156757,1.0
811,0,0.09375,0.1103904463166325,0.011099442134606976,1.0
812,0,0.046875,0.10403890168496925,0.011036651442510013,1.0
813,0,0.03125,0.09676001151647233,0.010964591662679496,1.0
814,0,0.0,0.0870840103648251,0.010868645386087051,1.0
815,0,0.03125,0.0815006093283426,0.01081320635653421,1.0
816,0,0.0,0.07335054839550835,0.010732192814999016,1.0
817,0,0.0625,0.07226549355595752,0.010721399583825668,1.0
818,0,0.03125,0.06816394420036177,0.010680585694642641,1.0
819,0,0.046875,0.0660350497803256,0.010659392321489292,1.0
820,0,0.046875,0.06411904480229304,0.010640313192158706,1.0
821,0,0.075,0.06520714032206373,0.010651148776117877,1.0
822,0,0.046875,0.06337392628985736,0.010632892204277895,1.0
823,0,0.015625,0.05859903366087162,0.010585320522938492,1.0
824,0,0.075,0.06023913029478446,0.010601663715976735,1.0
825,0,0.03125,0.05734021726530601,0.01057277456827399,1.0
826,0,0.03125,0.05473119553877541,0.010546766117727582,1.0
827,0,0.0,0.04925807598489787,0.010492182753696089,1.0
828,0,0.015625,0.04589476838640809,0.01045862572340092,1.0
829,0,0.09375,0.05068029154776728,0.010506369454405624,1.0
830,0,0.03125,0.048737262392990546,0.01048698710145343,1.0
831,0,0.03125,0.04698853615369149,0.010469539843192736,1.0
832,0,0.03125,0.04541468253832234,0.010453834857811295,1.0
833,0,0.0625,0.04712321428449011,0.01047088364677753,1.0
834,0,0.125,0.054910892856041095,0.010548557701169638,1.0
835,0,0.0625,0.055669803570436986,0.010556123655082015,1.0
836,0,0.078125,0.05791532321339329,0.010578506570765835,1.0
837,0,0.046875,0.05681129089205396,0.010567502497837673,1.0
838,0,0.03125,0.05425516180284856,0.010542019888372658,1.0
839,0,0.078125,0.05664214562256371,0.010565816476451741,1.0
840,0,0.046875,0.05566543106030734,0.01055608006520028,1.0
841,0,0.015625,0.051661387954276605,0.010516154772903817,1.0
842,0,0.03125,0.04962024915884894,0.010495795647452979,1.0
843,0,0.046875,0.049345724242964045,0.010493057109277368,1.0
844,0,0.125,0.05691115181866764,0.010568497885347644,1.0
845,0,0.23125,0.07434503663680088,0.01074208365879941,1.0
846,0,0.1375,0.08066053297312079,0.010804860579432963,1.0
847,0,0.325,0.1050944796758087,0.01104709263870626,1.0
848,0,0.10625,0.10521003170822783,0.011048235476038322,1.0
849,0,0.03125,0.09781402853740505,0.010975032697834957,1.0
850,0,0.03125,0.09115762568366455,0.010909059642503641,1.0
851,0,0.015625,0.08360436311529809,0.010834101166722628,1.0
852,0,0.015625,0.07680642680376829,0.010766557494916586,1.0
853,0,0.03125,0.07225078412339146,0.010721253254849149,1.0
854,0,0.075,0.07252570571105231,0.010723988114834812,1.0
855,0,0.2,0.08527313513994708,0.010850670464665877,1.0
856,0,0.046875,0.08143332162595238,0.01081253792562031,1.0
857,0,0.1375,0.08703998946335714,0.010868208496976313,1.0
858,0,0.109375,0.08927349051702144,0.0108903708148854,1.0
859,0,0.09375,0.08972114146531929,0.01089481165908565,1.0
860,0,0.0625,0.08699902731878736,0.010867801961754138,1.0
861,0,0.046875,0.08298662458690863,0.01082796644372224,1.0
862,0,0.03125,0.07781296212821777,0.01077656292773407,1.0
863,0,0.0625,0.07628166591539598,0.010761340512148892,1.0
864,0,0.0625,0.07490349932385637,0.010747637301056446,1.0
865,0,0.03125,0.07053814939147074,0.010704213911746294,1.0
866,0,0.140625,0.07754683445232366,0.01077391764519786,1.0
867,0,0.09375,0.07916715100709129,0.010790021728593202,1.0
868,0,0.075,0.07875043590638216,0.01078588045010923,1.0
869,0,0.125,0.08337539231574394,0.010831827345405663,1.0
870,0,0.1375,0.08878785308416955,0.01088555273200526,1.0
871,0,0.09375,0.08928406777575258,0.01089047574885092,1.0
872,0,0.046875,0.08504316099817733,0.010848387320477075,1.0
873,0,0.015625,0.07810134489835958,0.010779429300241972,1.0
874,0,0.046875,0.07497871040852362,0.010748385203685882,1.0
875,0,0.0,0.06748083936767126,0.010673785972449824,1.0
876,0,0.046875,0.06542025543090413,0.01065327086175777,1.0
877,0,0.16875,0.07575322988781372,0.010756086571218591,1.0
878,0,0.09375,0.07755290689903234,0.01077397800592828,1.0
879,0,0.015625,0.0713601162091291,0.010712392341929356,1.0
880,0,0.046875,0.0689116045882162,0.010688027287074933,1.0
881,0,0.2,0.08202044412939458,0.010818370108877375,1.0
882,0,0.078125,0.08163089971645512,0.010814500630531776,1.0
883,0,0.046875,0.07815530974480961,0.010779965668031322,1.0
884,0,0.046875,0.07502727877032865,0.010748868165329275,1.0
885,0,0.078125,0.07533705089329579,0.010751948442874635,1.0
886,0,0.075,0.0753033458039662,0.010751613296906992,1.0
887,0,0.125,0.08027301122356958,0.010801010345721358,1.0
888,0,0.109375,0.08318321010121263,0.010829918790566584,1.0
889,0,0.2874999761581421,0.10361488670690558,0.011032456675206416,1.0
890,0,0.29375,0.12262839803621502,0.011220173890454266,1.0
891,0,0.075,0.11786555823259351,0.011173227667814848,1.0
892,0,0.0625,0.11232900240933416,0.011118589263235779,1.0
893,0,0.03125,0.10422110216840075,0.01103845383317516,1.0
894,0,0.075,0.10129899195156067,0.011009539155594867,1.0
895,0,0.03125,0.0942940927564046,0.01094015615058926,1.0
896,0,0.015625,0.08642718348076414,0.010862126306769524,1.0
897,0,0.0,0.07778446513268773,0.010776279675663279,1.0
898,0,0.0,0.07000601861941896,0.010698918795381648,1.0
899,0,0.015625,0.06456791675747707,0.010644783379134482,1.0
900,0,0.015625,0.05967362508172937,0.010596028943972133,1.0
901,0,0.0,0.05370626257355643,0.010536546859665676,1.0
902,0,0.03125,0.05146063631620079,0.010514152584143305,1.0
903,0,0.046875,0.051002072684580714,0.0105095789625763,1.0
904,0,0.015625,0.047464365416122645,0.01047428753888873,1.0
905,0,0.0,0.04271792887451038,0.010426919636295216,1.0
906,0,0.0,0.03844613598705934,0.01038427204699906,1.0
907,0,0.075,0.04210152238835341,0.010420766644941041,1.0
908,0,0.046875,0.04257887014951806,0.0104255315753033,1.0
909,0,0.09375,0.04769598313456626,0.0104765984804356,1.0
910,0,0.0625,0.049176384821109635,0.010491367817701715,1.0
911,0,0.10625,0.05488374633899867,0.010548287052477161,1.0
912,0,0.0,0.0493953717050988,0.010493552375729763,1.0
913,0,0.03125,0.04758083453458892,0.010475449603691582,1.0
914,0,0.03125,0.04594775108113003,0.010459154434637874,1.0
915,0,0.075,0.04885297597301703,0.010488141486521432,1.0
916,0,0.015625,0.045530178375715324,0.0104549874313163,1.0
917,0,0.10625,0.05160216053814379,0.010515564074849031,1.0
918,0,0.09375,0.0558169444843294,0.01055759050152853,1.0
919,0,0.1875,0.06898525003589645,0.010688760251596872,1.0
920,0,0.171875,0.0792742250323068,0.010791085776982902,1.0
921,0,0.3812499761581421,0.10947180014489032,0.011090365802204292,1.0
922,0,0.2249999761581421,0.12102461774621548,0.011204371783513141,1.0
923,0,0.1937499761581421,0.12829715358740815,0.011275978270948261,1.0
924,0,0.125,0.12796743822866735,0.011272734662651723,1.0
925,0,0.075,0.12267069440580061,0.011220590554813132,1.0
926,0,0.2,0.13040362496522054,0.0112966944270396,1.0
927,0,0.0625,0.1236132624686985,0.011229874736874035,1.0
928,0,0.1624999761581421,0.12750193383764286,0.01126815475262201,1.0
929,0,0.078125,0.12256424045387858,0.011219541861620939,1.0
930,0,0.0,0.11030781640849072,0.011098625816191681,1.0
931,0,0.03125,0.10240203476764165,0.011020455944934613,1.0
932,0,0.03125,0.09528683129087749,0.010949994866903246,1.0
933,0,0.0625,0.09200814816178973,0.010917493926853901,1.0
934,0,0.1375,0.09655733334561076,0.010962583699670823,1.0
935,0,0.10625,0.09752660001104968,0.01097218565836788,1.0
936,0,0.078125,0.09558644000994472,0.010952963830105756,1.0
937,0,0.109375,0.09696529600895025,0.010966625366874884,1.0
938,0,0.015625,0.08883126640805522,0.010885983459099259,1.0
939,0,0.03125,0.0830731397672497,0.010828825658507218,1.0
940,0,0.015625,0.07632832579052473,0.010761804404661821,1.0
941,0,0.046875,0.07338299321147226,0.010732515523004837,1.0
942,0,0.015625,0.06760719389032503,0.01067504377062344,1.0
943,0,0.03125,0.06397147450129254,0.010638843525669175,1.0
944,0,0.015625,0.059136827051163285,0.010590679862814907,1.0
945,0,0.046875,0.05791064434604695,0.010578459938667333,1.0
946,0,0.03125,0.05524457991144226,0.010551884469542378,1.0
947,0,0.046875,0.05440762192029803,0.010543539997915645,1.0
948,0,0.09375,0.05834185972826822,0.010582757555870704,1.0
949,0,0.046875,0.0571951737554414,0.010571328879627771,1.0
950,0,0.03125,0.054600656379897264,0.010545464619366594,1.0
951,0,0.046875,0.05382809074190754,0.010537761626182507,1.0
952,0,0.015625,0.050007781667716786,0.010499661372007875,1.0
953,0,0.015625,0.04656950350094511,0.01046535867295944,1.0
954,0,0.03125,0.045037553150850604,0.010450071267285563,1.0
955,0,0.046875,0.04522129783576554,0.010451904976941116,1.0
956,0,0.03125,0.043824168052188986,0.010437961339738719,1.0
957,0,0.0,0.03944175124697009,0.01039421311422771,1.0
958,0,0.03125,0.03862257612227307,0.010386033830984479,1.0
959,0,0.046875,0.039447818510045765,0.010394273692556296,1.0
960,0,0.0,0.03550303665904119,0.01035488127390434,1.0
961,0,0.075,0.03945273299313707,0.010394322760981203,1.0
962,0,0.10625,0.04613245969382336,0.010460997611033312,1.0
963,0,0.125,0.054019213724441024,0.010539667309359268,1.0
964,0,0.1624999761581421,0.06486728996781113,0.010647764607292177,1.0
965,0,0.0625,0.06463056097103001,0.01064540721434375,1.0
966,0,0.10625,0.068792504873927,0.010686841918184984,1.0
967,0,0.078125,0.0697257543865343,0.010696129789051186,1.0
968,0,0.10625,0.07337817894788087,0.01073246763867531,1.0
969,0,0.03125,0.06916536105309279,0.010690552795213486,1.0
970,0,0.015625,0.06381132494778351,0.01063724854986984,1.0
971,0,0.10625,0.06805519245300516,0.01067950320650841,1.0
972,0,0.015625,0.06281217320770464,0.010627296976280776,1.0
973,0,0.046875,0.06121845588693418,0.010611420942348317,1.0
974,0,0.10625,0.06572161029824077,0.010656271490562757,1.0
975,0,0.046875,0.0638369492684167,0.010637503752092341,1.0
976,0,0.09375,0.06682825434157502,0.010667289464004734,1.0
977,0,0.03125,0.06327042890741752,0.010631861369318896,1.0
978,0,0.03125,0.06006838601667577,0.010599962436664502,1.0
979,0,0.046875,0.05874904741500819,0.010586815507868823,1.0
980,0,0.046875,0.05756164267350737,0.010574981530010737,1.0
981,0,0.046875,0.056492978406156635,0.01056432956731185,1.0
982,0,0.03125,0.053968680565540966,0.010539163448128398,1.0
983,0,0.046875,0.05325931250898687,0.010532090119351467,1.0
984,0,0.03125,0.05105838125808819,0.010510140584530507,1.0
985,0,0.0,0.04595254313227937,0.010459202254111484,1.0
986,0,0.015625,0.04291978881905144,0.0104289345392423,1.0
987,0,0.0,0.0386278099371463,0.010386086091127233,1.0
988,0,0.03125,0.03789002894343167,0.010378719070225102,1.0
989,0,0.015625,0.035663526049088505,0.010356484137447084,1.0
990,0,0.03125,0.03522217344417966,0.010352076151081467,1.0
991,0,0.015625,0.033262456099761695,0.010332501944323478,1.0
992,0,0.03125,0.033061210489785525,0.01033049169972141,1.0
993,0,0.046875,0.03444258944080697,0.010344289762447305,1.0
994,0,0.0,0.030998330496726272,0.01030988405582408,1.0
995,0,0.03125,0.031023497447053645,0.010310135483457702,1.0
996,0,0.075,0.03542114770234828,0.01035406341327787,1.0
997,0,0.10625,0.042504032932113446,0.010424784555882511,1.0
998,0,0.03125,0.0413786296389021,0.010413550297628088,1.0
999,1,0.0,0.03724076667501189,0.010372235601278772,0.96875
1000,1,0.109375,0.0444541900075107,0.010444249300499624,0.96875
1001,1,0.03125,0.04313377100675962,0.010431070404535043,0.96875
1002,1,0.0,0.03882039390608366,0.010388009045790694,0.96875
1003,1,0.0,0.0349383545154753,0.010349241451696339,0.984375
1004,1,0.03125,0.03456951906392777,0.01034555754856553,0.984375
1005,1,0.015625,0.032675067157534994,0.010326634435006716,0.984375
1006,1,0.0625,0.03565756044178149,0.01035642455717284,0.984375
1007,1,0.03125,0.03521680439760334,0.010352022527158989,0.984375
1008,1,0.03125,0.03482012395784301,0.010348060583302876,0.984375
1009,1,0.015625,0.03290061156205871,0.010328887456081143,0.984375
1010,1,0.015625,0.031173050405852838,0.010311629567644292,0.984375
1011,1,0.046875,0.032743245365267556,0.010327315488172659,0.984375
1012,1,0.0625,0.0357189208287408,0.010357037380188464,0.984375
1013,1,0.03125,0.035272028745866726,0.010352574085229474,0.984375
1014,1,0.078125,0.03955732587128005,0.010395367059132526,0.984375
1015,1,0.0,0.03560159328415205,0.010355865595480289,0.984375
1016,1,0.03125,0.03516643395573685,0.010351519446038517,0.984375
1017,1,0.015625,0.033212290560163164,0.01033200084270995,0.984375
1018,1,0.078125,0.037703561504146846,0.010376857057172215,0.984375
1019,1,0.140625,0.04799570535373216,0.010479588851747448,0.984375
1020,1,0.140625,0.057258634818358946,0.010571961416487696,0.984375
1021,1,0.203125,0.07184527133652305,0.010717219104240725,0.984375
1022,1,0.046875,0.06934824420287074,0.01069237288268128,0.984375
1023,1,0.046875,0.06710091978258366,0.010670003927842094,0.984375
1024,1,0.078125,0.0682033278043253,0.010680977705395054,0.984375
1025,1,0.078125,0.06919549502389276,0.010690852697319264,0.984375
1026,1,0.15625,0.07790094552150348,0.010777437449851166,0.984375
1027,1,0.21875,0.09198585096935312,0.010917272831444011,0.984375
1028,1,0.203125,0.1030997658724178,0.011027360106426487,0.984375
1029,1,0.15625,0.10841478928517602,0.011079920161373078,0.984375
1030,1,0.21875,0.11944831035665841,0.011188834417962175,0.984375
1031,1,0.26562501192092897,0.13406598051308546,0.011332684935390816,0.984375
1032,1,0.1875,0.13940938246177692,0.011385132093285613,0.984375
1033,1,0.09375,0.13484344421559924,0.011340320698351468,0.984375
1034,1,0.1875,0.14010909979403932,0.011391994353265694,0.984375
1035,1,0.140625,0.1401606898146354,0.011392500253506719,0.984375
1036,1,0.078125,0.13395712083317185,0.011331615657097336,0.984375
1037,1,0.09375,0.12993640874985468,0.011292100545408438,0.984375
1038,1,0.03125,0.12006776787486922,0.011194940993034695,0.984375
1039,1,0.078125,0.1158734910873823,0.011153576630321673,0.984375
1040,1,0.171875,0.12147364197864408,0.01120879665477001,0.984375
1041,1,0.03125,0.11245127778077968,0.011119796700822082,0.984375
1042,1,0.015625,0.1027686500027017,0.011024083784643288,0.984375
1043,1,0.015625,0.09405428500243153,0.010937779215959098,0.984375
1044,1,0.046875,0.08933635650218838,0.01089099448748028,0.984375
1045,1,0.0625,0.08665272085196954,0.010864364873586004,0.984375
1046,1,0.0,0.07798744876677259,0.010778297248185598,0.984375
1047,1,0.125,0.08268870389009533,0.010825007587166835,0.984375
1048,1,0.046875,0.0791073335010858,0.010789427284140595,0.984375
1049,1,0.109375,0.08213410015097722,0.0108194990467072,0.984375
1050,1,0.03125,0.0770456901358795,0.01076893602520584,0.984375
1051,1,0.046875,0.07402862112229155,0.01073893685449788,0.984375
1052,1,0.078125,0.0744382590100624,0.010743010742470199,0.984375
1053,1,0.03125,0.07011943310905616,0.01070004739117123,0.984375
1054,1,0.0625,0.06935748979815054,0.010692464895359634,0.984375
1055,1,0.046875,0.06710924081833548,0.010670086764617752,0.984375
1056,1,0.0625,0.06664831673650193,0.010665498078639915,0.984375
1057,1,0.125,0.07248348506285174,0.010723568120101638,0.984375
1058,1,0.09375,0.07461013655656656,0.010744720007332783,0.984375
1059,1,0.203125,0.0874616229009099,0.010872392895789385,0.984375
1060,1,0.171875,0.0959029606108189,0.010956100196902891,0.984375
1061,1,0.28125,0.11443766454973701,0.011139407098775199,0.984375
1062,1,0.125,0.1154938980947633,0.011149831050481871,0.984375
1063,1,0.09375,0.11331950828528697,0.01112836929894967,0.984375
1064,1,0.046875,0.10667505745675827,0.01106272252171557,0.984375
1065,1,0.046875,0.10069505171108245,0.011003560941160019,0.984375
1066,1,0.078125,0.0984380465399742,0.01098121317632443,0.984375
1067,1,0.046875,0.09328174188597678,0.010930121171260259,0.984375
1068,1,0.09375,0.0933285676973791,0.010930585376332312,0.984375
1069,1,0.0625,0.09024571092764119,0.01090001510734408,0.984375
1070,1,0.015625,0.08278363983487708,0.010825950477530242,0.984375
1071,1,0.09375,0.08388027585138937,0.010836841035026813,0.984375
1072,1,0.140625,0.08955474826625043,0.010893161025436016,0.984375
1073,1,0.03125,0.0837242734396254,0.010835291915592522,0.984375
1074,1,0.078125,0.08316434609566285,0.010829731449504868,0.984375
1075,1,0.03125,0.07797291148609657,0.01077815275580621,0.984375
1076,1,0.0625,0.07642562033748693,0.010762771696509242,0.984375
1077,1,0.125,0.08128305830373823,0.01081104519483717,0.984375
1078,1,0.203125,0.0934672524733644,0.010931960196389168,0.984375
1079,1,0.109375,0.09505802722602796,0.010947727426352326,0.984375
1080,1,0.078125,0.09336472450342517,0.010930943812046439,0.984375
1081,1,0.078125,0.09184075205308266,0.010915834031611353,0.984375
1082,1,0.140625,0.09671917684777438,0.010964187113808246,0.984375
1083,1,0.15625,0.10267225916299695,0.01102312997580009,0.984375
1084,1,0.1875,0.11115503324669726,0.011106994946327798,0.984375
1085,1,0.140625,0.11410202992202753,0.011136094199645561,0.984375
1086,1,0.109375,0.11362932692982479,0.011131427931725458,0.984375
1087,1,0.078125,0.1100788942368423,0.011096364168052444,0.984375
1088,1,0.046875,0.10375850481315807,0.011033877525977755,0.984375
1089,1,0.0625,0.09963265433184226,0.010993042847618182,0.984375
1090,1,0.03125,0.09279438889865804,0.010925289584899554,0.984375
1091,1,0.0625,0.08976495000879223,0.010895246235119456,0.984375
1092,1,0.125,0.09328845500791301,0.010930187721668842,0.984375
1093,1,0.0625,0.0902096095071217,0.010899657016288773,0.984375
1094,1,0.09375,0.09056364855640953,0.010903168639475094,0.984375
1095,1,0.046875,0.08619478370076858,0.010859819536180267,0.984375
1096,1,0.078125,0.08538780533069172,0.010851808857467275,0.984375
1097,1,0.09375,0.08622402479762255,0.010860109784654999,0.984375
1098,1,0.03125,0.08072662231786029,0.01080551718811532,0.984375
1099,1,0.03125,0.07577896008607427,0.010756342401793165,0.984375
1100,1,0.078125,0.07601356407746684,0.01075867497966366,0.984375
1101,1,0.0625,0.07466220766972015,0.010745237828550804,0.984375
1102,1,0.09375,0.07657098690274813,0.010764216888400062,0.984375
1103,1,0.0625,0.07516388821247333,0.010750226584739581,0.984375
1104,1,0.1875,0.08639749939122598,0.010861831671425107,0.984375
1105,1,0.109375,0.08869524945210339,0.01088463395016326,0.984375
1106,1,0.078125,0.08763822450689306,0.01087414544422298,0.984375
1107,1,0.03125,0.08199940205620375,0.010818161097035576,0.984375
1108,1,0.078125,0.08161196185058338,0.010814312507942283,0.984375
1109,1,0.046875,0.07813826566552504,0.010779796263883793,0.984375
1110,1,0.078125,0.07813693909897254,0.010779783078883056,0.984375
1111,1,0.109375,0.08126074518907529,0.010810823531033416,0.984375
1112,1,0.078125,0.08094717067016777,0.010807708322221206,0.984375
1113,1,0.046875,0.077539953603151,0.010773849248797153,0.984375
1114,1,0.21875,0.09166095824283589,0.01091405114441216,0.984375
1115,1,0.109375,0.09343236241855231,0.010931614325091588,0.984375
1116,1,0.15625,0.09971412617669707,0.010993849525322097,0.984375
1117,1,0.0625,0.09599271355902736,0.010956989514186513,0.984375
1118,1,0.046875,0.09108094220312463,0.01090829913944008,0.984375
1119,1,0.125,0.09447284798281216,0.01094192787299945,0.984375
1120,1,0.109375,0.09596306318453095,0.01095669572507508,0.984375
1121,1,0.140625,0.10042925686607784,0.011000929691703137,0.984375
1122,1,0.140625,0.10444883117947006,0.011040706511988184,0.984375
1123,1,0.109375,0.10494144806152306,0.01104557907675417,0.984375
1124,1,0.09375,0.10382230325537074,0.011034508686802945,0.984375
1125,1,0.1875,0.11219007292983366,0.01111721733056822,0.984375
1126,1,0.109375,0.1119085656368503,0.011114437307303009,0.984375
1127,1,0.125,0.11321770907316527,0.011127364256538834,0.984375
1128,1,0.09375,0.11127093816584874,0.011108139777398255,0.984375
1129,1,0.046875,0.10483134434926386,0.011044490064028887,0.984375
1130,1,0.078125,0.10216070991433748,0.01101806776752539,0.984375
1131,1,0.203125,0.11225713892290373,0.01111787961452895,0.984375
1132,1,0.15625,0.11665642503061337,0.011161301082446434,0.984375
1133,1,0.09375,0.11436578252755203,0.011138697604816622,0.984375
1134,1,0.046875,0.10761670427479683,0.011072031707936506,0.984375
1135,1,0.078125,0.10466753384731715,0.011042869802363717,0.984375
1136,1,0.125,0.10670078046258544,0.011062976845975889,0.984375
1137,1,0.0625,0.10228070241632689,0.011019255241266736,0.984375
1138,1,0.09375,0.1014276321746942,0.011010812430666792,0.984375
1139,1,0.09375,0.10065986895722477,0.0110032126557686,0.984375
1140,1,0.109375,0.10153138206150229,0.01101183931820275,0.984375
1141,1,0.109375,0.10231574385535207,0.01101960201402892,0.984375
1142,1,0.09375,0.10145916946981685,0.011011124580325661,0.984375
1143,1,0.03125,0.09443825252283518,0.010941584986688955,0.984375
1144,1,0.09375,0.09436942727055166,0.010940902831671461,0.984375
1145,1,0.140625,0.09899498454349648,0.010986728633545521,0.984375
1146,1,0.1875,0.10784548608914682,0.011074293177780055,0.984375
1147,1,0.09375,0.10643593748023214,0.011060358267627152,0.984375
1148,1,0.1875,0.11454234373220892,0.011140440288313519,0.984375
1149,1,0.4281249761581421,0.14590060697480223,0.011448740852644568,0.984375
1150,1,0.28125,0.15943554627732198,0.011580982082865284,0.984375
1151,1,0.265625,0.17005449164958977,0.011684339920776785,0.984375
1152,1,0.390625,0.1921115424846308,0.011897825090702705,0.984375
1153,1,0.5343750238418579,0.2263378906203535,0.012225504724966172,0.984375
1154,1,0.46875,0.25057910155831814,0.012454629492089411,0.984375
1155,1,0.44687498807907106,0.2702086902103934,0.012638190114335224,0.984375
1156,1,0.25,0.268187821189354,0.012619377954502775,0.984375
1157,1,0.109375,0.2523065390704186,0.012470856153933512,0.984375
1158,1,0.125,0.23957588516337675,0.012350951153774726,0.984375
1159,1,0.125,0.2281182966470391,0.012242420252729057,0.984375
1160,1,0.125,0.2178064669823352,0.012144263713873631,0.984375
1161,1,0.203125,0.21633832028410166,0.01213025288052335,0.984375
1162,1,0.078125,0.2025169882556915,0.011997930479143921,0.984375
1163,1,0.140625,0.19632778943012236,0.011938436241133223,0.984375
1164,1,0.15625,0.19232001048711012,0.011899834606438864,0.984375
1165,1,0.125,0.1855880094383991,0.011834862309209184,0.984375
1166,1,0.109375,0.17796670849455917,0.011761113475396245,0.984375
1167,1,0.125,0.17267003764510325,0.01170974210130282,0.984375
1168,1,0.125,0.1679030338805929,0.011663428166156729,0.984375
1169,1,0.09375,0.16048773049253362,0.011591239221071364,0.984375
1170,1,0.109375,0.15537645744328024,0.011541380569372825,0.984375
1171,1,0.078125,0.1476513116989522,0.01146587608966848,0.984375
1172,1,0.109375,0.14382368052905697,0.011428401413160523,0.984375
1173,1,0.046875,0.1341288124761513,0.01133330209058752,0.984375
1174,1,0.109375,0.13165343122853618,0.011308980347719422,0.984375
1175,1,0.09375,0.12786308810568256,0.011271708050982588,0.984375
1176,1,0.109375,0.1260142792951143,0.011253514703094578,0.984375
1177,1,0.09375,0.12278785136560287,0.011221744653374428,0.984375
1178,1,0.078125,0.11832156622904258,0.011177724739052975,0.984375
1179,1,0.15625,0.12211440960613833,0.01121511021287585,0.984375
1180,1,0.15625,0.12552796864552448,0.011248727719111808,0.984375
1181,1,0.078125,0.12078767178097204,0.011202036626548003,0.984375
1182,1,0.140625,0.12277140460287482,0.0112215826403641,0.984375
1183,1,0.28125,0.13861926414258732,0.011377381654867395,0.984375
1184,1,0.34375,0.15913233772832858,0.011578025642852492,0.984375
1185,1,0.234375,0.16665660395549572,0.011651306246209714,0.984375
1186,1,0.34375,0.18436594355994615,0.011823050443029311,0.984375
1187,1,0.265625,0.19249184920395151,0.01190149091654096,0.984375
1188,1,0.21875,0.19511766428355637,0.011926786971492664,0.984375
1189,1,0.140625,0.18966839785520073,0.011874262723409985,0.984375
1190,1,0.265625,0.19726405806968064,0.011947445483587582,0.984375
1191,1,0.125,0.19003765226271258,0.011877825306832268,0.984375
1192,1,0.09375,0.1804088870364413,0.01178476759353899,0.984375
1193,1,0.09375,0.1717429983327972,0.011700741277934726,0.984375
1194,1,0.171875,0.17175619849951745,0.011700869461138344,0.984375
1195,1,0.140625,0.1686430786495657,0.011670622956957045,0.984375
1196,1,0.328125,0.18459127078460913,0.011825228737964252,0.984375
1197,1,0.28125,0.19425714370614822,0.011918499862684116,0.984375
1198,1,0.203125,0.19514392933553337,0.011927039869810885,0.984375
1199,1,0.28125,0.20375453640198002,0.012009809022195308,0.984375
1200,1,0.21875,0.20525408276178203,0.012024194422930632,0.984375
1201,1,0.21875,0.20660367448560385,0.012037133820753816,0.984375
1202,1,0.0625,0.1921933070370435,0.011898613274527934,0.984375
1203,1,0.21875,0.19484897633333914,0.011924199708726381,0.984375
1204,1,0.125,0.1878640787000052,0.011856847493525126,0.984375
1205,1,0.046875,0.1737651708300047,0.011720371307385359,0.984375
1206,1,0.21875,0.17826365374700423,0.011763990679187597,0.984375
1207,1,0.234375,0.1838747883723038,0.01181830170239326,0.984375
1208,1,0.203125,0.1857998095350734,0.011836908923453317,0.984375
1209,1,0.15625,0.1828448285815661,0.011808340770024245,0.984375
1210,1,0.109375,0.17549784572340948,0.011737180213147043,0.984375
1211,1,0.171875,0.17513556115106854,0.01173366647649955,0.984375
1212,1,0.03125,0.16074700503596168,0.011593766212783416,0.984375
1213,1,0.125,0.15717230453236553,0.011558907502760075,0.984375
1214,1,0.15625,0.15708007407912897,0.011558007599068075,0.984375
1215,1,0.078125,0.14918456667121607,0.01148087579165054,0.984375
1216,1,0.125,0.14676611000409445,0.011457213162379533,0.984375
1217,1,0.125,0.144589499003685,0.011435902523610215,0.984375
1218,1,0.09375,0.1395055491033165,0.011386075296689816,0.984375
1219,1,0.09375,0.13492999419298485,0.011341170639909923,0.984375
1220,1,0.078125,0.12924949477368636,0.011285345489080648,0.984375
1221,1,0.03125,0.11944954529631772,0.01118884659281959,0.984375
1222,1,0.125,0.12000459076668595,0.011194318238210382,0.984375
1223,1,0.15625,0.12362913169001735,0.011230031028416661,0.984375
1224,1,0.171875,0.12845371852101561,0.011277518398845537,0.984375
1225,1,0.2718749761581421,0.14279584428472825,0.011418331288379031,0.984375
1226,1,0.23437501192092897,0.15195376104834832,0.0115079492814133,0.984375
1227,1,0.646874976158142,0.2014458825593277,0.01198764478104687,0.984375
1228,1,0.6093750119209289,0.2422387954954878,0.012376092675235616,0.984375
1229,1,0.45312501192092897,0.2633274171380319,0.012574051356242693,0.984375
1230,1,0.340625,0.27105717542422875,0.012646082648159805,0.984375
1231,1,0.125,0.2564514578818059,0.012509734774991996,0.984375
1232,1,0.0625,0.23705631209362532,0.012327133926407503,0.984375
1233,1,0.0625,0.2196006808842628,0.012161374295966434,0.984375
1234,1,0.09375,0.20701561279583652,0.012041081921454222,0.984375
1235,1,0.171875,0.20350155151625288,0.012007381238951051,0.984375
1236,1,0.1875,0.2019013963646276,0.011992019561418349,0.984375
1237,1,0.140625,0.19577375672816483,0.011933103521678354,0.984375
1238,1,0.140625,0.19025888105534836,0.011879959495749695,0.984375
1239,1,0.109375,0.18217049294981352,0.011801817133432799,0.984375
1240,1,0.109375,0.17489094365483215,0.011731293723180825,0.984375
1241,1,0.140625,0.17146434928934895,0.011698035259147402,0.984375
1242,1,0.078125,0.16213041436041406,0.011607245926857879,0.984375
1243,1,0.109375,0.15685487292437264,0.011555810175508564,0.984375
1244,1,0.078125,0.14898188563193537,0.011478893369595658,0.984375
1245,1,0.1875,0.15283369706874184,0.011516547408890803,0.984375
1246,1,0.375,0.17505032736186765,0.011732839744256181,0.984375
1247,1,0.328125,0.1903577946256809,0.01188091365520108,0.984375
1248,1,0.25,0.1963220151631128,0.011938380668101998,0.984375
1249,1,0.21875,0.1985648136468015,0.011959956545797814,0.984375
1250,1,0.1875,0.19745833228212134,0.011949314475629167,0.984375
1251,1,0.203125,0.1980249990539092,0.011954765217102623,0.984375
1252,1,0.09375,0.18759749914851828,0.011854273484158477,0.984375
1253,1,0.09375,0.17821274923366645,0.011763497469395524,0.984375
1254,1,0.140625,0.17445397431029983,0.011727054685540732,0.984375
1255,1,0.109375,0.16794607687926982,0.01166384668317796,0.984375
1256,1,0.140625,0.16521396919134285,0.011637269943957695,0.984375
1257,1,0.125,0.16119257227220857,0.011598108398385777,0.984375
1258,1,0.15625,0.16069831504498772,0.011593291676891156,0.984375
1259,1,0.15625,0.16025348354048896,0.01158895597880459,0.984375
1260,1,0.171875,0.16141563518644006,0.011600281980845365,0.984375
1261,1,0.15625,0.16089907166779605,0.01159524821686833,0.984375
1262,1,0.265625,0.17137166450101643,0.011697135121125163,0.984375
1263,1,0.1875,0.1729844980509148,0.011712794617509428,0.984375
1264,1,0.140625,0.1697485482458233,0.011681367129813472,0.984375
1265,1,0.21875,0.17464869342124098,0.011728943733881848,0.984375
1266,1,0.1875,0.17593382407911687,0.011741408106892748,0.984375
1267,1,0.265625,0.18490294167120516,0.01182824144344119,0.984375
1268,1,0.32812501192092897,0.19922514869617755,0.011966305410616405,0.984375
1269,1,0.296875,0.2089901338265598,0.012059996895640144,0.984375
1270,1,0.296875,0.21777862044390378,0.012143998050370764,0.984375
1271,1,0.25,0.22100075839951341,0.012174716973134325,0.984375
1272,1,0.171875,0.21608818255956208,0.012127864888014457,0.984375
1273,1,0.42187501192092897,0.23666686549569876,0.0123234500335877,0.984375
1274,1,0.21875,0.2348751789461289,0.012306493355011383,0.984375
1275,1,0.4406250238418579,0.25545016343570176,0.012500350167536634,0.984375
1276,1,0.634374988079071,0.29334264590003867,0.012852084736345857,0.984375
1277,1,0.5656250238418579,0.32057088369422054,0.013100230261213333,0.984375
1278,1,0.41562498807907106,0.33007629413270556,0.013185893289111824,0.984375
1279,1,0.171875,0.31425616471943496,0.013043041218621354,0.984375
1280,1,0.09375,0.2922055482474915,0.012841635334755106,0.984375
1281,1,0.15625,0.27860999342274234,0.012716181103898747,0.984375
1282,1,0.0625,0.2569989940804681,0.012514864551163428,0.984375
1283,1,0.140625,0.2453615946724213,0.012405535649351644,0.984375
1284,1,0.125,0.23332543520517918,0.012291815132630848,0.984375
1285,1,0.171875,0.22718039168466125,0.012233510952622647,0.984375
1286,1,0.109375,0.21539985251619512,0.012121292288642985,0.984375
1287,1,0.15625,0.2094848672645756,0.01206473380242329,0.984375
1288,1,0.171875,0.20572388053811805,0.012028699478743321,0.984375
1289,1,0.125,0.19765149248430625,0.011951172610129863,0.984375
1290,1,0.171875,0.19507384323587562,0.011926365026052637,0.984375
1291,1,0.1875,0.19431645891228805,0.011919071176441256,0.984375
1292,1,0.140625,0.18894731302105924,0.01186730424289588,0.984375
1293,1,0.109375,0.1809900817189533,0.011790393822638655,0.984375
1294,1,0.171875,0.18007857354705797,0.011781569488128401,0.984375
1295,1,0.09375,0.1714457161923522,0.011697854300130001,0.984375
1296,1,0.109375,0.16523864457311696,0.011637510082191929,0.984375
1297,1,0.203125,0.16902728011580526,0.011674357501830046,0.984375
1298,1,0.1875,0.17087455210422473,0.011692306771877093,0.984375
1299,1,0.140625,0.16784959689380227,0.011662908577649017,0.984375
1300,1,0.21875,0.17293963720442204,0.011712359166370222,0.984375
1301,1,0.15625,0.17127067348397984,0.011696154282262628,0.984375
1302,1,0.15625,0.16976860613558187,0.01168156203769745,0.984375
1303,1,0.203125,0.1731042455220237,0.011713956938474135,0.984375
1304,1,0.203125,0.17610632096982132,0.01174308071582016,0.984375
1305,1,0.28125,0.18662068887283917,0.011844839535278687,0.984375
1306,1,0.125,0.18045861998555524,0.011785249076845453,0.984375
1307,1,0.03125,0.1655377579869997,0.011640420868227894,0.984375
1308,1,0.140625,0.16304648218829976,0.011616168646650516,0.984375
1309,1,0.203125,0.16705433396946978,0.01165517483855619,0.984375
1310,1,0.4375,0.1940989005725228,0.011916975628714455,0.984375
1311,1,0.265625,0.20125151051527052,0.011985777779680669,0.984375
1312,1,0.125,0.19362635946374346,0.011912423454803804,0.984375
1313,1,0.203125,0.19457622351736914,0.011921573030720025,0.984375
1314,1,0.015625,0.17668110116563224,0.011748653321638564,0.984375
1315,1,0.109375,0.169950491049069,0.01168332940205417,0.984375
1316,1,0.0,0.1529554419441621,0.011517736835379306,0.984375
1317,1,0.140625,0.1517223977497459,0.011505688179537154,0.984375
1318,1,0.15625,0.15217515797477132,0.011510112834719382,0.984375
1319,1,0.109375,0.1478951421772942,0.011468261915013753,0.984375
1320,1,0.109375,0.14404312795956475,0.011430551045518236,0.984375
1321,1,0.171875,0.14682631516360828,0.011457802424418044,0.984375
1322,1,0.15625,0.14776868364724746,0.011467024568587579,0.984375
1323,1,0.2093749761581421,0.15392931289833692,0.011527249802202329,0.984375
1324,1,0.29687501192092897,0.16822388280059614,0.011666547710076768,0.984375
1325,1,0.29687501192092897,0.18108899571262943,0.011791351238636949,0.984375
1326,1,0.35937501192092897,0.19891759733345937,0.011963348628609463,0.984375
1327,1,0.465625,0.22558833760011343,0.012218379251436633,0.984375
1328,1,0.2718749761581421,0.2302170014559163,0.01226234257284567,0.984375
1329,1,0.1875,0.22594530131032467,0.01222177295044085,0.984375
1330,1,0.109375,0.2142882711792922,0.012110674174278531,0.984375
1331,1,0.171875,0.21004694406136298,0.01207011432499157,0.984375
1332,1,0.171875,0.2062297496552267,0.01203354947518145,0.984375
1333,1,0.171875,0.202794274689704,0.012000592510787188,0.984375
1334,1,0.15625,0.1981398472207336,0.011955869789254192,0.984375
1335,1,0.15625,0.19395086249866025,0.011915549608483544,0.984375
1336,1,0.26562501192092897,0.20111827744088712,0.011984497953060495,0.984375
1337,1,0.234375,0.2044439496967984,0.012016423760625224,0.984375
1338,1,0.125,0.19649955472711855,0.011940089297634834,0.984375
1339,1,0.109375,0.1877870992544067,0.01185610423005568,0.984375
1340,1,0.21875,0.19088338932896604,0.011885983153801728,0.984375
1341,1,0.203125,0.19210755039606942,0.011897786607634471,0.984375
1342,1,0.203125,0.19320929535646247,0.011908405028956147,0.984375
1343,1,0.21875,0.19576336582081624,0.011933003495370922,0.984375
1344,1,0.125,0.1886870292387346,0.011864792039432446,0.984375
1345,1,0.109375,0.18075582631486112,0.011788126264340655,0.984375
1346,1,0.528125,0.21549274368337498,0.012122179382912518,0.984375
1347,1,0.15625,0.20956846931503748,0.012065534168505667,0.984375
1348,1,0.234375,0.21204912238353374,0.012089270134879093,0.984375
1349,1,0.28125,0.21896921014518037,0.012155353761675319,0.984375
1350,1,0.203125,0.21738478913066234,0.012140240453679396,0.984375
1351,1,0.078125,0.2034588102175961,0.012006971045391177,0.984375
1352,1,0.0625,0.1893629291958365,0.01187131517503905,0.984375
1353,1,0.1781249761581421,0.18823913389206706,0.01186046847847561,0.984375
1354,1,0.09375,0.17879022050286036,0.01176909202259663,0.984375
1355,1,0.1781249761581421,0.17872369606838856,0.011768447590731692,0.984375
1356,1,0.265625,0.1874138264615497,0.011852499849636208,0.984375
1357,1,0.265625,0.19523494381539472,0.011927916201167954,0.984375
1358,1,0.3125,0.20696144943385525,0.012040562846636516,0.984375
1359,1,0.234375,0.20970280449046974,0.012066820171387958,0.984375
1360,1,0.140625,0.20279502404142277,0.012000599704384985,0.984375
1361,1,0.234375,0.2059530216372805,0.012030896481761812,0.984375
1362,1,0.109375,0.19629521947355244,0.011938122777863967,0.984375
1363,1,0.140625,0.1907281975261972,0.011884486392653508,0.984375
1364,1,0.109375,0.1825928777735775,0.01180590354129416,0.984375
1365,1,0.0625,0.17058358999621975,0.011689480340406542,0.984375
1366,1,0.09375,0.16290023099659778,0.011614744301904179,0.984375
1367,1,0.125,0.15911020789693803,0.011577809854478061,0.984375
1368,1,0.078125,0.15101168710724422,0.011498741455895892,0.984375
1369,1,0.234375,0.1593480183965198,0.01158012866988176,0.984375
1370,1,0.203125,0.1637257165568678,0.011622782847148934,0.984375
1371,1,0.234375,0.170790644901181,0.0116914917184775,0.984375
1372,1,0.3125,0.18496158041106292,0.011828808224958921,0.984375
1373,1,0.28125,0.1945904223699566,0.011921709776027531,0.984375
1374,1,0.38437498807907106,0.21356887894086804,0.012103799694576768,0.984375
1375,1,0.125,0.20471199104678123,0.012018995050420206,0.984375
1376,1,0.21875,0.2061157919421031,0.012032456997938566,0.984375
1377,1,0.109375,0.1964417127478928,0.011939532643007924,0.984375
1378,1,0.109375,0.18773504147310352,0.011855601581931796,0.984375
1379,1,0.15625,0.18458653732579317,0.011825182980269407,0.984375
1380,1,0.28125,0.19425288359321383,0.011918458829516176,0.984375
1381,1,0.23437501192092897,0.19826509642598533,0.01195707433862788,0.984375
1382,1,0.203125,0.19875108678338682,0.011961747656236593,0.984375
1383,1,0.3125,0.21012597810504816,0.012070870784012252,0.984375
1384,1,0.125,0.20161338029454334,0.011989253530962026,0.984375
1385,1,0.171875,0.198639542265089,0.011960675114981755,0.984375
1386,1,0.140625,0.19283808803858013,0.011904827896599864,0.984375
1387,1,0.109375,0.1844917792347221,0.011824266950214329,0.984375
1388,1,0.1875,0.1847926013112499,0.011827174899229409,0.984375
1389,1,0.234375,0.1897508411801249,0.011875058183173871,0.984375
1390,1,0.28125,0.19890075706211238,0.011963186716843788,0.984375
1391,1,0.265625,0.20557318135590114,0.01202725446483521,0.984375
1392,1,0.28125,0.213140863220311,0.0120997086078442,0.984375
1393,1,0.140625,0.2058892768982799,0.012030285318236467,0.984375
1394,1,0.26562501192092897,0.2118628504005448,0.012087488654385772,0.984375
1395,1,0.25,0.21567656536049032,0.012123934744422967,0.984375
1396,1,0.2093749761581421,0.2150464064402555,0.012117916621456552,0.984375
1397,1,0.140625,0.20760426579622995,0.012046722539345524,0.984375
1398,1,0.09375,0.19621883921660696,0.011937387655281533,0.984375
1399,1,0.140625,0.19065945529494627,0.011883823374105767,0.984375
1400,1,0.171875,0.18878100976545165,0.011865699147547345,0.984375
1401,1,0.21875,0.1917779087889065,0.011894608716396152,0.984375
1402,1,0.25,0.19760011791001583,0.011950678418117032,0.984375
1403,1,0.26562501192092897,0.20440260731110713,0.012016027143130608,0.984375
1404,1,0.21875,0.20583734657999642,0.012029787415785378,0.984375
1405,1,0.359375,0.22119111192199675,0.012176530407588352,0.984375
1406,1,0.359375,0.23500950072979707,0.01230776507543949,0.984375
1407,1,0.740624976158142,0.2855710482726316,0.012780533323587315,0.984375
1408,1,0.21875,0.2788889434453684,0.012718764609032684,0.984375
1409,1,0.203125,0.2713125491008316,0.01264845741805119,0.984375
1410,1,0.140625,0.25824379419074844,0.01252652161772543,0.984375
1411,1,0.0625,0.2386694147716736,0.012342385630419228,0.984375
1412,1,0.15625,0.23042747329450625,0.012264339472549431,0.984375
1413,1,0.171875,0.22457222596505563,0.01220871600971883,0.984375
1414,1,0.15625,0.21774000336855007,0.012143629627784822,0.984375
1415,1,0.0625,0.20221600303169507,0.011995040598269373,0.984375
1416,1,0.203125,0.20230690272852558,0.011995913399628086,0.984375
1417,1,0.1875,0.20082621245567303,0.011981692162634614,0.984375
1418,1,0.0625,0.18699359121010573,0.011848441395887485,0.984375
1419,1,0.09375,0.17766923208909516,0.011758230823329599,0.984375
1420,1,0.140625,0.17396480888018565,0.011722308534903815,0.984375
1421,1,0.15625,0.17219332799216708,0.011705113980535147,0.984375
1422,1,0.140625,0.1690364951929504,0.011674447069041262,0.984375
1423,1,0.109375,0.16307034567365533,0.01161640104746273,0.984375
1424,1,0.1875,0.16551331110628978,0.011640182977075055,0.984375
1425,1,0.140625,0.1630244799956608,0.011615954370937336,0.984375
1426,1,0.109375,0.15765953199609473,0.011563661010314306,0.984375
1427,1,0.21875,0.16376857879648526,0.011623200179196278,0.984375
1428,1,0.125,0.15989172091683673,0.011585429487153973,0.984375
1429,1,0.15625,0.15952754882515308,0.01158187909921675,0.984375
1430,1,0.125,0.1560747939426378,0.01154819728494475,0.984375
1431,1,0.171875,0.15765481454837402,0.011563614989235986,0.984375
1432,1,0.1875,0.16063933309353662,0.011592716825005718,0.984375
1433,1,0.140625,0.15863789978418297,0.01157320401080581,0.984375
1434,1,0.25,0.16777410980576468,0.011662174571735977,0.984375
1435,1,0.553124976158142,0.2063091964410024,0.012034311076917478,0.984375
1436,1,0.328125,0.21849077679690215,0.012150791216650511,0.984375
1437,1,0.34375,0.23101669911721193,0.012269928874564729,0.984375
1438,1,0.35312498807907106,0.24322752801339784,0.012385419585958922,0.984375
1439,1,0.45312501192092897,0.26421727640415094,0.012582358446288544,0.984375
1440,1,0.171875,0.25498304876373584,0.012495970538076486,0.984375
1441,1,0.15625,0.24510974388736226,0.012403162733811066,0.984375
1442,1,0.0625,0.22684876949862604,0.012230359929575108,0.984375
1443,1,0.109375,0.21510139254876343,0.012118441812016587,0.984375
1444,1,0.184375,0.2120287532938871,0.01208907533436251,0.984375
1445,1,0.09375,0.2002008779644984,0.01197568364926617,0.984375
1446,1,0.078125,0.18799329016804855,0.011858095027669607,0.984375
1447,1,0.1781249761581421,0.18700645876705793,0.01184856567465742,0.984375
1448,1,0.109375,0.17924331289035214,0.01177348079066753,0.984375
1449,1,0.203125,0.18163148160131692,0.011796601506370187,0.984375
1450,1,0.2718749761581421,0.19065583105699946,0.011883788417868555,0.984375
1451,1,0.171875,0.1887777479512995,0.0118656676647698,0.984375
1452,1,0.109375,0.18083747315616955,0.011788916615488658,0.984375
1453,1,0.140625,0.1768162258405526,0.011749963219161842,0.984375
1454,1,0.184375,0.17757210325649733,0.011757289545102497,0.984375
1455,1,0.0625,0.1660648929308476,0.011645549922678022,0.984375
1456,1,0.109375,0.16039590363776285,0.011590344190395794,0.984375
1457,1,0.125,0.15685631327398658,0.011555824230358405,0.984375
1458,1,0.125,0.15367068194658795,0.011524723718423864,0.984375
1459,1,0.1875,0.15705361375192914,0.011557749417678995,0.984375
1460,1,0.046875,0.14603575237673624,0.011450063915758044,0.984375
1461,1,0.21875,0.15330717713906264,0.011521172980665875,0.984375
1462,1,0.1875,0.15672645942515637,0.011554557098557664,0.984375
1463,1,0.1468749761581421,0.15574131109845493,0.011544942221563145,0.984375
1464,1,0.15625,0.15579217998860945,0.011545438764938876,0.984375
1465,1,0.1875,0.1589629619897485,0.011576374018690409,0.984375
1466,1,0.21875,0.16494166579077366,0.011634619786953657,0.984375
1467,1,0.1781249761581421,0.1662599968275105,0.011647448069772762,0.984375
1468,1,0.09375,0.15900899714475944,0.011576822927453457,0.984375
1469,1,0.171875,0.1602955974302835,0.011589366482120013,0.984375
1470,1,0.25,0.16926603768725515,0.011676678049691386,0.984375
1471,1,0.26562501192092897,0.17890193511062252,0.011770174184111701,0.984375
1472,1,0.1875,0.17976174159956027,0.011778501557722521,0.984375
1473,1,0.203125,0.18209806743960422,0.011801116382454981,0.984375
1474,1,0.140625,0.1779507606956438,0.011760958943215891,0.984375
1475,1,0.125,0.17265568462607944,0.0117096027664711,0.984375
1476,1,0.125,0.1678901161634715,0.011663302563039255,0.984375
1477,1,0.09375,0.16047610454712435,0.011591125905146153,0.984375
1478,1,0.15625,0.16005349409241193,0.011587006515358766,0.984375
1479,1,0.2093749761581421,0.16498564229898494,0.011635047798515572,0.984375
1480,1,0.23437501192092897,0.17192457926117935,0.011702504510083709,0.984375
1481,1,0.15625,0.17035712133506142,0.011687280211594842,0.984375
1482,1,0.23437501192092897,0.1767589103936482,0.011749407611238445,0.984375
1483,1,0.3125,0.19033301935428337,0.011880674666458608,0.984375
1484,1,0.140625,0.18536221741885506,0.01183268031649535,0.984375
1485,1,0.203125,0.18713849567696955,0.011849840893036192,0.984375
1486,1,0.140625,0.1824871461092726,0.011804880687261005,0.984375
1487,1,0.203125,0.18455093149834534,0.01182483878110228,0.984375
1488,1,0.171875,0.1832833383485108,0.011812582134173804,0.984375
1489,1,0.140625,0.17901750451365972,0.011771293641370686,0.984375
1490,1,0.140625,0.17517825406229376,0.011734080570767563,0.984375
1491,1,0.171875,0.17484792865606438,0.011730876463306911,0.984375
1492,1,0.171875,0.17455063579045793,0.011727992453291747,0.984375
1493,1,0.15625,0.17272057221141215,0.01171023267037127,0.984375
1494,1,0.1875,0.17419851499027092,0.011724576179352917,0.984375
1495,1,0.2406249761581421,0.18084116110705803,0.011788952314747593,0.984375
1496,1,0.1781249761581421,0.18056954261216646,0.01178632292953367,0.984375
1497,1,0.203125,0.1828250883509498,0.011808149822282068,0.984375
1498,1,0.203125,0.18485507951585484,0.011827778815606288,0.984375
1499,1,0.465625,0.21293207156426935,0.012097712655379088,0.984375
1500,1,0.109375,0.2025763644078424,0.011998500532568035,0.984375
1501,1,0.371875,0.21950622796705815,0.012160473872462288,0.984375
1502,1,0.2093749761581421,0.21849310278616654,0.012150813400552019,0.984375
1503,1,0.078125,0.2044562925075499,0.012016542169894649,0.984375
1504,1,0.140625,0.19807316325679492,0.01195522845071225,0.984375
1505,1,0.140625,0.19232834693111545,0.011899914961819283,0.984375
1506,1,0.09375,0.1824705122380039,0.01180471976670563,0.984375
1507,1,0.09375,0.1735984610142035,0.011718753503571279,0.984375
1508,1,0.171875,0.17342611491278315,0.01171708090602419,0.984375
1509,1,0.203125,0.17639600342150485,0.0117458893833382,0.984375
1510,1,0.21875,0.18063140307935438,0.011786921788223877,0.984375
1511,1,0.234375,0.18600576277141895,0.011838898887055518,0.984375
1512,1,0.203125,0.18771768649427706,0.011855434007369525,0.984375
1513,1,0.15625,0.18457091784484936,0.011825031988336142,0.984375
1514,1,0.171875,0.18330132606036442,0.011812756100945144,0.984375
1515,1,0.0625,0.17122119345432799,0.011695673713037718,0.984375
1516,1,0.125,0.16659907410889518,0.011650746629737443,0.984375
1517,1,0.125,0.16243916669800568,0.011610253542765538,0.984375
1518,1,0.140625,0.1602577500282051,0.0115889975664588,0.984375
1519,1,0.125,0.1567319750253846,0.011554610921587494,0.984375
1520,1,0.171875,0.15824627752284615,0.011569384478434142,0.984375
1521,1,0.21875,0.16429664977056155,0.011628341312757346,0.984375
1522,1,0.3968749761581421,0.1875544824093196,0.011853858104028628,0.984375
1523,1,0.1781249761581421,0.18661153178420187,0.011844751080796568,0.984375
1524,1,0.26562501192092897,0.19451287979787457,0.011920962975407137,0.984375
1525,1,0.09375,0.1844365918180871,0.011823733436773088,0.984375
1526,1,0.1781249761581421,0.18380543025209262,0.011817631044062199,0.984375
1527,1,0.1468749761581421,0.18011238484269756,0.011781896867441743,0.984375
1528,1,0.171875,0.1792886463584278,0.011773919863380894,0.984375
1529,1,0.15625,0.17698478172258503,0.011751597111703293,0.984375
1530,1,0.328125,0.19209880355032652,0.011897702289295802,0.984375
1531,1,0.203125,0.19320142319529388,0.01190832917427928,0.984375
1532,1,0.125,0.1863812808757645,0.011842526834112844,0.984375
1533,1,0.109375,0.17868065278818804,0.011768030616141012,0.984375
1534,1,0.109375,0.17175008750936924,0.011700810119058309,0.984375
1535,1,0.140625,0.16863757875843233,0.011670569493005788,0.984375
1536,1,0.140625,0.1658363208825891,0.011643326012115847,0.984375
1537,1,0.109375,0.16019018879433017,0.011588339005676667,0.984375
1538,1,0.125,0.15667116991489716,0.011554017560345433,0.984375
1539,1,0.265625,0.16756655292340744,0.01166015627763106,0.984375
1540,1,0.15625,0.1664348976310667,0.011649149559197023,0.984375
1541,1,0.29687501192092897,0.17947890906005293,0.011775762556473349,0.984375
1542,1,0.234375,0.18496851815404763,0.011828875281948124,0.984375
1543,1,0.265625,0.19303416633864287,0.011906717464553036,0.984375
1544,1,0.3343749761581421,0.2071682473205928,0.012042544633342938,0.984375
1545,1,0.4593749761581421,0.23238892020434773,0.012282939977019337,0.984375
1546,1,0.171875,0.22633752818391295,0.012225501280111595,0.984375
1547,1,0.03125,0.20682877536552166,0.012039291315648452,0.984375
1548,1,0.2093749761581421,0.2070833954447837,0.01204173150059977,0.984375
1549,1,0.140625,0.20043755590030535,0.01197795793912456,0.984375
1550,1,0.09375,0.18976880031027482,0.01187523145974331,0.984375
1551,1,0.171875,0.18797942027924733,0.011857961117039365,0.984375
1552,1,0.1875,0.1879314782513226,0.011857498242319027,0.984375
1553,1,0.1875,0.18788833042619033,0.011857081648021984,0.984375
1554,1,0.171875,0.1862869973835713,0.011841615991721642,0.984375
1555,1,0.171875,0.18484579764521417,0.011827689097612185,0.984375
1556,1,0.140625,0.18042371788069275,0.01178491117739118,0.984375
1557,1,0.1875,0.18113134609262346,0.011791761149347178,0.984375
1558,1,0.125,0.1755182114833611,0.011737377724078716,0.984375
1559,1,0.140625,0.172028890335025,0.011703517368041004,0.984375
1560,1,0.140625,0.1688885013015225,0.011673008588618302,0.984375
1561,1,0.125,0.16449965117137028,0.011630317435687777,0.984375
1562,1,0.140625,0.16211218605423325,0.011607068352083843,0.984375
1563,1,0.265625,0.17246346744880992,0.011707736713514475,0.984375
1564,1,0.28125,0.1833421207039289,0.011813150638997601,0.984375
1565,1,0.375,0.20250790863353602,0.011997843307100799,0.984375
1566,1,0.571874988079071,0.2394446165780895,0.012349710981427215,0.984375
1567,1,0.375,0.25300015492028055,0.01247736773391443,0.984375
1568,1,0.3125,0.2589501394282525,0.012533133006968044,0.984375
1569,1,0.1875,0.2518051254854273,0.01246614755463873,0.984375
1570,1,0.278125,0.25443711293688454,0.012490850593517023,0.984375
1571,1,0.109375,0.23993090164319608,0.01235430482193555,0.984375
1572,1,0.046875,0.22062531147887648,0.012171139775659279,0.984375
1573,1,0.046875,0.20325028033098885,0.012004969657229855,0.984375
1574,1,0.0625,0.18917525229788998,0.011869504063554706,0.984375
1575,1,0.046875,0.174945227068101,0.011731820281573742,0.984375
1576,1,0.078125,0.1652632043612909,0.011637749093554344,0.984375
1577,1,0.09375,0.15811188392516182,0.011568073615525323,0.984375
1578,1,0.109375,0.15323819553264562,0.011520499119649471,0.984375
1579,1,0.171875,0.15510187597938105,0.011538699877893653,0.984375
1580,1,0.15625,0.15521668838144295,0.011539820799153468,0.984375
1581,1,0.125,0.15219501954329867,0.011510306920509434,0.984375
1582,1,0.078125,0.1447880175889688,0.011437846723136772,0.984375
1583,1,0.09375,0.13968421583007193,0.011387827595007819,0.984375
1584,1,0.171875,0.14290329424706474,0.011419384156634394,0.984375
1585,1,0.15625,0.14423796482235826,0.011432459488027047,0.984375
1586,1,0.25,0.15481416834012243,0.01153589079480507,0.984375
1587,1,0.078125,0.1471452515061102,0.01146092386264128,0.984375
1588,1,0.109375,0.14336822635549917,0.011423939509163353,0.984375
1589,1,0.2718749761581421,0.15621890133576347,0.011549603786171474,0.984375
1590,1,0.32812501192092897,0.17340951239428,0.011716919775411321,0.984375
1591,1,0.203125,0.17638106115485203,0.01174574451489049,0.984375
1592,1,0.39062501192092897,0.19780545623145973,0.011952653587953253,0.984375
1593,1,0.21875,0.19989991060831377,0.011972791281173841,0.984375
1594,1,0.29687501192092897,0.20959742073957527,0.01206581132916687,0.984375
1595,1,0.28125,0.21676267866561774,0.012134303525049158,0.984375
1596,1,0.25,0.22008641079905597,0.012166004198066063,0.984375
1597,1,0.328125,0.23089026971915036,0.012268729689897678,0.984375
1598,1,0.21875,0.22967624274723533,0.012257211129281081,0.984375
1599,1,0.125,0.21920861847251177,0.012157636508781445,0.984375
1600,1,0.109375,0.2082252566252606,0.012052671553152877,0.984375
1601,1,0.09375,0.19677773096273454,0.011942766211406098,0.984375
1602,1,0.171875,0.1942874578664611,0.011918791845032726,0.984375
1603,1,0.328125,0.20767121207981498,0.012047363949103865,0.984375
1604,1,0.296875,0.2165915908718335,0.012132670522291179,0.984375
1605,1,0.615624976158142,0.2564949294004643,0.012510142104030435,0.984375
1606,1,0.40625,0.2714704364604179,0.012649925482894436,0.984375
1607,1,0.48437501192092897,0.292760894006469,0.012846739550660909,0.984375
1608,1,0.28125,0.2916098046058221,0.012836158028260174,0.984375
1609,1,0.3343749761581421,0.2958863217610541,0.012875435379745353,0.984375
1610,1,0.125,0.2787976895849487,0.012717919501406522,0.984375
1611,1,0.28125,0.27904292062645386,0.01272019050611989,0.984375
1612,1,0.15625,0.2667636285638085,0.01260610824557858,0.984375
1613,1,0.125,0.2525872657074276,0.012473491850148129,0.984375
1614,1,0.140625,0.24139103913668486,0.012368092129651669,0.984375
1615,1,0.15625,0.2328769352230164,0.012287565267134646,0.984375
1616,1,0.171875,0.22677674170071474,0.012229675470868569,0.984375
1617,1,0.121875,0.21628656753064326,0.012129758832824727,0.984375
1618,1,0.09375,0.20403291077757893,0.012012480171776158,0.984375
1619,1,0.046875,0.18831711969982104,0.011861221332065802,0.984375
1620,1,0.046875,0.17417290772983895,0.011724327721668067,0.984375
1621,1,0.09375,0.16613061695685505,0.011646189359042705,0.984375
1622,1,0.3031249761581421,0.17983005287698375,0.011779163055138944,0.984375
1623,1,0.109375,0.17278454758928538,0.011710853705222918,0.984375
1624,1,0.125,0.16800609283035683,0.01166443022213048,0.984375
1625,1,0.2093749761581421,0.17214298116313537,0.011704625145954722,0.984375
1626,1,0.21875,0.17680368304682184,0.011749841632026779,0.984375
1627,1,0.140625,0.17318581474213968,0.011714748657436031,0.984375
1628,1,0.21875,0.1777422332679257,0.011758938258630001,0.984375
1629,1,0.246875,0.18465550994113314,0.01182584972122985,0.984375
1630,1,0.03125,0.1693149589470198,0.01167715350540308,0.984375
1631,1,0.046875,0.15707096305231785,0.011557918700273196,0.984375
1632,1,0.171875,0.15855136674708606,0.011572360085622768,0.984375
1633,1,0.171875,0.15988373007237744,0.011585351587178693,0.984375
1634,1,0.15625,0.1595203570651397,0.011581808981160789,0.984375
1635,1,0.1875,0.16231832135862573,0.011609076400658374,0.984375
1636,1,0.1875,0.16483648922276314,0.011633596106665893,0.984375
1637,1,0.328125,0.18116534030048684,0.011792090175893857,0.984375
1638,1,0.234375,0.18648630627043816,0.011843541413297352,0.984375
1639,1,0.2406249761581421,0.19190017325920855,0.011895787446441375,0.984375
1640,1,0.21875,0.1945851559332877,0.011921659056487966,0.984375
1641,1,0.125,0.18762664033995896,0.011854554874848565,0.984375
1642,1,0.2093749761581421,0.18980147392177726,0.011875546704273996,0.984375
1643,1,0.0625,0.17707132652959956,0.01175243599430776,0.984375
1644,1,0.046875,0.16405169387663962,0.011625956608690053,0.984375
1645,1,0.09375,0.15702152448897566,0.01155743631021123,0.984375
1646,1,0.046875,0.14600687204007812,0.011449781183833614,0.984375
1647,1,0.109375,0.1423436848360703,0.011413900369306703,0.984375
1648,1,0.140625,0.1421718163524633,0.01141221600202981,0.984375
1649,1,0.125,0.14045463471721698,0.011395382586879521,0.984375
1650,1,0.109375,0.13734667124549527,0.011364894977722473,0.984375
1651,1,0.171875,0.14079950412094572,0.011398763968797137,0.984375
1652,1,0.171875,0.14390705370885115,0.011429218124345357,0.984375
1653,1,0.125,0.14201634833796606,0.011410692294269663,0.984375
1654,1,0.21875,0.14968971350416946,0.011485816111641988,0.984375
1655,1,0.09375,0.1440957421537525,0.01143106641621047,0.984375
1656,1,0.203125,0.14999866793837724,0.011488837310889182,0.984375
1657,1,0.153125,0.15031130114453953,0.011491894201146418,0.984375
1658,1,0.109375,0.14621767103008557,0.011451844803524291,0.984375
1659,1,0.0625,0.13784590392707702,0.011369793966345796,0.984375
1660,1,0.125,0.13656131353436932,0.011357186883237518,0.984375
1661,1,0.2093749761581421,0.1438426797967466,0.011428587528853585,0.984375
1662,1,0.140625,0.14352091181707194,0.011425435372684083,0.984375
1663,1,0.09375,0.13854382063536475,0.01137664152509854,0.984375
1664,1,0.09375,0.1340644385718283,0.011332669789831476,0.984375
1665,1,0.140625,0.13472049471464545,0.011339113270831418,0.984375
1666,1,0.203125,0.1415609452431809,0.011406228604486012,0.984375
1667,1,0.265625,0.1539673507188628,0.011527621305958172,0.984375
1668,1,0.234375,0.16200811564697654,0.011606054508996806,0.984375
1669,1,0.1875,0.16455730408227887,0.011630878635752741,0.984375
1670,1,0.171875,0.165289073674051,0.011638000846891053,0.984375
1671,1,0.1875,0.1675101663066459,0.011659607947152895,0.984375
1672,1,0.21875,0.1726341496759813,0.011709393710309974,0.984375
1673,1,0.171875,0.1725582347083832,0.011708656733629183,0.984375
1674,1,0.203125,0.17561491123754486,0.011738315517221813,0.984375
1675,1,0.265625,0.18461592011379035,0.011825467018358694,0.984375
1676,1,0.203125,0.18646682810241133,0.011843353250879164,0.984375
1677,1,0.3125,0.1990701452921702,0.01196481526102,0.984375
1678,1,0.265625,0.2057256307629532,0.012028716260659407,0.984375
1679,1,0.38437498807907106,0.22359056649456496,0.012199376288317893,0.984375
1680,1,0.25,0.22623150984510845,0.012224493582307297,0.984375
1681,1,0.109375,0.2145458588605976,0.012113135163329805,0.984375
1682,1,0.09375,0.20246627297453784,0.011997443565550771,0.984375
1683,1,0.140625,0.19628214567708407,0.011937996950516646,0.984375
1684,1,0.0625,0.18290393110937567,0.011808912462095582,0.984375
1685,1,0.0625,0.17086353799843812,0.011692199784952007,0.984375
1686,1,0.078125,0.16158968419859432,0.011601977851461515,0.984375
1687,1,0.109375,0.1563682157787349,0.011551061042415092,0.984375
1688,1,0.078125,0.1485438942008614,0.011474608972267297,0.984375
1689,1,0.09375,0.14306450478077526,0.011420963747511182,0.984375
1690,1,0.0625,0.13500805430269774,0.011341937192006402,0.984375
1691,1,0.078125,0.12931974887242798,0.011286036417056625,0.984375
1692,1,0.125,0.1288877739851852,0.011281787876307162,0.984375
1693,1,0.171875,0.13318649658666668,0.011324045286389407,0.984375
1694,1,0.046875,0.12455534692800001,0.011239152004886373,0.984375
1695,1,0.140625,0.1261623122352,0.011254971745044993,0.984375
1696,1,0.09375,0.12292108101167999,0.01122305704180902,0.984375
1697,1,0.125,0.12312897291051199,0.011225104810805657,0.984375
1698,1,0.125,0.12331607561946079,0.011226947713725531,0.984375
1699,1,0.340625,0.1450469680575147,0.01144038259784434,0.984375
1700,1,0.140625,0.14460477125176324,0.011436052096906346,0.984375
1701,1,0.171875,0.14733179412658692,0.011462749425309691,0.984375
1702,1,0.1875,0.15134861471392821,0.011502034883977342,0.984375
1703,1,0.1875,0.1549637532425354,0.011537351323775105,0.984375
1704,1,0.15625,0.15509237791828184,0.011538607145905534,0.984375
1705,1,0.109375,0.15052064012645366,0.01149394093342537,0.984375
1706,1,0.171875,0.1526560761138083,0.0115148120039414,0.984375
1707,1,0.203125,0.1577029685024275,0.011564084752118207,0.984375
1708,1,0.046875,0.14662017165218474,0.011455784738067376,0.984375
1709,1,0.078125,0.13977065448696627,0.011388675322754227,0.984375
1710,1,0.15625,0.14141858903826965,0.011404833165150655,0.984375
1711,1,0.265625,0.15383923013444267,0.011526369974193427,0.984375
1712,1,0.28125,0.1665803071209984,0.011650564073230405,0.984375
1713,1,0.48437501192092897,0.19835977760099144,0.01195798486928801,0.984375
1714,1,0.6281250238418579,0.24133630222507807,0.01236757544953435,0.984375
1715,1,0.328125,0.2500151720025703,0.012449329242584146,0.984375
1716,1,0.40625,0.26563865480231325,0.012595619496993933,0.984375
1717,1,0.3125,0.2703247893220819,0.01263927026683478,0.984375
1718,1,0.28125,0.2714173103898737,0.01264943152092036,0.984375
1719,1,0.28125,0.27240057935088635,0.012658571622086981,0.984375
1720,1,0.39062501192092897,0.2842230226078906,0.012768090618584705,0.984375
1721,1,0.21875,0.27767572034710153,0.01270752545217675,0.984375
1722,1,0.359375,0.2858456483123914,0.012783066827150363,0.984375
1723,1,0.203125,0.2775735834811523,0.012706578930757417,0.984375
1724,1,0.203125,0.2701287251330371,0.012637446103937687,0.984375
1725,1,0.15625,0.2587408526197334,0.012531174329453297,0.984375
1726,1,0.125,0.24536676735776008,0.012405584382917386,0.984375
1727,1,0.0625,0.2270800906219841,0.012232557956548734,0.984375
1728,1,0.109375,0.21530958155978566,0.01212043018342861,0.984375
1729,1,0.1875,0.2125286234038071,0.012093855380798893,0.984375
1730,1,0.109375,0.20221326106342638,0.011995014269926926,0.984375
1731,1,0.203125,0.20230443495708372,0.011995889704980778,0.984375
1732,1,0.171875,0.19926149146137534,0.011966654784361225,0.984375
1733,1,0.140625,0.19339784231523782,0.01191022176416558,0.984375
1734,1,0.140625,0.18812055808371406,0.011859323738297668,0.984375
1735,1,0.1468749761581421,0.18399599989115686,0.011819473716537073,0.984375
1736,1,0.25,0.19059639990204116,0.011883215189991157,0.984375
1737,1,0.140625,0.18559925991183707,0.011834971026000085,0.984375
1738,1,0.125,0.17953933392065335,0.011776347744830936,0.984375
1739,1,0.078125,0.16939790052858802,0.011677959579831936,0.984375
1740,1,0.1875,0.1712081104757292,0.011695546644730902,0.984375
1741,1,0.109375,0.1650247994281563,0.011635428899173437,0.984375
1742,1,0.140625,0.16258481948534068,0.011611672270803158,0.984375
1743,1,0.140625,0.1603888375368066,0.011590275316463306,0.984375
1744,1,0.109375,0.15528745378312594,0.01154051166682396,0.984375
1745,1,0.09375,0.14913370840481335,0.011480378358423318,0.984375
1746,1,0.109375,0.145157837564332,0.011441468273451359,0.984375
1747,1,0.09375,0.1400170538078988,0.011391091717116256,0.984375
1748,1,0.109375,0.13695284842710892,0.011361029908741804,0.984375
1749,1,0.23437501192092897,0.1466950647764909,0.011456517789147976,0.984375
1750,1,0.125,0.14452555829884184,0.011435276294210255,0.984375
1751,1,0.1781249761581421,0.1478855000847719,0.011468167572590577,0.984375
1752,1,0.09375,0.1424719500762947,0.011415157357219034,0.984375
1753,1,0.109375,0.13916225506866522,0.011382708150068423,0.984375
1754,1,0.125,0.1377460295617987,0.011368813949070734,0.984375
1755,1,0.09375,0.13334642660561885,0.011325616516027644,0.984375
1756,1,0.203125,0.14032428394505697,0.0113941044364189,0.984375
1757,1,0.140625,0.14035435555055129,0.011394399306739312,0.984375
1758,1,0.0625,0.13256891999549617,0.01131797729216989,0.984375
1759,1,0.140625,0.13337452799594654,0.011325892590759903,0.984375
1760,1,0.109375,0.1309745751963519,0.011302307512666985,0.984375
1761,1,0.203125,0.1381896176767167,0.011373166452695609,0.984375
1762,1,0.23437501192092897,0.14780815710113793,0.011467410805566505,0.984375
1763,1,0.125,0.14552734139102413,0.011445086342202562,0.984375
1764,1,0.234375,0.15441210725192173,0.011531964786318898,0.984375
1765,1,0.42187501192092897,0.18115839771882244,0.01179202297966425,0.984375
1766,1,0.21875,0.1849175579469402,0.011828382720379406,0.984375
1767,1,0.35937501192092897,0.20236330334433908,0.011996454931543776,0.984375
1768,1,0.3968749761581421,0.22181447062571938,0.012182467885524071,0.984375
1769,1,0.265625,0.22619552356314743,0.012224151524099532,0.984375
1770,1,0.15625,0.21920097120683268,0.012157563596108823,0.984375
1771,1,0.109375,0.2082183740861494,0.0120526056275993,0.984375
1772,1,0.140625,0.20145903667753448,0.011987771125059315,0.984375
1773,1,0.15625,0.19693813300978102,0.011944309642571274,0.984375
1774,1,0.15625,0.19286931970880292,0.011905128879508025,0.984375
1775,1,0.1875,0.1923323877379226,0.01189995391125677,0.984375
1776,1,0.2093749761581421,0.19403664657994454,0.01191637595870258,0.984375
1777,1,0.109375,0.18557048192195008,0.011834692934523472,0.984375
1778,1,0.0625,0.17326343372975508,0.01171550201448411,0.984375
1779,1,0.171875,0.17312459035677957,0.011714154409535979,0.984375
1780,1,0.359375,0.1917496313211016,0.011894336090573956,0.984375
1781,1,0.21875,0.19444966818899145,0.011920354177634568,0.984375
1782,1,0.28125,0.20312970137009229,0.012003812311223428,0.984375
1783,1,0.203125,0.20312923123308307,0.012003807798625324,0.984375
1784,1,0.21875,0.2046913081097748,0.01201879665129212,0.984375
1785,1,0.1875,0.2029721772987973,0.01200230027286547,0.984375
1786,1,0.171875,0.19986245956891757,0.011972431343711107,0.984375
1787,1,0.15625,0.19550121361202583,0.011930479798693437,0.984375
1788,1,0.15625,0.19157609225082325,0.011892662919539365,0.984375
1789,1,0.09375,0.18179348302574092,0.0117981691845264,0.984375
1790,1,0.0625,0.16986413472316683,0.011682490296509645,0.984375
1791,1,0.09375,0.16225272125085013,0.011608437377536415,0.984375
1792,1,0.0625,0.15227744912576513,0.011511112403894222,0.984375
1793,1,0.2718749761581421,0.16423720182900284,0.01162776259033486,0.984375
1794,1,0.23437501192092897,0.17125098283819545,0.011695963040045457,0.984375
1795,1,0.171875,0.17131338455437592,0.011696569102245282,0.984375
1796,1,0.171875,0.1713695460989383,0.011697114547253478,0.984375
1797,1,0.15625,0.16985759148904447,0.011682426716339867,0.984375
1798,1,0.109375,0.16380933234014003,0.011623596974350388,0.984375
1799,1,0.171875,0.16461589910612603,0.011631448995640033,0.984375
1800,1,0.1875,0.1669043091955134,0.011653715655436818,0.984375
1801,1,0.140625,0.1642763782759621,0.01162814397213751,0.984375
1802,1,0.203125,0.1681612404483659,0.011665938678366763,0.984375
1803,1,0.15625,0.1669701164035293,0.011654355723756601,0.984375
1804,1,0.171875,0.16746060476317637,0.011659125978482943,0.984375
1805,1,0.21875,0.17258954428685874,0.011708960686931811,0.984375
1806,1,0.203125,0.1756430898581729,0.011738588787240585,0.984375
1807,1,0.234375,0.1815162808723556,0.011795486660237576,0.984375
1808,1,0.15625,0.17898965278512005,0.011771023861181805,0.984375
1809,1,0.371875,0.19827818750660803,0.011957200235044442,0.984375
1810,1,0.1875,0.1972003687559472,0.011946832737302997,0.984375
1811,1,0.1781249761581421,0.19529282949616672,0.011928473536453033,0.984375
1812,1,0.15625,0.19138854654655005,0.011890854580443328,0.984375
1813,1,0.078125,0.18006219189189504,0.011781410870634569,0.984375
1814,1,0.140625,0.17611847270270556,0.011743198540801506,0.984375
1815,1,0.1875,0.177256625432435,0.011754232019109813,0.984375
1816,1,0.203125,0.1798434628891915,0.011779292910117534,0.984375
1817,1,0.1875,0.18060911660027235,0.011786706038846071,0.984375
1818,1,0.21875,0.1844232049402451,0.011823604020159171,0.984375
1819,1,0.328125,0.1987933844462206,0.011962154351429628,0.984375
1820,1,0.234375,0.20235154600159855,0.011996342044131034,0.984375
1821,1,0.265625,0.2086788914014387,0.012057016358822992,0.984375
1822,1,0.21875,0.20968600226129483,0.012066659326022543,0.984375
1823,1,0.203125,0.20902990203516536,0.012060377698620228,0.984375
1824,1,0.21875,0.21000191183164885,0.012069683296668163,0.984375
1825,1,0.15625,0.20462672064848397,0.012018177091479374,0.984375
1826,1,0.109375,0.19510154858363557,0.011926631796978173,0.984375
1827,1,0.171875,0.19277889372527202,0.011904257424918102,0.984375
1828,1,0.15625,0.18912600435274482,0.011869028792108478,0.984375
1829,1,0.1875,0.18896340391747032,0.011867459540779153,0.984375
1830,1,0.1875,0.18881706352572328,0.0118660471330962,0.984375
1831,1,0.1875,0.18868535717315094,0.011864775900223917,0.984375
1832,1,0.15625,0.18544182145583585,0.011833449608896061,0.984375
1833,1,0.234375,0.19033513931025225,0.011880695116195033,0.984375
1834,1,0.1875,0.190051625379227,0.011877960110404385,0.984375
1835,1,0.109375,0.1819839628413043,0.011800012329549204,0.984375
1836,1,0.125,0.17628556655717387,0.011744818656643546,0.984375
1837,1,0.09375,0.16803200990145647,0.011664682211875726,0.984375
1838,1,0.125,0.1637288089113108,0.01162281295633016,0.984375
1839,1,0.109375,0.15829342802017973,0.01156984436698917,0.984375
1840,1,0.125,0.15496408521816174,0.011537354565070455,0.984375
1841,1,0.2718749761581421,0.1666551743121598,0.011651292339609978,0.984375
1842,1,0.2406249761581421,0.174052154496758,0.011723156068579361,0.984375
1843,1,0.171875,0.1738344390470822,0.011721043480387064,0.984375
1844,1,0.2406249761581421,0.18051349275818818,0.011785780310787548,0.984375
1845,1,0.2093749761581421,0.18339964109818357,0.011813706927220557,0.984375
1846,1,0.265625,0.1916221769883652,0.011893107254688933,0.984375
1847,1,0.171875,0.18964745928952867,0.011874060692387,0.984375
1848,1,0.125,0.1831827133605758,0.011811608926424142,0.984375
1849,1,0.109375,0.1758019420245182,0.011740129250245895,0.984375
1850,1,0.0625,0.1644717478220664,0.011630045817487888,0.984375
1851,1,0.090625,0.15708707303985975,0.01155807588968181,0.984375
1852,1,0.246875,0.16606586573587379,0.01164555938730726,0.984375
1853,1,0.0625,0.1557092791622864,0.011544629546185587,0.984375
1854,1,0.078125,0.14795085124605778,0.011468806991520012,0.984375
1855,1,0.03125,0.13628076612145198,0.011354432979929949,0.984375
1856,1,0.0625,0.12890268950930678,0.011281934580676872,0.984375
1857,1,0.09375,0.1253874205583761,0.01124734412992378,0.984375
1858,1,0.09375,0.12222367850253849,0.011216186754067726,0.984375
1859,1,0.078125,0.11781381065228463,0.011172717311777552,0.984375
1860,1,0.340625,0.14009492958705616,0.0113918553966095,0.984375
1861,1,0.015625,0.12764793662835056,0.011269591273511738,0.984375
1862,1,0.09375,0.1242581429655155,0.011236225493169683,0.984375
1863,1,0.140625,0.12589482866896395,0.011252338948499994,0.984375
1864,1,0.09375,0.12268034580206756,0.011220685630758915,0.984375
1865,1,0.171875,0.12759981122186081,0.011269117773705546,0.984375
1866,1,0.21875,0.13671483009967472,0.011358693740403786,0.984375
1867,1,0.1875,0.14179334708970726,0.01140850659148884,0.984375
1868,1,0.09375,0.13698901238073652,0.011361384847511416,0.984375
1869,1,0.203125,0.14360261114266287,0.011426235756408972,0.984375
1870,1,0.21875,0.1511173500283966,0.0114997743344672,0.984375
1871,1,0.125,0.14850561502555693,0.011474234502098708,0.984375
1872,1,0.21875,0.15553005352300125,0.011542880002472208,0.984375
1873,1,0.171875,0.15716454817070113,0.011558831823997202,0.984375
1874,1,0.21875,0.16332309335363104,0.011618862386944729,0.984375
1875,1,0.234375,0.17042828401826796,0.011687971570716939,0.984375
1876,1,0.171875,0.17057295561644115,0.01168937703184077,0.984375
1877,1,0.1875,0.17226566005479702,0.011705816262575781,0.984375
1878,1,0.171875,0.1722265940493173,0.011705436967455485,0.984375
1879,1,0.21875,0.1768789346443856,0.011750571096764726,0.984375
1880,1,0.28125,0.18731604117994702,0.011851555537236916,0.984375
1881,1,0.15625,0.1842094370619523,0.011821537350027054,0.984375
1882,1,0.15625,0.18141349335575707,0.011794491903071856,0.984375
1883,1,0.059375,0.16920964402018135,0.011676129961504444,0.984375
1884,1,0.125,0.16478867961816324,0.011633130765630204,0.984375
1885,1,0.1468749761581421,0.1629973092721611,0.011615689757654778,0.984375
1886,1,0.140625,0.16076007834494502,0.01159389362486866,0.984375
1887,1,0.125,0.15718407051045052,0.011559022302971064,0.984375
1888,1,0.15625,0.15709066345940548,0.011558110922247249,0.984375
1889,1,0.078125,0.14919409711346493,0.01148096900592205,0.984375
1890,1,0.125,0.14677468740211846,0.011457297114869926,0.984375
1891,1,0.0625,0.13834721866190663,0.011374712712048927,0.984375
1892,1,0.109375,0.13544999679571598,0.011346276774489128,0.984375
1893,1,0.046875,0.1265924971161444,0.01125920561287612,0.984375
1894,1,0.059375,0.11987074740452996,0.011192998874870835,0.984375
1895,1,0.109375,0.11882117266407698,0.011182651215930898,0.984375
1896,1,0.0625,0.11318905539766927,0.011127081360609475,0.984375
1897,1,0.125,0.11437014985790234,0.011138740711816555,0.984375
1898,1,0.21875,0.12480813487211209,0.01124164099077836,0.984375
1899,1,0.078125,0.12013982138490088,0.011195651233613388,0.984375
1900,1,0.2093749761581421,0.129063336862225,0.01128351462156974,0.984375
1901,1,0.171875,0.1333445031760025,0.011325597619723092,0.984375
1902,1,0.1468749761581421,0.13469755047421644,0.011338887942151916,0.984375
1903,1,0.090625,0.1302902954267948,0.011295580170700566,0.984375
1904,1,0.109375,0.1281987658841153,0.011275010400471894,0.984375
1905,1,0.0625,0.12162888929570378,0.0112103264146478,0.984375
1906,1,0.03125,0.11259100036613341,0.011121176384641131,0.984375
1907,1,0.0625,0.10758190032952006,0.01107168766705054,0.984375
1908,1,0.1875,0.11557371029656804,0.011150618613208197,0.984375
1909,1,0.215625,0.12557883926691124,0.011249228489781778,0.984375
1910,1,0.09375,0.12239595534022012,0.011217884005223664,0.984375
1911,1,0.078125,0.1179688598061981,0.011174246452118937,0.984375
1912,1,0.109375,0.11710947382557829,0.011165770235880675,0.984375
1913,1,0.09375,0.11477352644302045,0.011142721987506944,0.984375
1914,1,0.0625,0.10954617379871842,0.011091100690515955,0.984375
1915,1,0.234375,0.12202905641884657,0.011214269274620206,0.984375
1916,1,0.3125,0.1410761507769619,0.011401476203292012,0.984375
1917,1,0.296875,0.15665603569926573,0.011553869872710334,0.984375
1918,1,0.296875,0.17067793212933913,0.011690396818638878,0.984375
1919,1,0.28125,0.1817351389164052,0.01179760460256726,0.984375
1920,1,0.296875,0.19324912502476466,0.011908788816717702,0.984375
1921,1,0.109375,0.1848617125222882,0.01182784292965442,0.984375
1922,1,0.0625,0.17262554127005938,0.011709310141527113,0.984375
1923,1,0.109375,0.16630048714305343,0.011647841980883979,0.984375
1924,1,0.090625,0.15873293842874808,0.011574130861603261,0.984375
1925,1,0.090625,0.15192214458587328,0.011507640304617869,0.984375
1926,1,0.125,0.14922993012728597,0.011481319475055712,0.984375
1927,1,0.078125,0.14211943711455738,0.011411702652128384,0.984375
1928,1,0.309375,0.15884499340310165,0.011575223626099751,0.984375
1929,1,0.246875,0.1676479940627915,0.011660948232169451,0.984375
1930,1,0.309375,0.18182069465651235,0.01179843250090313,0.984375
1931,1,0.278125,0.1914511251908611,0.011891457985808755,0.984375
1932,1,0.2718749761581421,0.19949351028758922,0.011968885132170743,0.984375
1933,1,0.125,0.19204415925883028,0.011897175519825344,0.984375
1934,1,0.078125,0.18065224333294727,0.011787123535529026,0.984375
1935,1,0.109375,0.17352451899965254,0.011718035917618537,0.984375
1936,1,0.3125,0.18742206709968728,0.011852579427910416,0.984375
1937,1,0.171875,0.18586736038971854,0.011837561630657972,0.984375
1938,1,0.15625,0.1829056243507467,0.01180892884044788,0.984375
1939,1,0.203125,0.18492756191567206,0.011828479415579742,0.984375
1940,1,0.309375,0.19737230572410486,0.01194848688477608,0.984375
1941,1,0.09375,0.18701007515169438,0.011848600602691266,0.984375
1942,1,0.0625,0.17455906763652496,0.011728074253919476,0.984375
1943,1,0.109375,0.16804066087287245,0.011664766324140216,0.984375
1944,1,0.340625,0.1852990947855852,0.011832070284213432,0.984375
1945,1,0.709374976158142,0.2377066829228409,0.012333284491219725,0.984375
1946,1,0.2406249761581421,0.237998512246371,0.012336043718292847,0.984375
1947,1,0.1875,0.2329486610217339,0.01228824498018146,0.984375
1948,1,0.1781249761581421,0.22746629253537473,0.012236227163934367,0.984375
1949,1,0.0625,0.21096966328183728,0.012078944408393015,0.984375
1950,1,0.2093749761581421,0.21081019456946776,0.01207741859323204,0.984375
1951,1,0.09375,0.199104175112521,0.011965142419827142,0.984375
1952,1,0.171875,0.1963812576012689,0.011938950826658022,0.984375
1953,1,0.078125,0.18455563184114201,0.011824884219259929,0.984375
1954,1,0.03125,0.1692250686570278,0.011676279874069875,0.984375
1955,1,0.125,0.16480256179132502,0.011633265884518731,0.984375
1956,1,0.0625,0.15457230561219254,0.011533529134305075,0.984375
1957,1,0.3343749761581421,0.17255257266678747,0.011708601766197528,0.984375
1958,1,0.2093749761581421,0.17623481301592295,0.011744326568241963,0.984375
1959,1,0.4281249761581421,0.20142382933014485,0.011987432960465907,0.984375
1960,1,0.171875,0.19846894639713036,0.011959034682712167,0.984375
1961,1,0.3125,0.20987205175741733,0.012068440289242505,0.984375
1962,1,0.171875,0.2060723465816756,0.012032040487420072,0.984375
1963,1,0.21875,0.20734011192350804,0.012044191519827331,0.984375
1964,1,0.21875,0.20848110073115725,0.012055122066562686,0.984375
1965,1,0.15625,0.20325799065804154,0.012005043660909041,0.984375
1966,1,0.21875,0.2048071915922374,0.012019908231331014,0.984375
1967,1,0.0625,0.19057647243301368,0.011883022981855394,0.984375
1968,1,0.046875,0.17620632518971233,0.011744050356527544,0.984375
1969,1,0.0625,0.1648356926707411,0.011633588353715424,0.984375
1970,1,0.03125,0.15147712340366698,0.0115032909536641,0.984375
1971,1,0.015625,0.1378919110633003,0.011370245402380404,0.984375
1972,1,0.125,0.13660271995697026,0.011357593318297452,0.984375
1973,1,0.015625,0.12450494796127323,0.011238655750870026,0.984375
1974,1,0.09375,0.1214294531651459,0.011208361221131809,0.984375
1975,1,0.0625,0.11553650784863131,0.01115025151247596,0.984375
1976,1,0.246875,0.12867035706376817,0.011279649368699081,0.984375
1977,1,0.078125,0.12361582135739135,0.011229899938697609,0.984375
1978,1,0.125,0.12375423922165221,0.011231263156292423,0.984375
1979,1,0.078125,0.119191315299487,0.011186300711847634,0.984375
1980,1,0.140625,0.12133468376953829,0.01120742735411288,0.984375
1981,1,0.171875,0.12638871539258445,0.011257200055810202,0.984375
1982,1,0.21875,0.13562484385332602,0.011347993514286989,0.984375
1983,1,0.296875,0.1517498594679934,0.011505956569772187,0.984375
1984,1,0.25,0.16157487352119407,0.011601833545258207,0.984375
1985,1,0.296875,0.17510488616907466,0.01173336894476833,0.984375
1986,1,0.34375,0.1919693975521672,0.011896454801331491,0.984375
1987,1,0.328125,0.20558495779695046,0.012027367389140684,0.984375
1988,1,0.35937501192092897,0.2209639632093483,0.01217436642032258,0.984375
1989,1,0.371875,0.23605506688841346,0.012317661499993901,0.984375
1990,1,0.1781249761581421,0.23026205781538633,0.01226277007136397,0.984375
1991,1,0.109375,0.2181733520338477,0.012147763600033756,0.984375
1992,1,0.078125,0.20416851683046291,0.012013781275301307,0.984375
1993,1,0.0625,0.19000166514741662,0.011877478123210215,0.984375
1994,1,0.15625,0.18662649863267497,0.01184489565550411,0.984375
1995,1,0.125,0.18046384876940746,0.01178529969816356,0.984375
1996,1,0.234375,0.18585496389246672,0.011837441851254467,0.984375
1997,1,0.171875,0.18445696750322005,0.01182393041593211,0.984375
1998,1,0.3031249761581421,0.19632376836871224,0.011938397541416882,0.984375
1999,2,0.0,0.17669139153184102,0.011748753078544862,0.8125
2000,2,0.0,0.15902225237865691,0.01157695218377995,0.84375
2001,2,0.125,0.1556200271407912,0.011543758308427137,0.84375
2002,2,0.046875,0.1447455244267121,0.0114374305740218,0.84375
2003,2,0.0625,0.1365209719840409,0.011356790896303402,0.84375
2004,2,0.15625,0.1384938747856368,0.01137615152867977,0.84375
2005,2,0.234375,0.14808198730707312,0.01147009003619479,0.84375
2006,2,0.203125,0.1535862885763658,0.011523899393738794,0.84375
2007,2,0.21875,0.16010265971872922,0.011587485785078093,0.84375
2008,2,0.28125,0.1722173937468563,0.011705347640212718,0.84375
2009,2,0.28125,0.18312065437217065,0.011811008697099043,0.84375
2010,2,0.375,0.20230858893495357,0.01199592958995787,0.84375
2011,2,0.265625,0.2086402300414582,0.01205664610112309,0.84375
2012,2,0.25,0.2127762070373124,0.012096222548002447,0.84375
2013,2,0.296875,0.22118608633358117,0.012176482532416096,0.84375
2014,2,0.09375,0.20844247770022306,0.012054752145857552,0.84375
2015,2,0.15625,0.20322322993020075,0.01200471002581353,0.84375
2016,2,0.03125,0.18602590693718069,0.011839093516143552,0.84375
2017,2,0.0,0.16742331624346263,0.011658763355449698,0.84375
2018,2,0.0625,0.15693098461911636,0.01155655286047952,0.84375
2019,2,0.015625,0.14280038615720472,0.011418375793403154,0.84375
2020,2,0.0,0.12852034754148425,0.011278173809259408,0.84375
2021,2,0.0625,0.12191831278733584,0.011213178152230276,0.84375
2022,2,0.015625,0.11128898150860225,0.011108317994794278,0.84375
2023,2,0.09375,0.10953508335774202,0.011090991106291382,0.84375
2024,2,0.046875,0.10326907502196782,0.01102903529871515,0.84375
2025,2,0.0625,0.09919216751977103,0.01098868122689903,0.84375
2026,2,0.0,0.08927295076779393,0.010890365460182037,0.84375
2027,2,0.0625,0.08659565569101454,0.010863798482673504,0.84375
2028,2,0.046875,0.08262359012191309,0.010824360877899208,0.84375
2029,2,0.125,0.08686123110972178,0.010866434360478674,0.84375
2030,2,0.109375,0.08911260799874961,0.010888774720978732,0.84375
2031,2,0.03125,0.08332634719887465,0.010831340285862093,0.84375
2032,2,0.140625,0.08905621247898718,0.010888215217775051,0.84375
2033,2,0.046875,0.08483809123108846,0.010846351347536157,0.84375
2034,2,0.15625,0.09197928210797962,0.010917207695488094,0.84375
2035,2,0.09375,0.09215635389718166,0.010918963488328007,0.84375
2036,2,0.0,0.0829407185074635,0.0108275105281875,0.859375
2037,2,0.078125,0.08245914665671715,0.01082272759621974,0.859375
2038,2,0.0,0.07421323199104543,0.010740772857854235,0.875
2039,2,0.0,0.06679190879194088,0.01066692762600828,0.890625
2040,2,0.046875,0.0648002179127468,0.01064709669817731,0.890625
2041,2,0.09375,0.06769519612147212,0.010675919777607014,0.890625
2042,2,0.0,0.060925676509324914,0.010608504041574223,0.90625
2043,2,0.0,0.054833108858392425,0.010547782198527178,0.921875
2044,2,0.0,0.049349797972553185,0.010493097747530567,0.96875
2045,2,0.015625,0.04597731817529787,0.010459449481837172,0.96875
2046,2,0.0625,0.04762958635776808,0.010475936018749226,0.96875
2047,2,0.0625,0.049116627721991275,0.010490771687750181,0.96875
2048,2,0.125,0.056704964949792144,0.010566442656347508,0.96875
2049,2,0.140625,0.06509696845481293,0.010650051720808818,0.96875
2050,2,0.203125,0.07889977160933163,0.010787364566616395,0.96875
2051,2,0.21875,0.09288479444839846,0.01092618589272786,0.96875
2052,2,0.3125,0.1148463150035586,0.011143440362307024,0.96875
2053,2,0.21875,0.12523668350320274,0.011245860184168682,0.96875
2054,2,0.34375,0.14708801515288245,0.011460363710372203,0.96875
2055,2,0.3125,0.1636292136375942,0.01162184321655619,0.96875
2056,2,0.328125,0.18007879227383478,0.011781571605972428,0.96875
2057,2,0.34375,0.1964459130464513,0.01193957306589778,0.96875
2058,2,0.25,0.20180132174180615,0.01199105850706539,0.96875
2059,2,0.125,0.19412118956762553,0.011917190326998069,0.96875
2060,2,0.015625,0.176271570610863,0.011744682957763963,0.96875
2061,2,0.078125,0.16645691354977668,0.011649363729949694,0.96875
2062,2,0.0625,0.156061222194799,0.01154806482022041,0.96875
2063,2,0.0625,0.1467050999753191,0.011456616012081382,0.96875
2064,2,0.09375,0.1414095899777872,0.01140474495044949,0.96875
2065,2,0.15625,0.14289363098000848,0.0114192894706454,0.96875
2066,2,0.15625,0.14422926788200763,0.01143237430307756,0.96875
2067,2,0.140625,0.14386884109380688,0.011428843801705781,0.96875
2068,2,0.265625,0.15604445698442618,0.01154790118548253,0.96875
2069,2,0.234375,0.16387751128598357,0.011624260784031901,0.96875
2070,2,0.140625,0.16155226015738522,0.011601613213118827,0.96875
2071,2,0.140625,0.1594595341416467,0.011581215964844387,0.96875
2072,2,0.140625,0.15757608072748205,0.011562846891140226,0.96875
2073,2,0.140625,0.15588097265473386,0.011546305472633104,0.96875
2074,2,0.046875,0.14498037538926048,0.011439730480902117,0.96875
2075,2,0.09375,0.13985733785033444,0.011389525429966803,0.96875
2076,2,0.125,0.13837160406530102,0.011374951956841824,0.96875
2077,2,0.1875,0.1432844436587709,0.011423118660215944,0.96875
2078,2,0.203125,0.14926849929289382,0.011481696701295887,0.96875
2079,2,0.15625,0.14996664936360443,0.011488524221003323,0.96875
2080,2,0.203125,0.15528248442724402,0.011540463152543713,0.96875
2081,2,0.1875,0.1585042359845196,0.011571900426806035,0.96875
2082,2,0.328125,0.17546631238606764,0.011736874394213549,0.96875
2083,2,0.265625,0.18448218114746087,0.011824174163374614,0.96875
2084,2,0.3125,0.19728396303271478,0.011947636983430937,0.96875
2085,2,0.28125,0.2056805667294433,0.012028284163331975,0.96875
2086,2,0.234375,0.20855001005649898,0.012055782046431013,0.96875
2087,2,0.21875,0.2095700090508491,0.012065548908941376,0.96875
2088,2,0.21875,0.2104880081457642,0.012074335567714081,0.96875
2089,2,0.296875,0.21912670733118778,0.012156855516441389,0.96875
2090,2,0.234375,0.220651536598069,0.012171389663305955,0.96875
2091,2,0.265625,0.22514888293826207,0.012214200562430269,0.96875
2092,2,0.140625,0.21669649464443588,0.012133671824401485,0.96875
2093,2,0.21875,0.2169018451799923,0.01213563175688486,0.96875
2094,2,0.171875,0.21239916066199307,0.012092617479279356,0.96875
2095,2,0.28125,0.21928424459579376,0.012158357551297454,0.96875
2096,2,0.296875,0.22704332013621437,0.012232208576391537,0.96875
2097,2,0.21875,0.22621398812259294,0.012224327034832585,0.96875
2098,2,0.21875,0.22546758931033364,0.012217231160517912,0.96875
2099,2,0.21875,0.2247958303793003,0.012210842865016967,0.96875
2100,2,0.109375,0.21325374734137026,0.012100787655391163,0.96875
2101,2,0.15625,0.20755337260723325,0.012046234921905919,0.96875
2102,2,0.15625,0.20242303534650993,0.011997028436551305,0.96875
2103,2,0.296875,0.21186823181185893,0.012087540123432518,0.96875
2104,2,0.15625,0.20630640863067304,0.012034284352512466,0.96875
2105,2,0.25,0.21067576776760574,0.01207613230344501,0.96875
2106,2,0.125,0.20210819099084515,0.011994005366806377,0.96875
2107,2,0.09375,0.19127237189176063,0.011889734345577328,0.96875
2108,2,0.109375,0.18308263470258457,0.011810640967382036,0.96875
2109,2,0.09375,0.1741493712323261,0.011724099353887301,0.96875
2110,2,0.140625,0.1707969341090935,0.011691552811058539,0.96875
2111,2,0.171875,0.17090474069818415,0.011692600010600393,0.96875
2112,2,0.15625,0.16943926662836573,0.011678361591213693,0.96875
2113,2,0.15625,0.16812033996552916,0.011665541022151458,0.96875
2114,2,0.203125,0.17162080596897628,0.011699554674039254,0.96875
2115,2,0.25,0.17945872537207866,0.011775567083481271,0.96875
2116,2,0.171875,0.1787003528348708,0.011768221457841963,0.96875
2117,2,0.171875,0.1780178175513837,0.01176160870992688,0.96875
2118,2,0.140625,0.17427853579624536,0.011725352577204537,0.96875
2119,2,0.21875,0.17872568221662083,0.011768466831057891,0.96875
2120,2,0.171875,0.17804061399495874,0.011761829599134424,0.96875
2121,2,0.171875,0.17742405259546287,0.011755854720202435,0.96875
2122,2,0.234375,0.18311914733591658,0.011810994121003116,0.96875
2123,2,0.328125,0.19761973260232493,0.011950867100640795,0.96875
2124,2,0.25,0.20285775934209244,0.012001201940660754,0.96875
2125,2,0.34375,0.21694698340788318,0.012136062547812528,0.96875
2126,2,0.25,0.22025228506709485,0.012167585062790549,0.96875
2127,2,0.265625,0.22478955656038535,0.01221078319327868,0.96875
2128,2,0.15625,0.21793560090434683,0.012145495644916834,0.96875
2129,2,0.359375,0.23207954081391213,0.012280007218882312,0.96875
2130,2,0.171875,0.22605908673252093,0.012222854609699232,0.96875
2131,2,0.109375,0.2143906780592688,0.012111652600219836,0.96875
2132,2,0.109375,0.20388911025334192,0.01201110036692389,0.96875
2133,2,0.125,0.1960001992280077,0.011935283232171792,0.96875
2134,2,0.15625,0.19202517930520693,0.01189699255103746,0.96875
2135,2,0.125,0.18532266137468623,0.01183229803903896,0.96875
2136,2,0.125,0.17929039523721763,0.011773936801827813,0.96875
2137,2,0.1875,0.18011135571349585,0.011781886902912523,0.96875
2138,2,0.15625,0.17772522014214626,0.01175877339050825,0.96875
2139,2,0.140625,0.17401519812793165,0.011722797475939722,0.96875
2140,2,0.15625,0.17223867831513848,0.011705554295144747,0.96875
2141,2,0.09375,0.16438981048362464,0.011629248204607534,0.96875
2142,2,0.109375,0.15888832943526215,0.011575646230438847,0.96875
2143,2,0.078125,0.15081199649173593,0.011496789346367409,0.96875
2144,2,0.09375,0.14510579684256233,0.011440958675592739,0.96875
2145,2,0.125,0.1430952171583061,0.011421264668720373,0.96875
2146,2,0.140625,0.14284819544247548,0.011418844264855043,0.96875
2147,2,0.15625,0.14418837589822794,0.011431973770686506,0.96875
2148,2,0.171875,0.14695703830840515,0.011459081850352224,0.96875
2149,2,0.109375,0.14319883447756462,0.01142227989632967,0.96875
2150,2,0.078125,0.13669145102980818,0.011358464264866341,0.96875
2151,2,0.15625,0.13864730592682736,0.011377656751615338,0.96875
2152,2,0.171875,0.14197007533414463,0.011410238769843147,0.96875
2153,2,0.21875,0.14964806780073017,0.01148540884599947,0.96875
2154,2,0.109375,0.14562076102065716,0.01144600101756479,0.96875
2155,2,0.140625,0.14512118491859144,0.01144110936089741,0.96875
2156,2,0.203125,0.15092156642673232,0.011497860480335164,0.96875
2157,2,0.1875,0.1545794097840591,0.01153359850525182,0.96875
2158,2,0.171875,0.15630896880565318,0.011550482820951002,0.96875
2159,2,0.125,0.15317807192508787,0.011519911778287735,0.96875
2160,2,0.09375,0.14723526473257909,0.0114618047718097,0.96875
2161,2,0.109375,0.14344923825932118,0.011424733193040411,0.96875
2162,2,0.203125,0.14941681443338906,0.01148314725933459,0.96875
2163,2,0.1875,0.15322513299005014,0.011520371513922253,0.96875
2164,2,0.25,0.16290261969104514,0.011614767566011689,0.96875
2165,2,0.296875,0.17629985772194062,0.011744957217154722,0.96875
2166,2,0.359375,0.19460737194974656,0.011921873011867359,0.96875
2167,2,0.390625,0.2142091347547719,0.012109918052250904,0.96875
2168,2,0.28125,0.2209132212792947,0.012173882985810134,0.96875
2169,2,0.21875,0.22069689915136523,0.012171821896440867,0.96875
2170,2,0.140625,0.2126897092362287,0.012095395563421261,0.96875
2171,2,0.125,0.20392073831260582,0.01201140385353939,0.96875
2172,2,0.125,0.19602866448134526,0.01193555722204408,0.96875
2173,2,0.15625,0.19205079803321073,0.011897239518011107,0.96875
2174,2,0.203125,0.19315821822988966,0.011907912855232664,0.96875
2175,2,0.265625,0.20040489640690068,0.011977644119594493,0.96875
2176,2,0.28125,0.2084894067662106,0.012055201618701335,0.96875
2177,2,0.34375,0.22201546608958955,0.012184382018693055,0.96875
2178,2,0.265625,0.2263764194806306,0.01222587092758016,0.96875
2179,2,0.328125,0.23655127753256752,0.012322356523831518,0.96875
2180,2,0.359375,0.24883364977931074,0.01243821963090507,0.96875
2181,2,0.484375,0.27238778480137965,0.012658452719378986,0.96875
2182,2,0.421875,0.2873365063212417,0.012796814954487454,0.96875
2183,2,0.515625,0.3101653556891175,0.013005875199530361,0.96875
2184,2,0.5,0.32914882012020574,0.013177557466616979,0.96875
2185,2,0.4375,0.33998393810818517,0.013274630553419408,0.96875
2186,2,0.5,0.3559855442973667,0.013416731039119941,0.96875
2187,2,0.390625,0.35944948986763003,0.01344729037676581,0.96875
2188,2,0.359375,0.35944204088086706,0.013447224738964671,0.96875
2189,2,0.203125,0.3438103367927804,0.013308748497976213,0.96875
2190,2,0.1875,0.32817930311350235,0.013168838522098903,0.96875
2191,2,0.125,0.30786137280215214,0.012984902597593176,0.96875
2192,2,0.25,0.30207523552193694,0.012932105870517097,0.96875
2193,2,0.171875,0.28905521196974326,0.012812649982193652,0.96875
2194,2,0.203125,0.28046219077276896,0.01273332794689299,0.96875
2195,2,0.171875,0.26960347169549204,0.012632558265582669,0.96875
2196,2,0.21875,0.2645181245259428,0.012585166086466098,0.96875
2197,2,0.21875,0.25994131207334853,0.012542406390068197,0.96875
2198,2,0.0625,0.2401971808660137,0.012356819864487611,0.96875
2199,2,0.09375,0.22555246277941232,0.012218038155255285,0.96875
2200,2,0.09375,0.2123722165014711,0.012092359835198496,0.96875
2201,2,0.03125,0.19425999485132397,0.011918527324716464,0.96875
2202,2,0.046875,0.17952149536619158,0.011776174987536563,0.96875
2203,2,0.0625,0.16781934582957242,0.011662614430747833,0.96875
2204,2,0.078125,0.15884991124661518,0.011575271584218729,0.96875
2205,2,0.0625,0.14921492012195367,0.01148117266833254,0.96875
2206,2,0.09375,0.1436684281097583,0.011426880531878408,0.96875
2207,2,0.171875,0.14648908529878246,0.01145450163130625,0.96875
2208,2,0.125,0.1443401767689042,0.011433460619550957,0.96875
2209,2,0.1875,0.14865615909201377,0.011475707191311555,0.96875
2210,2,0.234375,0.1572280431828124,0.011559451338972916,0.96875
2211,2,0.296875,0.17119273886453112,0.011695397347381151,0.96875
2212,2,0.203125,0.174385964978078,0.01172639486973478,0.96875
2213,2,0.234375,0.18038486848027022,0.011784535057840245,0.96875
2214,2,0.34375,0.19672138163224318,0.011942223980322075,0.96875
2215,2,0.265625,0.20361174346901886,0.012008438732360252,0.96875
2216,2,0.234375,0.20668806912211699,0.012037942730159925,0.96875
2217,2,0.09375,0.19539426220990527,0.01192945012155455,0.96875
2218,2,0.125,0.18835483598891473,0.01186158542693183,0.96875
2219,2,0.21875,0.19139435239002325,0.011890910563035359,0.96875
2220,2,0.25,0.19725491715102092,0.011947357540977976,0.96875
2221,2,0.25,0.20252942543591881,0.011998049886067664,0.96875
2222,2,0.3125,0.21352648289232692,0.01210339449485478,0.96875
2223,2,0.328125,0.22498633460309422,0.012212654715769253,0.96875
2224,2,0.34375,0.2368627011427848,0.012325302585432572,0.96875
2225,2,0.390625,0.2522389310285063,0.012470221338500174,0.96875
2226,2,0.34375,0.2613900379256557,0.012555952218048536,0.96875
2227,2,0.375,0.2727510341330901,0.012661828164812991,0.96875
2228,2,0.25,0.2704759307197811,0.012640676343430303,0.96875
2229,2,0.328125,0.276240837647803,0.012694223335075255,0.96875
2230,2,0.25,0.2736167538830227,0.012669870116177713,0.96875
2231,2,0.328125,0.2790675784947204,0.012720418837838221,0.96875
2232,2,0.265625,0.27772332064524835,0.012707966555150638,0.96875
2233,2,0.34375,0.2843259885807235,0.01276904135533015,0.96875
2234,2,0.265625,0.2824558897226511,0.012751765355853623,0.96875
2235,2,0.325,0.286710300750386,0.012791041717306259,0.96875
2236,2,0.203125,0.27835177067534744,0.012713789216157366,0.96875
2237,2,0.21875,0.2723915936078127,0.012658488115582718,0.96875
2238,2,0.203125,0.26546493424703144,0.01259399925811617,0.96875
2239,2,0.234375,0.26235594082232827,0.012564978002015679,0.96875
2240,2,0.21875,0.25799534674009544,0.012524195589006621,0.96875
2241,2,0.125,0.24469581206608593,0.012399262081343487,0.96875
2242,2,0.203125,0.24053873085947736,0.012360045387296275,0.96875
2243,2,0.1875,0.23523485777352962,0.012309898514691085,0.96875
2244,2,0.140625,0.22577387199617666,0.012220143217467066,0.96875
2245,2,0.0625,0.209446484796559,0.012064366337759648,0.96875
2246,2,0.0625,0.1947518363169031,0.011923264257603353,0.96875
2247,2,0.171875,0.19246415268521277,0.01190122396408858,0.96875
2248,2,0.09375,0.1825927374166915,0.01180590218349968,0.96875
2249,2,0.15625,0.17995846367502236,0.011780406487278636,0.96875
2250,2,0.140625,0.17602511730752013,0.011742293340409438,0.96875
2251,2,0.140625,0.17248510557676813,0.01170794678355055,0.96875
2252,2,0.140625,0.16929909501909132,0.011676999327988857,0.96875
2253,2,0.078125,0.1601816855171822,0.011588256118017686,0.96875
2254,2,0.09375,0.15353851696546397,0.011523432768087975,0.96875
2255,2,0.078125,0.14599716526891757,0.011449686156221007,0.96875
2256,2,0.140625,0.1454599487420258,0.011444426482722609,0.96875
2257,2,0.140625,0.14497645386782324,0.011439692078528383,0.96875
2258,2,0.109375,0.1414163084810409,0.011404810809651996,0.96875
2259,2,0.15625,0.14289967763293682,0.011419348719096592,0.96875
2260,2,0.171875,0.14579720986964315,0.011447728567935021,0.96875
2261,2,0.09375,0.14059248888267883,0.011396734261042823,0.96875
2262,2,0.25,0.15153323999441096,0.011503839433247192,0.96875
2263,2,0.125,0.14887991599496986,0.011477895960228633,0.96875
2264,2,0.171875,0.15117942439547288,0.011500381109957759,0.96875
2265,2,0.15625,0.1516864819559256,0.011505337162159332,0.96875
2266,2,0.171875,0.15370533376033305,0.011525062178980208,0.96875
2267,2,0.046875,0.14302230038429975,0.011420550222716676,0.96875
2268,2,0.09375,0.13809507034586976,0.011372238795059544,0.96875
2269,2,0.1875,0.14303556331128278,0.011420680175332152,0.96875
2270,2,0.296875,0.1584195069801545,0.011571074061201931,0.96875
2271,2,0.328125,0.17539005628213905,0.011736134827808274,0.96875
2272,2,0.375,0.19535105065392516,0.011929034089228366,0.96875
2273,2,0.328125,0.20862844558853263,0.012056533240900174,0.96875
2274,2,0.390625,0.22682810102967937,0.012230163525521351,0.96875
2275,2,0.53125,0.25727029092671144,0.012517405763306746,0.96875
2276,2,0.328125,0.2643557618340403,0.012583650904308848,0.96875
2277,2,0.328125,0.27073268565063624,0.012643064691136869,0.96875
2278,2,0.25000001192092897,0.2686594182776655,0.01262376981313234,0.96875
2279,2,0.09375,0.2511684764498989,0.012460167328696885,0.96875
2280,2,0.171875,0.24323912880490903,0.012385528992458025,0.96875
2281,2,0.0625,0.22516521592441813,0.0122143558841829,0.96875
2282,2,0.234375,0.22608619433197633,0.012223112290052194,0.96875
2283,2,0.28125,0.23160257489877867,0.012275485015822183,0.96875
2284,2,0.25,0.2334423174089008,0.012292922533596077,0.96875
2285,2,0.171875,0.22728558566801074,0.012234510392203113,0.96875
2286,2,0.296875,0.2342445271012097,0.012300521469893235,0.96875
2287,2,0.203125,0.2311325743910887,0.012271027892763041,0.96875
2288,2,0.140625,0.22208181695197984,0.012185013858679853,0.96875
2289,2,0.15625,0.21549863525678187,0.012122235645220534,0.96875
2290,2,0.203125,0.2142612717311037,0.012110416206433565,0.96875
2291,2,0.140625,0.20689764455799334,0.012039951357608674,0.96875
2292,2,0.140625,0.200270380102194,0.011976351532521768,0.96875
2293,2,0.09375,0.1896183420919746,0.011873779745139566,0.96875
2294,2,0.09375,0.18003150788277714,0.011781113766258695,0.96875
2295,2,0.203125,0.18234085709449943,0.01180346541478133,0.96875
2296,2,0.078125,0.1719192713850495,0.011702452969775201,0.96875
2297,2,0.171875,0.17191484424654455,0.01170240998149572,0.96875
2298,2,0.1875,0.17347335982189008,0.011717539421862955,0.96875
2299,2,0.171875,0.17331352383970106,0.011715988170150952,0.96875
2300,2,0.1875,0.17473217145573094,0.011729753548895201,0.96875
2301,2,0.171875,0.17444645431015784,0.011726981728448455,0.96875
2302,2,0.078125,0.16481430887914206,0.011633380221574363,0.96875
2303,2,0.09375,0.15770787799122785,0.011564132645931185,0.96875
2304,2,0.078125,0.14974959019210507,0.011486401654637195,0.96875
2305,2,0.125,0.14727463117289458,0.0114621900218866,0.96875
2306,2,0.09375,0.14192216805560512,0.011409769221557875,0.96875
2307,2,0.171875,0.1449174512500446,0.011439114276994044,0.96875
2308,2,0.09375,0.13980070612504014,0.011388970042689513,0.96875
2309,2,0.09375,0.13519563551253613,0.011343779178177806,0.96875
2310,2,0.109375,0.1326135719612825,0.011318416052912476,0.96875
2311,2,0.1875,0.13810221476515425,0.011372308893861427,0.96875
2312,2,0.171875,0.14147949328863882,0.01140543018274928,0.96875
2313,2,0.359375,0.16326904395977493,0.011618336053209371,0.96875
2314,2,0.390625,0.18600463956379745,0.011838888034795238,0.96875
2315,2,0.28125,0.1955291756074177,0.01193074899645122,0.96875
2316,2,0.40625,0.21660125804667593,0.012132762796944122,0.96875
2317,2,0.28125,0.22306613224200833,0.012194385052823204,0.96875
2318,2,0.3125,0.2320095190178075,0.012279343390685307,0.96875
2319,2,0.28125,0.23693356711602673,0.01232597291665852,0.96875
2320,2,0.28125,0.24136521040442405,0.012367848325230206,0.96875
2321,2,0.3125,0.24847868936398165,0.012434880758870798,0.96875
2322,2,0.15625,0.2392558204275835,0.012347927177840765,0.96875
2323,2,0.1875,0.23408023838482514,0.012298965472078876,0.96875
2324,2,0.203125,0.23098471454634262,0.012269625506950335,0.96875
2325,2,0.140625,0.22194874309170837,0.012183746616498228,0.96875
2326,2,0.15625,0.21537886878253754,0.012121091892844809,0.96875
2327,2,0.203125,0.2141534819042838,0.01210938629278351,0.96875
2328,2,0.3125,0.22398813371385543,0.012203159316079588,0.96875
2329,2,0.3125,0.23283932034246987,0.012287208798959231,0.96875
2330,2,0.359375,0.24549288830822288,0.012406772572238225,0.96875
2331,2,0.21875,0.24281859947740062,0.01238156261418275,0.96875
2332,2,0.25,0.24353673952966054,0.012388335537588736,0.96875
2333,2,0.296875,0.24887056557669446,0.01243856683962592,0.96875
2334,2,0.203125,0.24429600901902504,0.012395493834577513,0.96875
2335,2,0.21875001192092897,0.24174140930921545,0.012371399074162251,0.96875
2336,2,0.21875,0.2394422683782939,0.012349688795891399,0.96875
2337,2,0.265625,0.24206054154046452,0.012374410703373915,0.96875
2338,2,0.234375,0.24129198738641808,0.012367157137058668,0.96875
2339,2,0.125,0.22966278864777628,0.012257083442765207,0.96875
2340,2,0.109375,0.21763400978299866,0.012142618374577377,0.96875
2341,2,0.15625,0.21149560880469878,0.012083975998824596,0.96875
2342,2,0.109375,0.2012835479242289,0.011986085518457965,0.96875
2343,2,0.328125,0.213967693131806,0.012107611002415468,0.96875
2344,2,0.21875,0.2144459238186254,0.012112180417147504,0.96875
2345,2,0.25,0.21800133143676287,0.012146122684636993,0.96875
2346,2,0.25,0.22120119829308657,0.012176626492887248,0.96875
2347,2,0.234375,0.22251857846377793,0.012189172554238611,0.96875
2348,2,0.203125,0.22057922061740015,0.012170700589181077,0.96875
2349,2,0.265625,0.22508379855566013,0.012213581618502506,0.96875
2350,2,0.265625,0.22913791870009412,0.012252101544646087,0.96875
2351,2,0.265625,0.2327866268300847,0.012286709423501385,0.96875
2352,2,0.25,0.23450796414707623,0.012303016267702124,0.96875
2353,2,0.125,0.2235571677323686,0.012199058454197829,0.96875
2354,2,0.296875,0.23088895095913176,0.012268717181077254,0.96875
2355,2,0.568749976158142,0.2646750534790328,0.012586630439645252,0.96875
2356,2,0.28125,0.26633254813112955,0.012602089771264676,0.96875
2357,2,0.28125,0.2678242933180166,0.01261599177509433,0.96875
2358,2,0.25,0.26604186398621493,0.012599379543383818,0.96875
2359,2,0.3125,0.27068767758759343,0.01264264604721857,0.96875
2360,2,0.265625,0.2701814098288341,0.012637936295966943,0.96875
2361,2,0.140625,0.25722576884595066,0.012516988752945274,0.96875
2362,2,0.25,0.2565031919613556,0.012510219523393354,0.96875
2363,2,0.296875,0.2605403727652201,0.012548008920357822,0.96875
2364,2,0.171875,0.25167383548869804,0.012464914463803354,0.96875
2365,2,0.328125,0.25931895193982823,0.012536584151262185,0.96875
2366,2,0.25,0.2583870567458454,0.012527862745772967,0.96875
2367,2,0.15625,0.24817335107126084,0.012432008186681111,0.96875
2368,2,0.140625,0.23741851596413477,0.012330559522819515,0.96875
2369,2,0.3187499761581421,0.24555166198353548,0.01240732625618852,0.96875
2370,2,0.09375,0.23037149578518193,0.012263808391699871,0.96875
2371,2,0.25,0.23233434620666374,0.012282422673555608,0.96875
2372,2,0.140625,0.22316341158599737,0.012195310983321385,0.96875
2373,2,0.1875,0.21959707042739762,0.012161339878009877,0.96875
2374,2,0.1875,0.21638736338465786,0.012130721050989486,0.96875
2375,2,0.234375,0.21818612704619209,0.012147885456852118,0.96875
2376,2,0.25,0.22136751434157287,0.012178210800401967,0.96875
2377,2,0.125,0.2117307629074156,0.012086225303190628,0.96875
2378,2,0.09375,0.19993268661667404,0.011973106283107998,0.96875
2379,2,0.140625,0.19400191795500665,0.011916041424303352,0.96875
2380,2,0.171875,0.191789226159506,0.011894717827450264,0.96875
2381,2,0.3125,0.20386030354355542,0.012010823949169611,0.96875
2382,2,0.1875,0.20222427318919986,0.011995120008036072,0.96875
2383,2,0.203125,0.20231434587027985,0.011995984865837184,0.96875
2384,2,0.15625,0.19770791128325188,0.01195171531308713,0.96875
2385,2,0.21875,0.1998121201549267,0.01197194752924331,0.96875
2386,2,0.265625,0.20639340813943402,0.012035118329719792,0.96875
2387,2,0.171875,0.20294156732549062,0.012002006443501639,0.96875
2388,2,0.140625,0.19670991059294157,0.011942113596827572,0.96875
2389,2,0.1875,0.1957889195336474,0.011933249483132893,0.96875
2390,2,0.203125,0.19652252758028266,0.011940310378322105,0.96875
2391,2,0.09375,0.1862452748222544,0.011841212913424612,0.96875
2392,2,0.21875,0.18949574734002897,0.01187259681408919,0.96875
2393,2,0.21875,0.1924211726060261,0.01190080969571712,0.96875
2394,2,0.2874999761581421,0.2019290529612377,0.011992285151391106,0.96875
2395,2,0.28125001192092897,0.2098611488572068,0.01206833592475118,0.96875
2396,2,0.25,0.21387503397148613,0.012106725552945579,0.96875
2397,2,0.15625,0.2081125305743375,0.012051591764339379,0.96875
2398,2,0.171875,0.20448877751690375,0.012016853808104928,0.96875
2399,2,0.25,0.20903989976521337,0.012060473431530874,0.96875
2400,2,0.296875,0.21782340978869202,0.012144425351273148,0.96875
2401,2,0.28125,0.22416606880982282,0.01220485223254433,0.96875
2402,2,0.21875,0.22362446192884056,0.012199698844166437,0.96875
2403,2,0.203125,0.2215745157359565,0.012180182511485631,0.96875
2404,2,0.171875,0.21660456416236085,0.01213279435423343,0.96875
2405,2,0.28125,0.22306910774612476,0.012194413375043714,0.96875
2406,2,0.265625,0.22732469697151228,0.012234881973573171,0.96875
2407,2,0.125,0.21709222727436106,0.01213744867212604,0.96875
2408,2,0.375,0.23288300454692495,0.012287622784244074,0.96875
2409,2,0.203125,0.22990720409223248,0.012259402953572664,0.96875
2410,2,0.1875,0.22566648368300923,0.012219122242082632,0.96875
2411,2,0.109375,0.2140373353147083,0.012108276479249896,0.96875
2412,2,0.203125,0.21294610178323747,0.012097846783318713,0.96875
2413,2,0.25,0.21665149160491373,0.012133242277765273,0.96875
2414,2,0.203125,0.21529884244442238,0.012120327620588428,0.96875
2415,2,0.203125,0.21408145819998015,0.01210869809230921,0.96875
2416,2,0.15625,0.20829831237998214,0.012053371318451482,0.96875
2417,2,0.171875,0.20465598114198394,0.01201845777684431,0.96875
2418,2,0.171875,0.20137788302778553,0.01198699164169569,0.96875
2419,2,0.25,0.20624009472500698,0.012033648647649636,0.96875
2420,2,0.21875,0.20749108525250629,0.012045638120950171,0.96875
2421,2,0.09375,0.19611697672725564,0.011936407244832522,0.96875
2422,2,0.203125,0.19681777905453007,0.011943151573811879,0.96875
2423,2,0.265625,0.20369850114907706,0.012009271298111718,0.96875
2424,2,0.21875,0.20520365103416938,0.012023710764427343,0.96875
2425,2,0.265625,0.21124578593075244,0.012081586142687022,0.96875
2426,2,0.3125,0.2213712073376772,0.012178245978154936,0.96875
2427,2,0.40625,0.23985908660390948,0.012353626465364052,0.96875
2428,2,0.54375,0.2702481779435185,0.0126385575041908,0.96875
2429,2,0.4875000238418579,0.2919733625333525,0.012839500824261886,0.96875
2430,2,0.4250000238418579,0.305276028664203,0.012961334470662729,0.96875
2431,2,0.724999976158142,0.34724842341359685,0.013339330500137334,0.96875
2432,2,0.4250000238418579,0.35502358345642293,0.013408231637772827,0.96875
2433,2,0.34375001192092897,0.35389622630287354,0.013398263783422702,0.96875
2434,2,0.234375,0.3419441036725862,0.013292119035357371,0.96875
2435,2,0.28125,0.3358746933053276,0.013237895307812376,0.96875
2436,2,0.28125,0.33041222397479486,0.013188911298451195,0.96875
2437,2,0.296875,0.32705850157731536,0.01315875238580327,0.96875
2438,2,0.265625,0.3209151514195838,0.013103341715821391,0.96875
2439,2,0.265625,0.31538613627762546,0.013053291040441724,0.96875
2440,2,0.359375,0.3197850226498629,0.013093125245860688,0.96875
2441,2,0.375,0.3253065203848766,0.013142971934193441,0.96875
2442,2,0.36874998807907106,0.32965086715429603,0.01318207030621627,0.96875
2443,2,0.25,0.3216857804388664,0.013110304167561615,0.96875
2444,2,0.21875,0.3113922023949798,0.013017031055941467,0.96875
2445,2,0.078125,0.28806548215548183,0.012803533124358618,0.96875
2446,2,0.09375,0.2686339339399337,0.012623532512014674,0.96875
2447,2,0.21875,0.2636455405459403,0.01257702156669004,0.96875
2448,2,0.21875,0.25915598649134625,0.01253505928994973,0.96875
2449,2,0.234375,0.2566778878422116,0.0125118563310028,0.96875
2450,2,0.203125,0.2513225990579905,0.012461615218340882,0.96875
2451,2,0.15625,0.24181533915219144,0.012372096785663289,0.96875
2452,2,0.3812499761581421,0.2557588028527865,0.01250324338466692,0.96875
2453,2,0.171875,0.24737042256750785,0.012424452333031225,0.96875
2454,2,0.34375,0.25700838031075707,0.012514952476896391,0.96875
2455,2,0.140625,0.24537004227968137,0.01240561523696861,0.96875
2456,2,0.234375,0.24427053805171323,0.012395253739675718,0.96875
2457,2,0.15625,0.2354684842465419,0.012312110005568462,0.96875
2458,2,0.1875,0.2306716358218877,0.012266655781893348,0.96875
2459,2,0.171875,0.22479197223969893,0.012210806169381227,0.96875
2460,2,0.125,0.21481277501572904,0.012115684993858249,0.96875
2461,2,0.140625,0.20739399751415616,0.012044707852771798,0.96875
2462,2,0.125,0.19915459776274053,0.011965627169383588,0.96875
2463,2,0.15625,0.19486413798646648,0.011924345711162125,0.96875
2464,2,0.171875,0.19256522418781982,0.01190219812655529,0.96875
2465,2,0.21875,0.19518370176903785,0.011927422821786451,0.96875
2466,2,0.265625,0.20222783159213406,0.011995154175617497,0.96875
2467,2,0.109375,0.19294254843292064,0.011905834578419792,0.96875
2468,2,0.09375,0.18302329358962857,0.011810067004599564,0.96875
2469,2,0.140625,0.1787834642306657,0.011769026574297903,0.96875
2470,2,0.203125,0.18121761780759915,0.011792596156846925,0.96875
2471,2,0.15625,0.17872085602683924,0.011768420078498931,0.96875
2472,2,0.15625,0.17647377042415532,0.011746643338735189,0.96875
2473,2,0.125,0.17132639338173977,0.011696695445848513,0.96875
2474,2,0.171875,0.1713812540435658,0.011697228254354193,0.96875
2475,2,0.140625,0.16830562863920923,0.011667342453697965,0.96875
2476,2,0.203125,0.1717875657752883,0.011701174057853116,0.96875
2477,2,0.203125,0.1749213091977595,0.011731588275360598,0.96875
2478,2,0.109375,0.16836667827798354,0.011667935972055543,0.96875
2479,2,0.140625,0.1655925104501852,0.011640953654292128,0.96875
2480,2,0.109375,0.15997075940516667,0.011586199995371454,0.96875
2481,2,0.109375,0.15491118346465,0.011536838046447895,0.96875
2482,2,0.1875,0.158170065118185,0.011568641116366523,0.96875
2483,2,0.140625,0.1564155586063665,0.011551523077606445,0.96875
2484,2,0.046875,0.14546150274572986,0.011444441698533895,0.96875
2485,2,0.15625,0.14654035247115688,0.011455003453332762,0.96875
2486,2,0.171875,0.1490738172240412,0.011479792566695124,0.96875
2487,2,0.234375,0.1576039355016371,0.011563118634196871,0.96875
2488,2,0.21875,0.1637185419514734,0.011622712990391582,0.96875
2489,2,0.21875,0.16922168775632607,0.01167624701504833,0.96875
2490,2,0.125,0.16479951898069345,0.011633236268084912,0.96875
2491,2,0.234375,0.17175706708262412,0.011700877895690813,0.96875
2492,2,0.265625,0.1811438603743617,0.011791882274297918,0.96875
2493,2,0.09375,0.17240447433692552,0.01170716398116912,0.96875
2494,2,0.28125,0.18328902690323295,0.011812637150715816,0.96875
2495,2,0.3125,0.19621012421290968,0.011937303776254238,0.96875
2496,2,0.3125,0.2078391117916187,0.012048972512404372,0.96875
2497,2,0.375,0.22455520061245682,0.012208554061276841,0.96875
2498,2,0.265625,0.22866218055121112,0.012247584972138834,0.96875
2499,2,0.25,0.23079596249609002,0.0122678351397254,0.96875
2500,2,0.203125,0.228028866246481,0.01224157090130996,0.96875
2501,2,0.28125,0.23335097962183288,0.01229205715838863,0.96875
2502,2,0.21875,0.2318908816596496,0.012278218623621296,0.96875
2503,2,0.234375,0.23213929349368465,0.0122805736759324,0.96875
2504,2,0.203125,0.22923786414431618,0.012253050285786994,0.96875
2505,2,0.28125,0.23443907772988457,0.012302363929738235,0.96875
2506,2,0.25,0.2359951699568961,0.012317094696776167,0.96875
2507,2,0.25,0.2373956529612065,0.01233034330969583,0.96875
2508,2,0.328125,0.24646858766508584,0.012415962225754655,0.96875
2509,2,0.234375,0.24525922889857726,0.01240457120286432,0.96875
2510,2,0.3125,0.25198330600871954,0.012467820918999936,0.96875
2511,2,0.234375,0.2502224754078476,0.01245127781192586,0.96875
2512,2,0.43750001192092897,0.2689502290591557,0.012626477515239138,0.96875
2513,2,0.2249999761581421,0.2645552037690544,0.012585512095211849,0.96875
2514,2,0.1312499761581421,0.2512246810079632,0.012460695349598292,0.96875
2515,2,0.140625,0.24016471290716687,0.012356513217204764,0.96875
2516,2,0.265625,0.24271074161645018,0.012380545184700695,0.96875
2517,2,0.34375001192092897,0.25281466864689806,0.01247562663062828,0.96875
2518,2,0.359375,0.26347070178220827,0.01257538921664672,0.96875
2519,2,0.421875,0.27931113160398746,0.012722673973638899,0.96875
2520,2,0.421875,0.2935675184435887,0.01285415040922625,0.96875
2521,2,0.506249976158142,0.314835764215044,0.013048299570628624,0.96875
2522,2,0.34375,0.3177271877935396,0.013074503888641632,0.96875
2523,2,0.3125,0.31720446901418564,0.013069770044305418,0.96875
2524,2,0.21875,0.30735902211276706,0.012980325981391707,0.96875
2525,2,0.171875,0.2938106199014904,0.012856383234145997,0.96875
2526,2,0.171875,0.2816170579113414,0.012744010430793509,0.96875
2527,2,0.21875,0.27533035212020723,0.012685777317101781,0.96875
2528,2,0.140625,0.2618598169081865,0.012560342578862418,0.96875
2529,2,0.125,0.24817383521736786,0.0124320127417855,0.96875
2530,2,0.1875,0.24210645169563105,0.012374843916855328,0.96875
2531,2,0.171875,0.23508330652606796,0.012308463814158828,0.96875
2532,2,0.140625,0.22563747587346117,0.012218846447117925,0.96875
2533,2,0.21875,0.22494872828611506,0.012212297061078037,0.96875
2534,2,0.203125,0.22276635545750356,0.012191531449633555,0.96875
2535,2,0.359375,0.2364272199117532,0.012321182822305028,0.96875
2536,2,0.28125,0.24090949792057786,0.01236354624104738,0.96875
2537,2,0.1875,0.23556854812852007,0.012313057129795395,0.96875
2538,2,0.3125,0.24326169331566808,0.012385741795524355,0.96875
2539,2,0.296875,0.24862302398410124,0.012436238486484483,0.96875
2540,2,0.359375,0.2596982215856911,0.012540132474265317,0.96875
2541,2,0.328125,0.266540899427122,0.012604032106914517,0.96875
2542,2,0.390625,0.27894930948440977,0.012719323639597171,0.96875
2543,2,0.265625,0.2776168785359688,0.012706980160510318,0.96875
2544,2,0.39999998807907106,0.289855189490279,0.012820015236393562,0.96875
2545,2,0.15625,0.2764946705412511,0.012696577249758803,0.96875
2546,2,0.25,0.273845203487126,0.012671991639189766,0.96875
2547,2,0.3125,0.2777106831384134,0.012707849446870008,0.96875
2548,2,0.375,0.2874396148245721,0.01279776535884581,0.96875
2549,2,0.49374998807907106,0.30807065215002194,0.012986808811528463,0.96875
2550,2,0.453125,0.3225760869350197,0.013118343722353112,0.96875
2551,2,0.46875,0.33719347824151774,0.013249695501900699,0.96875
2552,2,0.359375,0.339411630417366,0.013269520216626987,0.96875
2553,2,0.587499988079071,0.3642204661835365,0.0134892610544973,0.96875
2554,2,0.296875,0.35748591956518283,0.013429976446023218,0.96875
2555,2,0.21875,0.34361232760866456,0.013306985067448466,0.96875
2556,2,0.3125,0.3405010948477981,0.013279246780860031,0.96875
2557,2,0.25,0.3314509853630183,0.01319823948641486,0.96875
2558,2,0.328125,0.33111838682671646,0.013195253389777907,0.96875
2559,2,0.328125,0.33081904814404484,0.01319256536007668,0.96875
2560,2,0.21875,0.31961214332964033,0.013091561770041192,0.96875
2561,2,0.1875,0.3064009289966763,0.012971593570588167,0.96875
2562,2,0.171875,0.29294833609700865,0.012848461977953213,0.96875
2563,2,0.234375,0.2870910024873078,0.012794551798166715,0.96875
2564,2,0.203125,0.27869440223857705,0.012716962900347193,0.96875
2565,2,0.3125,0.2820749620147194,0.012748244156402124,0.96875
2566,2,0.3125,0.28511746581324743,0.012776347652563887,0.96875
2567,2,0.296875,0.2862932192319227,0.012787195357503492,0.96875
2568,2,0.171875,0.2748513973087304,0.012681332686838754,0.96875
2569,2,0.1875,0.2661162575778574,0.012600073199816575,0.96875
2570,2,0.15625,0.25512963182007165,0.012497344999020223,0.96875
2571,2,0.234375,0.25305416863806446,0.012477874714193898,0.96875
2572,2,0.21875,0.24962375177425802,0.012445649509067758,0.96875
2573,2,0.21875,0.24653637659683222,0.012416600537075396,0.96875
2574,2,0.203125,0.242195238937149,0.012375681696632236,0.96875
2575,2,0.28125,0.2461007150434341,0.01241249791439287,0.96875
2576,2,0.21875,0.24336564353909068,0.012386722107430413,0.96875
2577,2,0.203125,0.23934157918518162,0.012348737472336765,0.96875
2578,2,0.15625,0.23103242126666346,0.012270077994568335,0.96875
2579,2,0.1875,0.2266791791399971,0.012228748327861572,0.96875
2580,2,0.537499976158142,0.25776125884181156,0.012522003731138365,0.96875
2581,2,0.265625,0.2585476329576304,0.012529365837219714,0.96875
2582,2,0.1875,0.25144286966186735,0.01246274501235797,0.96875
2583,2,0.203125,0.2466110826956806,0.012417303957314264,0.96875
2584,2,0.33749998807907106,0.25569997323401966,0.012502691944336267,0.96875
2585,2,0.31250001192092897,0.2613799771027106,0.012555858182203988,0.96875
2586,2,0.125,0.24774197939243953,0.012427949186161318,0.96875
2587,2,0.3125,0.25421778145319557,0.012488793246952679,0.96875
2588,2,0.28125001192092897,0.2569210044999689,0.012514133965881798,0.96875
2589,2,0.28125,0.259353904049972,0.012536911180370609,0.96875
2590,2,0.3125,0.2646685136449748,0.012586569416780118,0.96875
2591,2,0.265625,0.26476416228047733,0.012587461888850402,0.96875
2592,2,0.265625,0.2648502460524296,0.012588265075945269,0.96875
2593,2,0.25,0.26336522144718666,0.012574404347745314,0.96875
2594,2,0.234375,0.260466199302468,0.012547315328627134,0.96875
2595,2,0.21875,0.2562945793722212,0.012508264746173389,0.96875
2596,2,0.171875,0.2478526214349991,0.012428990355823568,0.96875
2597,2,0.25,0.24806735929149917,0.012431010933755253,0.96875
2598,2,0.15625,0.23888562336234925,0.012344428984119289,0.96875
2599,2,0.1875,0.2337470610261143,0.012295809549181478,0.96875
2600,2,0.1875,0.22912235492350289,0.012251953800249682,0.96875
2601,2,0.1937499761581421,0.22558511704696682,0.012218348630784,0.96875
2602,2,0.171875,0.22021410534227015,0.012167221200988617,0.96875
2603,2,0.2874999761581421,0.22694269242385734,0.012231252418118755,0.96875
2604,2,0.203125,0.22456092318147158,0.012208608495594386,0.96875
2605,2,0.203125,0.22241733086332444,0.012188208579545324,0.96875
2606,2,0.265625,0.226738097776992,0.012229308240111255,0.96875
2607,2,0.203125,0.22437678799929278,0.012206856892806338,0.96875
2608,2,0.3187499761581421,0.2338141068151777,0.01229644465919308,0.96875
2609,2,0.265625,0.2369951961336599,0.012326555856254792,0.96875
2610,2,0.171875,0.2304831765202939,0.012264867937798055,0.96875
2611,2,0.15625,0.22305985886826452,0.012194325339837383,0.96875
2612,2,0.09375,0.21012887298143806,0.012070898491290121,0.96875
2613,2,0.078125,0.19692848568329427,0.011944216816149697,0.96875
2614,2,0.109375,0.18817313711496483,0.01185983134663047,0.96875
2615,2,0.140625,0.18341832340346836,0.011813887604055542,0.96875
2616,2,0.109375,0.17601399106312152,0.011742185455223587,0.96875
2617,2,0.45,0.20341259195680936,0.012006527475073876,0.96875
2618,2,0.25,0.2080713327611284,0.012051197123150056,0.96875
2619,2,0.1875,0.20601419948501556,0.012031483019899748,0.96875
2620,2,0.234375,0.208850279536514,0.012058657662552841,0.96875
2621,2,0.234375,0.2114027515828626,0.012083087736902367,0.96875
2622,2,0.234375,0.21369997642457633,0.01210505261145651,0.96875
2623,2,0.15625,0.20795497878211872,0.01205008251164839,0.96875
2624,2,0.15625,0.20278448090390686,0.01200049849258084,0.96875
2625,2,0.140625,0.1965685328135162,0.011940753106631856,0.96875
2626,2,0.140625,0.19097417953216458,0.011886858747376574,0.96875
2627,2,0.21875,0.19375176157894813,0.011913631582864431,0.96875
2628,2,0.265625,0.20093908542105332,0.011982776541643043,0.96875
2629,2,0.328125,0.213657676878948,0.012104648356372207,0.96875
2630,2,0.171875,0.20947940919105318,0.012064681548474517,0.96875
2631,2,0.1875,0.20728146827194785,0.012043629582109852,0.96875
2632,2,0.15625,0.20217832144475306,0.011994678777656299,0.96875
2633,2,0.109375,0.19289798930027774,0.011905405168239395,0.96875
2634,2,0.109375,0.18454569037024995,0.011824788115087694,0.96875
2635,2,0.125,0.17859112133322497,0.011767163274790509,0.96875
2636,2,0.140625,0.17479450919990247,0.01173035826806735,0.96875
2637,2,0.25,0.18231505827991223,0.011803215816506403,0.96875
2638,2,0.09375,0.17345855245192102,0.011717395715885561,0.96875
2639,2,0.171875,0.1733001972067289,0.011715858827706321,0.96875
2640,2,0.078125,0.16378267748605602,0.01162333745108496,0.96875
2641,2,0.15625,0.16302940973745042,0.01161600238100931,0.96875
2642,2,0.140625,0.16078896876370538,0.011594175188157741,0.96875
2643,2,0.1875,0.16346007188733483,0.011620196244519557,0.96875
2644,2,0.1875,0.16586406469860135,0.011643595956771103,0.96875
2645,2,0.203125,0.16959015822874124,0.01167982796545113,0.96875
2646,2,0.125,0.16513114240586713,0.011636463868159619,0.96875
2647,2,0.140625,0.16268052816528042,0.01161260448301018,0.96875
2648,2,0.046875,0.15109997534875239,0.011499604495354957,0.96875
2649,2,0.1624999761581421,0.15223997542969137,0.011510746221831292,0.96875
2650,2,0.140625,0.15107847788672224,0.011499394354435831,0.96875
2651,2,0.203125,0.15628313009805,0.011550230644482245,0.96875
2652,2,0.1875,0.159404817088245,0.011580682470293186,0.96875
2653,2,0.21875,0.1653393353794205,0.011638489974466764,0.96875
2654,2,0.296875,0.17849290184147842,0.011766211735991777,0.96875
2655,2,0.40625,0.2012686116573306,0.011985942047027172,0.96875
2656,2,0.421875,0.22332925049159752,0.012196889390656638,0.96875
2657,2,0.36874998807907106,0.23787132425034488,0.01233484121037509,0.96875
2658,2,0.296875,0.2437716918253104,0.012390550915954854,0.96875
2659,2,0.25000001192092897,0.24439452383487226,0.012396422429168504,0.96875
2660,2,0.203125,0.24026757145138505,0.012357484660157743,0.96875
2661,2,0.171875,0.23342831430624655,0.012292789864266027,0.96875
2662,2,0.21875001192092897,0.2319604840677148,0.012278878511637743,0.96875
2663,2,0.125,0.22126443566094334,0.012177228898287214,0.96875
2664,2,0.265625,0.225700492094849,0.01221944557630634,0.96875
2665,2,0.1875,0.2218804428853641,0.012183096175390462,0.96875
2666,2,0.140625,0.2137548985968277,0.012105577489741826,0.96875
2667,2,0.25,0.21737940873714492,0.012140189114243867,0.96875
2668,2,0.21875001192092897,0.21751646905552333,0.012141496899819852,0.96875
2669,2,0.1875,0.21451482214997097,0.012112838653226201,0.96875
2670,2,0.234375,0.21650083993497388,0.012131804272258781,0.96875
2671,2,0.21875,0.2167257559414765,0.012133951114260346,0.96875
2672,2,0.36874998807907106,0.23192817915523595,0.012278572237127377,0.96875
2673,2,0.28125,0.23686036123971235,0.01232528045158291,0.96875
2674,2,0.234375,0.2366118251157411,0.012322929336238908,0.96875
2675,2,0.375,0.250450642604167,0.012453422263653723,0.96875
2676,2,0.234375,0.2488430783437503,0.012438308311144208,0.96875
2677,2,0.28125,0.25208377050937525,0.01246876435632454,0.96875
2678,2,0.28125,0.2550003934584377,0.01249613317880193,0.96875
2679,2,0.125,0.24200035411259396,0.01237384275360505,0.96875
2680,2,0.109375,0.22873781870133456,0.012248303131772848,0.96875
2681,2,0.4749999761581421,0.25336403444701533,0.012480782895533038,0.96875
2682,2,0.265625,0.2545901310023138,0.012492285781899013,0.96875
2683,2,0.34375,0.26350611790208245,0.012575719884628729,0.96875
2684,2,0.36874998807907106,0.2740305049197813,0.012673712271617558,0.96875
2685,2,0.28125001192092897,0.2747524556198961,0.01268041438016334,0.96875
2686,2,0.34375001192092897,0.2816522112499994,0.012744335492010253,0.96875
2687,2,0.3125,0.2847369901249995,0.01277283579958682,0.96875
2688,2,0.46875001192092897,0.3031382923045924,0.012941819471016625,0.96875
2689,2,0.421875,0.31501196307413315,0.013049897747088566,0.96875
2690,2,0.49374998807907106,0.3328857655746269,0.013211113773208253,0.96875
2691,2,0.359375,0.3355346890171642,0.01323485138928409,0.96875
2692,2,0.36874998807907106,0.33885621892335493,0.013264558922954401,0.96875
2693,2,0.43750001192092897,0.34872059822311235,0.013352404170667144,0.96875
2694,2,0.265625,0.3404110384008011,0.013278443034491308,0.96875
2695,2,0.1875,0.325119934560721,0.013141290291917218,0.96875
2696,2,0.203125,0.31292044110464895,0.013030915954580193,0.96875
2697,2,0.171875,0.2988158969941841,0.012902286226150375,0.96875
2698,2,0.265625,0.2954968072947657,0.012871861890594732,0.96875
2699,2,0.21875,0.2878221265652891,0.012801290688087124,0.96875
2700,2,0.171875,0.27622741390876016,0.01269409884131114,0.96875
2701,2,0.34375001192092897,0.282979673709977,0.01275660587723557,0.96875
2702,2,0.3125,0.2859317063389793,0.012783860732491272,0.96875
2703,2,0.234375,0.28077603570508136,0.012736231670915433,0.96875
2704,2,0.359375,0.2886359321345732,0.012808788420953522,0.96875
2705,2,0.484375,0.30820983892111586,0.012988076457639513,0.96875
2706,2,0.390625,0.3164513550290043,0.013062947024408243,0.96875
2707,2,0.3125,0.31605621952610385,0.01305936593823497,0.96875
2708,2,0.296875,0.3141380975734935,0.013041969840030226,0.96875
2709,2,0.21875,0.3045992878161441,0.012955159293596481,0.96875
2710,2,0.1875,0.2928893590345297,0.01284792005065438,0.96875
2711,2,0.078125,0.27141292313107673,0.012649390727915752,0.96875
2712,2,0.140625,0.2583341308179691,0.012527367300010694,0.96875
2713,2,0.140625,0.24656321773617218,0.012416853271716329,0.96875
2714,2,0.203125,0.24221939596255498,0.012375909631682691,0.96875
2715,2,0.140625,0.2320599563662995,0.012279821554420884,0.96875
2716,2,0.171875,0.22604146072966955,0.012222687058167897,0.96875
2717,2,0.21875001192092897,0.2253123158487955,0.01221575470928766,0.96875
2718,2,0.25,0.22778108426391594,0.012239217452345706,0.96875
2719,2,0.1875,0.22375297583752435,0.012200921764971784,0.96875
2720,2,0.140625,0.21544017825377193,0.0121216773966223,0.96875
2721,2,0.1875,0.21264616042839474,0.012094979192442857,0.96875
2722,2,0.140625,0.20544404438555527,0.012026016134924078,0.96875
2723,2,0.15625,0.20052463994699976,0.01197879469513145,0.96875
2724,2,0.1875,0.19922217595229977,0.011966276832529823,0.96875
2725,2,0.203125,0.1996124583570698,0.011970028475761426,0.96875
2726,2,0.265625,0.20621371252136284,0.012033395735215044,0.96875
2727,2,0.296875,0.21527984126922656,0.012120146150633232,0.96875
2728,2,0.234375,0.21718935714230392,0.012138375575964285,0.96875
2729,2,0.078125,0.20328292142807353,0.012005282944744821,0.96875
2730,2,0.15625,0.19857962928526618,0.011960099010445455,0.96875
2731,2,0.109375,0.18965916635673954,0.011874173651168128,0.96875
2732,2,0.203125,0.1910057497210656,0.011887163207719766,0.96875
2733,2,0.109375,0.18284267474895904,0.011808319936014071,0.96875
2734,2,0.109375,0.17549590727406314,0.011737161413631543,0.96875
2735,2,0.125,0.17044631654665682,0.011688146757552982,0.96875
2736,2,0.078125,0.16121418489199113,0.011598319004100141,0.96875
2737,2,0.21875,0.16696776640279204,0.011654332866910368,0.96875
2738,2,0.328125,0.18308348976251285,0.011810649237655419,0.96875
2739,2,0.40625,0.20540014078626156,0.012025595116478547,0.96875
2740,2,0.46875,0.2317351267076354,0.0122767418628939,0.96875
2741,2,0.34375,0.24293661403687186,0.012382675792509783,0.96875
2742,2,0.375,0.25614295263318465,0.012506843819079065,0.96875
2743,2,0.28125001192092897,0.2586536585619591,0.012530358234734243,0.96875
2744,2,0.328125,0.2656007927057632,0.012595266381163643,0.96875
2745,2,0.662499976158142,0.3052907110510011,0.01296146841822649,0.96875
2746,2,0.49374998807907106,0.32413663875380805,0.013132424885608392,0.96875
2747,2,0.36874998807907106,0.32859797368633437,0.013172604318370173,0.96875
2748,2,0.43124998807907106,0.33886317512560804,0.013264621071371094,0.96875
2749,2,0.46249998807907106,0.35122685642095436,0.013374631344079312,0.96875
2750,2,0.234375,0.33954167077885894,0.01327068156080126,0.96875
2751,2,0.34375,0.33996250370097303,0.013274439192558978,0.96875
2752,2,0.28125,0.33409125333087575,0.0132219214531643,0.96875
2753,2,0.537499976158142,0.3544321256136024,0.013403003045928903,0.96875
2754,2,0.21875001192092897,0.34086391424433504,0.013282484433108952,0.96875
2755,2,0.15625,0.32240252281990156,0.013116776771327499,0.96875
2756,2,0.140625,0.3042247705379114,0.012951740807312801,0.96875
2757,2,0.28125,0.3019272934841203,0.012930753580881008,0.96875
2758,2,0.171875,0.2889220641357083,0.012811423791190378,0.96875
2759,2,0.28125,0.2881548577221375,0.012804356611999246,0.96875
2760,2,0.25,0.28433937194992376,0.01276916492674538,0.96875
2761,2,0.25,0.28090543475493135,0.012737428738423548,0.96875
2762,2,0.25,0.27781489127943826,0.012708815090944164,0.96875
2763,2,0.171875,0.2672209021514944,0.012610369902211012,0.96875
2764,2,0.171875,0.25768631193634495,0.012521301918819967,0.96875
2765,2,0.140625,0.24598018074271047,0.012411362691105193,0.96875
2766,2,0.15625,0.23700716266843944,0.012326669043967137,0.96875
2767,2,0.171875,0.23049394640159548,0.012264970111814688,0.96875
2768,2,0.109375,0.21838205176143594,0.012149754237195928,0.96875
2769,2,0.0625,0.20279384658529234,0.01200058840108596,0.96875
2770,2,0.109375,0.1934519619267631,0.011910743206929194,0.96875
2771,2,0.171875,0.19129426573408678,0.011889945464626031,0.96875
2772,2,0.171875,0.1893523391606781,0.011871212982925157,0.96875
2773,2,0.21875001192092897,0.1922921064367032,0.011899565636117486,0.96875
2774,2,0.171875,0.19025039579303288,0.011879877641897858,0.96875
2775,2,0.078125,0.17903785621372958,0.011771490772353161,0.96875
2776,2,0.2874999761581421,0.18988406820817083,0.011876343580802478,0.96875
2777,2,0.1875,0.18964566138735375,0.011874043344801256,0.96875
2778,2,0.28125001192092897,0.19880609644071126,0.011962276576888607,0.96875
2779,2,0.234375,0.20236298679664014,0.011996451892237199,0.96875
2780,2,0.359375,0.21806418811697612,0.012146722292552337,0.96875
2781,2,0.296875,0.22594526930527847,0.01222177264618896,0.96875
2782,2,0.5000000119209289,0.2533507435668435,0.012480658165904891,0.96875
2783,2,0.375,0.2655156692101592,0.012594472462814255,0.96875
2784,2,0.34375,0.27333910228914327,0.012667291324928899,0.96875
2785,2,0.28125,0.2741301920602289,0.012674637854630928,0.96875
2786,2,0.3125,0.277967172854206,0.01271022610914174,0.96875
2787,2,0.4375,0.29392045556878543,0.012857391945069166,0.96875
2788,2,0.328125,0.2973409100119069,0.012888773002012108,0.96875
2789,2,0.296875,0.2972943190107162,0.012888345966487557,0.96875
2790,2,0.359375,0.30350238710964456,0.012945144964093564,0.96875
2791,2,0.296875,0.3028396483986801,0.012939091247798047,0.96875
2792,2,0.28125,0.3006806835588121,0.012919354075442797,0.96875
2793,2,0.25,0.2956126152029309,0.012872924420710695,0.96875
2794,2,0.171875,0.2832388536826378,0.012759000558172473,0.96875
2795,2,0.140625,0.268977468314374,0.012626731115292307,0.96875
2796,2,0.171875,0.2592672214829366,0.012536100125058965,0.96875
2797,2,0.15625,0.24896549933464296,0.012439459703146081,0.96875
2798,2,0.140625,0.23813144940117867,0.012337300505666242,0.96875
2799,2,0.21875001192092897,0.23619330565315372,0.012318969590012566,0.96875
2800,2,0.21875,0.23444897508783835,0.01230245765663384,0.96875
2801,2,0.296875,0.24069157757905452,0.012361488669634607,0.96875
2802,2,0.21875,0.23849741982114908,0.012340759985117323,0.96875
2803,2,0.15625,0.23027267783903418,0.01226287083376984,0.96875
2804,2,0.109375,0.21818291005513077,0.012147854771050797,0.96875
2805,2,0.15625,0.2119896190496177,0.012088701067967014,0.96875
2806,2,0.09375,0.20016565714465592,0.011975345186546452,0.96875
2807,2,0.1875,0.19889909143019033,0.011963170702470879,0.96875
2808,2,0.234375,0.2024466822871713,0.01199725547419593,0.96875
2809,2,0.31250001192092897,0.21345201525054708,0.012102682753773398,0.96875
2810,2,0.25,0.21710681372549237,0.012137587872110634,0.96875
2811,2,0.1875,0.21414613235294314,0.012109316067351848,0.96875
2812,2,0.296875,0.22241901911764883,0.012188224653703107,0.96875
2813,2,0.078125,0.20798961720588396,0.012050414335560153,0.96875
2814,2,0.140625,0.20125315548529557,0.011985793580712525,0.96875
2815,2,0.171875,0.198315339936766,0.011957557525016222,0.96875
2816,2,0.325,0.2109838059430894,0.012079079722135552,0.96875
2817,2,0.125,0.20238542534878046,0.011996667333190101,0.96875
2818,2,0.09375,0.19152188281390242,0.011892140238565685,0.96875
2819,2,0.125,0.18486969453251217,0.011827920082846673,0.96875
2820,2,0.203125,0.18669522507926095,0.01184555951954346,0.96875
2821,2,0.265625,0.19458820257133486,0.011921688397796823,0.96875
2822,2,0.34375,0.20950438231420138,0.012064920632655813,0.96875
2823,2,0.21875,0.21042894408278126,0.012073770334646683,0.96875
2824,2,0.234375,0.21282354967450315,0.012096675166822146,0.96875
2825,2,0.140625,0.20560369470705284,0.012027547056279682,0.96875
2826,2,0.3187499761581421,0.21691832285216175,0.012135789017713734,0.96875
2827,2,0.1875,0.21397649056694557,0.012107695068769067,0.96875
2828,2,0.265625,0.219141341510251,0.012156995049933854,0.96875
2829,2,0.3125,0.22847720735922591,0.01224582860898384,0.96875
2830,2,0.46875001192092897,0.2525044878153962,0.012472714700172199,0.96875
2831,2,0.1875,0.24600403903385656,0.012411587399914792,0.96875
2832,2,0.25,0.2464036351304709,0.012415350602784255,0.96875
2833,2,0.21875,0.24363827161742382,0.01238929291985553,0.96875
2834,2,0.25,0.24427444445568144,0.012395290562483048,0.96875
2835,2,0.25,0.2448470000101133,0.01240068687837681,0.96875
2836,2,0.1875,0.23911230000910197,0.012346571047358377,0.96875
2837,2,0.171875,0.23238857000819177,0.01228293665757327,0.96875
2838,2,0.140625,0.2232122130073726,0.012195775473248745,0.96875
2839,2,0.203125,0.22120349170663534,0.01217664834046063,0.96875
2840,2,0.171875,0.2162706425359718,0.012129606805737242,0.96875
2841,2,0.28125001192092897,0.22276857947446752,0.012191552621639764,0.96875
2842,2,0.15625,0.21611672152702077,0.012128137354135045,0.96875
2843,2,0.125,0.20700504937431868,0.012040980687758461,0.96875
2844,2,0.171875,0.20349204443688682,0.012007289998936422,0.96875
2845,2,0.1875,0.20189283999319813,0.011991937392853631,0.96875
2846,2,0.09375,0.19107855599387832,0.011887865331683067,0.96875
2847,2,0.125,0.18447070039449048,0.011824063175960894,0.96875
2848,2,0.25,0.19102363035504144,0.011887335645495526,0.96875
2849,2,0.21875,0.1937962673195373,0.011914060338679268,0.96875
2850,2,0.34375001192092897,0.20879164177967646,0.012058096129306414,0.96875
2851,2,0.328125,0.2207249776017088,0.012172089435240226,0.96875
2852,2,0.28125,0.22677747984153793,0.012229682485312428,0.96875
2853,2,0.34375,0.23847473185738413,0.012340545535433076,0.96875
2854,2,0.4375,0.25837725867164574,0.012527771025861457,0.96875
2855,2,0.203125,0.25285203280448115,0.012475977369486682,0.96875
2856,2,0.234375,0.251004329524033,0.012458625145841907,0.96875
2857,2,0.2562499761581421,0.2515288941874439,0.012463553065645805,0.96875
2858,2,0.109375,0.2373135047686995,0.012329566423475762,0.96875
2859,2,0.09375,0.22295715429182955,0.012193347724951984,0.96875
2860,2,0.078125,0.2084739388626466,0.012055053472610915,0.96875
2861,2,0.046875,0.19231404497638194,0.011899777104440873,0.96875
2862,2,0.109375,0.18402014047874374,0.011819707129683315,0.96875
2863,2,0.078125,0.17343062643086937,0.011717124691010099,0.96875
2864,2,0.0625,0.16233756378778244,0.011609263842260527,0.96875
2865,2,0.140625,0.1601663074090042,0.011588106215785996,0.96875
2866,2,0.15625,0.15977467666810377,0.01158428844358424,0.96875
2867,2,0.2562499761581421,0.1694222066171076,0.011678195796256938,0.96875
2868,2,0.140625,0.16654248595539686,0.011650196163131567,0.96875
2869,2,0.2562499761581421,0.1755132349756714,0.011737329461109655,0.96875
2870,2,0.171875,0.17514941147810426,0.01173380081659379,0.96875
2871,2,0.1937499761581421,0.17700946794610806,0.011751836398942209,0.96875
2872,2,0.21875,0.18118352115149727,0.011792266144891768,0.96875
2873,2,0.21875001192092897,0.18494017022844045,0.01182860128304264,0.96875
2874,2,0.359375,0.2023836532055964,0.011996650318249097,0.96875
2875,2,0.49374998807907106,0.23152028669294383,0.012274704726606035,0.96875
2876,2,0.33749998807907106,0.24211825683155655,0.012374955309942995,0.96875
2877,2,0.25,0.24290643114840088,0.012382391096837956,0.96875
2878,2,0.375,0.2561157880335608,0.012506589242306089,0.96875
2879,2,0.3125,0.2617542092302047,0.012559355704974712,0.96875
2880,2,0.15625,0.2512037883071842,0.012460499072156914,0.96875
2881,2,0.15625,0.2417084094764658,0.01237108763096437,0.96875
2882,2,0.203125,0.23785006852881924,0.01233464023968394,0.96875
2883,2,0.3125,0.2453150616759373,0.01240509724127166,0.96875
2884,2,0.3125,0.25203355550834355,0.012468292805494859,0.96875
2885,2,0.203125,0.2471426999575092,0.012422308843272499,0.96875
2886,2,0.171875,0.2396159299617583,0.012351329465551536,0.96875
2887,2,0.140625,0.22971683696558248,0.012257596385171552,0.96875
2888,2,0.328125,0.23955765326902423,0.01235077891080868,0.96875
2889,2,0.3125,0.24685188794212182,0.01241957116662423,0.96875
2890,2,0.328125,0.2549791991479097,0.012495934440143743,0.96875
2891,2,0.3125,0.2607312792331187,0.01254979395503509,0.96875
2892,2,0.4875000238418579,0.2834081536939926,0.012760564612622162,0.96875
2893,2,0.203125,0.27537983832459334,0.01268623647666496,0.96875
2894,2,0.265625,0.274404354492134,0.012677183165001944,0.96875
2895,2,0.1875,0.26571391904292063,0.012596321418356583,0.96875
2896,2,0.171875,0.25633002713862857,0.01250859691930436,0.96875
2897,2,0.25,0.2556970244247657,0.012502664303200262,0.96875
2898,2,0.234375,0.25356482198228913,0.012482667106658909,0.96875
2899,2,0.203125,0.2485208397840602,0.012435277269517096,0.96875
2900,2,0.125,0.23616875580565416,0.012318737292190128,0.96875
2901,2,0.25,0.23755188022508875,0.012331820689321956,0.96875
2902,2,0.25,0.23879669220257987,0.012343588534654695,0.96875
2903,2,0.575,0.2724170229823219,0.012658724435369527,0.96875
2904,2,0.15625,0.2608003206840897,0.012550439471231302,0.96875
2905,2,0.1624999761581421,0.2509702862314949,0.012458305288856957,0.96875
2906,2,0.28125001192092897,0.2539982588004383,0.01248673388229243,0.96875
2907,2,0.31250001192092897,0.25984843411248737,0.01254153762468494,0.96875
2908,2,0.28125,0.26198859070123864,0.012561545861331963,0.96875
2909,2,0.328125,0.26860223163111474,0.012623237306925852,0.96875
2910,2,0.3125,0.27299200846800326,0.012664067026262332,0.96875
2911,2,0.662499976158142,0.3119428052370171,0.013022035067659673,0.96875
2912,2,0.234375,0.3041860247133154,0.012951387103382306,0.96875
2913,2,0.234375,0.29720492224198386,0.012887526557278109,0.96875
2914,2,0.3125,0.2987344300177855,0.012901540160543882,0.96875
2915,2,0.15625,0.28448598701600697,0.012770518593981782,0.96875
2916,2,0.171875,0.2732248883144063,0.012666230409747658,0.96875
2917,2,0.234375,0.26933989948296566,0.012630105038403859,0.96875
2918,2,0.234375,0.26584340953466906,0.012597528994618584,0.96875
2919,2,0.21875,0.26113406858120214,0.012553559590121301,0.96875
2920,2,0.48125,0.2831456617230819,0.012758139554944752,0.96875
2921,2,0.234375,0.2782685955507737,0.012713018703105405,0.96875
2922,2,0.15625,0.26606673599569636,0.0125996114565245,0.96875
2923,2,0.203125,0.2597725623961267,0.01254082790251594,0.96875
2924,2,0.1875,0.25254530615651405,0.01247309792208349,0.96875
2925,2,0.25,0.25229077554086266,0.012470708141901397,0.96875
2926,2,0.375,0.26456169798677637,0.012585572695985377,0.96875
2927,2,0.33749998807907106,0.27185552699600585,0.01265350560811541,0.96875
2928,2,0.1875,0.2634199742964053,0.012574915581263856,0.96875
2929,2,0.234375,0.26051547686676474,0.012547776123183852,0.96875
2930,2,0.25,0.25946392918008826,0.012537940591659033,0.96875
2931,2,0.140625,0.24758003626207944,0.012426425159407043,0.96875
2932,2,0.140625,0.2368845326358715,0.012325509094956642,0.96875
2933,2,0.1875,0.23194607937228434,0.01227874194500729,0.96875
2934,2,0.09375,0.2181264714350559,0.012147316415040948,0.96875
2935,2,0.109375,0.2072513242915503,0.01204334072992444,0.96875
2936,2,0.140625,0.20058869186239528,0.011979410126134056,0.96875
2937,2,0.09375,0.18990482267615574,0.011876543817749137,0.96875
2938,2,0.078125,0.17872684040854017,0.011768478050753168,0.96875
2939,2,0.109375,0.17179165636768615,0.011701213779934803,0.96875
2940,2,0.109375,0.16554999073091753,0.011640539903620514,0.96875
2941,2,0.1312499761581421,0.16211998927364,0.011607144368869537,0.96875
2942,2,0.109375,0.15684549034627598,0.011555718620689484,0.96875
2943,2,0.140625,0.1552234413116484,0.01153988672723474,0.96875
2944,2,0.1875,0.15845109718048356,0.011571382164349903,0.96875
2945,2,0.234375,0.16604348746243522,0.01164534166350705,0.96875
2946,2,0.34375,0.18381413871619168,0.011817715251482671,0.96875
2947,2,0.3125,0.19668272484457253,0.011941851991897498,0.96875
2948,2,0.6125000238418579,0.23826445474430105,0.012338557859533727,0.96875
2949,2,0.296875,0.24412550926987092,0.012393886610875217,0.96875
2950,2,0.359375,0.25565045834288386,0.012502227803162132,0.96875
2951,2,0.21875,0.25196041250859547,0.012467605925246369,0.96875
2952,2,0.1875,0.24551437125773592,0.012406974956571932,0.96875
2953,2,0.1624999761581421,0.23721293174777652,0.012328615250753343,0.96875
2954,2,0.25,0.23849163857299888,0.012340705340198679,0.96875
2955,2,0.49374998807907106,0.2640174735236061,0.012580493561339128,0.96875
2956,2,0.5625,0.29386572617124546,0.012856889328083692,0.96875
2957,2,0.6875000119209289,0.33322915474621384,0.013214193248024477,0.96875
2958,2,0.4875000238418579,0.34865624165577824,0.013351832920529995,0.96875
2959,2,0.28125,0.34191561749020044,0.013291865044612133,0.96875
2960,2,0.21875,0.32959905574118037,0.01318160464642477,0.96875
2961,2,0.25000001192092897,0.3216391513591552,0.013109882979590773,0.96875
2962,2,0.265625,0.3160377362232397,0.013059198404112838,0.96875
2963,2,0.171875,0.3016214626009157,0.012927957709364701,0.96875
2964,2,0.1875,0.29020931634082414,0.012823274560392854,0.96875
2965,2,0.171875,0.2783758847067417,0.01271401259586472,0.96875
2966,2,0.09375,0.25991329623606757,0.012542144338790584,0.96875
2967,2,0.140625,0.24798446661246082,0.012430230979282393,0.96875
2968,2,0.1312499761581421,0.23631101756702894,0.012320083377749319,0.96875
2969,2,0.109375,0.22361741581032604,0.01219963179226512,0.96875
2970,2,0.1624999761581421,0.21750567184510766,0.01214139387908788,0.96875
2971,2,0.1312499761581421,0.2088801022764111,0.012058943249108356,0.96875
2972,2,0.0625,0.19424209204877,0.011918354885667516,0.96875
2973,2,0.1312499761581421,0.1879428804597072,0.011857608330066067,0.96875
2974,2,0.109375,0.18008609241373646,0.011781642290217019,0.96875
2975,2,0.203125,0.18238998317236282,0.011803940693153318,0.96875
2976,2,0.3812499761581421,0.20227598247094075,0.011995616512831297,0.96875
2977,2,0.171875,0.19923588422384667,0.011966408614937016,0.96875
2978,2,0.21875,0.201187295801462,0.011985160946551896,0.96875
2979,2,0.15625,0.1966935662213158,0.01194195631739071,0.96875
2980,2,0.09375,0.18639920959918424,0.01184270003414335,0.96875
2981,2,0.109375,0.1786967886392658,0.01176818693024809,0.96875
2982,2,0.1312499761581421,0.17395210739115344,0.01172218528744588,0.96875
2983,2,0.125,0.1690568966520381,0.011674645362848726,0.96875
2984,2,0.234375,0.1755887069868343,0.011738061391802643,0.96875
2985,2,0.39999998807907106,0.19802983509605798,0.011954811729576664,0.96875
2986,2,0.3125,0.20947685158645218,0.012064657062699373,0.96875
2987,2,0.28125,0.21665416642780697,0.012133267808741932,0.96875
2988,2,0.37500001192092897,0.23248875097711919,0.012283886233226715,0.96875
2989,2,0.234375,0.23267737587940726,0.012285674015890622,0.96875
2990,2,0.28125001192092897,0.2375346394835594,0.012331657655710886,0.96875
2991,2,0.21875,0.2356561755352035,0.01231388650434295,0.96875
2992,2,0.28125,0.24021555798168312,0.012356993427140122,0.96875
2993,2,0.109375,0.2271315021835148,0.012233046441414932,0.96875
2994,2,0.078125,0.21223085196516334,0.012091008038825629,0.96875
2995,2,0.125,0.203507766768647,0.012007440886915249,0.96875
2996,2,0.109375,0.1940944900917823,0.011916933144632635,0.96875
2997,2,0.203125,0.1949975410826041,0.011925630308552386,0.96875
2998,2,0.171875,0.19268528697434367,0.011903355284976453,0.96875
2999,3,0.0,0.1734167582769093,0.011716990098199051,0.84375
3000,3,0.09375,0.16545008244921838,0.01163956769389885,0.84375
3001,3,0.0625,0.15515507420429656,0.01153921926069341,0.84375
3002,3,0.0625,0.14588956678386691,0.011448632767732884,0.84375
3003,3,0.0,0.13130061010548022,0.011305512429885697,0.859375
3004,3,0.03125,0.1212955490949322,0.011207041710913896,0.859375
3005,3,0.0,0.10916599418543899,0.01108734399914146,0.90625
3006,3,0.21875,0.12012439476689508,0.011195499172514212,0.90625
3007,3,0.34375,0.14248695529020555,0.01141530440399619,0.90625
3008,3,0.453125,0.173550759761185,0.011718290578738133,0.90625
3009,3,0.328125,0.1890081837850665,0.011867891719286726,0.90625
3010,3,0.515625,0.22166986540655984,0.012181090667744962,0.90625
3011,3,0.546875,0.25419037886590384,0.012488536192740929,0.90625
3012,3,0.515625,0.28033384097931346,0.01273214029847849,0.90625
3013,3,0.46875,0.29917545688138214,0.012905578614471206,0.90625
3014,3,0.390625,0.30832041119324394,0.01298908342151773,0.90625
3015,3,0.140625,0.29155087007391955,0.012835616079596986,0.90625
3016,3,0.046875,0.2670832830665276,0.012609087439370146,0.90625
3017,3,0.0625,0.24662495475987486,0.012417434571573896,0.90625
3018,3,0.09375,0.23133745928388738,0.012272970980481778,0.90625
3019,3,0.1875,0.22695371335549863,0.012231357140420767,0.90625
3020,3,0.015625,0.20582084201994877,0.012029629169594509,0.90625
3021,3,0.21875,0.2071137578179539,0.01204202246546375,0.90625
3022,3,0.078125,0.19421488203615853,0.011918092797690604,0.90625
3023,3,0.078125,0.18260589383254267,0.01180602945667666,0.90625
3024,3,0.140625,0.17840780444928842,0.01176538729584518,0.90625
3025,3,0.109375,0.17150452400435956,0.011698425419964735,0.90625
3026,3,0.109375,0.1652915716039236,0.011638025155973564,0.90625
3027,3,0.109375,0.15969991444353124,0.011583559577799956,0.90625
3028,3,0.09375,0.1531049229991781,0.011519197179451098,0.90625
3029,3,0.125,0.1502944306992603,0.011491729251214982,0.90625
3030,3,0.125,0.14776498762933427,0.01146698840383143,0.90625
3031,3,0.0,0.13298848886640086,0.011322099870861642,0.90625
3032,3,0.046875,0.12437713997976077,0.01123739726030908,0.90625
3033,3,0.046875,0.11662692598178469,0.011161010069262624,0.90625
3034,3,0.21875,0.12683923338360623,0.011261633777588048,0.90625
3035,3,0.03125,0.11728031004524561,0.011167455347512909,0.90625
3036,3,0.203125,0.12586477904072105,0.01125204316394653,0.90625
3037,3,0.09375,0.12265330113664893,0.01122041921307895,0.90625
3038,3,0.125,0.12288797102298404,0.011222730893420432,0.90625
3039,3,0.125,0.12309917392068565,0.011224811292312079,0.90625
3040,3,0.09375,0.12016425652861708,0.011195892091142965,0.90625
3041,3,0.15625,0.12377283087575537,0.011231446253902882,0.90625
3042,3,0.140625,0.12545804778817984,0.011248039407435226,0.90625
3043,3,0.265625,0.13947474300936186,0.01138577315294156,0.90625
3044,3,0.21875,0.14740226870842568,0.011463439085023064,0.90625
3045,3,0.296875,0.1623495418375831,0.011609380520541992,0.90625
3046,3,0.28125,0.17423958765382477,0.01172497468748586,0.90625
3047,3,0.140625,0.1708781288884423,0.011692341515342215,0.90625
3048,3,0.234375,0.17722781599959808,0.011753952788983463,0.90625
3049,3,0.15625,0.17513003439963828,0.011733612870053992,0.90625
3050,3,0.09375,0.16699203095967446,0.011654568870766043,0.90625
3051,3,0.109375,0.161230327863707,0.011598476309489698,0.90625
3052,3,0.03125,0.1482322950773363,0.011471560597407011,0.90625
3053,3,0.203125,0.15372156556960265,0.011525220721462446,0.90625
3054,3,0.109375,0.14928690901264238,0.011481876756286096,0.90625
3055,3,0.140625,0.14842071811137816,0.011473403973782478,0.90625
3056,3,0.109375,0.14451614630024034,0.01143518411298841,0.90625
3057,3,0.171875,0.1472520316702163,0.011461968857901928,0.90625
3058,3,0.25,0.15752682850319466,0.01156236639500771,0.90625
3059,3,0.09375,0.15114914565287518,0.01150008513736666,0.90625
3060,3,0.09375,0.14540923108758766,0.011443929884109113,0.90625
3061,3,0.171875,0.1480558079788289,0.011469833899710687,0.90625
3062,3,0.15625,0.148875227180946,0.011477850096176339,0.90625
3063,3,0.109375,0.1449252044628514,0.011439190203308332,0.90625
3064,3,0.078125,0.13824518401656627,0.011373711634421862,0.90625
3065,3,0.046875,0.12910816561490965,0.01128395552142685,0.90625
3066,3,0.046875,0.12088484905341869,0.011202994347015405,0.90625
3067,3,0.109375,0.11973386414807682,0.011191649502138301,0.90625
3068,3,0.15625,0.12338547773326915,0.011227631281242732,0.90625
3069,3,0.15625,0.12667192995994223,0.01125998733863147,0.90625
3070,3,0.125,0.12650473696394798,0.011258341917050822,0.90625
3071,3,0.046875,0.11854176326755318,0.01117989611098019,0.90625
3072,3,0.15625,0.12231258694079787,0.01121706267843873,0.90625
3073,3,0.0625,0.11633132824671807,0.011158093836844749,0.90625
3074,3,0.078125,0.11251069542204627,0.01112038342268692,0.90625
3075,3,0.09375,0.11063462587984163,0.01110185434966599,0.90625
3076,3,0.046875,0.10425866329185747,0.011038825392419934,0.90625
3077,3,0.15625,0.10945779696267173,0.011090227435005798,0.90625
3078,3,0.171875,0.11569951726640455,0.011151860009053563,0.90625
3079,3,0.3125,0.1353795655397641,0.011345585220764984,0.90625
3080,3,0.328125,0.15465410898578769,0.011534327920224336,0.90625
3081,3,0.34375,0.17356369808720892,0.01171841614164933,0.90625
3082,3,0.359375,0.19214482827848803,0.011898145957936455,0.90625
3083,3,0.40625,0.21355534545063923,0.012103670349192661,0.90625
3084,3,0.296875,0.22188731090557529,0.012183161582258635,0.90625
3085,3,0.203125,0.22001107981501777,0.01216528621860198,0.90625
3086,3,0.140625,0.21207247183351602,0.012089493436138583,0.90625
3087,3,0.171875,0.20805272465016442,0.012051018870554606,0.90625
3088,3,0.046875,0.191934952185148,0.01189612273390906,0.90625
3089,3,0.125,0.1852414569666332,0.011831513246169854,0.90625
3090,3,0.109375,0.17765481126996988,0.011758091072800894,0.90625
3091,3,0.125,0.17238933014297286,0.011707016952486785,0.90625
3092,3,0.125,0.16765039712867558,0.011660971599873398,0.90625
3093,3,0.1875,0.169635357415808,0.011680267199580518,0.90625
3094,3,0.234375,0.17610932167422721,0.011743109811135867,0.90625
3095,3,0.234375,0.1819358895068045,0.01179954716815316,0.90625
3096,3,0.171875,0.18092980055612407,0.011789810327900852,0.90625
3097,3,0.140625,0.17689932050051166,0.011750768707376843,0.90625
3098,3,0.109375,0.1701468884504605,0.011685237661830253,0.90625
3099,3,0.125,0.16563219960541448,0.011641339856115446,0.90625
3100,3,0.125,0.16156897964487305,0.01160177611873324,0.90625
3101,3,0.09375,0.15478708168038574,0.011535626316743614,0.90625
3102,3,0.0625,0.14555837351234718,0.011445390181694277,0.90625
3103,3,0.140625,0.14506503616111247,0.011440559529826717,0.90625
3104,3,0.171875,0.1477460325450012,0.011466802931710738,0.90625
3105,3,0.1875,0.1517214292905011,0.01150567871450242,0.90625
3106,3,0.171875,0.15373678636145097,0.011525369388225647,0.90625
3107,3,0.140625,0.1524256077253059,0.01151256012603291,0.90625
3108,3,0.140625,0.1512455469527753,0.01150102744398128,0.90625
3109,3,0.15625,0.1517459922574978,0.011505918774691894,0.90625
3110,3,0.125,0.14907139303174805,0.011479768855609931,0.90625
3111,3,0.140625,0.14822675372857325,0.011471506383849035,0.90625
3112,3,0.140625,0.14746657835571594,0.011464068402671335,0.90625
3113,3,0.03125,0.13584492052014435,0.011350154226985827,0.90625
3114,3,0.109375,0.13319792846812992,0.011324157600915555,0.90625
3115,3,0.078125,0.1276906356213169,0.011270011378675318,0.90625
3116,3,0.15625,0.1305465720591852,0.011298099836559843,0.90625
3117,3,0.25,0.14249191485326668,0.011415353006149277,0.90625
3118,3,0.296875,0.15793022336794,0.011566301627190714,0.90625
3119,3,0.28125,0.17026220103114598,0.011686358016787921,0.90625
3120,3,0.28125,0.18136098092803138,0.011793983684064185,0.90625
3121,3,0.140625,0.17728738283522824,0.011754530126461429,0.90625
3122,3,0.109375,0.17049614455170542,0.011688630833349594,0.90625
3123,3,0.21875,0.1753215300965349,0.011735470212963436,0.90625
3124,3,0.0625,0.1640393770868814,0.011625836696785019,0.90625
3125,3,0.125,0.16013543937819325,0.011587805319171425,0.90625
3126,3,0.125,0.15662189544037391,0.01155353671155919,0.90625
3127,3,0.15625,0.15658470589633652,0.011553173789630555,0.90625
3128,3,0.125,0.15342623530670285,0.011522335991603792,0.90625
3129,3,0.046875,0.14277111177603258,0.01141808893779084,0.90625
3130,3,0.078125,0.13630650059842933,0.01135468560285842,0.90625
3131,3,0.046875,0.1273633505385864,0.011266791182870604,0.90625
3132,3,0.015625,0.11618951548472777,0.011156694705918895,0.90625
3133,3,0.109375,0.115508063936255,0.011149970835786975,0.90625
3134,3,0.109375,0.1148947575426295,0.011143918451401,0.90625
3135,3,0.140625,0.11746778178836655,0.011169304472953086,0.90625
3136,3,0.25,0.13072100360952987,0.011299814720397466,0.90625
3137,3,0.265625,0.1442114032485769,0.011432199321575465,0.90625
3138,3,0.09375,0.1391652629237192,0.011382737653540349,0.90625
3139,3,0.140625,0.13931123663134728,0.011384169452067657,0.90625
3140,3,0.0625,0.13163011296821256,0.011308751159836306,0.90625
3141,3,0.046875,0.1231546016713913,0.011225357251047716,0.90625
3142,3,0.140625,0.12490164150425218,0.011242561630749364,0.90625
3143,3,0.21875,0.13428647735382696,0.011334850678799779,0.90625
3144,3,0.25,0.14585782961844426,0.011448322054811505,0.90625
3145,3,0.15625,0.14689704665659983,0.011458494700437206,0.90625
3146,3,0.171875,0.14939484199093986,0.011482932367544675,0.90625
3147,3,0.203125,0.15476785779184588,0.011535438610581901,0.90625
3148,3,0.203125,0.1596035720126613,0.01158262029857919,0.90625
3149,3,0.140625,0.15770571481139517,0.011564111543350028,0.90625
3150,3,0.1875,0.16068514333025566,0.011593163303217443,0.90625
3151,3,0.1875,0.1633666289972301,0.011619286330939288,0.90625
3152,3,0.21875,0.1689049660975071,0.011673168627710482,0.90625
3153,3,0.125,0.1645144694877564,0.011630461679891065,0.90625
3154,3,0.078125,0.15587552253898077,0.01154625227458645,0.90625
3155,3,0.140625,0.1543504702850827,0.011531362876646722,0.90625
3156,3,0.1875,0.15766542325657443,0.01156371848243191,0.90625
3157,3,0.1875,0.16064888093091698,0.011592809881193338,0.90625
3158,3,0.109375,0.15552149283782526,0.011542796433362945,0.90625
3159,3,0.171875,0.15715684355404275,0.011558756649928786,0.90625
3160,3,0.21875,0.16331615919863848,0.011618794862563704,0.90625
3161,3,0.21875,0.16885954327877464,0.011672727112255414,0.90625
3162,3,0.0625,0.1582235889508972,0.011569163180048565,0.90625
3163,3,0.25,0.16740123005580748,0.011658548569791706,0.90625
3164,3,0.359375,0.1865986070502267,0.011844626231583832,0.90625
3165,3,0.296875,0.19762624634520404,0.011950929758935996,0.90625
3166,3,0.234375,0.20130112171068365,0.011986254323690533,0.90625
3167,3,0.171875,0.19835850953961529,0.011957972674808515,0.90625
3168,3,0.140625,0.19258515858565375,0.011902390256826847,0.90625
3169,3,0.15625,0.1889516427270884,0.011867346030229606,0.90625
3170,3,0.109375,0.18099397845437953,0.011790431540864149,0.90625
3171,3,0.09375,0.17226958060894157,0.011705854327285348,0.90625
3172,3,0.109375,0.1659801225480474,0.011644725161764203,0.90625
3173,3,0.15625,0.16500711029324266,0.011635256738511266,0.90625
3174,3,0.0,0.1485063992639184,0.01147424217403763,0.9375
3175,3,0.109375,0.14459325933752656,0.011435939351617075,0.9375
3176,3,0.15625,0.1457589334037739,0.011447353823633311,0.9375
3177,3,0.078125,0.1389955400633965,0.011381072836272836,0.9375
3178,3,0.0625,0.13134598605705686,0.011305958453051008,0.9375
3179,3,0.15625,0.13383638745135118,0.01133042971266479,0.9375
3180,3,0.25,0.14545274870621605,0.01144435598448353,0.9375
3181,3,0.203125,0.15121997383559443,0.011500777473686542,0.9375
3182,3,0.140625,0.150160476452035,0.011490419490829842,0.9375
3183,3,0.140625,0.1492069288068315,0.011481094508281432,0.9375
3184,3,0.171875,0.15147373592614835,0.011503257844402575,0.9375
3185,3,0.09375,0.1457013623335335,0.011446790168413134,0.9375
3186,3,0.1875,0.14988122610018015,0.011487688905019378,0.9375
3187,3,0.140625,0.14895560349016215,0.011478636295413281,0.9375
3188,3,0.046875,0.13874754314114596,0.011378640085773063,0.9375
3189,3,0.1875,0.14362278882703136,0.011426433428243263,0.9375
3190,3,0.109375,0.1401980099443282,0.011392866216315923,0.9375
3191,3,0.171875,0.1433657089498954,0.011423914845528571,0.9375
3192,3,0.140625,0.14309163805490585,0.011421229600645004,0.9375
3193,3,0.1875,0.14753247424941526,0.011464713230625994,0.9375
3194,3,0.0625,0.13902922682447375,0.011381403277060742,0.9375
3195,3,0.140625,0.1391888041420264,0.011382968563976912,0.9375
3196,3,0.09375,0.13464492372782375,0.011338371105027426,0.9375
3197,3,0.078125,0.12899293135504136,0.011282822158913642,0.9375
3198,3,0.234375,0.13953113821953722,0.011386326270768694,0.9375
3199,3,0.21875,0.1474530243975835,0.011463935768112712,0.9375
3200,3,0.109375,0.14364522195782514,0.011426653194351155,0.9375
3201,3,0.25,0.15428069976204262,0.011530681525829416,0.9375
3202,3,0.15625,0.15447762978583837,0.011532604627645517,0.9375
3203,3,0.09375,0.14840486680725454,0.011473248901569236,0.9375
3204,3,0.15625,0.14918938012652908,0.011480922870582678,0.9375
3205,3,0.109375,0.14520794211387617,0.011441958904525307,0.9375
3206,3,0.265625,0.15724964790248855,0.011559662131432566,0.9375
3207,3,0.265625,0.1680871831122397,0.011665218649638692,0.9375
3208,3,0.21875,0.17315346480101573,0.011714434668339999,0.9375
3209,3,0.203125,0.17615061832091417,0.011743510227015622,0.9375
3210,3,0.328125,0.19134805648882275,0.011890464153413166,0.9375
3211,3,0.171875,0.18940075083994048,0.011871680144435992,0.9375
3212,3,0.21875,0.19233567575594646,0.011899985604500285,0.9375
3213,3,0.15625,0.18872710818035182,0.011865178888708194,0.9375
3214,3,0.15625,0.18547939736231664,0.011833812734177248,0.9375
3215,3,0.1875,0.18568145762608496,0.011835765314214694,0.9375
3216,3,0.0625,0.17336331186347648,0.01171647138560177,0.9375
3217,3,0.203125,0.17633948067712885,0.01174534137935299,0.9375
3218,3,0.109375,0.16964303260941596,0.011680341784484639,0.9375
3219,3,0.09375,0.16205372934847437,0.01160649887710739,0.9375
3220,3,0.1875,0.1645983564136269,0.01163127823743469,0.9375
3221,3,0.09375,0.15751352077226421,0.01156223656583063,0.9375
3222,3,0.15625,0.1573871686950378,0.011561003858006555,0.9375
3223,3,0.125,0.154148451825534,0.011529390005833187,0.9375
3224,3,0.265625,0.16529610664298058,0.011638069289523038,0.9375
3225,3,0.203125,0.16907899597868253,0.01167486015770308,0.9375
3226,3,0.15625,0.16779609638081427,0.01166238836220073,0.9375
3227,3,0.234375,0.17445398674273285,0.011727054806156819,0.9375
3228,3,0.25,0.18200858806845957,0.011800250602081647,0.9375
3229,3,0.265625,0.1903702292616136,0.011881033602109375,0.9375
3230,3,0.28125,0.19945820633545222,0.011968545775898301,0.9375
3231,3,0.140625,0.193574885701907,0.011911927538129717,0.9375
3232,3,0.1875,0.1929673971317163,0.01190607403871578,0.9375
3233,3,0.140625,0.18773315741854468,0.011855583390108296,0.9375
3234,3,0.125,0.18145984167669021,0.01179494045745834,0.9375
3235,3,0.15625,0.1789388575090212,0.011770531836062961,0.9375
3236,3,0.109375,0.17198247175811907,0.011703066649246583,0.9375
3237,3,0.171875,0.17197172458230717,0.011702962294447042,0.9375
3238,3,0.09375,0.16414955212407645,0.011626909304876386,0.9375
3239,3,0.109375,0.1586720969116688,0.011573537516596908,0.9375
3240,3,0.109375,0.15374238722050193,0.011525424093588546,0.9375
3241,3,0.25,0.16336814849845174,0.011619301127521235,0.9375
3242,3,0.171875,0.16421883364860657,0.011627583774849652,0.9375
3243,3,0.09375,0.15717195028374592,0.011558904046362926,0.9375
3244,3,0.125,0.15395475525537133,0.011527498290397753,0.9375
3245,3,0.171875,0.1557467797298342,0.01154499560255349,0.9375
3246,3,0.15625,0.15579710175685077,0.011545486807078982,0.9375
3247,3,0.21875,0.1620923915811657,0.011606875518996349,0.9375
3248,3,0.234375,0.16932065242304914,0.011677208838624614,0.9375
3249,3,0.203125,0.17270108718074423,0.011710043518602697,0.9375
3250,3,0.25,0.1804309784626698,0.0117849814699653,0.9375
3251,3,0.25,0.18738788061640282,0.011852249293960686,0.9375
3252,3,0.09375,0.17802409255476254,0.011761669512593463,0.9375
3253,3,0.140625,0.1742841832992863,0.011725407371009404,0.9375
3254,3,0.09375,0.16623076496935768,0.011647163683596957,0.9375
3255,3,0.1875,0.1683576884724219,0.011667848574842144,0.9375
3256,3,0.125,0.1640219196251797,0.011625666736294971,0.9375
3257,3,0.125,0.16011972766266175,0.011587652162755074,0.9375
3258,3,0.125,0.15660775489639556,0.01155339871860307,0.9375
3259,3,0.296875,0.17063447940675602,0.011689974704673652,0.9375
3260,3,0.171875,0.17075853146608042,0.011691179770549079,0.9375
3261,3,0.3125,0.18493267831947238,0.011828528868985283,0.9375
3262,3,0.171875,0.18362691048752514,0.011815904769469589,0.9375
3263,3,0.265625,0.1918267194387726,0.011895079297753946,0.9375
3264,3,0.234375,0.19608154749489534,0.011936066234973211,0.9375
3265,3,0.25,0.2014733927454058,0.011987909012926122,0.9375
3266,3,0.28125,0.2094510534708652,0.01206441007747139,0.9375
3267,3,0.296875,0.21819344812377867,0.012147955290003499,0.9375
3268,3,0.25,0.2213741033114008,0.012178273563806033,0.9375
3269,3,0.265625,0.22579919298026072,0.012220383945150601,0.9375
3270,3,0.265625,0.22978177368223462,0.012258212646737295,0.9375
3271,3,0.296875,0.23649109631401116,0.012321787161465371,0.9375
3272,3,0.203125,0.23315448668261007,0.01229019537324742,0.9375
3273,3,0.171875,0.22702653801434908,0.012232049116695926,0.9375
3274,3,0.140625,0.21838638421291418,0.012149795559454349,0.9375
3275,3,0.1875,0.21529774579162275,0.01212031714708998,0.9375
3276,3,0.1875,0.21251797121246047,0.012093753528824323,0.9375
3277,3,0.25,0.21626617409121443,0.012129564147789375,0.9375
3278,3,0.203125,0.214952056682093,0.012117015427121658,0.9375
3279,3,0.21875,0.21533185101388372,0.012120642864119499,0.9375
3280,3,0.1875,0.21254866591249533,0.012094047017984022,0.9375
3281,3,0.203125,0.2116062993212458,0.012085034807157637,0.9375
3282,3,0.21875,0.21232066938912122,0.01209186692592865,0.9375
3283,3,0.1875,0.2098386024502091,0.012068120105058143,0.9375
3284,3,0.15625,0.2044797422051882,0.01201676713012292,0.9375
3285,3,0.28125,0.21215676798466937,0.012090299579894324,0.9375
3286,3,0.203125,0.21125359118620246,0.012081660813102338,0.9375
3287,3,0.21875,0.21200323206758223,0.012088831258863036,0.9375
3288,3,0.1875,0.209552908860824,0.012065385202245807,0.9375
3289,3,0.296875,0.2182851179747416,0.01214882967746527,0.9375
3290,3,0.1875,0.21520660617726742,0.012119446708172821,0.9375
3291,3,0.15625,0.2093109455595407,0.012063068670603125,0.9375
3292,3,0.09375,0.1977548510035866,0.011952166825909872,0.9375
3293,3,0.1875,0.19672936590322795,0.01194230081105894,0.9375
3294,3,0.203125,0.19736892931290517,0.011948454402531372,0.9375
3295,3,0.21875,0.19950703638161466,0.01196901514936267,0.9375
3296,3,0.265625,0.2061188327434532,0.012032486149815063,0.9375
3297,3,0.34375,0.21988194946910786,0.012164055423039251,0.9375
3298,3,0.8125000119209289,0.27914375571428995,0.012721124219102384,0.9375
3299,3,0.453125,0.2965418801428609,0.012881447805248367,0.9375
3300,3,0.515625,0.31845019212857484,0.013081049050731182,0.9375
3301,3,0.3125,0.31785517291571735,0.01307566271537243,0.9375
3302,3,0.265625,0.3126321556241456,0.013028297703132146,0.9375
3303,3,0.25,0.306368940061731,0.012971301925874361,0.9375
3304,3,0.265625,0.3022945460555579,0.012934110300292715,0.9375
3305,3,0.2874999761581421,0.30081508906581633,0.012920583533447636,0.9375
3306,3,0.21875,0.2926085801592347,0.012845339785521605,0.9375
3307,3,0.203125,0.2836602221433112,0.012762893040810873,0.9375
3308,3,0.265625,0.2818566999289801,0.012746226264526934,0.9375
3309,3,0.140625,0.26773352993608207,0.012615146234331593,0.9375
3310,3,0.171875,0.25814767694247387,0.01252562177802702,0.9375
3311,3,0.1875,0.2510829092482265,0.012459363428651638,0.9375
3312,3,0.046875,0.2306621183234039,0.012266565496545999,0.9375
3313,3,0.078125,0.2154084064910635,0.012121373979056561,0.9375
3314,3,0.078125,0.20168006584195713,0.011989893989603817,0.9375
3315,3,0.078125,0.18932455925776143,0.011870944909463403,0.9375
3316,3,0.15625,0.1860171033319853,0.01183900845756642,0.9375
3317,3,0.0625,0.17366539299878678,0.011719403043475227,0.9375
3318,3,0.125,0.16879885369890812,0.011672137191510272,0.9375
3319,3,0.09375,0.16129396832901732,0.01159909644688943,0.9375
3320,3,0.140625,0.1592270714961156,0.011578949376447874,0.9375
3321,3,0.03125,0.14642936434650403,0.011453917051121584,0.9375
3322,3,0.140625,0.14584892791185364,0.011448234904887951,0.9375
3323,3,0.078125,0.13907653512066828,0.011381867329265717,0.9375
3324,3,0.125,0.13766888160860147,0.011368056916384713,0.9375
3325,3,0.140625,0.1379644934477413,0.01137095759127181,0.9375
3326,3,0.25,0.1491680441029672,0.011480714188960493,0.9375
3327,3,0.25,0.15925123969267047,0.01157918503218662,0.9375
3328,3,0.234375,0.16676361572340342,0.011652347165390119,0.9375
3329,3,0.15625,0.16571225415106308,0.011642118824668113,0.9375
3330,3,0.171875,0.16632852873595677,0.011648114781185373,0.9375
3331,3,0.3125,0.1809456758623611,0.011789963994997628,0.9375
3332,3,0.265625,0.189413608276125,0.01187180421429949,0.9375
3333,3,0.21875,0.1923472474485125,0.011900097143862996,0.9375
3334,3,0.15625,0.18873752270366126,0.01186527941064554,0.9375
3335,3,0.234375,0.19330127043329515,0.011909291266753521,0.9375
3336,3,0.1875,0.19272114338996563,0.011903700856850448,0.9375
3337,3,0.15625,0.18907402905096907,0.011868527190587548,0.9375
3338,3,0.203125,0.19047912614587215,0.011882084018583735,0.9375
3339,3,0.140625,0.18549371353128494,0.011833951081163425,0.9375
3340,3,0.0625,0.17319434217815646,0.011714831424299472,0.9375
3341,3,0.15625,0.1714999079603408,0.011698380591056035,0.9375
3342,3,0.0625,0.16059991716430674,0.011592332662125473,0.9375
3343,3,0.203125,0.1648524254478761,0.011633751215714423,0.9375
3344,3,0.125,0.1608671829030885,0.011594937442747087,0.9375
3345,3,0.140625,0.15884296461277966,0.011575203841599931,0.9375
3346,3,0.1875,0.1617086681515017,0.011603137133643162,0.9375
3347,3,0.03125,0.1486628013363515,0.011475772167201912,0.9375
3348,3,0.09375,0.14317152120271637,0.011422012287689699,0.9375
3349,3,0.140625,0.14291686908244475,0.01141951716987581,0.9375
3350,3,0.03125,0.13175018217420026,0.011309931267537226,0.9375
3351,3,0.078125,0.12638766395678022,0.011257189707635687,0.9375
3352,3,0.125,0.1262488975611022,0.011255823952250384,0.9375
3353,3,0.109375,0.12456150780499198,0.011239212667608741,0.9375
3354,3,0.234375,0.13554285702449279,0.011347188534820116,0.9375
3355,3,0.265625,0.1485510713220435,0.011474679182760177,0.9375
3356,3,0.25,0.15869596418983917,0.01157377027891784,0.9375
3357,3,0.203125,0.16313886777085523,0.011617068357915586,0.9375
3358,3,0.328125,0.17963748099376972,0.011777298229549519,0.9375
3359,3,0.25,0.18667373289439274,0.011845351917302821,0.9375
3360,3,0.296875,0.19769385960495345,0.011951580148488457,0.9375
3361,3,0.171875,0.1951119736444581,0.01192673217769594,0.9375
3362,3,0.171875,0.19278827628001227,0.011904347848005379,0.9375
3363,3,0.21875,0.19538444865201104,0.011929355639166228,0.9375
3364,3,0.37500001192092897,0.21334600497890283,0.012101669498528549,0.9375
3365,3,0.203125,0.21232390448101257,0.01209189786118043,0.9375
3366,3,0.265625,0.21765401403291132,0.01214280923268038,0.9375
3367,3,0.234375,0.21932611262962018,0.012158756723774113,0.9375
3368,3,0.296875,0.22708100136665815,0.012232566610049875,0.9375
3369,3,0.15625,0.21999790122999235,0.012165160611125991,0.9375
3370,3,0.109375,0.2089356111069931,0.01205947479977253,0.9375
3371,3,0.09375,0.19741704999629378,0.01194891733612937,0.9375
3372,3,0.203125,0.19798784499666439,0.011954407870898045,0.9375
3373,3,0.125,0.19068906049699796,0.0118841089182677,0.9375
3374,3,0.171875,0.18880765444729816,0.01186595631851772,0.9375
3375,3,0.125,0.18242688900256837,0.011804297739175408,0.9375
3376,3,0.0625,0.17043420010231156,0.011688029045860901,0.9375
3377,3,0.09375,0.1627657800920804,0.011613434821155122,0.9375
3378,3,0.140625,0.16055170208287237,0.011591862732749909,0.9375
3379,3,0.0625,0.15074653187458514,0.011496149360476882,0.9375
3380,3,0.140625,0.14973437868712663,0.011486252900065597,0.9375
3381,3,0.171875,0.15194844081841397,0.011507897288845204,0.9375
3382,3,0.171875,0.15394109673657258,0.011527364891806762,0.9375
3383,3,0.171875,0.15573448706291532,0.011544875609930037,0.9375
3384,3,0.203125,0.1604735383566238,0.011591100892908672,0.9375
3385,3,0.09375,0.15380118452096142,0.011525998379788068,0.9375
3386,3,0.109375,0.14935856606886527,0.0114825775838115,0.9375
3387,3,0.078125,0.14223520946197876,0.01141283728473173,0.9375
3388,3,0.1875,0.1467616885157809,0.01145716988635838,0.9375
3389,3,0.203125,0.1523980196642028,0.011512290555998894,0.9375
3390,3,0.15625,0.15278321769778253,0.011516054221237575,0.9375
3391,3,0.171875,0.15469239592800427,0.011534701774083042,0.9375
3392,3,0.21875,0.16109815633520386,0.011597188338498472,0.9375
3393,3,0.15625,0.16061334070168348,0.011592463493650396,0.9375
3394,3,0.171875,0.16173950663151512,0.011603437591318337,0.9375
3395,3,0.078125,0.15337805596836362,0.011521865360363677,0.9375
3396,3,0.09375,0.14741525037152725,0.011463566121189718,0.9375
3397,3,0.140625,0.14673622533437453,0.011456920660329183,0.9375
3398,3,0.15625,0.14768760280093707,0.011466231200593506,0.9375
3399,3,0.125,0.14541884252084336,0.011444023994391131,0.9375
3400,3,0.15625,0.14650195826875903,0.011454627637396735,0.9375
3401,3,0.25,0.15685176244188312,0.01155577982357536,0.9375
3402,3,0.140625,0.15522908619769482,0.011539941837503056,0.9375
3403,3,0.171875,0.15689367757792533,0.011556188826915694,0.9375
3404,3,0.125,0.15370430982013278,0.011525052177726156,0.9375
3405,3,0.171875,0.1555213788381195,0.011542795320500314,0.9375
3406,3,0.109375,0.15090674095430756,0.011497715551511358,0.9375
3407,3,0.09375,0.1451910668588768,0.011441793660353005,0.9375
3408,3,0.15625,0.14629696017298913,0.011452620973028365,0.9375
3409,3,0.140625,0.14572976415569022,0.011447068240417484,0.9375
3410,3,0.09375,0.1405317877401212,0.011396139086555025,0.9375
3411,3,0.03125,0.1296036089661091,0.011288827968684079,0.9375
3412,3,0.09375,0.12601824806949818,0.011253553767205816,0.9375
3413,3,0.03125,0.11654142326254838,0.011160166558989826,0.9375
3414,3,0.078125,0.11269978093629354,0.011122250503123748,0.9375
3415,3,0.078125,0.10924230284266419,0.011088098057353486,0.9375
3416,3,0.0,0.09831807255839776,0.010980024973373406,0.9375
3417,3,0.078125,0.09629876530255799,0.010960021913607617,0.9375
3418,3,0.046875,0.09135638877230219,0.01091103081217586,0.9375
3419,3,0.046875,0.08690824989507197,0.010866901016690547,0.9375
3420,3,0.03125,0.08134242490556477,0.01081163495291384,0.9375
3421,3,0.125,0.0857081824150083,0.010854989295540489,0.9375
3422,3,0.15625,0.09276236417350747,0.0109249720785388,0.9375
3423,3,0.078125,0.09129862775615673,0.010910457993033052,0.9375
3424,3,0.171875,0.09935626498054105,0.010990306134757606,0.9375
3425,3,0.265625,0.11598313848248695,0.01115465849937723,0.9375
3426,3,0.234375,0.12782232463423826,0.011271307006626612,0.9375
3427,3,0.3125,0.14629009217081443,0.011452553742161968,0.9375
3428,3,0.140625,0.145723582953733,0.011447007722691487,0.9375
3429,3,0.203125,0.15146372465835972,0.011503159993907854,0.9375
3430,3,0.203125,0.15662985219252373,0.01155361435864142,0.9375
3431,3,0.15625,0.15659186697327138,0.011553243672820625,0.9375
3432,3,0.171875,0.15812018027594424,0.011568154538975622,0.9375
3433,3,0.1875,0.16105816224834982,0.011596798597674455,0.9375
3434,3,0.296875,0.17463984602351484,0.01172885790447851,0.9375
3435,3,0.203125,0.17748836142116337,0.011756477974844111,0.9375
3436,3,0.171875,0.17692702527904702,0.011751037261815547,0.9375
3437,3,0.265625,0.18579682275114232,0.01183688006340908,0.9375
3438,3,0.328125,0.2000296404760281,0.01197403805829745,0.9375
3439,3,0.28125,0.20815167642842528,0.01205196674326596,0.9375
3440,3,0.078125,0.19514900878558275,0.011927088778018537,0.9375
3441,3,0.140625,0.18969660790702447,0.011874534912690604,0.9375
3442,3,0.15625,0.18635194711632203,0.011842243453519932,0.9375
3443,3,0.15625,0.18334175240468983,0.011813147077083908,0.9375
3444,3,0.078125,0.17282007716422085,0.011711198599296592,0.9375
3445,3,0.125,0.16803806944779875,0.011664741128078311,0.9375
3446,3,0.046875,0.1559217625030189,0.011546703615504535,0.9375
3447,3,0.1875,0.159079586252717,0.01157751125980242,0.9375
3448,3,0.109375,0.1541091276274453,0.011529005959605574,0.9375
3449,3,0.140625,0.15276071486470078,0.011515834364253805,0.9375
3450,3,0.09375,0.1468596433782307,0.01145812862210741,0.9375
3451,3,0.015625,0.13373617904040763,0.01132944535275698,0.9375
3452,3,0.171875,0.13755006113636686,0.01136689093091308,0.9375
3453,3,0.09375,0.1331700550227302,0.011323883752762273,0.9375
3454,3,0.15625,0.13547804952045717,0.01134655221624883,0.9375
3455,3,0.203125,0.14224274456841146,0.011412911131627916,0.9375
3456,3,0.125,0.14051847011157031,0.01139600850590468,0.9375
3457,3,0.078125,0.1342791231004133,0.011334778446594975,0.9375
3458,3,0.046875,0.12553871079037196,0.011248833465373318,0.9375
3459,3,0.078125,0.12079733971133477,0.011202131908829323,0.9375
3460,3,0.109375,0.1196551057402013,0.011190873094693044,0.9375
3461,3,0.1875,0.12643959516618117,0.011257700808529928,0.9375
3462,3,0.078125,0.12160813564956305,0.011210121917853685,0.9375
3463,3,0.046875,0.11413482208460675,0.011136417887548022,0.9375
3464,3,0.078125,0.11053383987614608,0.011100858714833186,0.9375
3465,3,0.1875,0.11823045588853148,0.011176826263337672,0.9375
3466,3,0.140625,0.12046991029967832,0.011198904805320998,0.9375
3467,3,0.140625,0.12248541926971049,0.01121876536525236,0.9375
3468,3,0.140625,0.12429937734273944,0.011236631533213897,0.9375
3469,3,0.125,0.1243694396084655,0.011237321435567755,0.9375
3470,3,0.140625,0.12599499564761896,0.011253324896198656,0.9375
3471,3,0.203125,0.13370799608285705,0.011329168503270478,0.9375
3472,3,0.046875,0.12502469647457135,0.011243773162733815,0.9375
3473,3,0.046875,0.11720972682711421,0.011166759129749475,0.9375
3474,3,0.0,0.10548875414440279,0.011050991993837647,0.953125
3475,3,0.109375,0.10587737872996252,0.011054835155672585,0.953125
3476,3,0.078125,0.10310214085696627,0.011027383605594033,0.953125
3477,3,0.078125,0.10060442677126964,0.011002663810756066,0.953125
3478,3,0.140625,0.10460648409414267,0.011042265940621455,0.953125
3479,3,0.0625,0.1003958356847284,0.011000598827118251,0.953125
3480,3,0.109375,0.10129375211625556,0.011009487291242313,0.953125
3481,3,0.125,0.10366437690463,0.011032946299190754,0.953125
3482,3,0.125,0.105797939214167,0.011054049592987456,0.953125
3483,3,0.140625,0.10928064529275029,0.011088476940690763,0.953125
3484,3,0.140625,0.11241508076347526,0.011119439268106024,0.953125
3485,3,0.203125,0.12148607268712773,0.011208919145308896,0.953125
3486,3,0.109375,0.12027496541841497,0.011196983332469634,0.953125
3487,3,0.140625,0.12230996887657346,0.01121703688558682,0.953125
3488,3,0.03125,0.11320397198891612,0.011127228631401268,0.953125
3489,3,0.171875,0.1190710747900245,0.01118511521140825,0.953125
3490,3,0.28125,0.13528896731102205,0.01134469563134677,0.953125
3491,3,0.234375,0.14519757057991983,0.011441857345530375,0.953125
3492,3,0.4906249761581421,0.17974031113774208,0.011778294030913752,0.953125
3493,3,0.171875,0.17895378002396786,0.011770676382945922,0.953125
3494,3,0.21875,0.18293340202157107,0.0118091975263311,0.953125
3495,3,0.1875,0.18339006181941395,0.011813614285407097,0.953125
3496,3,0.28125,0.19317605563747253,0.011908084735672671,0.953125
3497,3,0.15625,0.18948345007372527,0.011872478153335465,0.953125
3498,3,0.265625,0.19709760506635274,0.011945844029689092,0.953125
3499,3,0.125,0.18988784455971747,0.011876380014765167,0.953125
3500,3,0.1468749761581421,0.18558655771955992,0.011834848280770095,0.953125
3501,3,0.109375,0.17796540194760394,0.011761100815152022,0.953125
3502,3,0.046875,0.16485636175284354,0.011633789528083359,0.953125
3503,3,0.203125,0.16868322557755921,0.011671013218687687,0.953125
3504,3,0.15625,0.1674399030198033,0.011658924658924628,0.953125
3505,3,0.15625,0.16632091271782298,0.011648040689636586,0.953125
3506,3,0.0625,0.15593882144604068,0.011546870123497983,0.953125
3507,3,0.109375,0.15128243930143662,0.011501388053317012,0.953125
3508,3,0.0625,0.14240419537129295,0.011414493372837363,0.953125
3509,3,0.140625,0.14222627583416367,0.011412749731592736,0.953125
3510,3,0.109375,0.1389411482507473,0.01138053928862754,0.953125
3511,3,0.234375,0.14848453342567258,0.011474028267265058,0.953125
3512,3,0.234375,0.15707358008310532,0.011557944235388322,0.953125
3513,3,0.359375,0.17730372207479478,0.011754688488570857,0.953125
3514,3,0.3125,0.1908233498673153,0.011885404108260167,0.953125
3515,3,0.25,0.19674101488058376,0.01194241290596437,0.953125
3516,3,0.234375,0.2005044133925254,0.011978600348776083,0.953125
3517,3,0.21875,0.20232897205327285,0.011996125300250782,0.953125
3518,3,0.3125,0.21334607484794557,0.012101670166357707,0.953125
3519,3,0.203125,0.212323967363151,0.01209189846248435,0.953125
3520,3,0.20312501192092897,0.21140407181892878,0.012083100366375527,0.953125
3521,3,0.203125,0.21057616463703593,0.012075179184622769,0.953125
3522,3,0.171875,0.20670604817333235,0.012038115052962107,0.953125
3523,3,0.109375,0.1969729433559991,0.01194464458427199,0.953125
3524,3,0.15625,0.1929006490203992,0.011905430799797917,0.953125
3525,3,0.140625,0.18767308411835928,0.011855003335018157,0.953125
3526,3,0.140625,0.18296827570652335,0.011809534846212697,0.953125
3527,3,0.125,0.17717144813587105,0.011753406445675197,0.953125
3528,3,0.234375,0.18289180332228394,0.011808795152378504,0.953125
3529,3,0.1875,0.18335262299005553,0.011813252209022882,0.953125
3530,3,0.109375,0.17595486069104996,0.011741612092907595,0.953125
3531,3,0.140625,0.17242187462194497,0.011707332912363005,0.953125
3532,3,0.1875,0.17392968715975046,0.011721967733957997,0.953125
3533,3,0.171875,0.17372421844377542,0.011719973901308774,0.953125
3534,3,0.1875,0.17510179659939787,0.011733338977337701,0.953125
3535,3,0.1875,0.17634161693945807,0.011745362091216795,0.953125
3536,3,0.4906249761581421,0.2077699528613265,0.01204830994862684,0.953125
3537,3,0.28125,0.21511795757519384,0.012118600027680207,0.953125
3538,3,0.328125,0.22641866181767445,0.012226272418203562,0.953125
3539,3,0.34375,0.238151795635907,0.012337492852004361,0.953125
3540,3,0.234375,0.2377741160723163,0.012333922100614703,0.953125
3541,3,0.20312501192092897,0.23430920565717755,0.012301134015865009,0.953125
3542,3,0.203125,0.2311907850914598,0.012271579969905027,0.953125
3543,3,0.234375,0.23150920658231383,0.012274599658396175,0.953125
3544,3,0.171875,0.22554578592408245,0.012217974671415983,0.953125
3545,3,0.125,0.2154912073316742,0.012122164711309042,0.953125
3546,3,0.171875,0.21112958659850678,0.012080474471661357,0.953125
3547,3,0.203125,0.2103291279386561,0.01207281507960159,0.953125
3548,3,0.171875,0.2064837151447905,0.012035983981349432,0.953125
3549,3,0.140625,0.19989784363031146,0.011972771415834008,0.953125
3550,3,0.1875,0.1986580592672803,0.011960853165964378,0.953125
3551,3,0.140625,0.1928547533405523,0.011904988502322703,0.953125
3552,3,0.171875,0.19075677800649707,0.011884762046217346,0.953125
3553,3,0.203125,0.19199360020584738,0.011896688122214146,0.953125
3554,3,0.140625,0.18685674018526266,0.011847119610588043,0.953125
3555,3,0.1875,0.1869210661667364,0.01184774091595422,0.953125
3556,3,0.15625,0.18385395955006276,0.011818100299877222,0.953125
3557,3,0.1875,0.18421856359505648,0.011821625587029254,0.953125
3558,3,0.25,0.19079670723555084,0.011885147151437767,0.953125
3559,3,0.15625,0.18734203651199577,0.01185180657747878,0.953125
3560,3,0.1875,0.1873578328607962,0.011851959123656202,0.953125
3561,3,0.09375,0.17799704957471657,0.011761407474278038,0.953125
3562,3,0.109375,0.1711348446172449,0.011694835040350958,0.953125
3563,3,0.125,0.16652136015552044,0.011649990657283057,0.953125
3564,3,0.109375,0.16080672413996838,0.011594348229088945,0.953125
3565,3,0.203125,0.16503855172597154,0.01163556274362291,0.953125
3566,3,0.234375,0.1719721965533744,0.011702966877281933,0.953125
3567,3,0.1875,0.17352497689803695,0.011718040361446573,0.953125
3568,3,0.171875,0.17335997920823326,0.011716439040922389,0.953125
3569,3,0.203125,0.17633648128740992,0.011745312299119631,0.953125
3570,3,0.26562501192092897,0.1852653343507618,0.011831744009474844,0.953125
3571,3,0.171875,0.18392630091568563,0.011818799791975577,0.953125
3572,3,0.15625,0.18115867082411707,0.011792025623013498,0.953125
3573,3,0.171875,0.18023030374170537,0.011783038591341475,0.953125
3574,3,0.171875,0.17939477336753484,0.011774947718158681,0.953125
3575,3,0.140625,0.17551779603078138,0.011737373694956213,0.953125
3576,3,0.109375,0.16890351642770324,0.011673154536843106,0.953125
3577,3,0.125,0.16451316478493294,0.011630448979703016,0.953125
3578,3,0.15625,0.16368684830643965,0.011622404397916793,0.953125
3579,3,0.125,0.1598181634757957,0.011584712393682348,0.953125
3580,3,0.125,0.15633634712821615,0.011550750021301839,0.953125
3581,3,0.09375,0.15007771241539453,0.011489610225274161,0.953125
3582,3,0.171875,0.15225744117385506,0.011510916892521214,0.953125
3583,3,0.09375,0.14640669705646955,0.011453695169071331,0.953125
3584,3,0.109375,0.1427035273508226,0.011417426678259906,0.953125
3585,3,0.32812501192092897,0.16124567580783322,0.011598625866970143,0.953125
3586,3,0.265625,0.1716836082270499,0.01170016454976474,0.953125
3587,3,0.234375,0.1779527474043449,0.011760978194222487,0.953125
3588,3,0.234375,0.18359497266391042,0.011815595920972042,0.953125
3589,3,0.328125,0.19804797539751937,0.011954986200039312,0.953125
3590,3,0.21875,0.20011817785776745,0.011974888915762283,0.953125
3591,3,0.21875,0.20198136007199072,0.011992787455524583,0.953125
3592,3,0.09375,0.19115822406479163,0.011888633606852137,0.953125
3593,3,0.15625,0.18766740165831247,0.011854948465715592,0.953125
3594,3,0.140625,0.18296316149248124,0.01180948537863311,0.953125
3595,3,0.203125,0.18497934534323313,0.01182897993217097,0.953125
3596,3,0.265625,0.1930439108089098,0.011906811366409404,0.953125
3597,3,0.171875,0.19092701972801884,0.011886403935291287,0.953125
3598,3,0.1875,0.19058431775521695,0.011883098653190469,0.953125
3599,3,0.109375,0.18246338597969525,0.011804650825065783,0.953125
3600,3,0.140625,0.17827954738172574,0.011764144669539374,0.953125
3601,3,0.03125,0.16357659264355318,0.011621330843540435,0.953125
3602,3,0.125,0.15971893337919785,0.01158374499729396,0.953125
3603,3,0.421875,0.18593454004127805,0.011838210735058472,0.953125
3604,3,0.328125,0.20015358603715025,0.011975229185327195,0.953125
3605,3,0.453125,0.2254507274334352,0.012217070830640464,0.953125
3606,3,0.296875,0.23259315469009167,0.012284875788357297,0.953125
3607,3,0.21875,0.2312088392210825,0.01227175119443172,0.953125
3608,3,0.234375,0.23152545529897425,0.012274753738226412,0.953125
3609,3,0.265625,0.23493540976907681,0.012307063613052687,0.953125
3610,3,0.171875,0.22862936879216914,0.012247273427564532,0.953125
3611,3,0.21875,0.22764143191295222,0.012237890910374798,0.953125
3612,3,0.25,0.229877288721657,0.012259119069450828,0.953125
3613,3,0.234375,0.2303270598494913,0.012263386800756946,0.953125
3614,3,0.203125,0.22760685386454216,0.012237562444574213,0.953125
3615,3,0.21875,0.22672116847808796,0.012229147360063808,0.953125
3616,3,0.21875,0.22592405163027918,0.012221570942113236,0.953125
3617,3,0.234375,0.22676914646725127,0.012229603294346102,0.953125
3618,3,0.1875,0.22284223182052615,0.012192253759275212,0.953125
3619,3,0.25,0.22555800863847353,0.012218090885388489,0.953125
3620,3,0.234375,0.2264397077746262,0.012226472445851597,0.953125
3621,3,0.1875,0.22254573699716357,0.012189431122371868,0.953125
3622,3,0.328125,0.23310366329744722,0.012289713790630133,0.953125
3623,3,0.203125,0.2301057969677025,0.012261287418035529,0.953125
3624,3,0.046875,0.21178271727093226,0.01208672222915449,0.953125
3625,3,0.15625,0.20622944554383904,0.012033546559827288,0.953125
3626,3,0.265625,0.21216900098945513,0.012090416564612237,0.953125
3627,3,0.21875,0.21282710089050963,0.012096709117825772,0.953125
3628,3,0.265625,0.21810689080145865,0.012147129636486748,0.953125
3629,3,0.140625,0.2103587017213128,0.01207309810913295,0.953125
3630,3,0.203125,0.20963533154918151,0.01206617425569262,0.953125
3631,3,0.09375,0.19804679839426337,0.011954974879851383,0.953125
3632,3,0.1875,0.19699211855483703,0.011944829084197564,0.953125
3633,3,0.140625,0.19135540669935333,0.01189053502856153,0.953125
3634,3,0.21875,0.194094866029418,0.011916936765865457,0.953125
3635,3,0.25,0.1996853794264762,0.01197072937562939,0.953125
3636,3,0.265625,0.2062793414838286,0.012034024880847472,0.953125
3637,3,0.1875,0.20440140733544573,0.012016015631085172,0.953125
3638,3,0.140625,0.19802376660190116,0.011954753363512791,0.953125
3639,3,0.15625,0.19384638994171105,0.011914543197209075,0.953125
3640,3,0.140625,0.18852425094753997,0.011863220814166497,0.953125
3641,3,0.09375,0.17904682585278597,0.01177157765377188,0.953125
3642,3,0.109375,0.17207964326750738,0.011704010164748787,0.953125
3643,3,0.15625,0.17049667894075665,0.011688636024859983,0.953125
3644,3,0.234375,0.176884511046681,0.011750625151846895,0.953125
3645,3,0.234375,0.18263355994201289,0.011806297092461804,0.953125
3646,3,0.1875,0.1831202039478116,0.011811004340583138,0.953125
3647,3,0.21875,0.18668318355303043,0.011845443205474804,0.953125
3648,3,0.15625,0.1836398651977274,0.011816030044448088,0.953125
3649,3,0.140625,0.17933837867795469,0.011774401532601484,0.953125
3650,3,0.234375,0.18484204081015923,0.011827652784187704,0.953125
3651,3,0.15625,0.1819828367291433,0.011800001433290724,0.953125
3652,3,0.203125,0.18409705305622898,0.011820450776725163,0.953125
3653,3,0.359375,0.20162484775060607,0.011989363667450412,0.953125
3654,3,0.25,0.20646236297554546,0.012035779309734153,0.953125
3655,3,0.25,0.2108161266779909,0.012077475354146222,0.953125
3656,3,0.203125,0.21004701401019182,0.012070114994504166,0.953125
3657,3,0.1875,0.20779231260917264,0.012048524163927288,0.953125
3658,3,0.234375,0.21045058134825537,0.01207397740121562,0.953125
3659,3,0.15625,0.20503052321342982,0.012022050330920218,0.953125
3660,3,0.125,0.19702747089208683,0.011945169233704027,0.953125
3661,3,0.203125,0.19763722380287813,0.011951035355126862,0.953125
3662,3,0.234375,0.2013110014225903,0.011986349222873265,0.953125
3663,3,0.078125,0.1889924012803313,0.011867739400336988,0.953125
3664,3,0.140625,0.18415566115229817,0.011821017428675907,0.953125
3665,3,0.171875,0.18292759503706835,0.011809141357166729,0.953125
3666,3,0.246875,0.18932233553336153,0.011870923450610717,0.953125
3667,3,0.0625,0.1766401019800254,0.011748255863616787,0.953125
3668,3,0.140625,0.17303859178202285,0.011713319680664467,0.953125
3669,3,0.09375,0.16510973260382056,0.011636255502984095,0.953125
3670,3,0.09375,0.1579737593434385,0.011566726303365247,0.953125
3671,3,0.171875,0.15936388340909463,0.011580283358432877,0.953125
3672,3,0.125,0.15592749506818515,0.011546759569709561,0.953125
3673,3,0.046875,0.14502224556136664,0.011440140501202099,0.953125
3674,3,0.109375,0.14145752100522996,0.011405214799290235,0.953125
3675,3,0.125,0.13981176890470698,0.01138907853604622,0.953125
3676,3,0.15625,0.1414555920142363,0.011405195890279256,0.953125
3677,3,0.125,0.13981003281281268,0.011389061510108902,0.953125
3678,3,0.140625,0.13989152953153142,0.01138986074352099,0.953125
3679,3,0.078125,0.13371487657837827,0.011329236092594364,0.953125
3680,3,0.109375,0.13128088892054043,0.011305318578742441,0.953125
3681,3,0.0625,0.12440280002848639,0.011237649931050567,0.953125
3682,3,0.11562497615814209,0.12352501764145196,0.01122900562701218,0.953125
3683,3,0.25,0.13617251587730678,0.011353370320297112,0.953125
3684,3,0.234375,0.14599276428957608,0.011449643071305497,0.953125
3685,3,0.20312501192092897,0.15170598905271135,0.011505527812181223,0.953125
3686,3,0.584374976158142,0.1949728877632544,0.011925392915811182,0.953125
3687,3,0.21875,0.19735059898692897,0.011948278057703423,0.953125
3688,3,0.171875,0.19480303908823607,0.011923757340834971,0.953125
3689,3,0.265625,0.20188523517941245,0.011991864362054246,0.953125
3690,3,0.265625,0.2082592116614712,0.01205299679442757,0.953125
3691,3,0.203125,0.2077457904953241,0.012048078461319786,0.953125
3692,3,0.09375,0.1963462114457917,0.011938613538519794,0.953125
3693,3,0.28125,0.2048365903012125,0.012020190221986853,0.953125
3694,3,0.140625,0.19841543127109126,0.011958520064182557,0.953125
3695,3,0.25,0.20357388814398214,0.012008075446527966,0.953125
3696,3,0.234375,0.20665399932958392,0.012037616179869657,0.953125
3697,3,0.171875,0.20317609939662554,0.012004257657316395,0.953125
3698,3,0.265625,0.20942098945696297,0.012064122248194337,0.953125
3699,3,0.09375,0.19785389051126667,0.011953119459051361,0.953125
3700,3,0.171875,0.19525600146014,0.011928118949958676,0.953125
3701,3,0.203125,0.196042901314126,0.011935694256333201,0.953125
3702,3,0.25,0.2014386111827134,0.01198757493990565,0.953125
3703,3,0.125,0.19379475006444208,0.011914045721989744,0.953125
3704,3,0.109375,0.18535277505799785,0.011832589064150799,0.953125
3705,3,0.125,0.17931749755219806,0.01177419929501874,0.953125
3706,3,0.171875,0.17857324779697825,0.011766990120547079,0.953125
3707,3,0.125,0.17321592301728045,0.011715040885752934,0.953125
3708,3,0.109375,0.1668318307155524,0.011653010683425637,0.953125
3709,3,0.109375,0.16108614764399717,0.0115970713147918,0.953125
3710,3,0.125,0.15747753287959748,0.011561885468074407,0.953125
3711,3,0.0625,0.14797977959163774,0.01146909003278923,0.953125
3712,3,0.109375,0.14411930163247397,0.011431297185353594,0.953125
3713,3,0.046875,0.13439487146922657,0.011335915290596807,0.953125
3714,3,0.0625,0.1272053843223039,0.011265236839401668,0.953125
3715,3,0.15625,0.13010984589007352,0.011293805922832642,0.953125
3716,3,0.09375,0.12647386130106616,0.011258038048169241,0.953125
3717,3,0.140625,0.12788897517095954,0.011271962734233578,0.953125
3718,3,0.171875,0.13228757765386356,0.011315212637281673,0.953125
3719,3,0.078125,0.1268713198884772,0.011261949534085948,0.953125
3720,3,0.109375,0.12512168789962946,0.011244728061163172,0.953125
3721,3,0.09375,0.12198451910966651,0.011213830465958585,0.953125
3722,3,0.078125,0.11759856719869986,0.011170594425386695,0.953125
3723,3,0.15625,0.12146371047882988,0.011208698790834564,0.953125
3724,3,0.15625,0.12494233943094689,0.011242962324395119,0.953125
3725,3,0.078125,0.1202606054878522,0.0111968417903672,0.953125
3726,3,0.09375,0.11760954493906697,0.011170702698381005,0.953125
3727,3,0.109375,0.11678609044516028,0.011162580230383468,0.953125
3728,3,0.109375,0.11604498140064426,0.011155268679078857,0.953125
3729,3,0.25,0.12944048326057983,0.011287223774360726,0.953125
3730,3,0.109375,0.12743393493452185,0.011267485693517964,0.953125
3731,3,0.109375,0.12562804144106965,0.011249712830193338,0.953125
3732,3,0.140625,0.1271277372969627,0.011264472791567828,0.953125
3733,3,0.125,0.12691496356726642,0.011262379018179723,0.953125
3734,3,0.0625,0.12047346721053978,0.011198939863153994,0.953125
3735,3,0.125,0.1209261204894858,0.011203401086573172,0.953125
3736,3,0.203125,0.1291460084405372,0.011284327709326625,0.953125
3737,3,0.171875,0.13341890759648348,0.011326328582304947,0.953125
3738,3,0.234375,0.14351451683683514,0.0114253727221989,0.953125
3739,3,0.109375,0.1401005651531516,0.011391910660470614,0.953125
3740,3,0.26562501192092897,0.15265300982992935,0.011514782044695183,0.953125
3741,3,0.34375,0.17176270884693642,0.011700932681127063,0.953125
3742,3,0.47812498807907106,0.20239893677014986,0.011996797060481883,0.953125
3743,3,0.39062501192092897,0.22122154428522778,0.012176820312623715,0.953125
3744,3,0.359375,0.23503688985670498,0.012308024378224059,0.953125
3745,3,0.234375,0.2349707008710345,0.012307397737512668,0.953125
3746,3,0.171875,0.22866113078393105,0.01224757500476813,0.953125
3747,3,0.171875,0.22298251770553795,0.01219358915598018,0.953125
3748,3,0.15625,0.21630926593498417,0.012129975520113362,0.953125
3749,3,0.09375,0.20405333934148576,0.012012676182884817,0.953125
3750,3,0.203125,0.20396050540733718,0.012011785432680036,0.953125
3751,3,0.296875,0.21325195486660348,0.012100770521711506,0.953125
3752,3,0.25,0.21692675937994313,0.0121358695344444,0.953125
3753,3,0.234375,0.2186715834419488,0.012152515576628133,0.953125
3754,3,0.28125,0.22492942509775393,0.012212113475889417,0.953125
3755,3,0.328125,0.23524898258797855,0.012310032225919315,0.953125
3756,3,0.171875,0.22891158432918068,0.012249952887369105,0.953125
3757,3,0.265625,0.23258292589626262,0.012284778840295212,0.953125
3758,3,0.1875,0.22807463330663635,0.01224200557115133,0.953125
3759,3,0.21875,0.22714216997597272,0.012233147799607175,0.953125
3760,3,0.203125,0.22474045297837547,0.01221031615207064,0.953125
3761,3,0.25,0.22726640768053794,0.012234328187187114,0.953125
3762,3,0.234375,0.22797726691248416,0.012241080829110376,0.953125
3763,3,0.125,0.21767954022123576,0.012143052772546658,0.953125
3764,3,0.109375,0.2068490861991122,0.012039485976493266,0.953125
3765,3,0.0625,0.19241417757920098,0.011900742272716624,0.953125
3766,3,0.203125,0.1934852598212809,0.011911064026972897,0.953125
3767,3,0.078125,0.18194923383915282,0.011799676289777999,0.953125
3768,3,0.1875,0.18250431045523752,0.011805046738758665,0.953125
3769,3,0.21875,0.1861288794097138,0.011840088394006186,0.953125
3770,3,0.125,0.18001599146874242,0.011780963524077964,0.953125
3771,3,0.15625,0.17763939232186818,0.011757941648733169,0.953125
3772,3,0.09375,0.16925045308968137,0.011676526584538752,0.953125
3773,3,0.125,0.16482540778071325,0.011633488249283933,0.953125
3774,3,0.171875,0.16553036700264193,0.01164034894719669,0.953125
3775,3,0.109375,0.15991483030237771,0.011585654771439621,0.953125
3776,3,0.203125,0.16423584727213997,0.011627749403668208,0.953125
3777,3,0.140625,0.16187476254492597,0.011604755347406528,0.953125
3778,3,0.1875,0.16443728629043336,0.011629710356886362,0.953125
3779,3,0.1875,0.16674355766139,0.011652152060478076,0.953125
3780,3,0.171875,0.16725670189525102,0.011657143011069593,0.953125
3781,3,0.234375,0.17396853170572593,0.011722344658816932,0.953125
3782,3,0.28125,0.1846966785351533,0.011826247679692276,0.953125
3783,3,0.296875,0.19591451068163795,0.011934458426145059,0.953125
3784,3,0.28125,0.20444805961347415,0.01201646318868166,0.953125
3785,3,0.140625,0.19806575365212675,0.01195515718719365,0.953125
3786,3,0.203125,0.19857167828691408,0.011960022555106913,0.953125
3787,3,0.265625,0.20527701045822266,0.01202441430456488,0.953125
3788,3,0.15625,0.2003743094124004,0.01197735021067854,0.953125
3789,3,0.234375,0.20377437847116037,0.01200999942725667,0.953125
3790,3,0.203125,0.20370944062404434,0.012009376276177364,0.953125
3791,3,0.125,0.19583849656163993,0.011933726719654368,0.953125
3792,3,0.125,0.18875464690547594,0.011865444694168226,0.953125
3793,3,0.39062501192092897,0.20894168340702124,0.012059532947172625,0.953125
3794,3,0.25,0.2130475150663191,0.0120988162639289,0.953125
3795,3,0.34375,0.22611776355968718,0.012223412377990212,0.953125
3796,3,0.40625,0.24413098720371845,0.012393938250910199,0.953125
3797,3,0.5,0.2697178884833466,0.01263362310639506,0.953125
3798,3,0.328125,0.27555859963501195,0.012687895018335612,0.953125
3799,3,0.390625,0.28706523967151076,0.012794314287820715,0.953125
3800,3,0.34375,0.2927337157043597,0.012846489790802591,0.953125
3801,3,0.1875,0.2822103441339237,0.012749495678993002,0.953125
3802,3,0.1875,0.27273930972053134,0.012661719227479674,0.953125
3803,3,0.21875,0.2673403787484782,0.012611483221729676,0.953125
3804,3,0.359375,0.2765438408736304,0.012697033192687692,0.953125
3805,3,0.390625,0.28795195678626734,0.012802487066024597,0.953125
3806,3,0.34375,0.2935317611076406,0.012853821961064911,0.953125
3807,3,0.40625,0.30480358499687654,0.012957023740772938,0.953125
3808,3,0.453125,0.31963572649718885,0.013091775059949752,0.953125
3809,3,0.28125,0.31579715384747,0.013057017573595169,0.953125
3810,3,0.203125,0.304529938462723,0.012954526349649515,0.953125
3811,3,0.09375,0.28345194461645074,0.01276096914513355,0.953125
3812,3,0.1875,0.27385675015480565,0.012672098861746958,0.953125
3813,3,0.21875,0.26834607513932507,0.012620851852628762,0.953125
3814,3,0.171875,0.2586989676253926,0.012530782310414315,0.953125
3815,3,0.25,0.25782907086285334,0.012522638708633183,0.953125
3816,3,0.140625,0.246108663776568,0.01241257277530177,0.953125
3817,3,0.171875,0.2386852973989112,0.012342535741700163,0.953125
3818,3,0.125,0.2273167676590201,0.012234806640766429,0.953125
3819,3,0.140625,0.21864759089311808,0.012152286766481769,0.953125
3820,3,0.078125,0.2045953318038063,0.012017875985923384,0.953125
3821,3,0.140625,0.19819829862342567,0.011956431936698559,0.953125
3822,3,0.078125,0.1861909687610831,0.01184068825767512,0.953125
3823,3,0.171875,0.1847593718849748,0.01182685369688686,0.953125
3824,3,0.046875,0.17097093469647734,0.01169324297949444,0.953125
3825,3,0.0625,0.16012384122682963,0.011587692261489375,0.953125
3826,3,0.125,0.15661145710414665,0.011553434847299458,0.953125
3827,3,0.15625,0.156575311393732,0.011553082110752469,0.953125
3828,3,0.078125,0.1487302802543588,0.011476432253550512,0.953125
3829,3,0.15625,0.14948225222892292,0.011483787236557122,0.953125
3830,3,0.125,0.14703402700603063,0.011459835338586214,0.953125
3831,3,0.140625,0.14639312430542759,0.011453562309532768,0.953125
3832,3,0.3031249761581421,0.16206630949069903,0.01160662143155023,0.953125
3833,3,0.3656249761581421,0.18242217615744333,0.011804252144947562,0.953125
3834,3,0.1875,0.182929958541699,0.011809164218629977,0.953125
3835,3,0.25,0.18963696268752908,0.011873959412683018,0.953125
3836,3,0.1875,0.18942326641877616,0.011871897411681383,0.953125
3837,3,0.125,0.18298093977689855,0.011809657339891816,0.953125
3838,3,0.15625,0.1803078457992087,0.011783789349157666,0.953125
3839,3,0.1875,0.18102706121928783,0.01179075176145604,0.953125
3840,3,0.1468749761581421,0.17761185271317326,0.011757674762081527,0.953125
3841,3,0.109375,0.17078816744185593,0.011691467652711013,0.953125
3842,3,0.125,0.16620935069767034,0.011646955350154536,0.953125
3843,3,0.046875,0.15427591562790333,0.011530634805369712,0.953125
3844,3,0.15625,0.154473324065113,0.01153256258177133,0.953125
3845,3,0.09375,0.14840099165860168,0.01147321099114748,0.953125
3846,3,0.109375,0.14449839249274152,0.01143501023131699,0.953125
3847,3,0.09375,0.13942355324346736,0.011385271082036394,0.953125
3848,3,0.109375,0.13641869791912062,0.011355786969170526,0.953125
3849,3,0.090625,0.13183932812720855,0.011310807420102004,0.953125
3850,3,0.109375,0.1295928953144877,0.011288722611642992,0.953125
3851,3,0.015625,0.11819610578303892,0.011176487518128527,0.953125
3852,3,0.15625,0.12200149520473504,0.011213997725333234,0.953125
3853,3,0.15625,0.12542634568426153,0.011247727323088567,0.953125
3854,3,0.1875,0.13163371111583538,0.011308786524994504,0.953125
3855,3,0.125,0.13097034000425184,0.01130226587901366,0.953125
3856,3,0.125,0.13037330600382666,0.01129639633413382,0.953125
3857,3,0.078125,0.12514847540344398,0.011244991785005511,0.953125
3858,3,0.078125,0.12044612786309959,0.011198670398709478,0.953125
3859,3,0.09375,0.11777651507678963,0.01117234948354729,0.953125
3860,3,0.171875,0.12318636356911067,0.011225670099757017,0.953125
3861,3,0.140625,0.1249302272121996,0.011242843073311824,0.953125
3862,3,0.203125,0.13274970449097964,0.01131975369135267,0.953125
3863,3,0.1875,0.13822473404188168,0.011373510993192693,0.953125
3864,3,0.3125,0.1556522606376935,0.011544072959976493,0.953125
3865,3,0.109375,0.15102453457392415,0.011498867044489556,0.953125
3866,3,0.296875,0.16560958111653173,0.011641119763822615,0.953125
3867,3,0.3125,0.18029862300487856,0.011783700055672489,0.953125
3868,3,0.265625,0.18883126070439069,0.011866184160874968,0.953125
3869,3,0.203125,0.1902606346339516,0.011879976411772035,0.953125
3870,3,0.6093750119209289,0.2321720723626493,0.012280884413955875,0.953125
3871,3,0.646874976158142,0.27364236274219855,0.012670107948619821,0.953125
3872,3,0.203125,0.2665906264679787,0.012604495651497294,0.953125
3873,3,0.203125,0.2602440638211808,0.012545237995915557,0.953125
3874,3,0.21875,0.25609465743906273,0.012506391211642865,0.953125
3875,3,0.21875,0.25236019169515644,0.01247135991787651,0.953125
3876,3,0.203125,0.24743667252564078,0.012425075881075442,0.953125
3877,3,0.32812501192092897,0.25550550646516956,0.012500868991567693,0.953125
3878,3,0.1875,0.2487049558186526,0.012437009160787844,0.953125
3879,3,0.0625,0.23008446023678736,0.01226108496011792,0.953125
3880,3,0.234375,0.23051351421310862,0.012265155750644388,0.953125
3881,3,0.125,0.21996216279179776,0.012164819978003994,0.953125
3882,3,0.15625,0.21359094651261798,0.012104010602267061,0.953125
3883,3,0.28125,0.22035685186135617,0.01216858157821869,0.953125
3884,3,0.21875,0.22019616667522057,0.012167050239172257,0.953125
3885,3,0.15625,0.21380155000769852,0.012106023316770553,0.953125
3886,3,0.203125,0.21273389500692869,0.01209581801664732,0.953125
3887,3,0.21875,0.21333550550623584,0.012101569141212921,0.953125
3888,3,0.21875,0.21387695495561226,0.012106743910190459,0.953125
3889,3,0.21875,0.21436425946005105,0.012111400193075647,0.953125
3890,3,0.171875,0.21011533351404596,0.012070768902816682,0.953125
3891,3,0.09375,0.19847880016264136,0.011959129438489589,0.953125
3892,3,0.09375,0.1880059201463772,0.011858216966645067,0.953125
3893,3,0.0625,0.1754553281317395,0.011736767865122911,0.953125
3894,3,0.09375,0.16728479531856555,0.011657416229231228,0.953125
3895,3,0.078125,0.158368815786709,0.011570579657304476,0.953125
3896,3,0.234375,0.1659694342080381,0.011644621169506451,0.953125
3897,3,0.1875,0.1681224907872343,0.011665561933717292,0.953125
3898,3,0.28125,0.17943524170851086,0.01177533964944742,0.953125
3899,3,0.34375,0.19586671753765977,0.011933998375265209,0.953125
3900,3,0.28125,0.2044050457838938,0.012016050536762522,0.953125
3901,3,0.28125,0.2120895412055044,0.012089656676817747,0.953125
3902,3,0.265625,0.21744308708495397,0.012140796722149856,0.953125
3903,3,0.21875,0.21757377837645858,0.012142043704211805,0.953125
3904,3,0.1875,0.2145664005388127,0.0121133314067019,0.953125
3905,3,0.28125,0.22123476048493143,0.012176946211700629,0.953125
3906,3,0.09375,0.2084862844364383,0.012055171714210835,0.953125
3907,3,0.125,0.20013765599279448,0.011975076099557086,0.953125
3908,3,0.125,0.19262389039351502,0.011902763554769928,0.953125
3909,3,0.140625,0.18742400135416354,0.011852598106602573,0.953125
3910,3,0.078125,0.1764941012187472,0.011746840443537654,0.953125
3911,3,0.140625,0.1729071910968725,0.011712044217308018,0.953125
3912,3,0.15625,0.17124147198718526,0.011695870666983526,0.953125
3913,3,0.234375,0.17755482478846674,0.011757122095619684,0.953125
3914,3,0.15625,0.17542434230962006,0.011736467351732146,0.953125
3915,3,0.234375,0.18131940807865807,0.011793581332282034,0.953125
3916,3,0.21875,0.18506246727079226,0.011829783333552907,0.953125
3917,3,0.45312501192092897,0.2118687217358059,0.012087544809171288,0.953125
3918,3,0.2093749761581421,0.2116193471780395,0.01208515961299972,0.953125
3919,3,0.234375,0.21389491246023556,0.012106915514382656,0.953125
3920,3,0.140625,0.20656792121421202,0.01203679112284491,0.953125
3921,3,0.125,0.19841112909279085,0.011958478692594608,0.953125
3922,3,0.1875,0.19732001618351175,0.01194798383649822,0.953125
3923,3,0.203125,0.19790051456516056,0.0119535679099421,0.953125
3924,3,0.25,0.2031104631086445,0.012003627652566554,0.953125
3925,3,0.171875,0.19998691679778005,0.011973627466727478,0.953125
3926,3,0.171875,0.19717572511800205,0.0119465956401135,0.953125
3927,3,0.078125,0.18527065260620185,0.01183179540755231,0.953125
3928,3,0.171875,0.18393108734558167,0.011818846072867593,0.953125
3929,3,0.1875,0.1842879786110235,0.011822296694579768,0.953125
3930,3,0.171875,0.18304668074992114,0.011810293212809993,0.953125
3931,3,0.265625,0.191304512674929,0.011890044273744587,0.953125
3932,3,0.234375,0.1956115614074361,0.011931542130123481,0.953125
3933,3,0.35312498807907106,0.2113629040745996,0.012082706549503892,0.953125
3934,3,0.25,0.21522661366713963,0.012119637794788028,0.953125
3935,3,0.15625,0.20932895230042567,0.012063241073248195,0.953125
3936,3,0.26562501192092897,0.21495855826247598,0.012117077528991414,0.953125
3937,3,0.234375,0.21690020243622837,0.012135616078684502,0.953125
3938,3,0.265625,0.22177268219260554,0.012182069902088158,0.953125
3939,3,0.21875,0.221470413973345,0.012179190952964512,0.953125
3940,3,0.125,0.21182337257601047,0.012087111075920903,0.953125
3941,3,0.1875,0.2093910353184094,0.012063835467297983,0.953125
3942,3,0.109375,0.19938943178656846,0.011967884672783962,0.953125
3943,3,0.21875,0.2013254886079116,0.011986488378286473,0.953125
3944,3,0.078125,0.18900543974712045,0.011867865236293875,0.953125
3945,3,0.078125,0.1779173957724084,0.011760635638468058,0.953125
3946,3,0.09375,0.16950065619516755,0.011678958187921463,0.953125
3947,3,0.171875,0.16973809057565079,0.011681265509311641,0.953125
3948,3,0.1468749761581421,0.16745177913389991,0.011659040151494606,0.953125
3949,3,0.203125,0.17101910122050995,0.011693710831230504,0.953125
3950,3,0.21875,0.17579219109845898,0.011740034693453841,0.953125
3951,3,0.171875,0.17540047198861308,0.011736235845225445,0.953125
3952,3,0.3125,0.1891104247897518,0.011868878438400612,0.953125
3953,3,0.34375,0.2045743823107766,0.012017675020407357,0.953125
3954,3,0.140625,0.19817944407969895,0.011956250607406467,0.953125
3955,3,0.15625,0.19398649967172907,0.011915892901414704,0.953125
3956,3,0.171875,0.19177534970455615,0.01189458404413481,0.953125
3957,3,0.09375,0.18197281473410054,0.011799904460296929,0.953125
3958,3,0.125,0.1762755332606905,0.011744721378037318,0.953125
3959,3,0.09375,0.16802297993462145,0.011664594414429892,0.953125
3960,3,0.0625,0.15747068194115932,0.011561818629895495,0.953125
3961,3,0.046875,0.1464111137470434,0.011453738402601167,0.953125
3962,3,0.046875,0.13645750237233908,0.011356167878825733,0.953125
3963,3,0.078125,0.13062425213510517,0.011298863540032969,0.953125
3964,3,0.046875,0.12224932692159465,0.011216439443786131,0.953125
3965,3,0.09375,0.11939939422943519,0.011188352167335559,0.953125
3966,3,0.109375,0.11839695480649168,0.011178468161561652,0.953125
3967,3,0.09375,0.1159322593258425,0.0111541564882556,0.953125
3968,3,0.140625,0.11840153339325825,0.011178513311536683,0.953125
3969,3,0.140625,0.12062388005393242,0.0112004223436459,0.953125
3970,3,0.15625,0.12418649204853918,0.011235519927827713,0.953125
3971,3,0.1875,0.13051784284368526,0.0112978173844059,0.953125
3972,3,0.21875,0.13934105855931672,0.011384461956481897,0.953125
3973,3,0.203125,0.14571945270338504,0.011446967284968605,0.953125
3974,3,0.109375,0.14208500743304653,0.011411365215179617,0.953125
3975,3,0.078125,0.13568900668974188,0.011348623478259177,0.953125
3976,3,0.125,0.13462010602076768,0.011338127372587397,0.953125
3977,3,0.140625,0.13522059541869091,0.01134402426930097,0.953125
3978,3,0.1468749761581421,0.13638603349263603,0.011355466327724486,0.953125
3979,3,0.0625,0.12899743014337242,0.0112828664064361,0.953125
3980,3,0.078125,0.12391018712903518,0.011232798964021821,0.953125
3981,3,0.0625,0.11776916841613166,0.01117227702660578,0.953125
3982,3,0.09375,0.11536725157451849,0.011148581311168523,0.953125
3983,3,0.1875,0.12258052641706665,0.011219702298751591,0.953125
3984,3,0.1875,0.12907247377536,0.01128360448537169,0.953125
3985,3,0.046875,0.12085272639782399,0.011202677768012138,0.953125
3986,3,0.109375,0.11970495375804159,0.011191364502614059,0.953125
3987,3,0.203125,0.12804695838223742,0.011273516975168063,0.953125
3988,3,0.140625,0.12930476254401368,0.011285889032061807,0.953125
3989,3,0.109375,0.12731178628961232,0.011266283811891016,0.953125
3990,3,0.203125,0.1348931076606511,0.011340808407718015,0.953125
3991,3,0.265625,0.14796629689458599,0.01146895811542752,0.953125
3992,3,0.390625,0.17223216720512738,0.011705491078001286,0.953125
3993,3,0.234375,0.17844645048461463,0.011765761709250182,0.953125
3994,3,0.265625,0.18716430543615317,0.011850090157567151,0.953125
3995,3,0.203125,0.18876037489253783,0.011865499980706769,0.953125
3996,3,0.234375,0.19332183740328404,0.011909489438206064,0.953125
3997,3,0.140625,0.18805215366295563,0.011858663333679772,0.953125
3998,3,0.09375,0.17862193829666007,0.011767461819074078,0.953125
3999,4,0.0,0.16075974446699406,0.011593890370910567,0.9375
4000,4,0.0625,0.15093377002029468,0.011497979778071526,0.9375
4001,4,0.109375,0.14677789301826522,0.011457328490235267,0.9375
4002,4,0.203125,0.15241260371643872,0.011512433060801058,0.9375
4003,4,0.109375,0.14810884334479485,0.011470352791502459,0.9375
4004,4,0.21875,0.1551729590103154,0.011539393871011931,0.9375
4005,4,0.265625,0.16621816310928383,0.01164704108381314,0.9375
4006,4,0.265625,0.17615884679835545,0.01174359001036003,0.9375
4007,4,0.1875,0.1772929621185199,0.011754584201728254,0.9375
4008,4,0.203125,0.17987616590666788,0.011779609585055953,0.9375
4009,4,0.125,0.17438854931600112,0.011726419942856607,0.9375
4010,4,0.09375,0.166324694384401,0.01164807747916438,0.9375
4011,4,0.109375,0.1606297249459609,0.011592623180730503,0.9375
4012,4,0.03125,0.1476917524513648,0.011466271804967147,0.9375
4013,4,0.078125,0.14073507720622833,0.011398132299346053,0.9375
4014,4,0.15625,0.1422865694856055,0.011413340629293585,0.9375
4015,4,0.15625,0.14368291253704496,0.011427022426845913,0.9375
4016,4,0.296875,0.15900212128334046,0.011576755878360502,0.9375
4017,4,0.28125,0.1712269091550064,0.011695729226549942,0.9375
4018,4,0.203125,0.17441671823950577,0.011726693234942144,0.9375
4019,4,0.234375,0.1804125464155552,0.011784803021650064,0.9375
4020,4,0.1875,0.1811212917739997,0.01179166383383214,0.9375
4021,4,0.171875,0.18019666259659972,0.01178271287321917,0.9375
4022,4,0.140625,0.17623949633693975,0.011744371976432575,0.9375
4023,4,0.109375,0.16955304670324578,0.011679467320159929,0.9375
4024,4,0.203125,0.1729102420329212,0.011712073832394572,0.9375
4025,4,0.078125,0.1634317178296291,0.011619920145716056,0.9375
4026,4,0.140625,0.1611510460466662,0.011597703739037383,0.9375
4027,4,0.15625,0.16066094144199958,0.011592927426274447,0.9375
4028,4,0.1875,0.1633448472977996,0.011619074224550649,0.9375
4029,4,0.265625,0.17357286256801963,0.011718505080088308,0.9375
4030,4,0.28125,0.18434057631121764,0.011822805200245819,0.9375
4031,4,0.25,0.19090651868009587,0.011886206219385964,0.9375
4032,4,0.359375,0.20775336681208625,0.012048151046393715,0.9375
4033,4,0.34375,0.22135303013087762,0.012178072830041659,0.9375
4034,4,0.609375,0.2601552271177899,0.012544407160614826,0.9375
4035,4,0.578125,0.2919522044060109,0.012839306301120545,0.9375
4036,4,0.578125,0.3205694839654098,0.013100217609258955,0.9375
4037,4,0.53125,0.3416375355688688,0.013289385338479561,0.9375
4038,4,0.453125,0.35278628201198187,0.013388442425549612,0.9375
4039,4,0.453125,0.36282015381078364,0.013476956799175727,0.9375
4040,4,0.40625,0.36716313842970527,0.013515078507119199,0.9375
4041,4,0.375,0.3679468245867347,0.01352194517057888,0.9375
4042,4,0.203125,0.3514646421280613,0.013376738238431246,0.9375
4043,4,0.15625,0.3319431779152552,0.013202657265397393,0.9375
4044,4,0.15625,0.3143738601237297,0.013044109147291634,0.9375
4045,4,0.078125,0.29074897411135675,0.012828240226354079,0.9375
4046,4,0.046875,0.2663615767002211,0.012602360400041144,0.9375
4047,4,0.171875,0.25691291903019897,0.012514058221750134,0.9375
4048,4,0.125,0.2437216271271791,0.012390078873966101,0.9375
4049,4,0.109375,0.23028696441446117,0.012263006383524344,0.9375
4050,4,0.234375,0.23069576797301505,0.01226688470370849,0.9375
4051,4,0.1875,0.22637619117571353,0.012225868757644583,0.9375
4052,4,0.28125,0.23186357205814218,0.012277959700443455,0.9375
4053,4,0.21875,0.23055221485232796,0.012265522896788584,0.9375
4054,4,0.1875,0.22624699336709517,0.012224640755198047,0.9375
4055,4,0.203125,0.22393479403038563,0.012202651803888784,0.9375
4056,4,0.0625,0.20779131462734707,0.012048514602905288,0.9375
4057,4,0.0625,0.19326218316461238,0.011908914640102278,0.9375
4058,4,0.140625,0.18799846484815116,0.011858144987855423,0.9375
4059,4,0.1624999761581421,0.18544861597915024,0.011833515270042939,0.9375
4060,4,0.109375,0.17784125438123521,0.011759897817263365,0.9375
4061,4,0.328125,0.1928696289431117,0.01190513185961385,0.9375
4062,4,0.25,0.1985826660488005,0.011960128211342473,0.9375
4063,4,0.171875,0.19591189944392046,0.011934433290914129,0.9375
4064,4,0.125,0.1888207094995284,0.011866082323234139,0.9375
4065,4,0.125,0.18243863854957554,0.01180441140935083,0.9375
4066,4,0.171875,0.18138227469461798,0.011794189767804926,0.9375
4067,4,0.078125,0.1710565472251562,0.011694074546998,0.9375
4068,4,0.09375,0.16332589250264057,0.011618889644845172,0.9375
4069,4,0.125,0.15949330325237654,0.011581545211092104,0.9375
4070,4,0.203125,0.1638564729271389,0.011624055950131947,0.9375
4071,4,0.171875,0.164658325634425,0.011631861965709991,0.9375
4072,4,0.234375,0.1716299930709825,0.011699643891238376,0.9375
4073,4,0.1875,0.17321699376388425,0.01171505127827138,0.9375
4074,4,0.25,0.18089529438749583,0.011789476317930427,0.9375
4075,4,0.25,0.18780576494874623,0.01185628445581353,0.9375
4076,4,0.25,0.19402518845387162,0.011916265585192647,0.9375
4077,4,0.28125,0.20274766960848445,0.01200014510888357,0.9375
4078,4,0.328125,0.21528540264763601,0.012120199264504148,0.9375
4079,4,0.28125,0.2218818623828724,0.012183109693841773,0.9375
4080,4,0.453125,0.24500617614458514,0.012402186844448753,0.9375
4081,4,0.34375,0.2548805585301266,0.012495009461230371,0.9375
4082,4,0.359375,0.26533000267711393,0.012592740691561828,0.9375
4083,4,0.265625,0.26535950240940254,0.012593015856162331,0.9375
4084,4,0.296875,0.26851105216846227,0.01262238823599122,0.9375
4085,4,0.1875,0.26040994695161607,0.012546789298693508,0.9375
4086,4,0.203125,0.25468145225645444,0.012493142250853673,0.9375
4087,4,0.296875,0.258900807030809,0.012532671332654073,0.9375
4088,4,0.109375,0.24394822632772808,0.01239221530595534,0.9375
4089,4,0.171875,0.23674090369495526,0.012324150434600407,0.9375
4090,4,0.15625,0.22869181332545974,0.012247866328601885,0.9375
4091,4,0.15625,0.22144763199291376,0.012178973950956556,0.9375
4092,4,0.28125,0.22742786879362237,0.012235862137986938,0.9375
4093,4,0.203125,0.22499758191426011,0.012212761682110116,0.9375
4094,4,0.203125,0.2228103237228341,0.012191950011130565,0.9375
4095,4,0.15625,0.2161542913505507,0.012128496034247297,0.9375
4096,4,0.140625,0.20860136221549563,0.012056273860174594,0.9375
4097,4,0.125,0.20024122599394606,0.011976071377318898,0.9375
4098,4,0.09375,0.18959210339455146,0.011873526569459898,0.9375
4099,4,0.203125,0.19094539305509634,0.011886581129763063,0.9375
4100,4,0.125,0.1843508537495867,0.011822904559642373,0.9375
4101,4,0.109375,0.17685326837462803,0.011750322298375563,0.9375
4102,4,0.046875,0.16385544153716525,0.011624045908265587,0.9375
4103,4,0.125,0.15996989738344874,0.011586191592040414,0.9375
4104,4,0.21875,0.16584790764510388,0.011643438750497493,0.9375
4105,4,0.140625,0.1633256168805935,0.011618886960859711,0.9375
4106,4,0.109375,0.15793055519253413,0.011566304864029932,0.9375
4107,4,0.203125,0.16244999967328072,0.011610359063434215,0.9375
4108,4,0.109375,0.15714249970595265,0.011558616696291726,0.9375
4109,4,0.078125,0.1492407497353574,0.011481425296812228,0.9375
4110,4,0.21875,0.15619167476182166,0.011549338057151678,0.9375
4111,4,0.078125,0.1483850072856395,0.011473054616219017,0.9375
4112,4,0.15625,0.14917150655707556,0.011480748054336125,0.9375
4113,4,0.09375,0.143629355901368,0.011426497762715655,0.9375
4114,4,0.15625,0.1448914203112312,0.011438859357788331,0.9375
4115,4,0.078125,0.13821477828010809,0.011373413313628154,0.9375
4116,4,0.140625,0.13845580045209727,0.01137577799387813,0.9375
4117,4,0.1875,0.14336022040688753,0.011423861072876944,0.9375
4118,4,0.0625,0.13527419836619878,0.011344550612140514,0.9375
4119,4,0.1875,0.1404967785295789,0.011395795816782461,0.9375
4120,4,0.078125,0.13425960067662102,0.011334586700037848,0.9375
4121,4,0.15625,0.1364586406089589,0.011356179051846717,0.9375
4122,4,0.109375,0.133750276548063,0.01132958383594531,0.9375
4123,4,0.1875,0.1391252488932567,0.011382345161600567,0.9375
4124,4,0.0625,0.13146272400393103,0.011307105905043422,0.9375
4125,4,0.078125,0.12612895160353793,0.011254643391500084,0.9375
4126,4,0.125,0.12601605644318414,0.01125353219532826,0.9375
4127,4,0.09375,0.12278945079886573,0.011221760408962974,0.9375
4128,4,0.09375,0.11988550571897916,0.011193144357287504,0.9375
4129,4,0.109375,0.11883445514708124,0.01118278218278226,0.9375
4130,4,0.09375,0.11632600963237312,0.011158041363991608,0.9375
4131,4,0.109375,0.1156309086691358,0.011151183020593492,0.9375
4132,4,0.046875,0.10875531780222222,0.011083285609277276,0.9375
4133,4,0.09375,0.107254786022,0.01106845398028023,0.9375
4134,4,0.140625,0.1105918074198,0.011101431361586662,0.9375
4135,4,0.09375,0.10890762667782,0.011084790799622875,0.9375
4136,4,0.125,0.110516864010038,0.011100691013146804,0.9375
4137,4,0.140625,0.11352767760903419,0.011130424439405968,0.9375
4138,4,0.171875,0.11936240984813076,0.011187987544783737,0.9375
4139,4,0.15625,0.12305116886331768,0.011224338440498185,0.9375
4140,4,0.09375,0.12012105197698592,0.011195466222359595,0.9375
4141,4,0.09375,0.11748394677928732,0.011169463912365426,0.9375
4142,4,0.09375,0.11511055210135858,0.01114604810659986,0.9375
4143,4,0.3812499761581421,0.14172449450703692,0.01140783171871899,0.9375
4144,4,0.203125,0.14786454505633323,0.011467962538565375,0.9375
4145,4,0.21875,0.15495309055069992,0.011537247216759035,0.9375
4146,4,0.265625,0.16602028149562992,0.011645115885178399,0.9375
4147,4,0.1875,0.16816825334606691,0.011666006860938374,0.9375
4148,4,0.265625,0.17791392801146022,0.011760602035787724,0.9375
4149,4,0.203125,0.18043503521031418,0.011785020744869062,0.9375
4150,4,0.171875,0.17957903168928277,0.011776732193527196,0.9375
4151,4,0.140625,0.1756836285203545,0.011738981917506585,0.9375
4152,4,0.140625,0.17217776566831905,0.011704962881507066,0.9375
4153,4,0.171875,0.17214748910148714,0.011704668915411822,0.9375
4154,4,0.15625,0.17055774019133843,0.011689229219684157,0.9375
4155,4,0.171875,0.1706894661722046,0.011690508863063909,0.9375
4156,4,0.125,0.16612051955498414,0.011646091121195428,0.9375
4157,4,0.325,0.18200846759948572,0.011800249436434698,0.9375
4158,4,0.21875,0.18568262083953715,0.011835776554339894,0.9375
4159,4,0.203125,0.18742685875558346,0.011852625699907781,0.9375
4160,4,0.325,0.20118417288002513,0.011985130948019791,0.9375
4161,4,0.15625,0.19669075559202262,0.011941929271025943,0.9375
4162,4,0.31250001192092897,0.20827168122491327,0.01205311623408981,0.9375
4163,4,0.171875,0.20463201310242193,0.012018227860327517,0.9375
4164,4,0.09375,0.19354381179217975,0.011911628156218764,0.9375
4165,4,0.03125,0.17731443061296176,0.011754792276671751,0.9375
4166,4,0.046875,0.1642704875516656,0.01162808662638384,0.9375
4167,4,0.078125,0.15565593879649903,0.011544108864611767,0.9375
4168,4,0.078125,0.14790284491684913,0.011468337281772822,0.9375
4169,4,0.03125,0.13623756042516422,0.01135400884652149,0.9375
4170,4,0.109375,0.13355130438264778,0.011327629236771638,0.9375
4171,4,0.09375,0.129571173944383,0.01128850900484215,0.9375
4172,4,0.140625,0.1306765565499447,0.011299377756689521,0.9375
4173,4,0.1875,0.13635890089495023,0.011355199985810393,0.9375
4174,4,0.171875,0.1399105108054552,0.011390046889131986,0.9375
4175,4,0.203125,0.14623195972490965,0.01145198467833505,0.9375
4176,4,0.25,0.1566087637524187,0.01155340856372,0.9375
4177,4,0.203125,0.16126038737717685,0.011598769222630898,0.9375
4178,4,0.15625,0.16075934863945918,0.011593886513194426,0.9375
4179,4,0.171875,0.16187091377551327,0.011604717850839632,0.9375
4180,4,0.25,0.17068382239796195,0.011690454038158389,0.9375
4181,4,0.2249999761581421,0.17611543777397995,0.011743169113734962,0.9375
4182,4,0.109375,0.16944139399658195,0.011678382265630623,0.9375
4183,4,0.125,0.16499725459692377,0.011635160816870351,0.9375
4184,4,0.25,0.1734975291372314,0.011717773984235577,0.9375
4185,4,0.09375,0.16552277622350825,0.011640275081798228,0.9375
4186,4,0.125,0.16147049860115742,0.011600816560313419,0.9375
4187,4,0.234375,0.1687609487410417,0.011671768737984844,0.9375
4188,4,0.203125,0.17219735386693752,0.011705153068767678,0.9375
4189,4,0.171875,0.17216511848024377,0.011704840085770647,0.9375
4190,4,0.1875,0.1736986066322194,0.01171972535886679,0.9375
4191,4,0.25,0.18132874596899745,0.011793671707096377,0.9375
4192,4,0.18750001192092897,0.1819458725641906,0.011799643765670116,0.9375
4193,4,0.265625,0.19031378530777152,0.01188048912828383,0.9375
4194,4,0.15625,0.18690740677699436,0.011847608985239587,0.9375
4195,4,0.15625,0.18384166609929492,0.011817981428690123,0.9375
4196,4,0.234375,0.18889499948936544,0.011866799343461003,0.9375
4197,4,0.171875,0.1871929995404289,0.011850367275624305,0.9375
4198,4,0.03125,0.171598699586386,0.011699339994804674,0.9375
4199,4,0.109375,0.16537632962774737,0.011638849983109042,0.9375
4200,4,0.171875,0.16602619666497262,0.011645173435930679,0.9375
4201,4,0.015625,0.15098607699847535,0.011498491106456437,0.9375
4202,4,0.03125,0.13901246929862782,0.01138123889921857,0.9375
4203,4,0.0625,0.13136122236876505,0.011306108217275247,0.9375
4204,4,0.0,0.11822510013188854,0.011176773447467432,0.953125
4205,4,0.09375,0.11577759011869969,0.011152630372085694,0.953125
4206,4,0.140625,0.11826233110682971,0.011177140599878515,0.953125
4207,4,0.078125,0.11424859799614674,0.01113754093859766,0.953125
4208,4,0.0625,0.10907373819653207,0.011086432337691885,0.953125
4209,4,0.140625,0.11222886437687886,0.01111760040152856,0.953125
4210,4,0.046875,0.10569347793919097,0.011053016574729423,0.953125
4211,4,0.140625,0.10918663014527187,0.011087547918457643,0.953125
4212,4,0.15625,0.11389296713074469,0.01113403050669116,0.953125
4213,4,0.1875,0.12125367041767021,0.011206629023568003,0.953125
4214,4,0.1875,0.1278783033759032,0.011271857742718697,0.953125
4215,4,0.09375,0.12446547303831287,0.011238267056251453,0.953125
4216,4,0.171875,0.1292064257344816,0.011284921911836068,0.953125
4217,4,0.125,0.12878578316103345,0.011280784711844752,0.953125
4218,4,0.125,0.12840720484493012,0.011277060850645833,0.953125
4219,4,0.0625,0.1218164843604371,0.011212174842690657,0.953125
4220,4,0.21875,0.1315098359243934,0.011307568972202742,0.953125
4221,4,0.171875,0.13554635233195406,0.011347222853509293,0.953125
4222,4,0.140625,0.13605421709875865,0.011352208981660835,0.953125
4223,4,0.109375,0.13338629538888278,0.011326008195811612,0.953125
4224,4,0.21875,0.1419226658499945,0.011409774100567318,0.953125
4225,4,0.15625,0.14335539926499505,0.011423813838854432,0.953125
4226,4,0.21875,0.15089485933849556,0.011497599400373426,0.953125
4227,4,0.140625,0.14986787340464602,0.011487558333047647,0.953125
4228,4,0.265625,0.1614435860641814,0.011600554330457471,0.953125
4229,4,0.234375,0.16873672745776327,0.011671533293588936,0.953125
4230,4,0.21875,0.17373805471198694,0.01172010817047398,0.953125
4231,4,0.28125,0.18448924924078824,0.011824242492233008,0.953125
4232,4,0.234375,0.18947782431670943,0.011872423868196662,0.953125
4233,4,0.203125,0.19084254188503846,0.011885589205487693,0.953125
4234,4,0.140625,0.18582078769653462,0.011837111625763397,0.953125
4235,4,0.140625,0.18130120892688117,0.011793405194736348,0.953125
4236,4,0.109375,0.17410858803419305,0.011723703642005201,0.953125
4237,4,0.0625,0.16294772923077375,0.011615206896012016,0.953125
4238,4,0.125,0.15915295630769638,0.011578226693625666,0.953125
4239,4,0.09375,0.15261266067692675,0.011514387809129783,0.953125
4240,4,0.09375,0.14672639460923406,0.011456824439627197,0.953125
4241,4,0.0625,0.13830375514831067,0.011374286288252457,0.953125
4242,4,0.15625,0.1400983796334796,0.011391889228693297,0.953125
4243,4,0.125,0.13858854167013163,0.011377080257474238,0.953125
4244,4,0.1875,0.14347968750311846,0.011425031503399734,0.953125
4245,4,0.046875,0.13381921875280664,0.011330261064227985,0.953125
4246,4,0.171875,0.137624796877526,0.011367624317274106,0.953125
4247,4,0.0625,0.1301123171897734,0.011293830222142672,0.953125
4248,4,0.078125,0.12491358547079606,0.011242679226140322,0.953125
4249,4,0.046875,0.11710972692371646,0.011165772732465433,0.953125
4250,4,0.090625,0.11446125423134482,0.011139639932438453,0.953125
4251,4,0.03125,0.10614012880821035,0.01105743334878198,0.953125
4252,4,0.1781249761581421,0.11333861354320351,0.011128557918607746,0.953125
4253,4,0.11562497615814209,0.11356724980469737,0.011130815102844553,0.953125
4254,4,0.0625,0.10846052482422763,0.011080372180726135,0.953125
4255,4,0.078125,0.10542697234180487,0.011050380996165223,0.953125
4256,4,0.09375,0.10425927510762438,0.01103883144455262,0.953125
4257,4,0.09375,0.10320834759686194,0.011028434451220006,0.953125
4258,4,0.15625,0.10851251283717575,0.01108088598990735,0.953125
4259,4,0.125,0.11016126155345818,0.011097177933198114,0.953125
4260,4,0.046875,0.10383263539811236,0.011034610902366689,0.953125
4261,4,0.015625,0.09501187185830112,0.010947270016290938,0.953125
4262,4,0.140625,0.099573184672471,0.010992454012053626,0.953125
4263,4,0.125,0.1021158662052239,0.011017623976288422,0.953125
4264,4,0.109375,0.10284177958470152,0.011024807405595393,0.953125
4265,4,0.109375,0.10349510162623136,0.011031271578440653,0.953125
4266,4,0.234375,0.11658309146360823,0.011160577630529604,0.953125
4267,4,0.21875,0.12679978231724742,0.011261245544496616,0.953125
4268,4,0.234375,0.13755730408552266,0.011366962007068302,0.953125
4269,4,0.234375,0.1472390736769704,0.011461842047309743,0.953125
4270,4,0.125,0.14501516630927336,0.011440071176850674,0.953125
4271,4,0.15625,0.14613864967834603,0.011451071237675605,0.953125
4272,4,0.125,0.14402478471051144,0.011430371366458662,0.953125
4273,4,0.32812501192092897,0.1624348074315532,0.011610211080392587,0.953125
4274,4,0.125,0.15869132668839786,0.01157372505246493,0.953125
4275,4,0.1875,0.16157219401955808,0.011601807437756118,0.953125
4276,4,0.234375,0.16885247461760228,0.011672658403385152,0.953125
4277,4,0.140625,0.16602972715584205,0.011645207785258307,0.953125
4278,4,0.35937501192092897,0.18536425563235073,0.011832700014044689,0.953125
4279,4,0.2406249761581421,0.19089032768492986,0.011886050069347447,0.953125
4280,4,0.11562497615814209,0.1833637925322511,0.011813360231810621,0.953125
4281,4,0.20312501192092897,0.1853399144711189,0.011832464777066315,0.953125
4282,4,0.4593749761581421,0.2127434206398212,0.012095909088704797,0.953125
4283,4,0.203125,0.21178157857583907,0.01208671133803546,0.953125
4284,4,0.234375,0.21404092071825517,0.012108310739608644,0.953125
4285,4,0.140625,0.20669932864642968,0.012038050648837872,0.953125
4286,4,0.203125,0.2063418957817867,0.012034624535874377,0.953125
4287,4,0.21875,0.20758270620360803,0.012046515973978902,0.953125
4288,4,0.265625,0.21338693558324723,0.012102060722098337,0.953125
4289,4,0.203125,0.2123607420249225,0.01209225011366063,0.953125
4290,4,0.1468749761581421,0.20581216543824446,0.012029545977857317,0.953125
4291,4,0.125,0.19773094889442,0.011951936912732454,0.953125
4292,4,0.203125,0.198270354004978,0.01195712490063944,0.953125
4293,4,0.21875,0.2003183186044802,0.011976812188566837,0.953125
4294,4,0.359375,0.21622398674403218,0.012129161402844797,0.953125
4295,4,0.328125,0.22741408806962896,0.012235731219437109,0.953125
4296,4,0.359375,0.24061017926266604,0.012360720064517229,0.953125
4297,4,0.375,0.25404916133639943,0.012487211424265558,0.953125
4298,4,0.265625,0.2552067452027595,0.012498068025371236,0.953125
4299,4,0.28125,0.25781107068248355,0.012522470160849841,0.953125
4300,4,0.125,0.24452996361423518,0.012397699004615934,0.953125
4301,4,0.28125,0.24820196725281166,0.012432277421113446,0.953125
4302,4,0.265625,0.2499442705275305,0.012448662751570826,0.953125
4303,4,0.125,0.23744984347477743,0.01233085578020136,0.953125
4304,4,0.21875,0.2355798591272997,0.012313164187854875,0.953125
4305,4,0.203125,0.23233437321456973,0.012282422929565025,0.953125
4306,4,0.1875,0.22785093589311275,0.012239880933989816,0.953125
4307,4,0.21875,0.2269408423038015,0.012231234837990868,0.953125
4308,4,0.171875,0.22143425807342135,0.012178846561230392,0.953125
4309,4,0.21875,0.22116583226607922,0.01217628958539668,0.953125
4310,4,0.21875,0.2209242490394713,0.012173988051697249,0.953125
4311,4,0.1468749761581421,0.21351932175133836,0.01210332605162278,0.953125
4312,4,0.140625,0.20622988957620453,0.01203355081652934,0.953125
4313,4,0.25,0.2106069006185841,0.012075473306515436,0.953125
4314,4,0.265625,0.21610871055672567,0.012128060872445,0.953125
4315,4,0.1875,0.2132478395010531,0.012100731184230256,0.953125
4316,4,0.25,0.2169230555509478,0.012135834185790555,0.953125
4317,4,0.21875,0.21710574999585303,0.012137577720859992,0.953125
4318,4,0.1781249761581421,0.21320767261208196,0.012100347238036348,0.953125
4319,4,0.1875,0.21063690535087376,0.012075760427243419,0.953125
4320,4,0.171875,0.2067607148157864,0.0120386390055009,0.953125
4321,4,0.109375,0.19702214333420776,0.011945117973851319,0.953125
4322,4,0.1875,0.19606992900078699,0.011935954404801686,0.953125
4323,4,0.140625,0.1905254361007083,0.011882530710139835,0.953125
4324,4,0.140625,0.18553539249063747,0.011834353849474543,0.953125
4325,4,0.109375,0.1779193532415737,0.011760654606369473,0.953125
4326,4,0.03125,0.16325241791741632,0.011618174146729917,0.953125
4327,4,0.203125,0.1672396761256747,0.011656977428392341,0.953125
4328,4,0.171875,0.16770320851310722,0.01166148513946705,0.953125
4329,4,0.109375,0.16187038766179648,0.011604712725182594,0.953125
4330,4,0.171875,0.16287084889561684,0.011614458140623314,0.953125
4331,4,0.1875,0.16533376400605515,0.01163843575640203,0.953125
4332,4,0.09375,0.15817538760544964,0.011568693031526005,0.953125
4333,4,0.0625,0.1486078488449047,0.011475234606050792,0.953125
4334,4,0.0625,0.13999706396041423,0.011390895686404001,0.953125
4335,4,0.078125,0.1338098575643728,0.011330169108779896,0.953125
4336,4,0.140625,0.13449137180793552,0.011336863059639967,0.953125
4337,4,0.125,0.133542234627142,0.011327540137743846,0.953125
4338,4,0.109375,0.13112551116442778,0.011303791244357994,0.953125
4339,4,0.15625,0.133637960047985,0.011328480509706985,0.953125
4340,4,0.15625,0.1358991640431865,0.011350686770174558,0.953125
4341,4,0.25,0.14730924763886785,0.011462528783832278,0.953125
4342,4,0.1875,0.15132832287498105,0.011501836543042999,0.953125
4343,4,0.28125,0.16432049058748294,0.011628573398643824,0.953125
4344,4,0.23437501192092897,0.17132594272082755,0.011696691068974212,0.953125
4345,4,0.203125,0.17450584844874478,0.011727557949823953,0.953125
4346,4,0.171875,0.1742427636038703,0.011725005501953536,0.953125
4347,4,0.15625,0.1724434872434833,0.011707542737755887,0.953125
4348,4,0.171875,0.17238663851913497,0.01170699082055052,0.953125
4349,4,0.1781249761581421,0.17296047228303568,0.011712561407227389,0.953125
4350,4,0.0625,0.16191442505473214,0.011605141755997866,0.953125
4351,4,0.046875,0.15041048254925893,0.011492863925557229,0.953125
4352,4,0.1781249761581421,0.15318193191014726,0.011519949486408778,0.953125
4353,4,0.046875,0.14255123871913256,0.011415934356026024,0.953125
4354,4,0.078125,0.1361086148472193,0.011352743008756383,0.953125
4355,4,0.109375,0.13343525336249737,0.011326489164155575,0.953125
4356,4,0.15625,0.13571672802624762,0.011348895648690743,0.953125
4357,4,0.09375,0.13152005522362287,0.011307669417829805,0.953125
4358,4,0.15625,0.13399304970126058,0.011331968573181781,0.953125
4359,4,0.125,0.13309374473113453,0.011323134016935563,0.953125
4360,4,0.09375,0.12915937025802107,0.011284459123247263,0.953125
4361,4,0.246875,0.14093093323221897,0.01140005252157416,0.953125
4362,4,0.0625,0.13308783990899709,0.011323076002416409,0.953125
4363,4,0.0,0.11977905591809739,0.011192095000078773,0.96875
4364,4,0.140625,0.12186365032628764,0.01121263956927644,0.96875
4365,4,0.015625,0.11123978529365887,0.011107832073105187,0.96875
4366,4,0.109375,0.11105330676429298,0.011105990136139776,0.96875
4367,4,0.0625,0.10619797608786369,0.01105800534979696,0.96875
4368,4,0.140625,0.10964067847907731,0.011092034476899135,0.96875
4369,4,0.171875,0.11586411063116958,0.011153484073953324,0.96875
4370,4,0.109375,0.11521519956805262,0.011147080824204436,0.96875
4371,4,0.171875,0.12088117961124736,0.01120295818361771,0.96875
4372,4,0.15625,0.12441806165012263,0.011237800209242428,0.96875
4373,4,0.21875,0.13385125548511037,0.011330575761007237,0.96875
4374,4,0.0625,0.12671612993659934,0.011260422318928024,0.96875
4375,4,0.078125,0.1218570169429394,0.011212574210825905,0.96875
4376,4,0.15625,0.12529631524864546,0.011246447241414688,0.96875
4377,4,0.1875,0.13151668372378092,0.011307636279343015,0.96875
4378,4,0.140625,0.13242751535140282,0.01131658778273588,0.96875
4379,4,0.140625,0.13324726381626253,0.011324642300802905,0.96875
4380,4,0.171875,0.1371100374346363,0.011362572648069494,0.96875
4381,4,0.125,0.13589903369117268,0.011350685490435232,0.96875
4382,4,0.140625,0.1363716303220554,0.011355324942021301,0.96875
4383,4,0.109375,0.13367196728984987,0.011328814578812579,0.96875
4384,4,0.125,0.13280477056086487,0.0113202947569872,0.96875
4385,4,0.046875,0.12421179350477839,0.011235769079319882,0.96875
4386,4,0.09375,0.12116561415430055,0.011205761272299957,0.96875
4387,4,0.046875,0.1137365527388705,0.011132486450681553,0.96875
4388,4,0.0625,0.10861289746498345,0.011081878097335443,0.96875
4389,4,0.09375,0.1071266077184851,0.01106718681265487,0.96875
4390,4,0.078125,0.10422644694663659,0.011038506704554576,0.96875
4391,4,0.09375,0.10317880225197293,0.01102814212182736,0.96875
4392,4,0.1875,0.11161092202677564,0.011111497740240797,0.96875
4393,4,0.1937499761581421,0.11982482743991228,0.011192546208287203,0.96875
4394,4,0.203125,0.12815484469592103,0.011274578326225256,0.96875
4395,4,0.2249999761581421,0.13783935784214313,0.011369729733704023,0.96875
4396,4,0.21875001192092897,0.1459304232500217,0.011449032756146671,0.96875
4397,4,0.109375,0.14227488092501953,0.011413226078325563,0.96875
4398,4,0.15625,0.14367239283251756,0.011426919371871212,0.96875
4399,4,0.203125,0.14961765354926582,0.011485111412861584,0.96875
4400,4,0.234375,0.15809338819433924,0.01156789320552565,0.96875
4401,4,0.265625,0.1688465493749053,0.011672600808657285,0.96875
4402,4,0.28125,0.18008689443741477,0.011781650055870382,0.96875
4403,4,0.265625,0.18864070499367327,0.011864344902141144,0.96875
4404,4,0.3125,0.20102663449430594,0.011983617598706196,0.96875
4405,4,0.375,0.21842397104487532,0.012150154053668021,0.96875
4406,4,0.3125,0.2278315739403878,0.012239697027685646,0.96875
4407,4,0.28125,0.23317341654634902,0.012290374742403387,0.96875
4408,4,0.21875,0.23173107489171413,0.012276703444979711,0.96875
4409,4,0.171875,0.22574546740254273,0.012219873170554015,0.96875
4410,4,0.25,0.22817092066228845,0.012242920025267987,0.96875
4411,4,0.1875,0.2241038285960596,0.012204260079573075,0.96875
4412,4,0.1312499761581421,0.21481844335226785,0.01211573913994155,0.96875
4413,4,0.09375,0.20271159901704106,0.011999798830801335,0.96875
4414,4,0.35625,0.21806543911533693,0.01214673422602058,0.96875
4415,4,0.109375,0.20719639520380323,0.01204281436735945,0.96875
4416,4,0.171875,0.20366425568342292,0.012008942666674634,0.96875
4417,4,0.09375,0.19267283011508063,0.011903235228921994,0.96875
4418,4,0.140625,0.18746804710357257,0.011853023443597057,0.96875
4419,4,0.234375,0.19215874239321531,0.01189828008553227,0.96875
4420,4,0.28125,0.20106786815389377,0.011984013707694068,0.96875
4421,4,0.21875,0.2028360813385044,0.012000993841348962,0.96875
4422,4,0.265625,0.20911497320465394,0.012061192281994456,0.96875
4423,4,0.265625,0.21476597588418855,0.012115237945983726,0.96875
4424,4,0.25,0.2182893782957697,0.012148870313448329,0.96875
4425,4,0.375,0.23396044046619274,0.012297830777749222,0.96875
4426,4,0.296875,0.24025189641957345,0.012357336621058186,0.96875
4427,4,0.265625,0.2427892067776161,0.012381285356314626,0.96875
4428,4,0.21875,0.2403852860998545,0.012358596353117158,0.96875
4429,4,0.3499999761581421,0.2513467551056832,0.01246184213999179,0.96875
4430,4,0.203125,0.24652457959511492,0.012416489456141192,0.96875
4431,4,0.1875,0.24062212163560343,0.012360832832445164,0.96875
4432,4,0.203125,0.23687240947204308,0.012325394419193033,0.96875
4433,4,0.109375,0.22412266852483875,0.012204439324242535,0.96875
4434,4,0.09375,0.21108540167235487,0.012080051743402832,0.96875
4435,4,0.109375,0.20091436150511938,0.011982539021286652,0.96875
4436,4,0.0625,0.18707292535460746,0.01184920761971511,0.96875
4437,4,0.09375,0.1777406328191467,0.0117589227492949,0.96875
4438,4,0.21875,0.18184156953723205,0.011798634497265169,0.96875
4439,4,0.1875,0.18240741258350884,0.011804109314852087,0.96875
4440,4,0.28125,0.19229167132515795,0.011899561442005144,0.96875
4441,4,0.506249976158142,0.22368750180845637,0.012200298731694252,0.96875
4442,4,0.33749998807907106,0.23506875043551784,0.01230832600973848,0.96875
4443,4,0.3187499761581421,0.24343687300778025,0.012387393815240118,0.96875
4444,4,0.568749976158142,0.2759681833228164,0.012691694521518635,0.96875
4445,4,0.2249999761581421,0.270871362606349,0.012644354536586364,0.96875
4446,4,0.125,0.2562842263457141,0.012508167729151238,0.96875
4447,4,0.125,0.24315580371114265,0.012384743144117378,0.96875
4448,4,0.21875,0.2407152233400284,0.012361711939634566,0.96875
4449,4,0.046875,0.22133120100602557,0.012177864893544093,0.96875
4450,4,0.109375,0.210135580905423,0.012070962693666712,0.96875
4451,4,0.109375,0.2000595228148807,0.011974325235363603,0.96875
4452,4,0.109375,0.19099107053339262,0.011887021643274725,0.96875
4453,4,0.0625,0.17814196348005337,0.011762811617125633,0.96875
4454,4,0.03125,0.16345276713204804,0.011620125114406972,0.96875
4455,4,0.140625,0.16116999041884325,0.011597888346351495,0.96875
4456,4,0.140625,0.15911549137695893,0.011577861373921456,0.96875
4457,4,0.15625,0.15882894223926305,0.011575067096888199,0.96875
4458,4,0.09375,0.15232104801533675,0.011511538434347782,0.96875
4459,4,0.203125,0.15740144321380306,0.01156114312456472,0.96875
4460,4,0.09375,0.15103629889242276,0.011498982044497117,0.96875
4461,4,0.140625,0.1499951690031805,0.01148880309710615,0.96875
4462,4,0.109375,0.14593315210286245,0.011449059471688394,0.96875
4463,4,0.1937499761581421,0.15071483450839043,0.011495839480683317,0.96875
4464,4,0.203125,0.1559558510575514,0.011547036344317538,0.96875
4465,4,0.265625,0.16692276595179625,0.011653895174943264,0.96875
4466,4,0.25,0.17523048935661661,0.011734587211783117,0.96875
4467,4,0.046875,0.16239494042095498,0.011609822744431586,0.96875
4468,4,0.078125,0.1539679463788595,0.011527627123552793,0.96875
4469,4,0.0625,0.14482115174097354,0.011438171212945587,0.96875
4470,4,0.109375,0.1412765365668762,0.011403440647510879,0.96875
4471,4,0.09375,0.13652388291018858,0.011356819469686572,0.96875
4472,4,0.234375,0.1463089946191697,0.01145273877788648,0.96875
4473,4,0.1875,0.15042809515725272,0.011493036125963356,0.96875
4474,4,0.125,0.14788528564152748,0.011468165474381651,0.96875
4475,4,0.03125,0.13622175707737472,0.011353853710002543,0.96875
4476,4,0.109375,0.13353708136963724,0.01132748951332511,0.96875
4477,4,0.2625,0.14643337323267352,0.011453956292532064,0.96875
4478,4,0.109375,0.14272753590940618,0.011417661939489456,0.96875
4479,4,0.140625,0.14251728231846558,0.011415601598236822,0.96875
4480,4,0.1875,0.147015554086619,0.011459654545703921,0.96875
4481,4,0.1875,0.1510639986779571,0.011499252817232632,0.96875
4482,4,0.109375,0.14689509881016138,0.01145847563631462,0.96875
4483,4,0.109375,0.14314308892914523,0.011421733713171664,0.96875
4484,4,0.1875,0.1475787800362307,0.01146516635104721,0.96875
4485,4,0.078125,0.14063340203260763,0.011397135408639784,0.96875
4486,4,0.109375,0.13750756182934687,0.011366473875951877,0.96875
4487,4,0.21875,0.14563180564641218,0.011446109154307915,0.96875
4488,4,0.234375,0.15450612508177097,0.011532882886195191,0.96875
4489,4,0.171875,0.15624301257359388,0.011549839107906731,0.96875
4490,4,0.078125,0.1484312113162345,0.011473506627682263,0.96875
4491,4,0.140625,0.14765059018461105,0.011465869029562798,0.96875
4492,4,0.046875,0.13757303116614997,0.011367116338803877,0.96875
4493,4,0.09375,0.13319072804953497,0.011324086859178765,0.96875
4494,4,0.125,0.13237165524458147,0.011316038860441054,0.96875
4495,4,0.078125,0.12694698972012333,0.011262694174743798,0.96875
4496,4,0.109375,0.12518979074811099,0.011245398532462553,0.96875
4497,4,0.15625,0.12829581167329987,0.011275965070284713,0.96875
4498,4,0.125,0.1279662305059699,0.011272722781056309,0.96875
4499,4,0.1875,0.1339196074553729,0.011331247173351938,0.96875
4500,4,0.21875001192092897,0.1424026479019285,0.011414478207756755,0.96875
4501,4,0.2249999761581421,0.15066238072754984,0.011495326675572784,0.96875
4502,4,0.34375001192092897,0.16997114384688775,0.01168353007716227,0.96875
4503,4,0.3812499761581421,0.19109902707801318,0.01188806274579437,0.96875
4504,4,0.1875,0.19073912437021187,0.011884591780438585,0.96875
4505,4,0.3187499761581421,0.20354020954900487,0.012007752238837984,0.96875
4506,4,0.1312499761581421,0.19631118620991858,0.011938276447135118,0.96875
4507,4,0.09375,0.18605506758892673,0.011839375258244909,0.96875
4508,4,0.109375,0.17838706083003406,0.011765186323857108,0.96875
4509,4,0.171875,0.17773585474703066,0.01175887644677919,0.96875
4510,4,0.2249999761581421,0.1824622668881418,0.01180463999860984,0.96875
4511,4,0.140625,0.17827854019932762,0.011764134911169611,0.96875
4512,4,0.1875,0.17920068617939486,0.01177306792753561,0.96875
4513,4,0.234375,0.18471811756145537,0.01182645491884143,0.96875
4514,4,0.1875,0.18499630580530982,0.011829143862724396,0.96875
4515,4,0.203125,0.18680917522477886,0.011846660185402242,0.96875
4516,4,0.31250001192092897,0.19937825889439387,0.011967777270406876,0.96875
4517,4,0.203125,0.1997529330049545,0.011971378666484183,0.96875
4518,4,0.1875,0.19852763970445905,0.011959599083878586,0.96875
4519,4,0.0625,0.18492487573401314,0.011828453451831446,0.96875
4520,4,0.325,0.19893238816061184,0.011963490834991906,0.96875
4521,4,0.078125,0.18685164934455067,0.011847070439053614,0.96875
4522,4,0.2625,0.1944164844100956,0.011920034575190877,0.96875
4523,4,0.15625,0.19059983596908603,0.01188324833203917,0.96875
4524,4,0.29375,0.2009148523721774,0.011982543737023389,0.96875
4525,4,0.140625,0.19488586713495967,0.011924554955237164,0.96875
4526,4,0.140625,0.18945978042146372,0.011872249754793571,0.96875
4527,4,0.2562499761581421,0.19613879999513156,0.011936617293611737,0.96875
4528,4,0.21875001192092897,0.19839992118771133,0.011958370912254783,0.96875
4529,4,0.1875,0.19730992906894018,0.011947886792859701,0.96875
4530,4,0.265625,0.20414143616204616,0.012013521449264406,0.96875
4531,4,0.125,0.19622729254584154,0.011937469015508078,0.96875
4532,4,0.125,0.1891045632912574,0.011868821870603159,0.96875
4533,4,0.265625,0.19675660696213165,0.011942562943483117,0.96875
4534,4,0.1875,0.1958309462659185,0.011933654039872383,0.96875
4535,4,0.15625,0.19187285163932663,0.01189552404829595,0.96875
4536,4,0.234375,0.19612306647539396,0.011936465858788358,0.96875
4537,4,0.265625,0.20307325982785457,0.012003270552442444,0.96875
4538,4,0.3125,0.21401593384506912,0.012108071976219627,0.96875
4539,4,0.4124999761581421,0.2338643380763764,0.012296920476066349,0.96875
4540,4,0.3499999761581421,0.24547790188455298,0.012406631388459462,0.96875
4541,4,0.43750001192092897,0.2646801128881906,0.012586677648597904,0.96875
4542,4,0.140625,0.25227460159937154,0.0124705562750984,0.96875
4543,4,0.4749999761581421,0.2745471390552486,0.012678508621838707,0.96875
4544,4,0.2,0.26709242514972376,0.012609172636674524,0.96875
4545,4,0.15625,0.2560081826347514,0.012505580769481587,0.96875
4546,4,0.109375,0.24134486437127625,0.012367656271395496,0.96875
4547,4,0.125,0.2297103779341486,0.012257535086769147,0.96875
4548,4,0.109375,0.21767684014073374,0.012143027011786003,0.96875
4549,4,0.125,0.2084091561266604,0.012054432996326525,0.96875
4550,4,0.125,0.20006824051399436,0.01197440901408618,0.96875
4551,4,0.21875,0.20193641646259494,0.011992355863579891,0.96875
4552,4,0.03125,0.18486777481633543,0.01182790152711159,0.96875
4553,4,0.046875,0.1710684973347019,0.01169419061831019,0.96875
4554,4,0.0625,0.16021164760123172,0.011588548179360274,0.96875
4555,4,0.09375,0.15356548284110855,0.011523696167394062,0.96875
4556,4,0.046875,0.14289643455699771,0.01141931694165669,0.96875
4557,4,0.078125,0.13641929110129794,0.011355792791955558,0.96875
4558,4,0.2874999761581421,0.15152735960698235,0.011503781959191129,0.96875
4559,4,0.1937499761581421,0.15574962126209832,0.011545023339586959,0.96875
4560,4,0.234375,0.1636121591358885,0.01162167715705404,0.96875
4561,4,0.41875,0.18912594322229964,0.011869028202158528,0.96875
4562,4,0.2249999761581421,0.19271334651588387,0.011903625713645264,0.96875
4563,4,0.15625,0.18906701186429548,0.011868459468608266,0.96875
4564,4,0.1875,0.18891031067786593,0.011866947119066606,0.96875
4565,4,0.171875,0.18720677961007934,0.01185050035787984,0.96875
4566,4,0.09375,0.1778611016490714,0.011760090142094096,0.96875
4567,4,0.140625,0.17413749148416427,0.011723984087446817,0.96875
4568,4,0.203125,0.17703624233574783,0.011752095924746438,0.96875
4569,4,0.265625,0.18589511810217305,0.011837829833654355,0.96875
4570,4,0.28125,0.19543060629195572,0.011929800029827122,0.96875
4571,4,0.265625,0.20245004566276015,0.011997287766269706,0.96875
4572,4,0.075,0.18970504109648414,0.011874616281134032,0.96875
4573,4,0.234375,0.19417203698683574,0.011917680106842425,0.96875
4574,4,0.25,0.19975483328815216,0.011971396930795825,0.96875
4575,4,0.3812499761581421,0.21790434757515115,0.012145197496006883,0.96875
4576,4,0.4124999761581421,0.23736391043345023,0.012330043119977346,0.96875
4577,4,0.21875001192092897,0.23550252058219812,0.012312432171065984,0.96875
4578,4,0.265625,0.2385147685239783,0.012340923965852497,0.96875
4579,4,0.265625,0.24122579167158045,0.012366532262444406,0.96875
4580,4,0.21875,0.23897821250442242,0.01234530396633665,0.96875
4581,4,0.09375,0.22445539125398017,0.01220760463088751,0.96875
4582,4,0.325,0.23450985212858216,0.012303034146145937,0.96875
4583,4,0.10625,0.22168386691572395,0.012181224021692317,0.96875
4584,4,0.078125,0.20732798022415155,0.012044075272041708,0.96875
4585,4,0.125,0.1990951822017364,0.011965055963435065,0.96875
4586,4,0.171875,0.19637316398156274,0.01193887293315958,0.96875
4587,4,0.109375,0.18767334758340645,0.011855005879009197,0.96875
4588,4,0.15625,0.18453101282506582,0.011824646226660665,0.96875
4589,4,0.25,0.19107791154255924,0.011887859116853859,0.96875
4590,4,0.09375,0.1813451203883033,0.011793830182750507,0.96875
4591,4,0.125,0.175710608349473,0.011739243555713064,0.96875
4592,4,0.234375,0.1815770475145257,0.011796074730460309,0.96875
4593,4,0.203125,0.18373184276307314,0.011816919471362326,0.96875
4594,4,0.15625,0.18098365848676584,0.011790331649218807,0.96875
4595,4,0.109375,0.17382279263808925,0.011720930465726084,0.96875
4596,4,0.203125,0.17675301337428034,0.011749350445725518,0.96875
4597,4,0.15625,0.1747027120368523,0.011729467767647817,0.96875
4598,4,0.203125,0.17754494083316708,0.011757026307549845,0.96875
4599,4,0.3499999761581421,0.1947904443656646,0.01192363605442361,0.96875
4600,4,0.234375,0.19874889992909814,0.011961726629285468,0.96875
4601,4,0.21875,0.20074900993618833,0.011980950444324548,0.96875
4602,4,0.28125001192092897,0.20879911013466237,0.01205816764933065,0.96875
4603,4,0.125,0.20041919912119616,0.011977781552448061,0.96875
4604,4,0.203125,0.20068977920907655,0.01198038137348964,0.96875
4605,4,0.15625,0.1962458012881689,0.011937647154506396,0.96875
4606,4,0.2249999761581421,0.19912121877516623,0.011965306274009165,0.96875
4607,4,0.1312499761581421,0.1923340945134638,0.011899970362890767,0.96875
4608,4,0.109375,0.18403818506211742,0.01181988159977983,0.96875
4609,4,0.109375,0.17657186655590568,0.011747594356950539,0.96875
4610,4,0.1937499761581421,0.1782896775161293,0.011764242818001078,0.96875
4611,4,0.1312499761581421,0.17358570738033058,0.011718629734529584,0.96875
4612,4,0.15625,0.17185213664229754,0.011701801072869967,0.96875
4613,4,0.125,0.1671669229780678,0.011656269863304295,0.96875
4614,4,0.1624999761581421,0.16670022829607523,0.011651730591019453,0.96875
4615,4,0.2,0.1700302054664677,0.011684103947972842,0.96875
4616,4,0.203125,0.17333968491982094,0.011716242076380315,0.96875
4617,4,0.28125,0.18413071642783882,0.011820776252267066,0.96875
4618,4,0.234375,0.18915514478505494,0.011869310015364043,0.96875
4619,4,0.171875,0.18742713030654945,0.01185262832221499,0.96875
4620,4,0.4437499761581421,0.2130594148917087,0.01209893001999024,0.96875
4621,4,0.54375,0.24612847340253782,0.01241275934046236,0.96875
4622,4,0.15625,0.23714062606228403,0.012327931389774394,0.96875
4623,4,0.171875,0.23061406345605562,0.01226610963022662,0.96875
4624,4,0.109375,0.21849015711045006,0.012150785306446135,0.96875
4625,4,0.078125,0.20445364139940506,0.01201651673685744,0.96875
4626,4,0.140625,0.19807077725946456,0.011955205502875526,0.96875
4627,4,0.234375,0.20170119953351812,0.011990096957404297,0.96875
4628,4,0.15625,0.19715607958016632,0.011946406628167492,0.96875
4629,4,0.28125001192092897,0.20556547281424256,0.012027180547329241,0.96875
4630,4,0.21875,0.2068839255328183,0.012039819876026215,0.96875
4631,4,0.25,0.21119553297953647,0.01208110538275437,0.96875
4632,4,0.15625,0.20570097968158282,0.012028479894283767,0.96875
4633,4,0.046875,0.18981838171342455,0.011875709834060805,0.96875
4634,4,0.078125,0.1786490435420821,0.011767724402804958,0.96875
4635,4,0.171875,0.1779716391878739,0.01176116125302318,0.96875
4636,4,0.203125,0.18048697526908652,0.011785523591138198,0.96875
4637,4,0.09375,0.17181327774217786,0.011701423735404184,0.96875
4638,4,0.21875,0.1765069499679601,0.011746965010016638,0.96875
4639,4,0.1875,0.17760625497116408,0.01175762051398599,0.96875
4640,4,0.25,0.18484562947404767,0.011827687472077162,0.96875
4641,4,0.28125001192092897,0.19448606771873578,0.011920704747207786,0.96875
4642,4,0.21875,0.1969124609468622,0.011944062625621766,0.96875
4643,4,0.506249976158142,0.2278462124679902,0.012239836069464965,0.96875
4644,4,0.34375001192092897,0.23943659241328408,0.012349635169891314,0.96875
4645,4,0.125,0.22799293317195568,0.012241229622892709,0.96875
4646,4,0.203125,0.2255061398547601,0.0122175977109417,0.96875
4647,4,0.078125,0.2107680258692841,0.012077015101306817,0.96875
4648,4,0.140625,0.2037537232823557,0.012009801219443825,0.96875
4649,4,0.15625,0.19900335095412014,0.011964173095160353,0.96875
4650,4,0.125,0.19160301585870815,0.011892922509793423,0.96875
4651,4,0.203125,0.19275521427283732,0.011904029215999139,0.96875
4652,4,0.125,0.1859796928455536,0.011838647002262868,0.96875
4653,4,0.140625,0.18144422356099826,0.011794789307739783,0.96875
4654,4,0.171875,0.18048730120489845,0.011785526746584719,0.96875
4655,4,0.109375,0.17337607108440858,0.011716595218323767,0.96875
4656,4,0.078125,0.16385096397596774,0.011624002313589923,0.96875
4657,4,0.10625,0.15809086757837096,0.011567868618996528,0.96875
4658,4,0.078125,0.15009428082053386,0.01148977223249829,0.96875
4659,4,0.125,0.1475848527384805,0.01146522577438229,0.96875
4660,4,0.125,0.14532636746463246,0.01144311851468787,0.96875
4661,4,0.125,0.1432937307181692,0.011423209649812433,0.96875
4662,4,0.109375,0.13990185764635227,0.011389962029428553,0.96875
4663,4,0.2562499761581421,0.15153666949753125,0.011503872952667644,0.96875
4664,4,0.16875,0.15325800254777813,0.011520692609999408,0.96875
4665,4,0.2562499761581421,0.16355719990881454,0.011621142013394108,0.96875
4666,4,0.1312499761581421,0.1603264775337473,0.011589667481098125,0.96875
4667,4,0.203125,0.16460632978037254,0.011631355849233539,0.96875
4668,4,0.078125,0.1559581968023353,0.011547059240344937,0.96875
4669,4,0.1624999761581421,0.156612374737916,0.01155344380219618,0.96875
4670,4,0.15625,0.15657613726412442,0.011553090170250134,0.96875
4671,4,0.21875,0.16279352353771198,0.011613705032305974,0.96875
4672,4,0.046875,0.1512016711839408,0.011500598569045282,0.96875
4673,4,0.109375,0.14701900406554672,0.011459688310426652,0.96875
4674,4,0.0625,0.13856710365899205,0.011376869942139304,0.96875
4675,4,0.1312499761581421,0.13783539090890706,0.011369690808610477,0.96875
4676,4,0.09375,0.13342685181801636,0.011326406626932291,0.96875
4677,4,0.03125,0.12320916663621473,0.011225894704170309,0.96875
4678,4,0.0625,0.11713824997259326,0.011166054085661903,0.96875
4679,4,0.03125,0.10854942497533393,0.011081250797334555,0.96875
4680,4,0.1375,0.11144448247780053,0.011109853876750252,0.96875
4681,4,0.2,0.12030003423002048,0.011197230428062319,0.96875
4682,4,0.1624999761581421,0.12452002842283263,0.011238804241461172,0.96875
4683,4,0.1875,0.13081802558054936,0.011300768536036416,0.96875
4684,4,0.078125,0.12554872302249442,0.011248932026078575,0.96875
4685,4,0.15625,0.12861885072024498,0.011279142736101744,0.96875
4686,4,0.234375,0.13919446564822047,0.011383024096174539,0.96875
4687,4,0.25,0.1502750190833984,0.011491539454088569,0.96875
4688,4,0.109375,0.14618501717505855,0.011451525146412412,0.96875
4689,4,0.078125,0.1393790154575527,0.011384834248176504,0.96875
4690,4,0.046875,0.13012861391179745,0.011293990460959233,0.96875
4691,4,0.0625,0.12336575252061771,0.011227437001390301,0.96875
4692,4,0.109375,0.12196667726855595,0.011213654675955826,0.96875
4693,4,0.171875,0.12695750954170035,0.011262797695545302,0.96875
4694,4,0.046875,0.11894925858753032,0.011183914141111908,0.96875
4695,4,0.078125,0.11486683272877729,0.011143642856482103,0.96875
4696,4,0.046875,0.10806764945589956,0.011076489118997517,0.96875
4697,4,0.09375,0.1066358845103096,0.011062335214749853,0.96875
4698,4,0.1375,0.10972229605927863,0.011092840912294477,0.96875
4699,4,0.140625,0.11281256645335076,0.011123364139464909,0.96875
4700,4,0.3187499761581421,0.1334063074238299,0.011326204796927782,0.96875
4701,4,0.3812499761581421,0.1581906742972611,0.011568842136340756,0.96875
4702,4,0.203125,0.16268410686753498,0.011612639339373516,0.96875
4703,4,0.4124999761581421,0.1876656937965957,0.011854931974740033,0.96875
4704,4,0.2874999761581421,0.19764912203275034,0.01195114980805234,0.96875
4705,4,0.25000001192092897,0.2028842110215682,0.01200145586271836,0.96875
4706,4,0.3499999761581421,0.2175957875352256,0.01214225369623437,0.96875
4707,4,0.15625,0.21146120878170305,0.012083646936014256,0.96875
4708,4,0.28125001192092897,0.21844008909562562,0.012150307782006039,0.96875
4709,4,0.203125,0.21690858018606307,0.012135696035068701,0.96875
4710,4,0.60625,0.25584272216745674,0.012504029975536566,0.96875
4711,4,0.1875,0.24900844995071106,0.01243986364531869,0.96875
4712,4,0.1937499761581421,0.24348260257145415,0.01238782504192143,0.96875
4713,4,0.29375,0.24850934231430874,0.012435169113177855,0.96875
4714,4,0.3187499761581421,0.2555334056986921,0.012501130532932857,0.96875
4715,4,0.2,0.24998006512882287,0.012448999232373035,0.96875
4716,4,0.2,0.24498205861594058,0.012401959584869577,0.96875
4717,4,0.09375,0.22985885275434653,0.012258944118064335,0.96875
4718,4,0.171875,0.22406046747891187,0.012203847532595756,0.96875
4719,4,0.171875,0.21884192073102068,0.012154139967171105,0.96875
4720,4,0.1875,0.2157077286579186,0.012124232317356194,0.96875
4721,4,0.1624999761581421,0.21038695340794095,0.012073368482587204,0.96875
4722,4,0.125,0.20184825806714685,0.01199150925907299,0.96875
4723,4,0.03125,0.18478843226043215,0.011827134600556547,0.96875
4724,4,0.09375,0.17568458903438894,0.011738991232180349,0.96875
4725,4,0.078125,0.16592863013095005,0.011644224162671817,0.96875
4726,4,0.109375,0.16027326711785503,0.011589148819051797,0.96875
4727,4,0.1875,0.16299594040606952,0.01161567642632703,0.96875
4728,4,0.234375,0.17013384636546258,0.011685110944687785,0.96875
4729,4,0.203125,0.1734329617289163,0.011717147355414832,0.96875
4730,4,0.203125,0.17640216555602467,0.011745949126320574,0.96875
4731,4,0.234375,0.1821994490004222,0.011802097291765044,0.96875
4732,4,0.1937499761581421,0.1833545017161942,0.011813270378574799,0.96875
4733,4,0.3812499761581421,0.20314404916038897,0.012003950027714181,0.96875
4734,4,0.45,0.22782964424435007,0.012239678698699727,0.96875
4735,4,0.2249999761581421,0.22754667743572926,0.0122369908010362,0.96875
4736,4,0.2562499761581421,0.23041700730797054,0.012264240178604181,0.96875
4737,4,0.43750001192092897,0.2511253077692664,0.012459761765096425,0.96875
4738,4,0.3187499761581421,0.257887774608154,0.012523188380607618,0.96875
4739,4,0.31250001192092897,0.2633489983394315,0.01257425286799347,0.96875
4740,4,0.2874999761581421,0.2657640961213026,0.012596789359252833,0.96875
4741,4,0.1875,0.2579376865091723,0.012523655717421924,0.96875
4742,4,0.140625,0.2462064178582551,0.012413493396568337,0.96875
4743,4,0.078125,0.22939827607242957,0.012254572921150708,0.96875
4744,4,0.16875,0.22333344846518663,0.012196929344278034,0.96875
4745,4,0.140625,0.21506260361866797,0.012118071327350877,0.96875
4746,4,0.296875,0.2232438432568012,0.012196076523348922,0.96875
4747,4,0.25000001192092897,0.22591946012321396,0.012221527293080103,0.96875
4748,4,0.203125,0.22364001411089257,0.01219984684028519,0.96875
4749,4,0.1937499761581421,0.22065101031561754,0.012171384648619521,0.96875
4750,4,0.140625,0.2126484092840558,0.012095000693980569,0.96875
4751,4,0.09375,0.2007585683556502,0.01198104227746409,0.96875
4752,4,0.1875,0.19943271152008518,0.011968300706195404,0.96875
4753,4,0.125,0.1919894403680767,0.011896648020275584,0.96875
4754,4,0.1875,0.19154049633126902,0.011892319709105656,0.96875
4755,4,0.203125,0.19269894669814214,0.011903486933280224,0.96875
4756,4,0.34375001192092897,0.2078040532204208,0.01204863664287897,0.96875
4757,4,0.171875,0.20421114789837871,0.01201419029422778,0.96875
4758,4,0.31250001192092897,0.21504003430063373,0.012117855758246547,0.96875
4759,4,0.28125,0.22166103087057035,0.012181006524949967,0.96875
4760,4,0.15625,0.21511992778351333,0.012118618845434226,0.96875
4761,4,0.234375,0.217045435005162,0.012137002122890548,0.96875
4762,4,0.15625,0.21096589150464579,0.012078908320758622,0.96875
4763,4,0.234375,0.2133068023541812,0.012101294785051116,0.96875
4764,4,0.1875,0.21072612211876307,0.012076614137555388,0.96875
4765,4,0.125,0.20215350990688674,0.011994440532972904,0.96875
4766,4,0.203125,0.2022506589161981,0.011995373361123494,0.96875
4767,4,0.21875,0.2039005930245783,0.012011210550146631,0.96875
4768,4,0.140625,0.19757303372212048,0.011950417880791372,0.96875
4769,4,0.109375,0.18875323034990843,0.011865431021553829,0.96875
4770,4,0.09375,0.17925290731491758,0.011773573717083916,0.96875
4771,4,0.15625,0.17695261658342581,0.011751285327117238,0.96875
4772,4,0.09375,0.16863235492508324,0.011670518712496664,0.96875
4773,4,0.2874999761581421,0.18051911704838913,0.01178583476004236,0.96875
4774,4,0.140625,0.17652970534355023,0.011747185618212606,0.96875
4775,4,0.1312499761581421,0.1720017324250094,0.011703253668868811,0.96875
4776,4,0.09375,0.16417655918250845,0.011627172225985676,0.96875
4777,4,0.16875,0.16463390326425761,0.01163162424467335,0.96875
4778,4,0.046875,0.15285801293783186,0.011516784974259864,0.96875
4779,4,0.09375,0.14694721164404867,0.011458985675588845,0.96875
4780,4,0.09375,0.1416274904796438,0.0114068808915657,0.96875
4781,4,0.078125,0.1352772414316794,0.011344580492652741,0.96875
4782,4,0.0625,0.12799951728851147,0.011273050255623742,0.96875
4783,4,0.03125,0.11832456555966032,0.011177754316330883,0.96875
4784,4,0.1624999761581421,0.1227421066195085,0.011221294031530606,0.96875
4785,4,0.2625,0.13671789595755765,0.011358723832997793,0.96875
4786,4,0.125,0.13554610636180187,0.011347220438451504,0.96875
4787,4,0.171875,0.13917899572562167,0.011382872355642096,0.96875
4788,4,0.25,0.1502610961530595,0.011491403321922798,0.96875
4789,4,0.25000001192092897,0.16023498772984643,0.011588775689955652,0.96875
4790,4,0.125,0.15671148895686177,0.011554411011369631,0.96875
4791,4,0.171875,0.1582278400611756,0.011569204644384245,0.96875
4792,4,0.109375,0.15334255605505803,0.011521518581400499,0.96875
4793,4,0.125,0.1505083004495522,0.011493820290476485,0.96875
4794,4,0.15625,0.151082470404597,0.01149943338199996,0.96875
4795,4,0.125,0.1484742233641373,0.01147392740662467,0.96875
4796,4,0.2625,0.15987680102772356,0.011585284038162223,0.96875
4797,4,0.03125,0.1470141209249512,0.011459640519432499,0.96875
4798,4,0.015625,0.13387520883245607,0.011330811052953813,0.96875
4799,4,0.046875,0.12517518794921048,0.011245254769131779,0.96875
4800,4,0.125,0.12515766915428944,0.011245082297374805,0.96875
4801,4,0.10625,0.1232669022388605,0.011226463379561893,0.96875
4802,4,0.23125,0.13406521201497446,0.011332677386897973,0.96875
4803,4,0.23125,0.143783690813477,0.011428009672991287,0.96875
4804,4,0.203125,0.14971782173212927,0.011486090987461943,0.96875
4805,4,0.15625,0.15037103955891634,0.01149247828381648,0.96875
4806,4,0.171875,0.1525214356030247,0.01151349646736809,0.96875
4807,4,0.15625,0.15289429204272223,0.011517139416854335,0.96875
4808,4,0.140625,0.15166736283845,0.011505150302915249,0.96875
4809,4,0.2249999761581421,0.1590006241704192,0.011576741279433936,0.96875
4810,4,0.171875,0.1602880617533773,0.011589293028839629,0.96875
4811,4,0.09375,0.15363425557803956,0.011524367921100547,0.96875
4812,4,0.15625,0.1538958300202356,0.011526922781603553,0.96875
4813,4,0.171875,0.15569374701821204,0.011544477930164972,0.96875
4814,4,0.1875,0.15887437231639082,0.011575510124030354,0.96875
4815,4,0.15625,0.15861193508475174,0.011572950788964647,0.96875
4816,4,0.078125,0.15056324157627657,0.01149435743722744,0.96875
4817,4,0.171875,0.15269441741864892,0.01151518661680563,0.96875
4818,4,0.125,0.14992497567678403,0.011488116715264448,0.96875
4819,4,0.09375,0.14430747810910563,0.011433140350403093,0.96875
4820,4,0.078125,0.13768923029819508,0.011368256594305261,0.96875
4821,4,0.0625,0.13017030726837556,0.01129440041113027,0.96875
4822,4,0.078125,0.12496577654153801,0.011243193073899867,0.96875
4823,4,0.109375,0.12340669888738422,0.01122784029404469,0.96875
4824,4,0.078125,0.1188785289986458,0.011183216753216332,0.96875
4825,4,0.1937499761581421,0.12636567371459542,0.011256973280230407,0.96875
4826,4,0.0625,0.11997910634313588,0.011194067028298458,0.96875
4827,4,0.078125,0.1157936957088223,0.011152789287972814,0.96875
4828,4,0.046875,0.10890182613794007,0.011084733476778763,0.96875
4829,4,0.046875,0.10269914352414607,0.01102339600443843,0.96875
4830,4,0.0,0.09242922917173146,0.010921669129008764,0.96875
4831,4,0.09375,0.09256130625455831,0.0109229786642837,0.96875
4832,4,0.125,0.09580517562910248,0.010955131276825096,0.96875
4833,4,0.1624999761581421,0.10247465568200645,0.011021174586515286,0.96875
4834,4,0.109375,0.10316469011380582,0.01102800249200368,0.96875
4835,4,0.15625,0.10847322110242523,0.011080497661421254,0.96875
4836,4,0.171875,0.11481339899218271,0.011143115504593903,0.96875
4837,4,0.109375,0.11426955909296445,0.011137747836707831,0.96875
4838,4,0.140625,0.116905103183668,0.011163754255843013,0.96875
4839,4,0.125,0.1177145928653012,0.011171738767608979,0.96875
4840,4,0.140625,0.12000563357877107,0.011194328517583648,0.96875
4841,4,0.109375,0.11894257022089397,0.011183848194870038,0.96875
4842,4,0.2249999761581421,0.1295483108146188,0.011288284168745784,0.96875
4843,4,0.140625,0.1306559797331569,0.011299175462134645,0.96875
4844,4,0.046875,0.12227788175984121,0.011216720765860767,0.96875
4845,4,0.04375,0.1144250935838571,0.011139283020962487,0.96875
4846,4,0.0625,0.10923258422547139,0.011088002021722861,0.96875
4847,4,0.0625,0.10455932580292424,0.011041799478308318,0.96875
4848,4,0.125,0.1066033932226318,0.011062013967588468,0.96875
4849,4,0.171875,0.11313055390036862,0.011126503773346457,0.96875
4850,4,0.09375,0.11119249851033175,0.01110736500629412,0.96875
4851,4,0.15625,0.11569824865929858,0.011151847491297114,0.96875
4852,4,0.15625,0.11975342379336872,0.011191842320616324,0.96875
4853,4,0.078125,0.11559058141403185,0.011150785090453278,0.96875
4854,4,0.078125,0.11184402327262867,0.011113799895048187,0.96875
4855,4,0.10625,0.1112846209453658,0.011108274924779069,0.96875
4856,4,0.0625,0.10640615885082921,0.01106006382859244,0.96875
4857,4,0.29375,0.12514054296574628,0.011244913690082861,0.96875
4858,4,0.109375,0.12356398866917166,0.011229389449053136,0.96875
4859,4,0.29375,0.1405825898022545,0.011396637201282919,0.96875
4860,4,0.0,0.12652433082202905,0.0112585347526169,0.96875
4861,4,0.0625,0.12012189773982615,0.011195474559115848,0.96875
4862,4,0.125,0.12060970796584354,0.011200282664744847,0.96875
4863,4,0.078125,0.11636123716925918,0.01115838891371914,0.96875
4864,4,0.1624999761581421,0.12097511106814747,0.011203883894823907,0.96875
4865,4,0.140625,0.12294009996133272,0.011223244385884918,0.96875
4866,4,0.03125,0.11377108996519945,0.011132827392123625,0.96875
4867,4,0.1375,0.1161439809686795,0.01115624545064959,0.96875
4868,4,0.48125,0.15265458287181155,0.011514797414165714,0.96875
4869,4,0.125,0.14988912458463038,0.011487766141666102,0.96875
4870,4,0.29375,0.16427521212616733,0.01162813261976655,0.96875
4871,4,0.078125,0.1556601909135506,0.011544150371934587,0.96875
4872,4,0.1875,0.15884417182219554,0.011575215614150945,0.96875
4873,4,0.109375,0.15389725463997597,0.01152693669564881,0.96875
4874,4,0.15625,0.1541325291759784,0.011529234503320497,0.96875
4875,4,0.075,0.14621927625838055,0.011451860517444996,0.96875
4876,4,0.03125,0.13472234863254248,0.011339131477556798,0.96875
4877,4,0.0,0.12125011376928824,0.011206593974900645,0.96875
4878,4,0.140625,0.1231876023923594,0.0112256823018833,0.96875
4879,4,0.09375,0.12024384215312346,0.011196676557919234,0.96875
4880,4,0.109375,0.11915695793781111,0.011185961971994101,0.96875
4881,4,0.109375,0.11817876214403,0.01117631648196222,0.96875
4882,4,0.109375,0.117298385929627,0.011167633642324195,0.96875
4883,4,0.140625,0.1196310473366643,0.011190635921889817,0.96875
4884,4,0.1875,0.12641794260299788,0.011257487707344766,0.96875
4885,4,0.109375,0.1247136483426981,0.011240710681299733,0.96875
4886,4,0.234375,0.1356797835084283,0.011348532923832054,0.96875
4887,4,0.09375,0.13148680515758548,0.011307342601507534,0.96875
4888,4,0.125,0.13083812464182693,0.01130096612537386,0.96875
4889,4,0.109375,0.12869181217764422,0.01127986040597813,0.96875
4890,4,0.125,0.12832263095987978,0.011276228895834817,0.96875
4891,4,0.125,0.12799036786389179,0.01127296024408057,0.96875
4892,4,0.29375,0.1445663310775026,0.011435675620393817,0.96875
4893,4,0.2562499761581421,0.15573469558556657,0.01154487764538962,0.96875
4894,4,0.09375,0.14953622602700992,0.011484315087306187,0.96875
4895,4,0.15625,0.15020760342430892,0.011490880288764438,0.96875
4896,4,0.171875,0.15237434308187803,0.011512059204235502,0.96875
4897,4,0.1875,0.1558869087736902,0.011546363414407457,0.96875
4898,4,0.203125,0.1606107178963212,0.011592437930713795,0.96875
4899,4,0.109375,0.15548714610668907,0.011542461139555498,0.96875
4900,4,0.1937499761581421,0.15931342911183438,0.011579791411467212,0.96875
4901,4,0.109375,0.15431958620065095,0.01153106127691706,0.96875
4902,4,0.109375,0.14982512758058586,0.01148714033107266,0.96875
4903,4,0.234375,0.15828011482252727,0.011569714515660787,0.96875
4904,4,0.234375,0.16588960334027456,0.011643844443116507,0.96875
4905,4,0.15625,0.1649256430062471,0.011634463839958904,0.96875
4906,4,0.325,0.1809330787056224,0.011789842059247919,0.96875
4907,4,0.125,0.17533977083506014,0.011735647125939283,0.96875
4908,4,0.21875,0.17968079375155413,0.011777717672311972,0.96875
4909,4,0.09375,0.17108771437639872,0.01169437727228684,0.96875
4910,4,0.15625,0.16960394293875886,0.011679961922441319,0.96875
4911,4,0.203125,0.17295604864488295,0.011712518468207379,0.96875
4912,4,0.0625,0.16191044378039468,0.011605102968997099,0.96875
4913,4,0.09375,0.1550943994023552,0.011538626882191786,0.96875
4914,4,0.171875,0.15677245946211968,0.011555005979128362,0.96875
4915,4,0.265625,0.1676577135159077,0.011661042745194847,0.96875
4916,4,0.1624999761581421,0.16714193978013114,0.011656026883785012,0.96875
4917,4,0.125,0.16292774580211805,0.011615012274560646,0.96875
4918,4,0.078125,0.15444747122190625,0.011532310124520608,0.96875
4919,4,0.03125,0.1421277240997156,0.01141178387036805,0.96875
4920,4,0.03125,0.13103995168974403,0.011302950184243231,0.96875
4921,4,0.109375,0.12887345652076962,0.011281647053735577,0.96875
4922,4,0.09375,0.12536111086869267,0.011247085125615819,0.96875
4923,4,0.15625,0.1284499997818234,0.011277481818354277,0.96875
4924,4,0.09375,0.12497999980364105,0.011243333108026844,0.96875
4925,4,0.09375,0.12185699982327694,0.011212574042146446,0.96875
4926,4,0.046875,0.11435879984094925,0.011138628683293447,0.96875
4927,4,0.03125,0.10604791985685433,0.011056521560865491,0.96875
4928,4,0.1624999761581421,0.11169312548698311,0.01111230961178377,0.96875
4929,4,0.09375,0.1098988129382848,0.011094584965989687,0.96875
4930,4,0.0625,0.1051589316444563,0.011047730087556749,0.96875
4931,4,0.03125,0.09776803848001069,0.010974577167441726,0.96875
4932,4,0.125,0.10049123463200961,0.011001543256249403,0.96875
4933,4,0.109375,0.10137961116880866,0.011010337124807913,0.96875
4934,4,0.078125,0.09905415005192779,0.01098731452465721,0.96875
4935,4,0.2,0.109148735046735,0.011087173448011632,0.96875
4936,4,0.09375,0.10760886154206149,0.01107195418187159,0.96875
4937,4,0.29375,0.12622297538785535,0.011255568817857282,0.96875
4938,4,0.0625,0.1198506778490698,0.01119280103523466,0.96875
4939,4,0.03125,0.11099061006416283,0.011105370833994196,0.96875
4940,4,0.09375,0.10926654905774655,0.011088337648223635,0.96875
4941,4,0.2874999761581421,0.1270898917677861,0.011264100385583372,0.96875
4942,4,0.0625,0.12063090259100748,0.011200491557001018,0.96875
4943,4,0.09375,0.11794281233190673,0.011173989568158684,0.96875
4944,4,0.03125,0.10927353109871607,0.011088406641572924,0.96875
4945,4,0.09375,0.10772117798884447,0.011073064426844562,0.96875
4946,4,0.109375,0.10788656018996003,0.011074699176610534,0.96875
4947,4,0.3875,0.135847904170964,0.01135018351958761,0.96875
4948,4,0.2562499761581421,0.14788811136968183,0.011468193122563235,0.96875
4949,4,0.203125,0.15341180023271367,0.011522194985892362,0.96875
4950,4,0.29375,0.1674456202094423,0.011658980257379959,0.96875
4951,4,0.203125,0.17101355818849806,0.011693656990965251,0.96875
4952,4,0.234375,0.17734970236964825,0.011755134130904885,0.96875
4953,4,0.2562499761581421,0.18523972974849764,0.01183149655336831,0.96875
4954,4,0.1312499761581421,0.1798407543894621,0.011779266682586997,0.96875
4955,4,0.0625,0.1681066789505159,0.011665408201301432,0.96875
4956,4,0.171875,0.1684835110554643,0.011669071774691562,0.96875
4957,4,0.140625,0.1656976599499179,0.011641976817721835,0.96875
4958,4,0.09375,0.1585028939549261,0.011571887338105533,0.96875
4959,4,0.03125,0.14577760455943348,0.01144753662340042,0.96875
4960,4,0.078125,0.13901234410349014,0.01138123767115216,0.96875
4961,4,0.03125,0.12823610969314111,0.011275377766010822,0.96875
4962,4,0.046875,0.120099998723827,0.011195258698109277,0.96875
4963,4,0.046875,0.1127774988514443,0.011123017887427438,0.96875
4964,4,0.078125,0.10931224896629986,0.011088789232005361,0.96875
4965,4,0.0,0.09838102406966988,0.010980648438467614,0.96875
4966,4,0.078125,0.09635542166270289,0.010960583252466738,0.96875
4967,4,0.078125,0.0945323794964326,0.010942517903023119,0.96875
4968,4,0.0625,0.09132914154678934,0.010910760600707486,0.96875
4969,4,0.109375,0.09313372739211041,0.01092865381124068,0.96875
4970,4,0.0625,0.09007035465289936,0.010898275721498039,0.96875
4971,4,0.078125,0.08887581918760944,0.010886425487904897,0.96875
4972,4,0.09375,0.08936323726884848,0.010891261160521531,0.96875
4973,4,0.09375,0.08980191354196364,0.010895612906736785,0.96875
4974,4,0.21875001192092897,0.10269672337986016,0.011023372056460883,0.96875
4975,4,0.2562499761581421,0.11805204865768835,0.011175066862083699,0.96875
4976,4,0.0,0.10624684379191952,0.011058488554208669,0.96875
4977,4,0.09375,0.10499715941272757,0.011046130096492643,0.96875
4978,4,0.046875,0.0991849434714548,0.010988609692508686,0.96875
4979,4,0.109375,0.10020394912430933,0.010998699136707337,0.96875
4980,4,0.0,0.0901835542118784,0.010899398571601228,0.96875
4981,4,0.03125,0.08429019879069057,0.010840911417538244,0.96875
4982,4,0.109375,0.08679867891162152,0.010865813530980435,0.96875
4983,4,0.125,0.09061881102045936,0.010903715761712054,0.96875
4984,4,0.15625,0.09718192991841343,0.010968771419491164,0.96875
4985,4,0.3499999761581421,0.1224637345423863,0.01121855173844014,0.96875
4986,4,0.1875,0.12896736108814766,0.011282570663346514,0.96875
4987,4,0.15625,0.13169562497933288,0.011309395053334743,0.96875
4988,4,0.171875,0.1357135624813996,0.011348864569206042,0.96875
4989,4,0.140625,0.13620470623325964,0.011353686326458109,0.96875
4990,4,0.109375,0.1335217356099337,0.011327338759694348,0.96875
4991,4,0.109375,0.13110706204894032,0.011303609888879674,0.96875
4992,4,0.046875,0.12268385584404629,0.011220720208141867,0.96875
4993,4,0.03125,0.11354047025964166,0.011130550731008501,0.96875
4994,4,0.109375,0.1131239232336775,0.01112643830806938,0.96875
4995,4,0.0625,0.10806153091030973,0.011076428642536485,0.96875
4996,4,0.046875,0.10194287781927876,0.011015911976268826,0.96875
4997,4,0.140625,0.10581109003735087,0.011054179639955548,0.96875
4998,4,0.125,0.10772998103361578,0.011073151443568286,0.96875
