step,task_id,gap,gap_ema,mu,best_mem
6,0,0.0,0.0,0.01,0.46875
7,0,0.075,0.007499999999999998,0.010074998593781638,0.46875
8,0,0.10312498807907104,0.0170624988079071,0.010170608432053972,0.546875
9,0,0.19687498807907106,0.035043747735023494,0.010350294094536595,0.546875
10,0,0.45312501192092897,0.07685187415361402,0.010767009296307237,0.546875
11,0,0.03125,0.07229168673825263,0.010721660152017521,0.546875
12,0,0.06562502384185791,0.07162502044861316,0.010715027890559973,0.546875
13,0,0.015625,0.06602501840375184,0.010659292443819975,0.546875
14,0,0.09375,0.06879751656337665,0.010686891798634949,0.546875
15,0,0.015625,0.063480264907039,0.010633951323897406,0.546875
16,0,0.0,0.05713223841633509,0.010570701578296463,0.546875
17,0,0.121875,0.06360651457470158,0.010635208736601563,0.546875
18,0,0.046875,0.061933363117231424,0.010618542976352152,0.546875
19,0,0.15625001192092897,0.07136502799760118,0.010712441210522313,0.59375
20,0,0.0,0.06422852519784106,0.010641403499759592,0.59375
21,0,0.0,0.05780567267805695,0.01057741372815741,0.59375
22,0,0.109375,0.06296260541025125,0.010628795364625616,0.59375
23,0,0.2687500238418579,0.08354134725341192,0.010833475388984921,0.59375
24,0,0.203125,0.09549971252807073,0.010952104424256412,0.59375
25,0,0.109375,0.09688724127526366,0.010965852106863365,0.59375
26,0,0.11250002384185791,0.09844851953192309,0.010981316897819346,0.59375
27,0,0.171875,0.10579116757873078,0.011053982628927908,0.59375
28,0,0.08125002384185791,0.1033370532050435,0.01102970787753748,0.59375
29,0,0.140625,0.10706584788453914,0.01106658613028391,0.59375
30,0,0.08125002384185791,0.10448426548027101,0.01104105701592053,0.59375
31,0,0.03125,0.09716083893224392,0.010968562488629754,0.59375
32,0,0.0,0.08744475503901954,0.01087222550068546,0.625
33,0,0.14999998807907106,0.09370027834302469,0.010934270165420742,0.625
34,0,0.0,0.08433025050872223,0.010841309101193755,0.65625
35,0,0.03125001192092895,0.0790222266499429,0.010788581513768972,0.71875
36,0,0.0,0.07112000398494862,0.010710003364632806,0.765625
37,0,0.0,0.06400800358645377,0.01063920732484279,0.78125
38,0,0.0,0.05760720322780839,0.0105754356281148,0.90625
39,0,0.10625,0.06247148290502755,0.010623903407074371,0.90625
40,0,0.0,0.05622433461452479,0.010561651644303022,0.921875
41,0,0.015625,0.05216440115307232,0.010521171373157499,0.921875
42,0,0.1468749761581421,0.06163545865357929,0.010615575274806707,0.921875
43,0,0.0625,0.06172191278822136,0.010616436535535678,0.921875
44,0,0.046875,0.060237221509399225,0.010601644697218582,0.921875
45,0,0.0,0.0542134993584593,0.010541604486973404,0.921875
46,0,0.153125,0.06410464942261337,0.010640169828441754,0.921875
47,0,0.0,0.05769418448035204,0.010576302556122059,0.953125
48,0,0.046875,0.05661226603231683,0.010565518636635782,0.953125
49,0,0.09375,0.06032603942908514,0.010602529656685608,0.953125
50,0,0.340625,0.08835593548617662,0.010881267263514034,0.953125
51,0,0.125,0.09202034193755897,0.010917614838010238,0.953125
52,0,0.109375,0.09375580774380307,0.010934820609628889,0.953125
53,0,0.109375,0.09531772696942277,0.010950301034485119,0.953125
54,0,0.09375,0.09516095427248049,0.010948747442086985,0.953125
55,0,0.278125,0.11345735884523243,0.011129730232000262,0.953125
56,0,0.0625,0.1083616229607092,0.011079394695515181,0.953125
57,0,0.015625,0.09908796066463828,0.010987649333841923,0.953125
58,0,0.109375,0.10011666459817445,0.010997834989673666,0.953125
59,0,0.046875,0.09479249813835701,0.010945095918800543,0.953125
60,0,0.153125,0.1006257483245213,0.011002874882307546,0.953125
61,0,0.0,0.09056317349206917,0.010903163927583132,0.953125
62,0,0.0625,0.08775685614286224,0.010875322683366771,0.953125
63,0,0.03125,0.08210617052857602,0.010819221625542205,0.953125
64,0,0.078125,0.08170805347571843,0.01081526704483921,0.953125
65,0,0.184375,0.09197474812814659,0.01091716273710117,0.953125
66,0,0.09375,0.09215227331533192,0.010918923027096983,0.953125
67,0,0.278125,0.11074954598379871,0.011102989584071086,0.953125
68,0,0.15625,0.11529959138541884,0.011147913630085993,0.953125
69,0,0.09375,0.11314463224687696,0.011126642770033786,0.953125
70,0,0.0625,0.10808016902218925,0.011076612863690207,0.953125
71,0,0.090625,0.10633465211997033,0.011059356791389507,0.953125
72,0,0.059375,0.1016386869079733,0.01101290136906016,0.953125
73,0,0.09375,0.10084981821717597,0.011005092995343477,0.953125
74,0,0.046875,0.09545233639545837,0.010951634955472855,0.953125
75,0,0.046875,0.09059460275591254,0.01090347565563558,0.953125
76,0,0.059375,0.08747264248032129,0.010872502252811935,0.953125
77,0,0.0,0.07872537823228916,0.01078563142046016,0.96875
78,0,0.1312499761581421,0.08397783802487445,0.01083780981654159,0.96875
79,0,0.09375,0.084955054222387,0.010847512587765434,0.96875
80,0,0.2625,0.10270954880014829,0.011023498967303274,0.96875
81,0,0.171875,0.10962609392013346,0.01109189037034616,0.96875
82,0,0.140625,0.1127259845281201,0.011122509238079701,0.96875
83,0,0.125,0.1139533860753081,0.011134626922021149,0.96875
84,0,0.0625,0.10880804746777728,0.011083806715088807,0.96875
85,0,0.2,0.11792724272099955,0.011173836017652925,0.96875
86,0,0.0625,0.1123845184488996,0.011119137473826798,0.96875
87,0,0.046875,0.10583356660400964,0.01105440190728648,0.96875
88,0,0.09375,0.10462520994360867,0.011042451164531307,0.96875
89,0,0.109375,0.10510018894924782,0.011047149105440444,0.96875
90,0,0.09375,0.10396517005432303,0.011035922044171555,0.96875
91,0,0.1375,0.10731865304889072,0.011069085355218958,0.96875
92,0,0.15625,0.11221178774400166,0.011117431767801769,0.96875
93,0,0.3499999761581421,0.1359906065854157,0.011351584502142804,0.96875
94,0,0.25000001192092897,0.14739154711896701,0.011463334165157307,0.96875
95,0,0.078125,0.14046489240707033,0.011395483166366925,0.96875
96,0,0.075,0.1339184031663633,0.011331235343886335,0.96875
97,0,0.1375,0.13427656284972697,0.01133475330022236,0.96875
98,0,0.015625,0.12241140656475427,0.01121803622539288,0.96875
99,0,0.109375,0.12110776590827885,0.011205191196190544,0.96875
100,0,0.0625,0.11524698931745098,0.011147394537676866,0.96875
101,0,0.125,0.11622229038570588,0.011157018068608911,0.96875
102,0,0.046875,0.10928756134713528,0.011088545281781454,0.96875
103,0,0.0625,0.10460880521242175,0.011042288899651366,0.96875
104,0,0.125,0.10664792469117958,0.011062454257604316,0.96875
105,0,0.0625,0.10223313222206162,0.011018784479020166,0.96875
106,0,0.046875,0.09669731899985547,0.01096397056690239,0.96875
107,0,0.16875,0.10390258709986992,0.011035302926606667,0.96875
108,0,0.09375,0.10288732838988293,0.01102525810786991,0.96875
109,0,0.1624999761581421,0.10884859316670885,0.011084207407669314,0.96875
110,0,0.125,0.11046373385003797,0.011100166145306773,0.96875
111,0,0.075,0.10691736046503417,0.011065118124867709,0.96875
112,0,0.21875,0.11810062441853074,0.011175545909703098,0.96875
113,0,0.125,0.11879056197667766,0.011182349389370674,0.96875
114,0,0.078125,0.11472400577900989,0.011142233244576881,0.96875
115,0,0.046875,0.1079391052011089,0.01107521855495374,0.96875
116,0,0.046875,0.10183269468099801,0.011014821504433947,0.96875
117,0,0.075,0.0991494252128982,0.010988257980062165,0.96875
118,0,0.1375,0.10298448269160838,0.01102621942889348,0.96875
119,0,0.046875,0.09737353442244755,0.010970669446848108,0.96875
120,0,0.0625,0.0938861809802028,0.010936112933054118,0.96875
121,0,0.015625,0.08606006288218251,0.010858482272282699,0.96875
122,0,0.015625,0.07901655659396425,0.010788525165782548,0.96875
123,0,0.078125,0.07892740093456783,0.010787639146410788,0.96875
124,0,0.0625,0.07728466084111105,0.010771311559117433,0.96875
125,0,0.078125,0.07736869475699995,0.010772146893501517,0.96875
126,0,0.046875,0.07431932528129996,0.010741827960650485,0.96875
127,0,0.078125,0.07469989275316996,0.010745612585380662,0.96875
128,0,0.0625,0.07347990347785296,0.010733479418821799,0.96875
129,0,0.09375,0.07550691313006766,0.010753637439192623,0.96875
130,0,0.075,0.0754562218170609,0.010753133403248833,0.96875
131,0,0.23125,0.0910355996353548,0.010907849452705736,0.96875
132,0,0.0625,0.08818203967181931,0.01087954178425034,0.96875
133,0,0.09375,0.08873883570463738,0.010885066400060033,0.96875
134,0,0.046875,0.08455245213417364,0.010843515348714961,0.96875
135,0,0.078125,0.08390970692075628,0.010837133283934238,0.96875
136,0,0.23125,0.09864373622868064,0.010983250228692475,0.96875
137,0,0.046875,0.09346686260581258,0.010931956331575447,0.96875
138,0,0.140625,0.09818267634523131,0.01097868399757136,0.96875
139,0,0.1375,0.10211440871070818,0.011017609552273218,0.96875
140,0,0.04375,0.09627796783963737,0.010959815855348711,0.96875
141,0,0.0,0.08665017105567363,0.010864339566119539,0.984375
142,0,0.046875,0.08267265395010627,0.010824848179975017,0.984375
143,0,0.215625,0.09596788855509564,0.010956743537108552,0.984375
144,0,0.3656249761581421,0.12293359731540028,0.011223180332382999,0.984375
145,0,0.078125,0.11845273758386025,0.011179018238677894,0.984375
146,0,0.109375,0.11754496382547423,0.011170065733561165,0.984375
147,0,0.090625,0.1148529674429268,0.01114350601687368,0.984375
148,0,0.046875,0.10805517069863413,0.01107636577733354,0.984375
149,0,0.090625,0.10631215362877072,0.01105913433081084,0.984375
150,0,0.0625,0.10193093826589364,0.011015793812845669,0.984375
151,0,0.09375,0.10111284443930427,0.011007696617451119,0.984375
152,0,0.059375,0.09693905999537385,0.01096636545748027,0.984375
153,0,0.078125,0.09505765399583646,0.01094772372757334,0.984375
154,0,0.046875,0.09023938859625281,0.010899952396120549,0.984375
155,0,0.0625,0.08746544973662754,0.01087243087288514,0.984375
156,0,0.090625,0.08778140476296478,0.010875566288154058,0.984375
157,0,0.078125,0.0868157642866683,0.010865983103703828,0.984375
158,0,0.078125,0.08594668785800147,0.010857356866738537,0.984375
159,0,0.03125,0.08047701907220133,0.010803037301554493,0.984375
160,0,0.121875,0.08461681716498118,0.01084415441586375,0.984375
161,0,0.046875,0.08084263544848307,0.010806669781041231,0.984375
162,0,0.0625,0.07900837190363477,0.010788443827727836,0.984375
163,0,0.0625,0.07735753471327131,0.01077203595834253,0.984375
164,0,0.078125,0.07743428124194418,0.010772798844711159,0.984375
165,0,0.03125,0.07281585311774977,0.010726874319860856,0.984375
166,0,0.0625,0.0717842678059748,0.010716612204322027,0.984375
167,0,0.03125,0.06773084102537733,0.010676274597291072,0.984375
168,0,0.078125,0.06877025692283958,0.010686620487886924,0.984375
169,0,0.109375,0.07283073123055563,0.010727022314749302,0.984375
170,0,0.0625,0.07179765810750005,0.010716745419573204,0.984375
171,0,0.046875,0.06930539229675005,0.0106919464165906,0.984375
172,0,0.046875,0.06706235306707505,0.01066961999097527,0.984375
173,0,0.078125,0.06816861776036753,0.010680632213750057,0.984375
174,0,0.0625,0.06760175598433078,0.010674989639340353,0.984375
175,0,0.0625,0.06709158038589771,0.010669910953067492,0.984375
176,0,0.121875,0.07256992234730794,0.010724427962135172,0.984375
177,0,0.15625,0.08093793011257715,0.010807616519424046,0.984375
178,0,0.403125,0.11315663710131943,0.011126761294612994,0.984375
179,0,0.3343749761581421,0.1352784710070017,0.01134459256610945,0.984375
180,0,0.109375,0.13268812390630152,0.011319148606386194,0.984375
181,0,0.0625,0.12566931151567137,0.011250119083357225,0.984375
182,0,0.078125,0.12091488036410424,0.011203290312935456,0.984375
183,0,0.15625,0.12444839232769381,0.011238098867783968,0.984375
184,0,0.0625,0.11825355309492444,0.01117705403600401,0.984375
185,0,0.046875,0.111115697785432,0.011106606410339653,0.984375
186,0,0.078125,0.10781662800688879,0.011074007926601322,0.984375
187,0,0.125,0.10953496520619992,0.011090989938839071,0.984375
188,0,0.125,0.11108146868557993,0.011106268309680001,0.984375
189,0,0.15625,0.11559832181702194,0.011150861469348681,0.984375
190,0,0.1781249761581421,0.12185098725113395,0.011212514800431839,0.984375
191,0,0.140625,0.12372838852602056,0.011231008567514453,0.984375
192,0,0.078125,0.1191680496734185,0.01118607132914727,0.984375
193,0,0.09375,0.11662624470607665,0.011161003348337188,0.984375
194,0,0.046875,0.10965112023546898,0.01109213764912492,0.984375
195,0,0.059375,0.10462350821192208,0.011042434332139393,0.984375
196,0,0.03125,0.09728615739072988,0.010969803901848802,0.984375
197,0,0.046875,0.0922450416516569,0.010919842869076728,0.984375
198,0,0.184375,0.10145803748649121,0.011011113376222032,0.984375
199,0,0.046875,0.09599973373784208,0.010957059072999643,0.984375
200,0,0.046875,0.09108726036405787,0.010908361799760546,0.984375
201,0,0.059375,0.08791603432765209,0.010876902247122748,0.984375
202,0,0.09375,0.08849943089488688,0.010882691055273926,0.984375
203,0,0.215625,0.1012119878053982,0.011008677973766836,0.984375
204,0,0.046875,0.09577828902485838,0.010954864862898284,0.984375
205,0,0.0625,0.09245046012237254,0.010921879634589206,0.984375
206,0,0.125,0.09570541411013529,0.010954142753221034,0.984375
207,0,0.121875,0.09832237269912175,0.010980067561756133,0.984375
208,0,0.03125,0.09161513542920958,0.010913596742820924,0.984375
209,0,0.046875,0.08714112188628863,0.010869212189168984,0.984375
210,0,0.125,0.09092700969765977,0.01090677249259689,0.984375
211,0,0.2093749761581421,0.102771806343708,0.01102411501702275,0.984375
212,0,0.090625,0.1015571257093372,0.011012094118334249,0.984375
213,0,0.109375,0.10233891313840349,0.011019831297666266,0.984375
214,0,0.1468749761581421,0.10679251944037735,0.01106388386113786,0.984375
215,0,0.109375,0.10705076749633961,0.011066437041716096,0.984375
216,0,0.1468749761581421,0.11103318836251987,0.011105791412591333,0.984375
217,0,0.109375,0.11086736952626788,0.011104153470117258,0.984375
218,0,0.078125,0.1075931325736411,0.011071798699318616,0.984375
219,0,0.125,0.10933381931627699,0.01108900237792151,0.984375
220,0,0.1468749761581421,0.1130879350004635,0.011126082990711687,0.984375
221,0,0.109375,0.11271664150041716,0.011122416984952628,0.984375
222,0,0.184375,0.11988247735037544,0.01119311450470725,0.984375
223,0,0.0625,0.1141442296153379,0.011136510747824624,0.984375
224,0,0.125,0.11522980665380411,0.011147224972828225,0.984375
225,0,0.0625,0.10995682598842371,0.011095158142212957,0.984375
226,0,0.09375,0.10833614338958134,0.01107914286771813,0.984375
227,0,0.03125,0.10062752905062321,0.011002892510467457,0.984375
228,0,0.125,0.10306477614556088,0.011027013900970013,0.984375
229,0,0.0,0.0927582985310048,0.01092493176994415,0.984375
230,0,0.03125,0.08660746867790432,0.010863915730999317,0.984375
231,0,0.0625,0.0841967218101139,0.01083998325049578,0.984375
232,0,0.090625,0.0848395496291025,0.010846365827047913,0.984375
233,0,0.03125,0.07948059466619226,0.010793136524856478,0.984375
234,0,0.03125,0.07465753519957304,0.010745191363332532,0.984375
235,0,0.0625,0.07344178167961574,0.010733100250701864,0.984375
236,0,0.0625,0.07234760351165417,0.010722216405397798,0.984375
237,0,0.0625,0.07136284316048877,0.010712419473044124,0.984375
238,0,0.0625,0.0704765588444399,0.010703601058000006,0.984375
239,0,0.109375,0.07436640295999591,0.010742296145076307,0.984375
240,0,0.046875,0.07161726266399632,0.010714950709299278,0.984375
241,0,0.215625,0.08601803639759668,0.010858065103249485,0.984375
242,0,0.0625,0.08366623275783702,0.010834715555552448,0.984375
243,0,0.078125,0.08311210948205332,0.010829212677372777,0.984375
244,0,0.046875,0.07948839853384798,0.010793214072570605,0.984375
245,0,0.046875,0.07622705868046319,0.010760797602793328,0.984375
246,0,0.015625,0.07016685281241686,0.010700519262757963,0.984375
247,0,0.046875,0.06783766753117518,0.010677337968981047,0.984375
248,0,0.03125,0.06417890077805766,0.010640909295530084,0.984375
249,0,0.121875,0.06994851070025189,0.010698346523080318,0.984375
250,0,0.121875,0.07514115963022669,0.010750000577787138,0.984375
251,0,0.0,0.06762704366720403,0.010675241363604685,0.984375
252,0,0.046875,0.06555183930048362,0.010654581073673128,0.984375
253,0,0.015625,0.06055915537043526,0.010604852320345613,0.984375
254,0,0.03125,0.05762823983339174,0.010575645297339746,0.984375
255,0,0.046875,0.056552915850052565,0.010564927030914254,0.984375
256,0,0.109375,0.06183512426504731,0.01061756434046021,0.984375
257,0,0.046875,0.060339111838542576,0.010602659906094235,0.984375
258,0,0.09375,0.06368020065468832,0.010635942620804414,0.984375
259,0,0.3343749761581421,0.09074967820503368,0.01090501373024827,0.984375
260,0,0.125,0.09417471038453032,0.010938972865726475,0.984375
261,0,0.09375,0.09413223934607728,0.010938551898207643,0.984375
262,0,0.109375,0.09565651541146956,0.010953658215654862,0.984375
263,0,0.09375,0.0954658638703226,0.010951769004988508,0.984375
264,0,0.046875,0.09060677748329034,0.010903596408992173,0.984375
265,0,0.03125,0.08467109973496131,0.010844693370935472,0.984375
266,0,0.09375,0.08557898976146518,0.010853706798915426,0.984375
267,0,0.03125,0.08014609078531866,0.010799749271963333,0.984375
268,0,0.1781249761581421,0.089943979322601,0.010897022151187413,0.984375
269,0,0.125,0.09344958139034089,0.010931785020092033,0.984375
270,0,0.109375,0.0950421232513068,0.010947569814842333,0.984375
271,0,0.078125,0.09335041092617612,0.010930801916580187,0.984375
272,0,0.15625,0.0996403698335585,0.010993119241724879,0.984375
273,0,0.078125,0.09748883285020266,0.010971811554930154,0.984375
274,0,0.059375,0.0936774495651824,0.010934043869794106,0.984375
275,0,0.046875,0.08899720460866416,0.010887629791290104,0.984375
276,0,0.215625,0.10165998414779774,0.011013112155972489,0.984375
277,0,0.215625,0.11305648573301796,0.01112577248490263,0.984375
278,0,0.140625,0.11581333715971616,0.011152983091845044,0.984375
279,0,0.0625,0.11048200344374454,0.011100346629592375,0.984375
280,0,0.03125,0.10255880309937009,0.011022007278659748,0.984375
281,0,0.03125,0.09542792278943309,0.01095139302976894,0.984375
282,0,0.090625,0.09494763051048978,0.010946633363447152,0.984375
283,0,0.153125,0.1007653674594408,0.011004257011988504,0.984375
284,0,0.015625,0.09225133071349671,0.010919905227534672,0.984375
285,0,0.0625,0.08927619764214703,0.01089039767152008,0.984375
286,0,0.03125,0.08347357787793233,0.010832802399241104,0.984375
287,0,0.090625,0.0841887200901391,0.010839903797821477,0.984375
288,0,0.046875,0.08045734808112519,0.010802841859856081,0.984375
289,0,0.0625,0.07866161327301266,0.010784997703373558,0.984375
290,0,0.078125,0.0786079519457114,0.010784464394580338,0.984375
291,0,0.03125,0.07387215675114026,0.010737380736195328,0.984375
292,0,0.046875,0.07117244107602623,0.010710525090221879,0.984375
293,0,0.109375,0.07499269696842362,0.010748524285779467,0.984375
294,0,0.0625,0.07374342727158126,0.010736100428666292,0.984375
295,0,0.203125,0.08668158454442314,0.010864651353312388,0.984375
296,0,0.140625,0.09207592608998082,0.010918165996442639,0.984375
297,0,0.403125,0.12318083348098274,0.011225615629605817,0.984375
298,0,0.03125,0.11398775013288448,0.011134966137320129,0.984375
299,0,0.015625,0.10415147511959603,0.01103776506619413,0.984375
300,0,0.184375,0.11217382760763643,0.011117056904754893,0.984375
301,0,0.03125,0.10408144484687279,0.011037072300387925,0.984375
302,0,0.121875,0.10586080036218551,0.011054671216345333,0.984375
303,0,0.046875,0.09996222032596695,0.010996305901023904,0.984375
304,0,0.078125,0.09777849829337026,0.010974680771995947,0.984375
305,0,0.0625,0.09425064846403325,0.010939725545920183,0.984375
306,0,0.015625,0.08638808361762992,0.010861738212973497,0.984375
307,0,0.153125,0.09306177525586692,0.010927940490250292,0.984375
308,0,0.059375,0.08969309773028024,0.010894533466465186,0.984375
309,0,0.121875,0.0929112879572522,0.010926448554504826,0.984375
310,0,0.046875,0.08830765916152698,0.010880788247523775,0.984375
311,0,0.090625,0.08853939324537428,0.01088308756373937,0.984375
312,0,0.046875,0.08437295392083685,0.010841733111239515,0.984375
313,0,0.078125,0.08374815852875317,0.010835529099517823,0.984375
314,0,0.2718749761581421,0.10256084029169205,0.011022027437794265,0.984375
315,0,0.203125,0.11261725626252284,0.011121435642379805,0.984375
316,0,0.23437501192092897,0.12479303182836343,0.011241492288456523,0.984375
317,0,0.3125,0.14356372864552708,0.011425854838602464,0.984375
318,0,0.265625,0.15576985578097435,0.011545220853982035,0.984375
319,0,0.125,0.15269287020287692,0.011515171499852688,0.984375
320,0,0.153125,0.15273608318258924,0.011515593706288348,0.984375
321,0,0.059375,0.14339997486433032,0.011424250555505902,0.984375
322,0,0.015625,0.13062247737789728,0.011298846091866661,0.984375
323,0,0.0,0.11756022964010755,0.011170216301466359,0.984375
324,0,0.059375,0.1117417066760968,0.011112789410458382,0.984375
325,0,0.059375,0.10650503600848713,0.011061041478743039,0.984375
326,0,0.078125,0.10366703240763842,0.011032972570877287,0.984375
327,0,0.0625,0.09955032916687456,0.010992227707671602,0.984375
328,0,0.03125,0.09272029625018711,0.010924554996902298,0.984375
329,0,0.015625,0.0850107666251684,0.01084806570748399,0.984375
330,0,0.078125,0.08432218996265156,0.010841229066205035,0.984375
331,0,0.1468749761581421,0.09057746858220062,0.010903305712243617,0.984375
332,0,0.109375,0.09245722172398056,0.010921946675920629,0.984375
333,0,0.215625,0.10477399955158251,0.011043922868740565,0.984375
334,0,0.09375,0.10367159959642426,0.011033017755410017,0.984375
335,0,0.078125,0.10111693963678184,0.011007737153561325,0.984375
336,0,0.0625,0.09725524567310365,0.010969497691062325,0.984375
337,0,0.0625,0.09377972110579327,0.010935057652955075,0.984375
338,0,0.015625,0.08596424899521395,0.010857531186997834,0.984375
339,0,0.059375,0.08330532409569255,0.010831131507428142,0.984375
340,0,0.278125,0.10278729168612329,0.011024268246083262,0.984375
341,0,0.109375,0.10344606251751096,0.011030786400312695,0.984375
342,0,0.171875,0.11028895626575985,0.011098439490757348,0.984375
343,0,0.184375,0.11769756063918387,0.011171570783489083,0.984375
344,0,0.15625,0.12155280457526547,0.011209576706115838,0.984375
345,0,0.03125,0.11252252411773893,0.011120500224681359,0.984375
346,0,0.046875,0.10595777170596503,0.011055630133546188,0.984375
347,0,0.046875,0.10004949453536853,0.010997169972542343,0.984375
348,0,0.059375,0.09598204508183168,0.010956883806356642,0.984375
349,0,0.03125,0.08950884057364852,0.010892705608867717,0.984375
350,0,0.0625,0.08680795651628367,0.01086590561147316,0.984375
351,0,0.015625,0.0796896608646553,0.010795214000728293,0.984375
352,0,0.125,0.08422069477818978,0.01084022128823199,0.984375
353,0,0.03125,0.07892362530037081,0.010787601624288726,0.984375
354,0,0.09375,0.08040626277033372,0.010802334297396434,0.984375
355,0,0.0625,0.07861563649330036,0.010784540767115127,0.984375
356,0,0.078125,0.07856657284397033,0.010784053148633555,0.984375
357,0,0.109375,0.08164741555957329,0.010814664693062588,0.984375
358,0,0.046875,0.07817017400361596,0.010780113406186197,0.984375
359,0,0.03125,0.07347815660325437,0.01073346204405405,0.984375
360,0,0.059375,0.07206784094292892,0.010719433315869758,0.984375
361,0,0.015625,0.06642355684863603,0.010663260400667174,0.984375
362,0,0.078125,0.06759370116377243,0.010674909458077673,0.984375
363,0,0.03125,0.0639593310473952,0.010638722586636302,0.984375
364,0,0.059375,0.06350089794265568,0.01063415682475484,0.984375
365,0,0.0625,0.06340080814839011,0.010633159945647964,0.984375
366,0,0.03125,0.0601857273335511,0.010601131617838313,0.984375
367,0,0.109375,0.06510465460019599,0.010650128257433082,0.984375
368,0,0.03125,0.06171918914017639,0.010616409402547667,0.984375
369,0,0.090625,0.06460977022615876,0.010645200172656709,0.984375
370,0,0.121875,0.07033629320354287,0.010702205331738572,0.984375
371,0,0.153125,0.07861516388318858,0.010784536070103186,0.984375
372,0,0.090625,0.07981614749486972,0.010796470855806116,0.984375
373,0,0.09375,0.08120953274538274,0.010810314771368608,0.984375
374,0,0.153125,0.08840107947084447,0.010881715195552095,0.984375
375,0,0.278125,0.10737347152376002,0.011069627271349239,0.984375
376,0,0.184375,0.11507362437138402,0.011145683677943021,0.984375
377,0,0.278125,0.1313787619342456,0.011306280620427853,0.984375
378,0,0.140625,0.13230338574082104,0.011315367983370222,0.984375
379,0,0.171875,0.13626054716673894,0.01135423449898369,0.984375
380,0,0.109375,0.13357199245006504,0.011327832470410075,0.984375
381,0,0.09375,0.12958979320505853,0.011288692105736691,0.984375
382,0,0.015625,0.11819331388455268,0.01117645998556768,0.984375
383,0,0.0625,0.1126239824960974,0.011121502058762276,0.984375
384,0,0.0625,0.10761158424648765,0.011071981096045904,0.984375
385,0,0.0625,0.10310042582183887,0.011027366636264652,0.984375
386,0,0.0625,0.09904038323965497,0.010987178198324248,0.984375
387,0,0.078125,0.09694884491568947,0.010966462392815044,0.984375
388,0,0.046875,0.09194146042412053,0.010916832659173304,0.984375
389,0,0.015625,0.08430981438170848,0.010841106186045892,0.984375
390,0,0.015625,0.07744133294353762,0.010772868940548542,0.984375
391,0,0.0625,0.07594719964918387,0.010758015151914659,0.984375
392,0,0.03125,0.07147747968426549,0.01071356001068282,0.984375
393,0,0.078125,0.07214223171583894,0.010720173369287203,0.984375
394,0,0.109375,0.07586550854425506,0.010757202929702097,0.984375
395,0,0.09375,0.07765395768982955,0.01077498245261063,0.984375
396,0,0.184375,0.08832606192084659,0.010880970847157105,0.984375
397,0,0.109375,0.09043095572876193,0.01090185251936773,0.984375
398,0,0.03125,0.08451286015588574,0.010843122244660549,0.984375
399,0,0.0625,0.08231157414029716,0.010821261842168955,0.984375
400,0,0.0625,0.08033041672626745,0.010801580714887078,0.984375
401,0,0.015625,0.07385987505364071,0.010737258586902883,0.984375
402,0,0.0625,0.07272388754827663,0.010725959517020106,0.984375
403,0,0.0,0.06545149879344897,0.010653581961397608,1.0
404,0,0.16875,0.07578134891410407,0.01075636615341535,1.0
405,0,0.10625,0.07882821402269366,0.010786653422906722,1.0
406,0,0.075,0.07844539262042428,0.010782848784386179,1.0
407,0,0.10625,0.08122585335838185,0.010810476905656348,1.0
408,0,0.0625,0.07935326802254367,0.010791871255329676,1.0
409,0,0.015625,0.0729804412202893,0.01072851148533414,1.0
410,0,0.1375,0.07943239709826036,0.010792657579289596,1.0
411,0,0.03125,0.07461415738843433,0.010744759992640978,1.0
412,0,0.0625,0.0734027416495909,0.010732711947442151,1.0
413,0,0.09375,0.07543746748463181,0.010752946923425518,1.0
414,0,0.046875,0.07258122073616863,0.010724540352996999,1.0
415,0,0.0625,0.07157309866255177,0.010714511325360642,1.0
416,0,0.075,0.07191578879629658,0.010717920647848133,1.0
417,0,0.046875,0.06941170991666692,0.010693004494622255,1.0
418,0,0.078125,0.07028303892500024,0.01070167541289961,1.0
419,0,0.03125,0.06637973503250022,0.010662824109022617,1.0
420,0,0.075,0.0672417615292502,0.010671406009608673,1.0
421,0,0.015625,0.06208008537632518,0.01062000457214169,1.0
422,0,0.1375,0.06962207683869266,0.010695098030309531,1.0
423,0,0.2562499761581421,0.0882848667706376,0.010880562091367094,1.0
424,0,0.078125,0.08726888009357384,0.010870480104641205,1.0
425,0,0.09375,0.08791699208421645,0.01087691175104018,1.0
426,0,0.09375,0.0885002928757948,0.010882699607921674,1.0
427,0,0.09375,0.08902526358821532,0.010887908169662681,1.0
428,0,0.078125,0.08793523722939378,0.010877092799197642,1.0
429,0,0.078125,0.08695421350645441,0.010867357196741112,1.0
430,0,0.075,0.08575879215580896,0.010855491691168225,1.0
431,0,0.0625,0.08343291294022806,0.010832398568853431,1.0
432,0,0.03125,0.07821462164620525,0.010780555176099023,1.0
433,0,0.0625,0.07664315948158473,0.010764934395153001,1.0
434,0,0.03125,0.07210384353342626,0.010719791477409339,1.0
435,0,0.140625,0.07895595918008363,0.010787922956544108,1.0
436,0,0.046875,0.07574786326207528,0.010756033211731787,1.0
437,0,0.1624999761581421,0.08442307455168196,0.010842230764328019,1.0
438,0,0.0625,0.08223076709651378,0.010820459216607214,1.0
439,0,0.09375,0.0833826903868624,0.010831899821092499,1.0
440,0,0.0625,0.08129442134817616,0.010811158077722918,1.0
441,0,0.078125,0.08097747921335854,0.010808009429608561,1.0
442,0,0.075,0.08037973129202268,0.010802070689990489,1.0
443,0,0.03125,0.07546675816282042,0.010753238168991304,1.0
444,0,0.046875,0.07260758234653837,0.01072480258472404,1.0
445,0,0.03125,0.06847182411188454,0.010683650168546784,1.0
446,0,0.046875,0.06631214170069609,0.01066215114230759,1.0
447,0,0.09375,0.06905592753062648,0.010689463670244261,1.0
448,0,0.046875,0.06683783477756383,0.010667384841710563,1.0
449,0,0.03125,0.06327905129980745,0.010631947248948033,1.0
450,0,0.10625,0.0675761461698267,0.010674734707566039,1.0
451,0,0.015625,0.06238103155284403,0.010623002409338684,1.0
452,0,0.0625,0.062392928397559624,0.010623120915943385,1.0
453,0,0.10625,0.06677863555780367,0.010666795483933384,1.0
454,0,0.0,0.0601007720020233,0.010600285130141366,1.0
455,0,0.046875,0.05877819480182097,0.010587105977542666,1.0
456,0,0.015625,0.054462875321638876,0.010544090897891113,1.0
457,0,0.046875,0.05370408778947499,0.010536525174430567,1.0
458,0,0.03125,0.05145867901052749,0.010514133062826548,1.0
459,0,0.015625,0.047875311109474745,0.01047838767150853,1.0
460,0,0.046875,0.04777527999852727,0.010477389644886093,1.0
461,0,0.075,0.050497751998674546,0.010504548722602473,1.0
462,0,0.0625,0.05169797679880709,0.010516519685875357,1.0
463,0,0.10625,0.057153179118926374,0.010570910303033604,1.0
464,0,0.046875,0.056125361207033736,0.010560665026888441,1.0
465,0,0.16875,0.06738782508633036,0.010672860046568595,1.0
466,0,0.15625,0.07627404257769732,0.010761264720606588,1.0
467,0,0.2562499761581421,0.0942716359357418,0.010939933566856708,1.0
468,0,0.25000001192092897,0.10984447353426051,0.011094048079248905,1.0
469,0,0.1875,0.11761002618083446,0.011170707444842071,1.0
470,0,0.2,0.12584902356275102,0.01125188807870868,1.0
471,0,0.078125,0.12107662120647592,0.011204884271744335,1.0
472,0,0.046875,0.11365645908582832,0.011131695779196768,1.0
473,0,0.046875,0.10697831317724549,0.01106572073313414,1.0
474,0,0.09375,0.10565548185952094,0.011052640825601654,1.0
475,0,0.046875,0.09977743367356884,0.010994476343231219,1.0
476,0,0.015625,0.09136219030621195,0.010911088345970495,1.0
477,0,0.078125,0.09003847127559077,0.010897959459486677,1.0
478,0,0.10625,0.0916596241480317,0.010914037914924726,1.0
479,0,0.046875,0.08718116173322853,0.01086960956112532,1.0
480,0,0.0625,0.08471304555990566,0.01084510983484557,1.0
481,0,0.16875,0.09311674100391511,0.010928485411995656,1.0
482,0,0.03125,0.0869300669035236,0.010867117546779414,1.0
483,0,0.0625,0.08448706021317123,0.01084286607867837,1.0
484,0,0.09375,0.08541335419185411,0.010852062491756867,1.0
485,0,0.1875,0.09562201877266871,0.010953316385487522,1.0
486,0,0.125,0.09855981689540184,0.010982419141665827,1.0
487,0,0.140625,0.10276633520586165,0.01102406087943322,1.0
488,0,0.140625,0.10655220168527547,0.011061507823222334,1.0
489,0,0.078125,0.10370948151674793,0.011033392530669468,1.0
490,0,0.09375,0.10271353336507313,0.01102353839553329,1.0
491,0,0.125,0.10494218002856583,0.011045586316402803,1.0
492,0,0.046875,0.09913546202570925,0.010988119711719516,1.0
493,0,0.125,0.10172191582313832,0.01101372511223532,1.0
494,0,0.075,0.09904972424082448,0.010987270697950656,1.0
495,0,0.078125,0.09695725181674203,0.010966545676511681,1.0
496,0,0.10625,0.09788652663506782,0.010975750781421665,1.0
497,0,0.0625,0.09434787397156102,0.010940689206357915,1.0
498,0,0.03125,0.08803808657440493,0.01087811337132218,1.0
499,0,0.0625,0.08548427791696445,0.010852766575615068,1.0
500,0,0.09375,0.086310850125268,0.010860971608252392,1.0
501,0,0.03125,0.0808047651127412,0.010806293540818475,1.0
502,0,0.046875,0.07741178860146708,0.010772575261218885,1.0
503,0,0.03125,0.07279560974132038,0.01072667295535155,1.0
504,0,0.10625,0.07614104876718834,0.0107599424764326,1.0
505,0,0.16875,0.08540194389046951,0.010851949217032746,1.0
506,0,0.109375,0.08779924950142257,0.01087574336725516,1.0
507,0,0.046875,0.08370682455128031,0.010835118643887445,1.0
508,0,0.046875,0.08002364209615229,0.01079853260496781,1.0
509,0,0.046875,0.07670877788653706,0.010765586736432756,1.0
510,0,0.10625,0.07966290009788335,0.0107949480847528,1.0
511,0,0.03125,0.07482161008809501,0.010746822981008389,1.0
512,0,0.0625,0.07358944907928552,0.010734568972610905,1.0
513,0,0.125,0.07873050417135698,0.010785682363448788,1.0
514,0,0.16875,0.08773245375422128,0.010875080528649295,1.0
515,0,0.0625,0.08520920837879917,0.010850035819601698,1.0
516,0,0.325,0.10918828754091925,0.011087564296380959,1.0
517,0,0.078125,0.10608195878682733,0.011056858149400562,1.0
518,0,0.2562499761581421,0.1210987605239588,0.01120510245027033,1.0
519,0,0.125,0.12148888447156292,0.01120894685220561,1.0
520,0,0.1624999761581421,0.12558999364022083,0.011249338292641797,1.0
521,0,0.23125,0.13615599427619876,0.011353208130038393,1.0
522,0,0.0625,0.12879039484857888,0.011280830072187815,1.0
523,0,0.046875,0.12059885536372099,0.011200175702095323,1.0
524,0,0.078125,0.1163514698273489,0.011158292550836313,1.0
525,0,0.2,0.12471632284461401,0.011240737014607228,1.0
526,0,0.15625,0.1278696905601526,0.011271773007696497,1.0
527,0,0.078125,0.12289522150413734,0.011222802314170353,1.0
528,0,0.046875,0.1152931993537236,0.011147850552004417,1.0
529,0,0.075,0.11126387941835124,0.011108070056664419,1.0
530,0,0.23125,0.1232624914765161,0.0112264199353873,1.0
531,0,0.075,0.11843624232886449,0.011178855578790626,1.0
532,0,0.046875,0.11128011809597804,0.01110823044933597,1.0
533,0,0.125,0.11265210628638024,0.01112177975847198,1.0
534,0,0.203125,0.12169939565774221,0.011211021143931832,1.0
535,0,0.15625,0.12515445609196799,0.011245050664837471,1.0
536,0,0.03125,0.1157640104827712,0.01115249637964842,1.0
537,0,0.046875,0.10887510943449408,0.011084469452591348,1.0
538,0,0.0625,0.10423759849104466,0.0110386170171811,1.0
539,0,0.015625,0.0953763386419402,0.010950881854918172,1.0
540,0,0.09375,0.09521370477774618,0.010949270196335441,1.0
541,0,0.078125,0.09350483429997157,0.01093233274918138,1.0
542,0,0.1375,0.09790435086997441,0.01097592732643682,1.0
543,0,0.140625,0.10217641578297697,0.011018223198109675,1.0
544,0,0.09375,0.10133377420467926,0.011009883432016544,1.0
545,0,0.078125,0.09901289678421134,0.01098690601164357,1.0
546,0,0.109375,0.10004910710579021,0.010997166136770391,1.0
547,0,0.16875,0.10691919639521119,0.011065136275883942,1.0
548,0,0.075,0.10372727675569007,0.011033568582381336,1.0
549,0,0.10625,0.10397954908012107,0.011036064291154802,1.0
550,0,0.046875,0.09826909417210895,0.01097953989130647,1.0
551,0,0.046875,0.09312968475489805,0.010928613733489696,1.0
552,0,0.015625,0.08537921627940824,0.010851723590095008,1.0
553,0,0.10625,0.08746629465146741,0.010872439257723441,1.0
554,0,0.075,0.08621966518632067,0.010860066511044935,1.0
555,0,0.03125,0.08072269866768861,0.01080547820619044,1.0
556,0,0.0625,0.07890042880091974,0.010787371097789808,1.0
557,0,0.03125,0.07413538592082777,0.010739998664448858,1.0
558,0,0.015625,0.068284347328745,0.010681784139064636,1.0
559,0,0.0625,0.0677059125958705,0.01067602645267279,1.0
560,0,0.046875,0.06562282133628346,0.010655287849333424,1.0
561,0,0.2,0.0790605392026551,0.010788962255638104,1.0
562,0,0.046875,0.07584198528238958,0.010756969045387877,1.0
563,0,0.03125,0.07138278675415063,0.010712617896478635,1.0
564,0,0.046875,0.06893200807873558,0.010688230355831434,1.0
565,0,0.046875,0.06672630727086203,0.010666274525847204,1.0
566,0,0.10625,0.07067867654377583,0.010705612200438853,1.0
567,0,0.046875,0.06829830888939824,0.0106819231055642,1.0
568,0,0.046875,0.06615597800045842,0.010660596336146388,1.0
569,0,0.078125,0.06735288020041257,0.010672512178988626,1.0
570,0,0.1375,0.07436759218037131,0.01074230797175255,1.0
571,0,0.03125,0.07005583296233418,0.010699414503716228,1.0
572,0,0.046875,0.06773774966610076,0.010676343367701336,1.0
573,0,0.0625,0.06721397469949068,0.010671129393386554,1.0
574,0,0.0625,0.0667425772295416,0.010666436502999555,1.0
575,0,0.09375,0.06944331950658744,0.01069331907176517,1.0
576,0,0.075,0.06999898755592869,0.010698848828171013,1.0
577,0,0.03125,0.06612408880033582,0.01066027883508132,1.0
578,0,0.046875,0.06419917992030225,0.010641111253694385,1.0
579,0,0.015625,0.05934176192827202,0.010592722036603504,1.0
580,0,0.075,0.06090758573544482,0.010608323803497084,1.0
581,0,0.046875,0.059504327161900336,0.010594341962084324,1.0
582,0,0.09375,0.0629288944457103,0.010628459587144866,1.0
583,0,0.140625,0.07069850500113926,0.010705809497500177,1.0
584,0,0.2874999761581421,0.09237865211683954,0.010921167652511854,1.0
585,0,0.046875,0.0878282869051556,0.010876031513604391,1.0
586,0,0.09375,0.08842045821464004,0.010881907476115917,1.0
587,0,0.078125,0.08739091239317603,0.010871691167944562,1.0
588,0,0.09375,0.08802682115385843,0.01087800158566367,1.0
589,0,0.046875,0.08391163903847258,0.010837152469707009,1.0
590,0,0.015625,0.07708297513462532,0.010769306669607927,1.0
591,0,0.046875,0.0740621776211628,0.010739270586381236,1.0
592,0,0.046875,0.07134345985904651,0.01071222662354642,1.0
593,0,0.1375,0.07795911387314186,0.010778015615004848,1.0
594,0,0.10625,0.08078820248582767,0.010806128991081345,1.0
595,0,0.015625,0.0742718822372449,0.010741356139381833,1.0
596,0,0.09375,0.07621969401352041,0.010760724382359367,1.0
597,0,0.03125,0.07172272461216837,0.01071599993013086,1.0
598,0,0.075,0.07205045215095153,0.010719260327750155,1.0
599,0,0.075,0.07234540693585637,0.010722194554208987,1.0
600,0,0.078125,0.07292336624227073,0.010727943762328503,1.0
601,0,0.075,0.07313102961804366,0.010730009360705124,1.0
602,0,0.046875,0.0705054266562393,0.010703888306420611,1.0
603,0,0.046875,0.06814238399061537,0.010680371090892515,1.0
604,0,0.03125,0.06445314559155384,0.01064364043058295,1.0
605,0,0.09375,0.06738283103239845,0.010672810332113689,1.0
606,0,0.109375,0.07158204792915861,0.01071460036108606,1.0
607,0,0.09375,0.07379884313624274,0.010736651582389598,1.0
608,0,0.16875,0.08329395882261847,0.010831018639680652,1.0
609,0,0.140625,0.08902706294035662,0.010887926021323753,1.0
610,0,0.140625,0.09418685664632095,0.010939093257307552,1.0
611,0,0.140625,0.09883067098168885,0.010985101469677537,1.0
612,0,0.15625,0.10457260388351997,0.011041930817801214,1.0
613,0,0.23125,0.11724034349516796,0.011167061127421834,1.0
614,0,0.109375,0.11645380914565116,0.011159302201778507,1.0
615,0,0.09375,0.11418342823108604,0.011136897669142798,1.0
616,0,0.2,0.12276508540797743,0.011221520391357872,1.0
617,0,0.109375,0.12142607686717968,0.011208327951124277,1.0
618,0,0.0625,0.11553346918046173,0.01115022152782345,1.0
619,0,0.0625,0.11023012226241555,0.011097858245698556,1.0
620,0,0.03125,0.102332110036174,0.011019763974157906,1.0
621,0,0.09375,0.10147389903255659,0.011011270369825316,1.0
622,0,0.03125,0.09445150912930093,0.010941716377282354,1.0
623,0,0.046875,0.08969385821637084,0.010894541010472235,1.0
624,0,0.046875,0.08541197239473375,0.010852048774103968,1.0
625,0,0.046875,0.08155827515526037,0.01081377919864892,1.0
626,0,0.015625,0.07496494763973434,0.010748248346682759,1.0
627,0,0.10625,0.0780934528757609,0.010779350859416026,1.0
628,0,0.0,0.07028410758818482,0.0107016860469152,1.0
629,0,0.046875,0.06794319682936634,0.010678388412906487,1.0
630,0,0.03125,0.06427387714642971,0.01064185515215923,1.0
631,0,0.078125,0.06565898943178673,0.010655647976368926,1.0
632,0,0.046875,0.06378059048860805,0.010636942452761158,1.0
633,0,0.015625,0.058965031439747254,0.010588967883340341,1.0
634,0,0.2,0.07306852829577253,0.010729387675427568,1.0
635,0,0.03125,0.06888667546619527,0.010687779175527852,1.0
636,0,0.046875,0.06668550791957574,0.010665868342402329,1.0
637,0,0.075,0.06751695712761817,0.010674145509472892,1.0
638,0,0.09375,0.07014026141485635,0.010700254653201817,1.0
639,0,0.0625,0.06937623527337072,0.010692651451009812,1.0
640,0,0.09375,0.07181361174603365,0.010716904136200345,1.0
641,0,0.046875,0.06931975057143029,0.010692089311735816,1.0
642,0,0.03125,0.06551277551428726,0.01065419210860774,1.0
643,0,0.03125,0.06208649796285853,0.010620068451478164,1.0
644,0,0.046875,0.06056534816657268,0.0106049140217227,1.0
645,0,0.03125,0.05763381334991541,0.010575700847798932,1.0
646,0,0.125,0.06437043201492387,0.010642816717033446,1.0
647,0,0.2,0.07793338881343148,0.01077775992105525,1.0
648,0,0.078125,0.07795254993208833,0.010777950372881795,1.0
649,0,0.078125,0.0779697949388795,0.010778121779040226,1.0
650,0,0.0625,0.07642281544499155,0.010762743810772763,1.0
651,0,0.03125,0.0719055339004924,0.010717818627362628,1.0
652,0,0.03125,0.06783998051044317,0.010677360992653703,1.0
653,0,0.2,0.08105598245939885,0.010808789331806387,1.0
654,0,0.0625,0.07920038421345896,0.010790351985591163,1.0
655,0,0.046875,0.07596784579211306,0.010758220426722195,1.0
656,0,0.109375,0.07930856121290177,0.010791426989046343,1.0
657,0,0.2,0.09137770509161158,0.010911242205752625,1.0
658,0,0.09375,0.09161493458245042,0.010913594751117152,1.0
659,0,0.1375,0.09620344112420537,0.010959077448661193,1.0
660,0,0.10625,0.09720809701178483,0.010969030633938733,1.0
661,0,0.16875,0.10436228731060634,0.011039850438898496,1.0
662,0,0.03125,0.09705105857954571,0.010967474972184506,1.0
663,0,0.03125,0.09047095272159114,0.01090224923475752,1.0
664,0,0.046875,0.08611135744943203,0.010858991435345019,1.0
665,0,0.03125,0.08062522170448884,0.01080450975321565,1.0
666,0,0.046875,0.07725019953403996,0.010770968995313632,1.0
667,0,0.0625,0.07577517958063595,0.010756304812993294,1.0
668,0,0.046875,0.07288516162257236,0.010727563739545731,1.0
669,0,0.0625,0.07184664546031513,0.010717232774791923,1.0
670,0,0.2625,0.09091198091428362,0.01090662344028122,1.0
671,0,0.1375,0.09557078282285526,0.010952808679895263,1.0
672,0,0.075,0.09351370454056973,0.010932420680473983,1.0
673,0,0.2625,0.11041233408651276,0.011099658366050855,1.0
674,0,0.0625,0.10562110067786148,0.011052300822170829,1.0
675,0,0.03125,0.09818399061007534,0.0109786970143349,1.0
676,0,0.09375,0.09774059154906779,0.010974305304316454,1.0
677,0,0.10625,0.098591532394161,0.010982733234661644,1.0
678,0,0.046875,0.09341987915474491,0.010931490575738625,1.0
679,0,0.03125,0.08720289123927043,0.010869825212547786,1.0
680,0,0.046875,0.08317010211534338,0.010829788613398734,1.0
681,0,0.0625,0.08110309190380904,0.010809257342848886,1.0
682,0,0.09375,0.08236778271342814,0.010821820134217161,1.0
683,0,0.10625,0.08475600444208532,0.010845536353949583,1.0
684,0,0.09375,0.08565540399787679,0.010854465367143065,1.0
685,0,0.1375,0.09083986359808911,0.010905908190242621,1.0
686,0,0.10625,0.0923808772382802,0.010921189714909092,1.0
687,0,0.078125,0.09095528951445218,0.010907052964776173,1.0
688,0,0.109375,0.09279726056300697,0.01092531805567483,1.0
689,0,0.109375,0.09445503450670628,0.010941751318403855,1.0
690,0,0.078125,0.09282203105603566,0.01092556363915911,1.0
691,0,0.046875,0.08822732795043209,0.01087999116177323,1.0
692,0,0.078125,0.08721709515538888,0.01086996617687233,1.0
693,0,0.075,0.08599538563984999,0.010857840262955361,1.0
694,0,0.078125,0.08520834707586498,0.010850027268806113,1.0
695,0,0.0625,0.08293751236827848,0.010827478686335172,1.0
696,0,0.125,0.08714376113145063,0.010869238382211752,1.0
697,0,0.075,0.08592938501830556,0.010857185109950714,1.0
698,0,0.075,0.084836446516475,0.0108463350182004,1.0
699,0,0.03125,0.0794778018648275,0.010793108772522193,1.0
700,0,0.1375,0.08528002167834475,0.010850738831672172,1.0
701,0,0.10625,0.08737701951051027,0.010871553294595371,1.0
702,0,0.325,0.11113931755945924,0.011106839715045107,1.0
703,0,0.140625,0.11408788580351331,0.011135954583831644,1.0
704,0,0.140625,0.11674159722316198,0.011162141309565186,1.0
705,0,0.140625,0.11912993750084577,0.01118569556721094,1.0
706,0,0.046875,0.1119044437507612,0.011114396600349517,1.0
707,0,0.078125,0.10852649937568508,0.011081024221015852,1.0
708,0,0.10625,0.10829884943811657,0.011078774269784828,1.0
709,0,0.10625,0.10809396449430492,0.011076749219182202,1.0
710,0,0.29375,0.1266595680448744,0.011259865681829502,1.0
711,0,0.0625,0.12024361124038696,0.011196674281859314,1.0
712,0,0.109375,0.11915675011634827,0.01118595992300963,1.0
713,0,0.046875,0.11192857510471345,0.011114634916424058,1.0
714,0,0.075,0.1082357175942421,0.011078150294090436,1.0
715,0,0.046875,0.10209964583481788,0.011017463452033747,1.0
716,0,0.046875,0.09657718125133609,0.010962780339310165,1.0
717,0,0.0625,0.09316946312620247,0.010929008085563545,1.0
718,0,0.046875,0.08854001681358223,0.01088309375079254,1.0
719,0,0.09375,0.089061015132224,0.010888262865393161,1.0
720,0,0.046875,0.0848424136190016,0.010846394261782357,1.0
721,0,0.10625,0.08698317225710145,0.01086764460493416,1.0
722,0,0.1375,0.0920348550313913,0.010917758746729742,1.0
723,0,0.075,0.09033136952825217,0.010900864748218305,1.0
724,0,0.03125,0.08442323257542696,0.01084223233335599,1.0
725,0,0.046875,0.08066840931788426,0.010804938832600941,1.0
726,0,0.03125,0.07572656838609583,0.010755821479816904,1.0
727,0,0.0625,0.07440391154748624,0.010742669163175912,1.0
728,0,0.125,0.07946352039273762,0.010792966855975894,1.0
729,0,0.075,0.07901716835346385,0.010788531245339763,1.0
730,0,0.0625,0.07736545151811747,0.010772114654470033,1.0
731,0,0.0625,0.07587890636630573,0.01075733613961492,1.0
732,0,0.046875,0.07297851572967516,0.01072849233261668,1.0
733,0,0.075,0.07318066415670764,0.010730503059210108,1.0
734,0,0.16875,0.08273759774103688,0.010825493195818086,1.0
735,0,0.203125,0.09477633796693319,0.010944935760278397,1.0
736,0,0.28125,0.11342370417023986,0.011129397979301063,1.0
737,0,0.6375,0.16583133375321585,0.011643277487566798,1.0
738,0,0.5312500119209289,0.20237320156998714,0.011996549968345704,1.0
739,0,0.3187499761581421,0.21401087902880261,0.012108023674349391,1.0
740,0,0.15625,0.20823479112592236,0.012052762880656554,1.0
741,0,0.10625,0.19803631201333013,0.011954874023653306,1.0
742,0,0.075,0.18573268081199712,0.011836260279029754,1.0
743,0,0.1875,0.1859094127307974,0.01183796795139753,1.0
744,0,0.078125,0.17513097145771767,0.0117336219590086,1.0
745,0,0.109375,0.1685553743119459,0.011669770379205545,1.0
746,0,0.29375,0.1810748368807513,0.011791214193453733,1.0
747,0,0.125,0.17546735319267615,0.01173688448829428,1.0
748,0,0.140625,0.17198311787340853,0.011703072922997182,1.0
749,0,0.078125,0.16259730608606768,0.011611793893186725,1.0
750,0,0.1875,0.1650875754774609,0.011636039863137238,1.0
751,0,0.078125,0.1563913179297148,0.011551286505223747,1.0
752,0,0.109375,0.15168968613674333,0.011505368477872225,1.0
753,0,0.15625,0.152145717523069,0.011509825142644054,1.0
754,0,0.0625,0.1431811457707621,0.011422106587038952,1.0
755,0,0.015625,0.13042553119368588,0.01129690980536316,1.0
756,0,0.075,0.1248829780743173,0.011242377877581724,1.0
757,0,0.046875,0.11708218026688556,0.011165501008687063,1.0
758,0,0.109375,0.116311462240197,0.011157897840720354,1.0
759,0,0.10625,0.1153053160161773,0.011147970122018593,1.0
760,0,0.0,0.10377478441455958,0.011034038581589632,1.0
761,0,0.03125,0.09652230597310363,0.010962236670297894,1.0
762,0,0.015625,0.08843257537579326,0.010882027705173674,1.0
763,0,0.125,0.09208931783821393,0.010918298784798748,1.0
764,0,0.046875,0.08756788605439254,0.010873447430181298,1.0
765,0,0.1375,0.09256109744895329,0.01092297659401554,1.0
766,0,0.046875,0.08799248770405796,0.010877660896859069,1.0
767,0,0.046875,0.08388073893365217,0.010836845633419476,1.0
768,0,0.078125,0.08330516504028695,0.01083112992786129,1.0
769,0,0.03125,0.07809964853625827,0.01077941243967443,1.0
770,0,0.03125,0.07341468368263245,0.010732830726540523,1.0
771,0,0.046875,0.0707607153143692,0.010706428498800925,1.0
772,0,0.015625,0.06524714378293228,0.010651547113563099,1.0
773,0,0.10625,0.06934742940463906,0.010692364773758319,1.0
774,0,0.078125,0.07022518646417515,0.01070109973431168,1.0
775,0,0.23125,0.08632766781775764,0.010861138538286925,1.0
776,0,0.0625,0.08394490103598187,0.01083748275768081,1.0
777,0,0.125,0.08805041093238368,0.010878235664459208,1.0
778,0,0.1937499761581421,0.09862036745495953,0.010983018799672213,1.0
779,0,0.109375,0.09969583070946358,0.010993668377431175,1.0
780,0,0.09375,0.09910124763851723,0.01098778090732857,1.0
781,0,0.075,0.0966911228746655,0.010963909181382103,1.0
782,0,0.015625,0.08858451058719895,0.010883535216926518,1.0
783,0,0.046875,0.08441355952847905,0.010842136288970983,1.0
784,0,0.015625,0.07753470357563114,0.010773797062894799,1.0
785,0,0.075,0.07728123321806801,0.010771277486794668,1.0
786,0,0.03125,0.07267810989626122,0.010725504151548057,1.0
787,0,0.0625,0.07166029890663511,0.010715378870591022,1.0
788,0,0.03125,0.06761926901597161,0.010675163971537654,1.0
789,0,0.09375,0.07023234211437444,0.010701170939048519,1.0
790,0,0.075,0.070709107902937,0.01070591499823757,1.0
791,0,0.03125,0.06676319711264331,0.010666641785741879,1.0
792,0,0.015625,0.06164937740137898,0.01061571393473872,1.0
793,0,0.09375,0.06485943966124108,0.010647686433584793,1.0
794,0,0.140625,0.07243599569511697,0.010723095711111127,1.0
795,0,0.078125,0.07300489612560528,0.010728754736061177,1.0
796,0,0.015625,0.06726690651304475,0.01067165632552323,1.0
797,0,0.075,0.06804021586174026,0.010679354131950139,1.0
798,0,0.09375,0.07061119427556624,0.010704940734425555,1.0
799,0,0.0625,0.06980007484800962,0.010696869388293222,1.0
800,0,0.0625,0.06907006736320867,0.010689604396281584,1.0
801,0,0.075,0.0696630606268878,0.01069550588685144,1.0
802,0,0.046875,0.06738425456419903,0.01067282450299079,1.0
803,0,0.1375,0.07439582910777912,0.010742588784523607,1.0
804,0,0.046875,0.0716437461970012,0.010715214190412627,1.0
805,0,0.046875,0.06916687157730109,0.010690567828422669,1.0
806,0,0.046875,0.06693768441957099,0.010668378884174932,1.0
807,0,0.046875,0.06493141597761388,0.010648403174015943,1.0
808,0,0.075,0.06593827437985249,0.010658428769116173,1.0
809,0,0.046875,0.06403194694186724,0.010639445779739938,1.0
810,0,0.015625,0.05919125224768052,0.010591222214126197,1.0
811,0,0.015625,0.054834627022912474,0.010547797334616266,1.0
812,0,0.046875,0.054038664320621224,0.010539861248636742,1.0
813,0,0.075,0.0561347978885591,0.010560759097016297,1.0
814,0,0.16875,0.06739631809970319,0.010672944592140772,1.0
815,0,0.075,0.06815668628973287,0.01068051345168483,1.0
816,0,0.015625,0.06290351766075958,0.010628206821177478,1.0
817,0,0.015625,0.05817566589468362,0.010581101245557058,1.0
818,0,0.109375,0.06329559930521526,0.010632112067973019,1.0
819,0,0.046875,0.061653539374693735,0.010615755396679314,1.0
820,0,0.015625,0.057050685437224365,0.010569888700906735,1.0
821,0,0.03125,0.054470616893501925,0.010544168084399681,1.0
822,0,0.03125,0.052148555204151736,0.01052101334394483,1.0
823,0,0.075,0.05443369968373656,0.010543800004751122,1.0
824,0,0.046875,0.053677829715362904,0.010536263349183629,1.0
825,0,0.1624999761581421,0.06456004435964083,0.01064470498240781,1.0
826,0,0.10625,0.06872903992367675,0.010686210259900488,1.0
827,0,0.10625,0.07248113593130907,0.010723544751771215,1.0
828,0,0.140625,0.07929552233817816,0.010791297416864033,1.0
829,0,0.0625,0.07761597010436033,0.010774604857170524,1.0
830,0,0.046875,0.0745418730939243,0.010744041155201814,1.0
831,0,0.03125,0.07021268578453187,0.010700975341865687,1.0
832,0,0.078125,0.07100391720607868,0.010708848339319333,1.0
833,0,0.1937499761581421,0.08327852310128503,0.01083086534824923,1.0
834,0,0.2625,0.10120067079115652,0.011008565954924951,1.0
835,0,0.21875,0.11295560371204086,0.011124776438805132,1.0
836,0,0.234375,0.12509754334083678,0.011244490355693162,1.0
837,0,0.2562499761581421,0.1382127866225673,0.01137339377272662,1.0
838,0,0.109375,0.13532900796031058,0.011345088795546961,1.0
839,0,0.078125,0.12960860716427952,0.011288877120394652,1.0
840,0,0.0625,0.12289774644785156,0.011222827186058744,1.0
841,0,0.16875,0.1274829718030664,0.01126796818133327,1.0
842,0,0.29375,0.14410967462275975,0.011431202887326929,1.0
843,0,0.1375,0.1434487071604838,0.011424727989857518,1.0
844,0,0.075,0.13660383644443544,0.011357604277395145,1.0
845,0,0.046875,0.1276309527999919,0.011269424172426615,1.0
846,0,0.125,0.1273678575199927,0.011266835529397043,1.0
847,0,0.109375,0.1255685717679934,0.011249127416979907,1.0
848,0,0.140625,0.12707421459119406,0.01126394611864584,1.0
849,0,0.23125,0.13749179313207466,0.011366319133057079,1.0
850,0,0.140625,0.1378051138188672,0.011369393716620413,1.0
851,0,0.109375,0.13496210243698048,0.011341485945557924,1.0
852,0,0.075,0.12896589219328244,0.01128255621602651,1.0
853,0,0.0625,0.12231930297395421,0.011217128843909463,1.0
854,0,0.046875,0.1147748726765588,0.011142735274047282,1.0
855,0,0.03125,0.10642238540890292,0.01106022427046154,1.0
856,0,0.046875,0.10046764686801263,0.011001309744120233,1.0
857,0,0.109375,0.10135838218121138,0.011010127001496233,1.0
858,0,0.125,0.10372254396309023,0.011033521760019635,1.0
859,0,0.109375,0.10428778956678121,0.011039113511111497,1.0
860,0,0.078125,0.10167151061010309,0.01101322623739056,1.0
861,0,0.10625,0.10212935954909277,0.011017757512228972,1.0
862,0,0.1375,0.1056664235941835,0.011052749030421775,1.0
863,0,0.23125,0.11822478123476515,0.011176770302656817,1.0
864,0,0.03125,0.10952730311128864,0.011090914229814453,1.0
865,0,0.03125,0.10169957280015977,0.011013503977559999,1.0
866,0,0.03125,0.0946546155201438,0.010943729390581794,1.0
867,0,0.046875,0.08987665396812942,0.010896354310936624,1.0
868,0,0.078125,0.08870148857131649,0.010884695853061966,1.0
869,0,0.03125,0.08295633971418484,0.01082766567035504,1.0
870,0,0.078125,0.08247320574276636,0.010822867235286306,1.0
871,0,0.03125,0.07735088516848973,0.010771969859199931,1.0
872,0,0.015625,0.07117829665164076,0.010710583350337446,1.0
873,0,0.046875,0.06874796698647669,0.010686398639037711,1.0
874,0,0.03125,0.06499817028782902,0.010649067907710617,1.0
875,0,0.0625,0.06474835325904613,0.010646580221657495,1.0
876,0,0.09375,0.06764851793314151,0.010675455126832975,1.0
877,0,0.09375,0.07025866613982736,0.010701432884623305,1.0
878,0,0.0625,0.06948279952584463,0.010693711973111761,1.0
879,0,0.046875,0.06722201957326017,0.010671209479728097,1.0
880,0,0.09375,0.06987481761593416,0.01069761318238676,1.0
881,0,0.03125,0.06601233585434074,0.010659166169488254,1.0
882,0,0.046875,0.06409860226890667,0.010640109604704262,1.0
883,0,0.03125,0.060813742042016006,0.010607388833987588,1.0
884,0,0.03125,0.05785736783781441,0.010577928954665786,1.0
885,0,0.0625,0.058321631054032964,0.010582555955869386,1.0
886,0,0.16875,0.06936446794862966,0.010692534342223226,1.0
887,0,0.046875,0.06711552115376669,0.010670149285948474,1.0
888,0,0.03125,0.06352896903839002,0.010634436406321604,1.0
889,0,0.09375,0.06655107213455101,0.010664529933201739,1.0
890,0,0.03125,0.0630209649210959,0.010629376650160895,1.0
891,0,0.075,0.06421886842898632,0.010641307329289454,1.0
892,0,0.046875,0.06248448158608769,0.010624032887799197,1.0
893,0,0.078125,0.06404853342747892,0.010639610966214528,1.0
894,0,0.046875,0.06233118008473103,0.010622505828010716,1.0
895,0,0.03125,0.059223062076257924,0.01059153919992318,1.0
896,0,0.03125,0.05642575586863213,0.010563659480217365,1.0
897,0,0.10625,0.06140818028176891,0.010613311071775502,1.0
898,0,0.046875,0.05995486225359202,0.010598831277677967,1.0
899,0,0.078125,0.06177187602823282,0.01061693426782925,1.0
900,0,0.09375,0.06496968842540954,0.01064878428847214,1.0
901,0,0.015625,0.06003521958286859,0.01059963196551108,1.0
902,0,0.140625,0.06809419762458173,0.010679891456230202,1.0
903,0,0.109375,0.07222227786212355,0.010720969674567047,1.0
904,0,0.2,0.08500005007591119,0.0108479593126455,1.0
905,0,0.046875,0.08118754506832007,0.010810096337941763,1.0
906,0,0.03125,0.07619379056148808,0.010760466846368496,1.0
907,0,0.046875,0.07326191150533927,0.010731311192257651,1.0
908,0,0.046875,0.07062322035480534,0.01070506039749078,1.0
909,0,0.03125,0.06668589831932481,0.01066587222909015,1.0
910,0,0.015625,0.061579808487392335,0.01061502088001422,1.0
911,0,0.1375,0.0691718276386531,0.010690617152672706,1.0
912,0,0.0625,0.06850464487478779,0.010683976841473928,1.0
913,0,0.2249999761581421,0.08415417800312322,0.01083956081268781,1.0
914,0,0.046875,0.08042626020281089,0.010802532984087026,1.0
915,0,0.09375,0.0817586341825298,0.010815769487935927,1.0
916,0,0.075,0.08108277076427681,0.010809055461947839,1.0
917,0,0.015625,0.07453699368784912,0.01074399263124602,1.0
918,0,0.0625,0.07333329431906421,0.010732021199019724,1.0
919,0,0.075,0.07349996488715779,0.010733678953333324,1.0
920,0,0.0625,0.07239996839844201,0.010722737320960804,1.0
921,0,0.0,0.06515997155859782,0.010650679086971674,1.0
922,0,0.0625,0.06489397440273803,0.010648030331505886,1.0
923,0,0.10625,0.06902957696246423,0.010689201416687253,1.0
924,0,0.046875,0.0668141192662178,0.010667148742518331,1.0
925,0,0.078125,0.06794520733959603,0.010678408425480195,1.0
926,0,0.03125,0.06427568660563643,0.010641873172203458,1.0
927,0,0.03125,0.06097311794507279,0.010608976697918819,1.0
928,0,0.03125,0.058000806150565506,0.010579358535066112,1.0
929,0,0.03125,0.05532572553550896,0.010552693450653653,1.0
930,0,0.075,0.05729315298195807,0.01057230546821756,1.0
931,0,0.046875,0.05625133768376226,0.010561920822768332,1.0
932,0,0.09375,0.060001203915386034,0.010599293031207283,1.0
933,0,0.09375,0.06337608352384742,0.010632913690206308,1.0
934,0,0.09375,0.06641347517146268,0.01066316002733578,1.0
935,0,0.10625,0.07039712765431641,0.010702810673959548,1.0
936,0,0.10625,0.07398241488888477,0.010738477313583326,1.0
937,0,0.015625,0.06814667339999629,0.010680413786415035,1.0
938,0,0.0625,0.06758200605999666,0.010674793039663255,1.0
939,0,0.09375,0.070198805453997,0.010700837220458803,1.0
940,0,0.078125,0.07099142490859729,0.010708724043929894,1.0
941,0,0.015625,0.06545478241773756,0.0106536146573671,1.0
942,0,0.046875,0.0635968041759638,0.010635112024359548,1.0
943,0,0.015625,0.05879962375836743,0.01058731952819738,1.0
944,0,0.046875,0.057607161382530685,0.010575435211047628,1.0
945,0,0.046875,0.056533945244277614,0.010564737930086616,1.0
946,0,0.10625,0.06150555071984985,0.010614281107766736,1.0
947,0,0.046875,0.06004249564786487,0.010599704464512312,1.0
948,0,0.03125,0.05716324608307838,0.010571010644496257,1.0
949,0,0.046875,0.05613442147477054,0.010560755344714694,1.0
950,0,0.075,0.058020979327293484,0.010579559589472973,1.0
951,0,0.1375,0.06596888139456414,0.010658733511747915,1.0
952,0,0.03125,0.06249699325510773,0.010624157517166366,1.0
953,0,0.0625,0.06249729392959696,0.010624160512197748,1.0
954,0,0.075,0.06374756453663726,0.010636613532398295,1.0
955,0,0.046875,0.062060308082973525,0.010619807559216992,1.0
956,0,0.046875,0.06054177727467617,0.010604679174977297,1.0
957,0,0.03125,0.05761259954720856,0.010575489412605846,1.0
958,0,0.1375,0.0656013395924877,0.010655073954025134,1.0
959,0,0.16875,0.07591620563323893,0.010757706991907092,1.0
960,0,0.015625,0.06988708506991503,0.01069773525980908,1.0
961,0,0.046875,0.06758587656292353,0.010674831568440795,1.0
962,0,0.0,0.06082728890663118,0.010607523802750127,1.0
963,0,0.03125,0.05786956001596806,0.010578050469140657,1.0
964,0,0.015625,0.05364510401437126,0.010535937032721564,1.0
965,0,0.015625,0.04984309361293414,0.010498018589583187,1.0
966,0,0.03125,0.047983784251640724,0.010479469914850405,1.0
967,0,0.046875,0.04787290582647665,0.010478363673721833,1.0
968,0,0.03125,0.04621061524382898,0.010461777502769519,1.0
969,0,0.0625,0.047839553719446086,0.010478030915323037,1.0
970,0,0.015625,0.04461809834750148,0.010445885137120295,1.0
971,0,0.015625,0.041718788512751334,0.01041694602093904,1.0
972,0,0.078125,0.045359409661476204,0.010453283266093507,1.0
973,0,0.0,0.04082346869532858,0.010408008056095206,1.0
974,0,0.03125,0.03986612182579573,0.01039845015399147,1.0
975,0,0.03125,0.039004509643216154,0.010389847418126982,1.0
976,0,0.03125,0.038229058678894534,0.010382104461342372,1.0
977,0,0.03125,0.03753115281100508,0.010375135407641374,1.0
978,0,0.046875,0.03846553752990457,0.010384465775790162,1.0
979,0,0.03125,0.03774398377691411,0.010377260705202639,1.0
980,0,0.0625,0.0402195853992227,0.010401979128200593,1.0
981,0,0.0625,0.04244762685930043,0.010424221511607903,1.0
982,0,0.046875,0.04289036417337039,0.01042864083378375,1.0
983,0,0.075,0.04610132775603335,0.01046068695282186,1.0
984,0,0.015625,0.04305369498043002,0.01043027112950077,1.0
985,0,0.046875,0.04343582548238702,0.01043408529711627,1.0
986,0,0.2,0.05909224293414831,0.010590235576026905,1.0
987,0,0.046875,0.057870518640733476,0.010578060023356069,1.0
988,0,0.046875,0.056770966776660124,0.010567100554438916,1.0
989,0,0.1375,0.06484387009899412,0.010647531390945568,1.0
990,0,0.03125,0.06148448308909471,0.010614071226156275,1.0
991,0,0.046875,0.06002353478018524,0.010599515537539681,1.0
992,0,0.03125,0.05714618130216671,0.010570840552923986,1.0
993,0,0.15625,0.06705656317195004,0.01066956235161532,1.0
994,0,0.109375,0.07128840685475503,0.010711678884012291,1.0
995,0,0.109375,0.07509706616927952,0.010749562121988972,1.0
996,0,0.046875,0.07227485955235158,0.01072149275630394,1.0
997,0,0.075,0.07254737359711641,0.010724203657615996,1.0
998,0,0.109375,0.07623013623740478,0.010760828200222587,1.0
999,1,0.0,0.0686071226136643,0.010684996817552018,0.765625
1000,1,0.015625,0.06330891035229788,0.010632244646468543,0.765625
1001,1,0.0,0.05697801931706809,0.010569164396707327,0.796875
1002,1,0.046875,0.05596771738536128,0.010559093530254008,0.796875
1003,1,0.109375,0.061308445646825145,0.010612317470874655,0.796875
1004,1,0.0,0.05517760108214263,0.010551216718799591,0.921875
1005,1,0.015625,0.051222340973928374,0.010511775901052406,0.921875
1006,1,0.0,0.04610010687653554,0.010460674769937225,0.9375
1007,1,0.03125,0.044615096188881986,0.010445855175217072,0.9375
1008,1,0.015625,0.04171608656999379,0.010416919048480076,0.9375
1009,1,0.0,0.03754447791299441,0.01037526847107515,0.9375
1010,1,0.0,0.03379003012169497,0.010337771758882362,0.9375
1011,1,0.0,0.030411027109525476,0.010304016555605046,0.9375
1012,1,0.03125,0.030494924398572928,0.010304854750925999,0.9375
1013,1,0.0,0.027445431958715634,0.010274385429279607,0.953125
1014,1,0.046875,0.029388388762844067,0.01029379930989073,0.953125
1015,1,0.015625,0.028012049886559663,0.010280047254009765,0.953125
1016,1,0.0,0.0252108448979037,0.01025205505029571,0.953125
1017,1,0.03125,0.02581476040811333,0.010258090276015095,0.953125
1018,1,0.046875,0.027920784367302,0.010279135312252122,0.953125
1019,1,0.015625,0.026691205930571796,0.010266848692824482,0.953125
1020,1,0.0625,0.030272085337514614,0.010302628416214423,0.953125
1021,1,0.015625,0.028807376803763156,0.010287994107038841,0.953125
1022,1,0.015625,0.027489139123386838,0.010274822171342552,0.953125
1023,1,0.0625,0.030990225211048154,0.010309803080780501,0.953125
1024,1,0.03125,0.031016202689943338,0.010310062606034018,0.953125
1025,1,0.03125,0.031039582420949004,0.010310296178404737,0.953125
1026,1,0.203125,0.0482481241788541,0.010482107203687736,0.953125
1027,1,0.265625,0.06998581176096869,0.010698717713592928,0.953125
1028,1,0.265625,0.08954973058487181,0.01089311124887874,0.953125
1029,1,0.15625,0.09621975752638463,0.010959239111599095,0.953125
1030,1,0.109375,0.09753528177374618,0.010972271655369837,0.953125
1031,1,0.046875,0.09246925359637156,0.010922065971820286,0.953125
1032,1,0.046875,0.0879098282367344,0.010876840663402106,0.953125
1033,1,0.0,0.07911884541306097,0.010789541685739274,0.984375
1034,1,0.078125,0.07901946087175488,0.010788554027974002,0.984375
1035,1,0.125,0.08361751478457939,0.010834231768277976,0.984375
1036,1,0.078125,0.08306826330612145,0.01082877722886582,0.984375
1037,1,0.03125,0.07788643697550932,0.010777293241138138,0.984375
1038,1,0.125,0.08259779327795838,0.010824104661993185,0.984375
1039,1,0.109375,0.08527551395016254,0.010850694080622973,0.984375
1040,1,0.171875,0.09393546255514629,0.010936601427968581,0.984375
1041,1,0.09375,0.09391691629963166,0.010936417592012897,0.984375
1042,1,0.203125,0.1048377246696685,0.011044553171123768,0.984375
1043,1,0.125,0.10685395220270165,0.011064491231530468,0.984375
1044,1,0.140625,0.11023105698243148,0.011097867480236643,0.984375
1045,1,0.140625,0.11327045128418832,0.011127884972280233,0.984375
1046,1,0.171875,0.11913090615576949,0.011185705117578406,0.984375
1047,1,0.1875,0.12596781554019254,0.011253057363727685,0.984375
1048,1,0.09375,0.12274603398617329,0.011221332719388744,0.984375
1049,1,0.140625,0.12453393058755595,0.011238941129396472,0.984375
1050,1,0.125,0.12458053752880036,0.011239400042109137,0.984375
1051,1,0.03125,0.11524748377592033,0.011147399417165122,0.984375
1052,1,0.125,0.1162227353983283,0.011157022459161477,0.984375
1053,1,0.078125,0.11241296185849546,0.011119418344580627,0.984375
1054,1,0.0625,0.10742166567264591,0.011070103696477148,0.984375
1055,1,0.0625,0.10292949910538132,0.011025675380428115,0.984375
1056,1,0.03125,0.0957615491948432,0.010954698990615314,0.984375
1057,1,0.046875,0.09087289427535888,0.010906235785307512,0.984375
1058,1,0.046875,0.086473104847823,0.010862582105475636,0.984375
1059,1,0.15625,0.0934507943630407,0.010931797044504555,0.984375
1060,1,0.15625,0.09973071492673663,0.010994013774019666,0.984375
1061,1,0.15625,0.10538264343406296,0.011049942595856246,0.984375
1062,1,0.296875,0.12453187909065666,0.011238920929322016,0.984375
1063,1,0.3125,0.143328691181591,0.011423552171410518,0.984375
1064,1,0.3125,0.1602458220634319,0.011588881298298355,0.984375
1065,1,0.234375,0.16765873985708873,0.011661052725430958,0.984375
1066,1,0.1875,0.16964286587137986,0.011680340164183525,0.984375
1067,1,0.140625,0.1667410792842419,0.011652127953196144,0.984375
1068,1,0.140625,0.1641294713558177,0.011626713811600945,0.984375
1069,1,0.109375,0.15865402422023592,0.011573361264016487,0.984375
1070,1,0.140625,0.15685112179821234,0.01155577357220268,0.984375
1071,1,0.109375,0.1521035096183911,0.01150941268256466,0.984375
1072,1,0.140625,0.150955658656552,0.011498193752046353,0.984375
1073,1,0.109375,0.1467975927908968,0.01145752130355783,0.984375
1074,1,0.15625,0.14774283351180711,0.01146677162963957,0.984375
1075,1,0.09375,0.14234355016062641,0.0114138990494754,0.984375
1076,1,0.078125,0.1359216951445638,0.011350907970042946,0.984375
1077,1,0.078125,0.1301420256301074,0.011294122332240182,0.984375
1078,1,0.125,0.12962782306709666,0.011289066086800881,0.984375
1079,1,0.109375,0.127602540760387,0.011269144629445673,0.984375
1080,1,0.171875,0.13202978668434828,0.01131267923402431,0.984375
1081,1,0.1875,0.13757680801591346,0.01136715340138648,0.984375
1082,1,0.15625,0.13944412721432212,0.01138547287307423,0.984375
1083,1,0.1875,0.1442497144928899,0.011432574573576547,0.984375
1084,1,0.25,0.15482474304360092,0.011535994047141339,0.984375
1085,1,0.234375,0.16277976873924083,0.011613571065833866,0.984375
1086,1,0.140625,0.16056429186531676,0.011591985440043613,0.984375
1087,1,0.015625,0.1460703626787851,0.011450402739620396,0.984375
1088,1,0.0625,0.13771332641090658,0.011368493043556596,0.984375
1089,1,0.125,0.13644199376981592,0.011356015644809038,0.984375
1090,1,0.140625,0.13686029439283431,0.011360121501690195,0.984375
1091,1,0.15625,0.13879926495355088,0.011379147469780273,0.984375
1092,1,0.1875,0.1436693384581958,0.011426889450015769,0.984375
1093,1,0.09375,0.1386774046123762,0.011377952024702083,0.984375
1094,1,0.09375,0.13418466415113858,0.011333850674530329,0.984375
1095,1,0.09375,0.13014119773602473,0.01129411419195026,0.984375
1096,1,0.125,0.12962707796242226,0.011289058759566834,0.984375
1097,1,0.140625,0.13072687016618004,0.011299872394754502,0.984375
1098,1,0.140625,0.13171668314956203,0.011309602024010587,0.984375
1099,1,0.140625,0.13260751483460584,0.01131835653446059,0.984375
1100,1,0.078125,0.12715926335114525,0.011264783010199082,0.984375
1101,1,0.15625,0.1300683370160307,0.011293397780211127,0.984375
1102,1,0.25,0.14206150331442763,0.01141113485513637,0.984375
1103,1,0.32812501192092897,0.16066785417507776,0.011592994799481853,0.984375
1104,1,0.3125,0.17585106875756998,0.011740605637684086,0.984375
1105,1,0.328125,0.191078461881813,0.011887864424104274,0.984375
1106,1,0.265625,0.1985331156936317,0.01195965174091832,0.984375
1107,1,0.23437501192092897,0.20211730531636143,0.011994092885994337,0.984375
1108,1,0.15625,0.1975305747847253,0.011950009439966623,0.984375
1109,1,0.125,0.19027751730625275,0.011880139271116169,0.984375
1110,1,0.078125,0.1790622655756275,0.011771727204853689,0.984375
1111,1,0.140625,0.17521853901806475,0.01173447130376659,0.984375
1112,1,0.078125,0.16550918511625828,0.011640142827121489,0.984375
1113,1,0.125,0.16145826660463247,0.011600697374702935,0.984375
1114,1,0.09375,0.15468743994416922,0.011534653381495483,0.984375
1115,1,0.09375,0.1485936959497523,0.011475096156929048,0.984375
1116,1,0.109375,0.14467182635477707,0.011436708813202393,0.984375
1117,1,0.0625,0.13645464371929938,0.011356139818045443,0.984375
1118,1,0.203125,0.14312167934736944,0.011421523944291466,0.984375
1119,1,0.328125,0.1616220114126325,0.011602292825730878,0.984375
1120,1,0.265625,0.17202231027136924,0.011703453476848497,0.984375
1121,1,0.40625,0.19544507924423232,0.0119299393690478,0.984375
1122,1,0.203125,0.19621307131980908,0.011937332141214813,0.984375
1123,1,0.29687501192092897,0.20627926537992108,0.01203402415129453,0.984375
1124,1,0.125,0.19815133884192898,0.01195598030918236,0.984375
1125,1,0.078125,0.18614870495773608,0.011840279936005163,0.984375
1126,1,0.140625,0.1815963344619625,0.011796261377541735,0.984375
1127,1,0.09375,0.17281170101576623,0.011711117290399838,0.984375
1128,1,0.1875,0.1742805309141896,0.011725371934462325,0.984375
1129,1,0.140625,0.17091497782277065,0.011692699448845458,0.984375
1130,1,0.1875,0.17257348004049358,0.011708804735678093,0.984375
1131,1,0.171875,0.17250363203644423,0.011708126643257571,0.984375
1132,1,0.1875,0.1740032688327998,0.011722681723402462,0.984375
1133,1,0.21875,0.17847794194951982,0.011766066803433381,0.984375
1134,1,0.09375,0.17000514775456785,0.011683860476710004,0.984375
1135,1,0.0625,0.15925463297911108,0.011579218118806916,0.984375
1136,1,0.078125,0.15114166968119996,0.011500012059852533,0.984375
1137,1,0.078125,0.14384000271307998,0.01142856130436281,0.984375
1138,1,0.140625,0.143518502441772,0.011425411768475753,0.984375
1139,1,0.078125,0.1369791521975948,0.01136128807300558,0.984375
1140,1,0.109375,0.13421873697783532,0.011334185339183248,0.984375
1141,1,0.125,0.1332968632800518,0.01132512958913389,0.984375
1142,1,0.2718749761581421,0.14715467456786083,0.011461016081969142,0.984375
1143,1,0.21875,0.15431420711107474,0.011531008746916583,0.984375
1144,1,0.140625,0.15294528639996727,0.011517637619139532,0.984375
1145,1,0.21875,0.15952575775997055,0.011581861636745648,0.984375
1146,1,0.2093749761581421,0.1645106795997877,0.011630424788494406,0.984375
1147,1,0.125,0.16055961163980892,0.011591939823919156,0.984375
1148,1,0.0625,0.15075365047582803,0.011496218952942705,0.984375
1149,1,0.09375,0.14505328542824522,0.011440444460829167,0.984375
1150,1,0.09375,0.1399229568854207,0.01139016894485112,0.984375
1151,1,0.03125,0.1290556611968786,0.011283439129338522,0.984375
1152,1,0.15625,0.13177509507719073,0.011310176120913357,0.984375
1153,1,0.125,0.13109758556947165,0.01130351673440164,0.984375
1154,1,0.171875,0.1351753270125245,0.01134357975982562,0.984375
1155,1,0.0625,0.12790779431127206,0.011272147880465114,0.984375
1156,1,0.140625,0.12917951488014484,0.011284657245425087,0.984375
1157,1,0.078125,0.12407406339213035,0.01123441278823037,0.984375
1158,1,0.09375,0.12104165705291732,0.01120453970466469,0.984375
1159,1,0.125,0.12143749134762559,0.01120844042919503,0.984375
1160,1,0.171875,0.12648124221286303,0.011258110689072572,0.984375
1161,1,0.234375,0.13727061799157672,0.011364148605688991,0.984375
1162,1,0.234375,0.14698105619241905,0.011459316915153561,0.984375
1163,1,0.390625,0.17134545057317715,0.011696880531026948,0.984375
1164,1,0.296875,0.18389840551585945,0.011818530064498326,0.984375
1165,1,0.296875,0.1951960649642735,0.01192754186057913,0.984375
1166,1,0.1875,0.19442645846784615,0.011920130638615337,0.984375
1167,1,0.078125,0.18279631262106152,0.011807871471488743,0.984375
1168,1,0.09375,0.17389168135895536,0.011721598942913648,0.984375
1169,1,0.15625,0.17212751322305983,0.011704474960749858,0.984375
1170,1,0.265625,0.18147726190075383,0.01179510904670443,0.984375
1171,1,0.25,0.18832953571067845,0.011861341190811385,0.984375
1172,1,0.234375,0.1929340821396106,0.011905752990486709,0.984375
1173,1,0.171875,0.19082817392564955,0.011885450633969705,0.984375
1174,1,0.171875,0.1889328565330846,0.011867164718364066,0.984375
1175,1,0.234375,0.19347707087977614,0.01191098512817152,0.984375
1176,1,0.125,0.1866293637917985,0.011844923331883701,0.984375
1177,1,0.234375,0.19140392741261866,0.011891002889503881,0.984375
1178,1,0.203125,0.1925760346713568,0.011902302319556747,0.984375
1179,1,0.296875,0.2030059312042211,0.012002624277092479,0.984375
1180,1,0.41562498807907106,0.22426783689170612,0.012205820418371028,0.984375
1181,1,0.328125,0.2346535532025355,0.012304394893277342,0.984375
1182,1,0.421875,0.253375697882282,0.012480892351559952,0.984375
1183,1,0.40625,0.2686631280940538,0.012623804357362661,0.984375
1184,1,0.359375,0.2777343152846484,0.01270806843878112,0.984375
1185,1,0.3125,0.2812108837561836,0.012740254103405959,0.984375
1186,1,0.2718749761581421,0.28027729299637943,0.012731617021319476,0.984375
1187,1,0.45312501192092897,0.2975620648888344,0.012890799867304814,0.984375
1188,1,0.21875,0.28968085839995095,0.012818410483168608,0.984375
1189,1,0.15625,0.27633777255995584,0.012695122297220529,0.984375
1190,1,0.140625,0.26276649530396023,0.012568813034365509,0.984375
1191,1,0.140625,0.2505523457735642,0.012454378053501929,0.984375
1192,1,0.15625,0.2411221111962078,0.012365553499669455,0.984375
1193,1,0.15625,0.23263490007658702,0.012285271444612172,0.984375
1194,1,0.171875,0.2265589100689283,0.012227605348004371,0.984375
1195,1,0.203125,0.22421551906203546,0.012205322690322738,0.984375
1196,1,0.140625,0.21585646715583193,0.012125652541243606,0.984375
1197,1,0.203125,0.21458332044024875,0.012113493048423254,0.984375
1198,1,0.25,0.21812498839622388,0.01214730226847255,0.984375
1199,1,0.234375,0.2197499895566015,0.012162797586621652,0.984375
1200,1,0.26562501192092897,0.22433749179303422,0.012206483065608604,0.984375
1201,1,0.1875,0.2206537426137308,0.012171410683330885,0.984375
1202,1,0.171875,0.2157758683523577,0.012124882957778733,0.984375
1203,1,0.171875,0.21138578151712192,0.012082925399414557,0.984375
1204,1,0.125,0.20274720336540974,0.012000140632976702,0.984375
1205,1,0.15625,0.1980974830288688,0.011955462350070578,0.984375
1206,1,0.171875,0.1954752347259819,0.011930229690265927,0.984375
1207,1,0.15625,0.19155271125338372,0.01189243748404501,0.984375
1208,1,0.109375,0.18333494012804533,0.011813081193773617,0.984375
1209,1,0.109375,0.17593894611524077,0.011741457773951108,0.984375
1210,1,0.203125,0.1786575515037167,0.011767806823687324,0.984375
1211,1,0.234375,0.18422929635334503,0.011821729352936851,0.984375
1212,1,0.234375,0.18924386671801052,0.011870166218209447,0.984375
1213,1,0.15625,0.18594448004620948,0.011838306776186037,0.984375
1214,1,0.171875,0.18453753204158851,0.0118247092482861,0.984375
1215,1,0.171875,0.18327127883742966,0.011812465500904937,0.984375
1216,1,0.125,0.1774441509536867,0.01175604950672156,0.984375
1217,1,0.140625,0.17376223585831804,0.01172034282631106,0.984375
1218,1,0.125,0.16888601227248623,0.011672984394986572,0.984375
1219,1,0.09375,0.1613724110452376,0.011599860805801077,0.984375
1220,1,0.109375,0.15617266994071385,0.011549152570403731,0.984375
1221,1,0.140625,0.1546179029466425,0.01153397438135782,0.984375
1222,1,0.140625,0.15321861265197825,0.011520307817673799,0.984375
1223,1,0.25,0.16289675138678042,0.011614710413060137,0.984375
1224,1,0.09375,0.15598207624810237,0.011547292318653358,0.984375
1225,1,0.125,0.15288386862329212,0.011517037581669966,0.984375
1226,1,0.140625,0.15165798176096293,0.011505058617272856,0.984375
1227,1,0.109375,0.14742968358486663,0.011463707361393223,0.984375
1228,1,0.140625,0.14674921522638,0.011457047801750999,0.984375
1229,1,0.125,0.14457429370374197,0.011435753605338814,0.984375
1230,1,0.203125,0.1504293643333678,0.011493048534802888,0.984375
1231,1,0.234375,0.15882392790003103,0.011575018197432766,0.984375
1232,1,0.25,0.16794153511002793,0.011663802522789113,0.984375
1233,1,0.15625,0.16677238159902513,0.01165243243071863,0.984375
1234,1,0.078125,0.1579076434391226,0.011566081366659297,0.984375
1235,1,0.078125,0.14992937909521037,0.01148815977428729,0.984375
1236,1,0.125,0.14743644118568933,0.011463773489561124,0.984375
1237,1,0.125,0.1451927970671204,0.011441810602760895,0.984375
1238,1,0.1875,0.14942351736040835,0.011483212814079465,0.984375
1239,1,0.2718749761581421,0.16166866324018173,0.011602747363487353,0.984375
1240,1,0.171875,0.16268929691616354,0.011612689890090518,0.984375
1241,1,0.38437498807907106,0.18485786603245427,0.011827805749845955,0.984375
1242,1,0.265625,0.19293457942920883,0.011905757782771904,0.984375
1243,1,0.5781250119209289,0.23145362267838085,0.012274072570713621,0.984375
1244,1,0.746875,0.28299576041054275,0.01275675451949784,0.984375
1245,1,0.3343749761581421,0.2881336819853027,0.012804161506952681,0.984375
1246,1,0.15625,0.27494531378677245,0.012682204307993031,0.984375
1247,1,0.48437501192092897,0.2958882836001881,0.012875453376052712,0.984375
1248,1,0.265625,0.2928619552401693,0.012847668237000268,0.984375
1249,1,0.140625,0.27763825971615236,0.012707178303588978,0.984375
1250,1,0.109375,0.26081193374453715,0.012550548047518567,0.984375
1251,1,0.15625,0.2503557403700834,0.012452530344868136,0.984375
1252,1,0.25,0.2503201663330751,0.012452195999026782,0.984375
1253,1,0.078125,0.23310064969976757,0.012289685234599381,0.984375
1254,1,0.21875,0.23166558472979082,0.012276082480132901,0.984375
1255,1,0.125,0.22099902625681173,0.01217470047089961,0.984375
1256,1,0.078125,0.20671162363113055,0.012038168491482718,0.984375
1257,1,0.0625,0.1922904612680175,0.011899549778060051,0.984375
1258,1,0.0625,0.17931141514121576,0.011774140385456417,0.984375
1259,1,0.109375,0.1723177736270942,0.011706322229745636,0.984375
1260,1,0.1875,0.17383599626438476,0.01172105859130973,0.984375
1261,1,0.171875,0.17363989663794627,0.011719155616390736,0.984375
1262,1,0.15625,0.17190090697415164,0.011702274647750624,0.984375
1263,1,0.1875,0.17346081627673646,0.011717417686421807,0.984375
1264,1,0.140625,0.17017723464906281,0.01168553250390911,0.984375
1265,1,0.109375,0.16409701118415654,0.011626397797819345,0.984375
1266,1,0.109375,0.1586248100657409,0.011573076353025685,0.984375
1267,1,0.171875,0.1599498290591668,0.011585995957372822,0.984375
1268,1,0.140625,0.15801734615325014,0.01156715146960489,0.984375
1269,1,0.21875,0.16409061153792515,0.01162633549410728,0.984375
1270,1,0.171875,0.16486905038413263,0.011633913027204195,0.984375
1271,1,0.296875,0.17806964534571934,0.011762110899745479,0.984375
1272,1,0.3125,0.19151268081114742,0.011892051512879786,0.984375
1273,1,0.375,0.20986141273003267,0.01206833845059415,0.984375
1274,1,0.359375,0.22481277145702938,0.012211003994686434,0.984375
1275,1,0.34375,0.23670649431132643,0.01232382492499263,0.984375
1276,1,0.234375,0.23647334488019378,0.012321619215692688,0.984375
1277,1,0.715625,0.2843885103921744,0.012769618624288112,0.984375
1278,1,0.265625,0.2825121593529569,0.012752285435542963,0.984375
1279,1,0.21875,0.27613594341766123,0.012693250506321281,0.984375
1280,1,0.171875,0.2657098490758951,0.012596283462164149,0.984375
1281,1,0.140625,0.25320136416830563,0.01247925624305709,0.984375
1282,1,0.171875,0.24506872775147506,0.012402776256245359,0.984375
1283,1,0.109375,0.23149935497632754,0.012274506239154435,0.984375
1284,1,0.078125,0.2161619194786948,0.01212856885949057,0.984375
1285,1,0.171875,0.2117332275308253,0.01208624887672568,0.984375
1286,1,0.171875,0.20774740477774276,0.012048093927007859,0.984375
1287,1,0.140625,0.20103516429996848,0.011983699540368464,0.984375
1288,1,0.265625,0.20749414786997164,0.01204566746551272,0.984375
1289,1,0.25,0.21174473308297448,0.012086358924266946,0.984375
1290,1,0.1875,0.20932025977467703,0.012063157848218127,0.984375
1291,1,0.15625,0.20401323379720931,0.012012291370552305,0.984375
1292,1,0.3031249761581421,0.2139244080333026,0.01210719737500248,0.984375
1293,1,0.32812501192092897,0.22534446842206524,0.012216060447314627,0.984375
1294,1,0.21875,0.22468502157985873,0.01220978891262207,0.984375
1295,1,0.265625,0.22877901942187284,0.012248694308938322,0.984375
1296,1,0.23437501192092897,0.22933861867177846,0.012254006663976299,0.984375
1297,1,0.296875,0.2360922568046006,0.012318013419354902,0.984375
1298,1,0.359375,0.24842053112414053,0.012434333648677236,0.984375
1299,1,0.40625,0.2642034780117265,0.012582229663467101,0.984375
1300,1,0.42187501192092897,0.2799706314026468,0.012728778990383311,0.984375
1301,1,0.328125,0.28478606826238206,0.012773288840488178,0.984375
1302,1,0.203125,0.27661996143614387,0.012697739013814826,0.984375
1303,1,0.203125,0.26927046529252946,0.01262945871546895,0.984375
1304,1,0.23437501192092897,0.2657809199553694,0.012596946252066832,0.984375
1305,1,0.171875,0.25639032795983246,0.012509161971308582,0.984375
1306,1,0.140625,0.24481379516384924,0.012400373964360617,0.984375
1307,1,0.21875,0.2422074156474643,0.012375796591033897,0.984375
1308,1,0.1875,0.23673667408271787,0.012324110423137873,0.984375
1309,1,0.296875,0.2427505066744461,0.012380920296889569,0.984375
1310,1,0.3125,0.2497254560070015,0.012446605696257216,0.984375
1311,1,0.203125,0.24506541040630136,0.012402744997982787,0.984375
1312,1,0.1875,0.23930886936567122,0.012348428416360819,0.984375
1313,1,0.09375,0.2247529824291041,0.01221043532498787,0.984375
1314,1,0.15625,0.21790268418619368,0.012145181627582003,0.984375
1315,1,0.15625,0.21173741576757432,0.012086288936155607,0.984375
1316,1,0.171875,0.2077511741908169,0.012048130039959266,0.984375
1317,1,0.171875,0.2041635567717352,0.012013733686126567,0.984375
1318,1,0.125,0.19624720109456167,0.011937660627012648,0.984375
1319,1,0.203125,0.19693498098510553,0.011944279313878424,0.984375
1320,1,0.171875,0.194428982886595,0.011920154952062669,0.984375
1321,1,0.15625,0.1906110845979355,0.011883356828631801,0.984375
1322,1,0.21875,0.19342497613814194,0.011910483200050812,0.984375
1323,1,0.203125,0.19439497852432774,0.011919827443693203,0.984375
1324,1,0.125,0.187455480671895,0.011852902093928183,0.984375
1325,1,0.125,0.18120993260470547,0.011792521774279368,0.984375
1326,1,0.21875,0.18496393934423494,0.01182883102532628,0.984375
1327,1,0.078125,0.17428004540981146,0.011725367223948348,0.984375
1328,1,0.0625,0.16310204086883032,0.011616709716663443,0.984375
1329,1,0.109375,0.15772933678194728,0.011564341983219107,0.984375
1330,1,0.1875,0.16070640310375256,0.011593370504160119,0.984375
1331,1,0.125,0.15713576279337732,0.011558550963685696,0.984375
1332,1,0.25,0.1664221865140396,0.011649025904802759,0.984375
1333,1,0.1875,0.16852996786263563,0.011669523397321,0.984375
1334,1,0.28125,0.17980197107637205,0.01177889112484691,0.984375
1335,1,0.328125,0.19463427396873484,0.011922132094199032,0.984375
1336,1,0.21875,0.19704584657186136,0.01194534603709443,0.984375
1337,1,0.28125,0.2054662619146752,0.012026229189535106,0.984375
1338,1,0.265625,0.21148213572320768,0.01208384711894779,0.984375
1339,1,0.265625,0.2168964221508869,0.012135579999935682,0.984375
1340,1,0.140625,0.20926927993579822,0.01206266974487766,0.984375
1341,1,0.1875,0.2070923519422184,0.012041817331751161,0.984375
1342,1,0.171875,0.20357061674799656,0.012008044051694406,0.984375
1343,1,0.1875,0.2019635550731969,0.0119926164756544,0.984375
1344,1,0.28125,0.2098921995658772,0.012068633146393852,0.984375
1345,1,0.125,0.2014029796092895,0.011987232697837462,0.984375
1346,1,0.078125,0.18907518164836054,0.01186853831414192,0.984375
1347,1,0.21875,0.1920426634835245,0.011897161100438853,0.984375
1348,1,0.1875,0.19158839713517203,0.011892781560284187,0.984375
1349,1,0.078125,0.18024205742165483,0.011783152391141255,0.984375
1350,1,0.125,0.17471785167948933,0.011729614635333552,0.984375
1351,1,0.078125,0.1650585665115404,0.011635757536754695,0.984375
1352,1,0.140625,0.16261520986038638,0.011611968279241738,0.984375
1353,1,0.1875,0.16510368887434773,0.011636196683738274,0.984375
1354,1,0.125,0.16109331998691295,0.011597141208736728,0.984375
1355,1,0.09375,0.15435898798822165,0.011531446056106676,0.984375
1356,1,0.09375,0.1482980891893995,0.011472204284641468,0.984375
1357,1,0.09375,0.14284328027045953,0.01141879610258394,0.984375
1358,1,0.1875,0.14730895224341356,0.011462525893062415,0.984375
1359,1,0.328125,0.1653905570190722,0.011638988435465056,0.984375
1360,1,0.203125,0.16916400131716497,0.011675686353995003,0.984375
1361,1,0.584374976158142,0.21068509880126265,0.012076221591629521,0.984375
1362,1,0.203125,0.20992908892113638,0.012068986251399846,0.984375
1363,1,0.125,0.20143618002902275,0.011987551588773576,0.984375
1364,1,0.140625,0.1953550620261205,0.011929072710219637,0.984375
1365,1,0.2093749761581421,0.19675705343932265,0.011942567239774217,0.984375
1366,1,0.125,0.1895813480953904,0.01187342279147868,0.984375
1367,1,0.15625,0.18624821328585137,0.011841241301886964,0.984375
1368,1,0.203125,0.18793589195726623,0.01185754085648269,0.984375
1369,1,0.25,0.1941423027615396,0.011917393697708833,0.984375
1370,1,0.265625,0.20129057248538562,0.011986152993112181,0.984375
1371,1,0.15625,0.19678651523684706,0.011942850738518767,0.984375
1372,1,0.21875,0.19898286371316237,0.011963976125886473,0.984375
1373,1,0.15625,0.19470957734184613,0.011922857295909597,0.984375
1374,1,0.15625,0.19086361960766152,0.011885792487834137,0.984375
1375,1,0.203125,0.19208975764689534,0.011897615087789462,0.984375
1376,1,0.25,0.19788078188220581,0.011953378113216472,0.984375
1377,1,0.265625,0.20465520369398524,0.012018450319108826,0.984375
1378,1,0.1875,0.2029396833245867,0.012001988358598954,0.984375
1379,1,0.109375,0.19358321499212802,0.011912007786159652,0.984375
1380,1,0.265625,0.20078739349291522,0.011981319214747963,0.984375
1381,1,0.203125,0.2010211541436237,0.011983564951516977,0.984375
1382,1,0.25,0.20591903872926134,0.012030570666821219,0.984375
1383,1,0.171875,0.2025146348563352,0.011997907884552324,0.984375
1384,1,0.171875,0.1994506713707017,0.011968473346072157,0.984375
1385,1,0.15625,0.19513060423363152,0.011926911566715902,0.984375
1386,1,0.25,0.20061754381026836,0.011979687339650427,0.984375
1387,1,0.21875,0.20243078942924153,0.011997102884840094,0.984375
1388,1,0.265625,0.20875021048631737,0.012057699362290014,0.984375
1389,1,0.359375,0.22381268943768562,0.012201489967899128,0.984375
1390,1,0.34375,0.23580642049391706,0.012315308462271097,0.984375
1391,1,0.484375,0.26066327844452536,0.012549158146493327,0.984375
1392,1,0.34375,0.26897195060007284,0.0126266797451412,0.984375
1393,1,0.359375,0.27801225554006553,0.012710643816195839,0.984375
1394,1,0.375,0.28771102998605896,0.012800266870472017,0.984375
1395,1,0.5156250119209289,0.31050242817954593,0.013008941059060537,0.984375
1396,1,0.41562498807907106,0.3210146841694984,0.0131042411582331,0.984375
1397,1,0.23437501192092897,0.31235071694464145,0.013025741194307399,0.984375
1398,1,0.25,0.3061156452501773,0.012968992428739185,0.984375
1399,1,0.234375,0.2989415807251596,0.012903437154730156,0.984375
1400,1,0.265625,0.29560992265264363,0.012872899717537523,0.984375
1401,1,0.48437501192092897,0.31448643157947215,0.013045130511373846,0.984375
1402,1,0.3125,0.31428778842152494,0.013043328169016849,0.984375
1403,1,0.4281249761581421,0.3256715071951866,0.01314626088094117,0.984375
1404,1,0.3125,0.32435435647566796,0.01313438830240026,0.984375
1405,1,0.2718749761581421,0.31910641844391535,0.01308698716575778,0.984375
1406,1,0.434375,0.3306332765995238,0.01319089689285182,0.984375
1407,1,0.1875,0.31631994893957144,0.013061756196112415,0.984375
1408,1,0.109375,0.2956254540456143,0.012873042211914232,0.984375
1409,1,0.1875,0.28481290864105285,0.01277353659914378,0.984375
1410,1,0.203125,0.2766441177769476,0.012697962995271659,0.984375
1411,1,0.3125,0.28022970599925284,0.012731176653764019,0.984375
1412,1,0.171875,0.2693942353993276,0.012630610803727012,0.984375
1413,1,0.171875,0.25964231185939485,0.012539609444056592,0.984375
1414,1,0.203125,0.25399058067345537,0.012486661848920087,0.984375
1415,1,0.203125,0.24890402260610983,0.012438881511767983,0.984375
1416,1,0.171875,0.24120112034549884,0.012366299364938221,0.984375
1417,1,0.3125,0.24833100831094895,0.012433491453236594,0.984375
1418,1,0.171875,0.24068540747985406,0.012361430409392962,0.984375
1419,1,0.171875,0.23380436673186866,0.012296352394740518,0.984375
1420,1,0.23437501192092897,0.2338614312507747,0.012296892941387694,0.984375
1421,1,0.1875,0.2292252881256972,0.012252930909145894,0.984375
1422,1,0.21875,0.2281777593131275,0.012242984971363358,0.984375
1423,1,0.265625,0.23192248338181476,0.012278518236506808,0.984375
1424,1,0.25,0.23373023504363327,0.012295650157281353,0.984375
1425,1,0.21875,0.23223221153926996,0.012281454510893373,0.984375
1426,1,0.21875,0.23088399038534296,0.012268670128532262,0.984375
1427,1,0.21875,0.22967059134680867,0.012257157494598093,0.984375
1428,1,0.35937501192092897,0.2426410334042207,0.012379887595278834,0.984375
1429,1,0.5156250119209289,0.2699394312558915,0.012635684752380773,0.984375
1430,1,0.5156250119209289,0.2945079893223952,0.01286278667328835,0.984375
1431,1,0.32812501192092897,0.2978696915822486,0.012893618808331937,0.984375
1432,1,0.25,0.29308272242402367,0.01284969675643621,0.984375
1433,1,0.465625,0.31033695018162133,0.013007436023407402,0.984375
1434,1,0.265625,0.3058657551634592,0.012966713634864171,0.984375
1435,1,0.3125,0.3065291796471133,0.012972762782478,0.984375
1436,1,0.296875,0.30556376168240196,0.012963959249598313,0.984375
1437,1,0.203125,0.2953198855141618,0.012870238508165956,0.984375
1438,1,0.2406249761581421,0.2898503945785598,0.01281997110036349,0.984375
1439,1,0.109375,0.27180285512070385,0.012653015969271446,0.984375
1440,1,0.171875,0.26181006960863346,0.012559877711062754,0.984375
1441,1,0.1875,0.2543790626477701,0.01249030609910719,0.984375
1442,1,0.078125,0.2367536563829931,0.012324271072535293,0.984375
1443,1,0.21875,0.2349532907446938,0.012307232904885173,0.984375
1444,1,0.140625,0.2255204616702244,0.012217733885567926,0.984375
1445,1,0.41562498807907106,0.24453091431110907,0.012397707965030749,0.984375
1446,1,0.265625,0.24664032287999815,0.012417579271123648,0.984375
1447,1,0.171875,0.23916379059199833,0.012347057594555816,0.984375
1448,1,0.265625,0.2418099115327985,0.012372045563439718,0.984375
1449,1,0.234375,0.24106642037951864,0.012365027748285556,0.984375
1450,1,0.234375,0.2403972783415668,0.012358709603957756,0.984375
1451,1,0.1875,0.2351075505074101,0.012308693333057452,0.984375
1452,1,0.171875,0.2287842954566691,0.012248744401333332,0.984375
1453,1,0.265625,0.23246836591100217,0.012283693014794393,0.984375
1454,1,0.1875,0.22797152931990194,0.012241026334787818,0.984375
1455,1,0.1875,0.22392437638791174,0.012202552681538121,0.984375
1456,1,0.171875,0.21871943874912056,0.012152971952087399,0.984375
1457,1,0.21875,0.2187224948742085,0.01215300109671704,0.984375
1458,1,0.15625,0.21247524538678766,0.01209334499707709,0.984375
1459,1,0.278125,0.2190402208481089,0.012156030869964158,0.984375
1460,1,0.1781249761581421,0.21494869637911224,0.012116983330074257,0.984375
1461,1,0.3968749761581421,0.2331413243570152,0.012290070653248511,0.984375
1462,1,0.171875,0.22701469192131368,0.01223193655724275,0.984375
1463,1,0.2406249761581421,0.2283757203449965,0.012244864904353501,0.984375
1464,1,0.140625,0.21960064831049686,0.012161373985445733,0.984375
1465,1,0.1875,0.21639058347944717,0.012130751790002206,0.984375
1466,1,0.21875,0.21662652513150246,0.012133003973311532,0.984375
1467,1,0.1781249761581421,0.21277637023416643,0.012096224108259807,0.984375
1468,1,0.1781249761581421,0.209311230826564,0.012063071401856354,0.984375
1469,1,0.15625,0.2040051077439076,0.012012213400388015,0.984375
1470,1,0.234375,0.20704209696951684,0.01204133572847141,0.984375
1471,1,0.15625,0.20196288727256514,0.011992610062798835,0.984375
1472,1,0.09375,0.19114159854530863,0.011888473281371803,0.984375
1473,1,0.171875,0.18921493869077777,0.011869887054067163,0.984375
1474,1,0.203125,0.1906059448217,0.011883307253917024,0.984375
1475,1,0.140625,0.18560785033953003,0.011835054037647216,0.984375
1476,1,0.078125,0.17485956530557703,0.01173098934331206,0.984375
1477,1,0.078125,0.16518610877501932,0.011636998806968236,0.984375
1478,1,0.296875,0.1783549978975174,0.011764875683207773,0.984375
1479,1,0.21875,0.18239449810776567,0.01180398437322058,0.984375
1480,1,0.109375,0.1750925482969891,0.01173324927278899,0.984375
1481,1,0.21875,0.1794582934672902,0.011775562900597033,0.984375
1482,1,0.203125,0.1818249641205612,0.011798473814613753,0.984375
1483,1,0.140625,0.1777049677085051,0.011758577130125363,0.984375
1484,1,0.078125,0.1677469709376546,0.011661910679856984,0.984375
1485,1,0.171875,0.16815977384388914,0.011665924419352833,0.984375
1486,1,0.125,0.1638437964595002,0.011623932528692996,0.984375
1487,1,0.171875,0.16464691681355018,0.011631750915433238,0.984375
1488,1,0.234375,0.17161972513219517,0.011699544177867713,0.984375
1489,1,0.1875,0.17320775261897564,0.011714961584871324,0.984375
1490,1,0.3656249761581421,0.19244947497289228,0.011901082492053645,0.984375
1491,1,0.2406249761581421,0.19726702509141725,0.011947474028532433,0.984375
1492,1,0.15625,0.19316532258227553,0.011907981312586064,0.984375
1493,1,0.140625,0.187911290324048,0.01185730332775538,0.984375
1494,1,0.21875,0.1909951612916432,0.011887061094168845,0.984375
1495,1,0.171875,0.18908314516247887,0.011868615168759207,0.984375
1496,1,0.25,0.19517483064623098,0.011927337405997851,0.984375
1497,1,0.296875,0.20534484758160787,0.012025064865492232,0.984375
1498,1,0.203125,0.2051228628234471,0.012022935955700602,0.984375
1499,1,0.203125,0.20492307654110242,0.012021019773397796,0.984375
1500,1,0.1875,0.20318076888699219,0.012004302476421069,0.984375
1501,1,0.125,0.19536269199829298,0.011929146170475271,0.984375
1502,1,0.109375,0.18676392279846368,0.011846223089260295,0.984375
1503,1,0.21875,0.18996253051861733,0.01187710056880799,0.984375
1504,1,0.125,0.1834662774667556,0.011814351362864624,0.984375
1505,1,0.125,0.17761964972008004,0.011757750323223688,0.984375
1506,1,0.140625,0.17392018474807205,0.011721875527319674,0.984375
1507,1,0.1875,0.17527816627326484,0.01173504963212871,0.984375
1508,1,0.234375,0.18118784964593837,0.011792308039396932,0.984375
1509,1,0.25,0.18806906468134454,0.011858826601220352,0.984375
1510,1,0.3968749761581421,0.20894965582902428,0.012059609289624226,0.984375
1511,1,0.4281249761581421,0.23086718786193605,0.012268510750721207,0.984375
1512,1,0.2718749761581421,0.23496796669155667,0.012307371851401768,0.984375
1513,1,0.29687501192092897,0.2411586712144939,0.012365898638453682,0.984375
1514,1,0.371875,0.25423030409304453,0.012488910716346942,0.984375
1515,1,0.21875,0.2506822736837401,0.012455599025456494,0.984375
1516,1,0.140625,0.23967654631536608,0.012351902107657053,0.984375
1517,1,0.1875,0.23445889168382947,0.012302551565283133,0.984375
1518,1,0.109375,0.2219505025154465,0.012183763371704103,0.984375
1519,1,0.171875,0.21694295226390187,0.012136024075655132,0.984375
1520,1,0.265625,0.22181115703751167,0.012182436327936265,0.984375
1521,1,0.21875,0.2215050413337605,0.012179520779985251,0.984375
1522,1,0.171875,0.21654203720038445,0.0121321975189932,0.984375
1523,1,0.15625,0.21051283348034602,0.012074573137822562,0.984375
1524,1,0.21875,0.21133655013231142,0.012082454440158753,0.984375
1525,1,0.0625,0.1964528951190803,0.011939640259916675,0.984375
1526,1,0.0625,0.18305760560717227,0.011810398880921343,0.984375
1527,1,0.15625,0.18037684504645504,0.011784457378505822,0.984375
1528,1,0.125,0.17483916054180954,0.011730791408903856,0.984375
1529,1,0.2406249761581421,0.18141774210344278,0.011794533022335126,0.984375
1530,1,0.1875,0.1820259678930985,0.01180041876717062,0.984375
1531,1,0.1875,0.18257337110378863,0.01180571483561757,0.984375
1532,1,0.125,0.17681603399340978,0.011749961359441065,0.984375
1533,1,0.23437501192092897,0.1825719317861617,0.011805700911742462,0.984375
1534,1,0.203125,0.18462723860754554,0.011825576431374732,0.984375
1535,1,0.21875,0.188039514746791,0.011858541310508602,0.984375
1536,1,0.328125,0.20204806327211192,0.011993427989823398,0.984375
1537,1,0.35937501192092897,0.2177807581369936,0.012144018444653024,0.984375
1538,1,0.234375,0.21944018232329424,0.012159844234818704,0.984375
1539,1,0.3125,0.22874616409096482,0.012248382367037038,0.984375
1540,1,0.21875,0.22774654768186836,0.01223888940095802,0.984375
1541,1,0.1875,0.22372189291368152,0.012200625990454315,0.984375
1542,1,0.234375,0.2247872036223134,0.012210760813899468,0.984375
1543,1,0.296875,0.23199598326008203,0.012279215065088228,0.984375
1544,1,0.2406249761581421,0.232858882549888,0.01228739418657922,0.984375
1545,1,0.3125,0.24082299429489923,0.012362729512054312,0.984375
1546,1,0.171875,0.2339281948654093,0.012297525345240359,0.984375
1547,1,0.25,0.23553537537886837,0.012312743148084735,0.984375
1548,1,0.34375,0.24635683784098153,0.012414909926066083,0.984375
1549,1,0.375,0.2592211540568834,0.012535669075427516,0.984375
1550,1,0.328125,0.2661115386511951,0.012600029200670016,0.984375
1551,1,0.1875,0.2582503847860756,0.012526583316593677,0.984375
1552,1,0.234375,0.25586284630746803,0.012504218597816072,0.984375
1553,1,0.1875,0.24902656167672121,0.012440033980034005,0.984375
1554,1,0.1875,0.24287390550904908,0.012382084298928406,0.984375
1555,1,0.1875,0.23733651495814417,0.01232978403685063,0.984375
1556,1,0.140625,0.22766536346232977,0.012238118239358435,0.984375
1557,1,0.078125,0.2127113271160968,0.012095602249558834,0.984375
1558,1,0.140625,0.20550269440448712,0.012026578554113796,0.984375
1559,1,0.1875,0.2037024249640384,0.012009308952120386,0.984375
1560,1,0.171875,0.20051968246763455,0.011978747061455795,0.984375
1561,1,0.171875,0.1976552142208711,0.011951208410576657,0.984375
1562,1,0.21875,0.199764692798784,0.01197149169391196,0.984375
1563,1,0.15625,0.1954132235189056,0.011929632675102695,0.984375
1564,1,0.28125,0.20399690116701505,0.012012134657334314,0.984375
1565,1,0.203125,0.20390971105031352,0.012011298042031415,0.984375
1566,1,0.21875,0.20539373994528218,0.012025533734276995,0.984375
1567,1,0.125,0.19735436595075395,0.011948314297455699,0.984375
1568,1,0.125,0.19011892935567853,0.01187860940563781,0.984375
1569,1,0.203125,0.19141953642011067,0.01189115339752215,0.984375
1570,1,0.234375,0.1957150827780996,0.011932538701577183,0.984375
1571,1,0.125,0.18864357450028962,0.011864372599814571,0.984375
1572,1,0.140625,0.18384171705026067,0.011817981921360193,0.984375
1573,1,0.140625,0.1795200453452346,0.011776160944775639,0.984375
1574,1,0.109375,0.17250554081071115,0.011708145174071774,0.984375
1575,1,0.109375,0.16619248672964002,0.011646791284305688,0.984375
1576,1,0.125,0.162073238056676,0.011606688928710947,0.984375
1577,1,0.140625,0.15992841425100843,0.011585787195227048,0.984375
1578,1,0.15625,0.15956057282590758,0.011582201073809474,0.984375
1579,1,0.125,0.15610451554331684,0.011548487375602053,0.984375
1580,1,0.234375,0.16393156398898515,0.01162478704613211,0.984375
1581,1,0.1875,0.16628840759008662,0.011647724465181912,0.984375
1582,1,0.265625,0.17622206683107794,0.011744202984368773,0.984375
1583,1,0.109375,0.16953736014797013,0.011679314878771798,0.984375
1584,1,0.03125,0.1557086241331731,0.011544623152175922,0.984375
1585,1,0.171875,0.15732526171985578,0.011560399867495933,0.984375
1586,1,0.125,0.15409273554787023,0.011528845870646042,0.984375
1587,1,0.4906249761581421,0.1877459596088974,0.01185570700368115,0.984375
1588,1,0.709374976158142,0.23990886126382185,0.012354096633495468,0.984375
1589,1,0.6718750119209289,0.28310547632953253,0.0127577682672645,0.984375
1590,1,0.621875,0.3169824286965792,0.013067758743499207,0.984375
1591,1,0.6093750119209289,0.34622168701901423,0.013330204937511943,0.984375
1592,1,0.4906249761581421,0.360662015932927,0.013457970225031469,0.984375
1593,1,0.4593749761581421,0.3705333119554485,0.013544581069467897,0.984375
1594,1,0.2406249761581421,0.35754247837571784,0.013430475484485789,0.984375
1595,1,0.1875,0.3405382305381461,0.013279578200013402,0.984375
1596,1,0.109375,0.31742190748433147,0.013071739394640309,0.984375
1597,1,0.090625,0.2947422167358983,0.012864936841015863,0.984375
1598,1,0.15625,0.28089299506230847,0.012737313662809153,0.984375
1599,1,0.203125,0.27311619555607763,0.012665220720248184,0.984375
1600,1,0.28125,0.27392957600046985,0.012672775108570952,0.984375
1601,1,0.1875,0.2652866184004229,0.012592336008474075,0.984375
1602,1,0.3125,0.27000795656038057,0.012636322390515924,0.984375
1603,1,0.171875,0.2601946609043425,0.012544775965315566,0.984375
1604,1,0.15625,0.24980019481390828,0.01244730833372809,0.984375
1605,1,0.109375,0.23575767533251743,0.012314847136041846,0.984375
1606,1,0.15625,0.22780690779926568,0.012239462738115367,0.984375
1607,1,0.09375,0.21440121701933912,0.012111753290193318,0.984375
1608,1,0.125,0.2054610953174052,0.012026179644711157,0.984375
1609,1,0.15625,0.20053998578566468,0.011978942144210102,0.984375
1610,1,0.078125,0.18829848720709821,0.01186104146108018,0.984375
1611,1,0.140625,0.1835311384863884,0.011814978614268435,0.984375
1612,1,0.09375,0.17455302463774958,0.011728015628455346,0.984375
1613,1,0.21875,0.17897272217397464,0.011770859864908018,0.984375
1614,1,0.09375,0.17045044995657718,0.011688186913668687,0.984375
1615,1,0.09375,0.16278040496091947,0.011613577262402603,0.984375
1616,1,0.0625,0.15275236446482754,0.011515752778868127,0.984375
1617,1,0.09375,0.1468521280183448,0.011458055066297983,0.984375
1618,1,0.15625,0.14779191521651033,0.011467251883697516,0.984375
1619,1,0.265625,0.1595752236948593,0.011582343914527591,0.984375
1620,1,0.15625,0.15924270132537338,0.011579101777721089,0.984375
1621,1,0.2718749761581421,0.17050592880865026,0.011688725885806472,0.984375
1622,1,0.171875,0.17064283592778523,0.011690055883134773,0.984375
1623,1,0.1875,0.1723285523350067,0.01170642687837316,0.984375
1624,1,0.21875,0.17697069710150606,0.011751460586447644,0.984375
1625,1,0.15625,0.17489862739135545,0.011731368257340658,0.984375
1626,1,0.1875,0.17615876465221988,0.01174358921387196,0.984375
1627,1,0.234375,0.1819803881869979,0.011799977741187746,0.984375
1628,1,0.140625,0.17784484936829814,0.011759932653658062,0.984375
1629,1,0.21875,0.18193536443146835,0.011799542087438141,0.984375
1630,1,0.203125,0.1840543279883215,0.01182003768209614,0.984375
1631,1,0.125,0.17814889518948934,0.011762878780105887,0.984375
1632,1,0.25,0.1853340056705404,0.011832407673130894,0.984375
1633,1,0.1875,0.18555060510348634,0.011834500856370608,0.984375
1634,1,0.265625,0.1935580445931377,0.01191176528273118,0.984375
1635,1,0.25,0.19920224013382393,0.011966085181268847,0.984375
1636,1,0.1875,0.19803201612044152,0.011954832706379129,0.984375
1637,1,0.4281249761581421,0.22104131212421158,0.01217510332751985,0.984375
1638,1,0.234375,0.2223746809117904,0.012187802498132385,0.984375
1639,1,0.171875,0.21732471282061136,0.012139667201938837,0.984375
1640,1,0.234375,0.21902974153855023,0.012155930947917495,0.984375
1641,1,0.203125,0.2174392673846952,0.012140760275690148,0.984375
1642,1,0.109375,0.2066328406462257,0.012037413376992538,0.984375
1643,1,0.109375,0.19690705658160312,0.011944010624429265,0.984375
1644,1,0.21875,0.19909135092344282,0.011965019130051418,0.984375
1645,1,0.171875,0.19636971583109855,0.011938839747871218,0.984375
1646,1,0.265625,0.2032952442479887,0.012005401217449039,0.984375
1647,1,0.078125,0.19077821982318982,0.011884968846711986,0.984375
1648,1,0.109375,0.18263789784087084,0.011806339056087259,0.984375
1649,1,0.1781249761581421,0.18218660567259798,0.0118019730291401,0.984375
1650,1,0.171875,0.18115544510533818,0.011791994401700742,0.984375
1651,1,0.203125,0.18335240059480434,0.011813250058191251,0.984375
1652,1,0.1875,0.1837671605353239,0.011817260987803056,0.984375
1653,1,0.171875,0.18257794448179152,0.011805759078162654,0.984375
1654,1,0.21875,0.18619515003361237,0.011840728653698467,0.984375
1655,1,0.25,0.19257563503025113,0.01190229846776569,0.984375
1656,1,0.296875,0.20300557152722604,0.012002620824570882,0.984375
1657,1,0.25,0.20770501437450342,0.012047687800904433,0.984375
1658,1,0.265625,0.21349701293705306,0.012103112831855372,0.984375
1659,1,0.203125,0.21245981164334776,0.012093197422376252,0.984375
1660,1,0.25,0.216213830479013,0.012129064444153284,0.984375
1661,1,0.203125,0.21490494743111171,0.012116565443333347,0.984375
1662,1,0.4281249761581421,0.23622695030381477,0.012319287941220758,0.984375
1663,1,0.834374976158142,0.2960417528892475,0.012876861114839124,0.984375
1664,1,0.646874976158142,0.331125075216137,0.013195313444936123,0.984375
1665,1,0.696874988079071,0.36770006650243037,0.013519783483054952,0.984375
1666,1,0.38437498807907106,0.3693675586600944,0.013534383986436721,0.984375
1667,1,0.265625,0.358993302794085,0.013443269998154374,0.984375
1668,1,0.296875,0.35278147251467645,0.013388399852551745,0.984375
1669,1,0.140625,0.33156582526320877,0.013199270380848997,0.984375
1670,1,0.1875,0.3171592427368879,0.013069360394774085,0.984375
1671,1,0.203125,0.3057558184631991,0.012965710994739563,0.984375
1672,1,0.21875,0.29705523661687916,0.012886154446756264,0.984375
1673,1,0.140625,0.28141221295519125,0.01274211611469942,0.984375
1674,1,0.15625,0.26889599165967215,0.012625972549093015,0.984375
1675,1,0.09375,0.25138139249370495,0.012462167518530826,0.984375
1676,1,0.0625,0.23249325324433445,0.012283928907411031,0.984375
1677,1,0.109375,0.220181427919901,0.012166909772647245,0.984375
1678,1,0.1875,0.2169132851279109,0.012135740938425135,0.984375
1679,1,0.140625,0.2092844566151198,0.012062815054136167,0.984375
1680,1,0.28125,0.2164810109536078,0.012131614993102998,0.984375
1681,1,0.1875,0.21358290985824702,0.012103933793308347,0.984375
1682,1,0.203125,0.21253711887242233,0.01209393661073141,0.984375
1683,1,0.1875,0.21003340698518008,0.01206998475500916,0.984375
1684,1,0.41562498807907106,0.23059256509456919,0.01226590568557044,0.984375
1685,1,0.35937501192092897,0.24347080977720514,0.01238771383757324,0.984375
1686,1,0.42187501192092897,0.2613112299915775,0.012555215608241964,0.984375
1687,1,0.203125,0.25549260699241977,0.012500748064226299,0.984375
1688,1,0.21875,0.2518183462931778,0.012466271721569791,0.984375
1689,1,0.465625,0.27319901166386,0.012665990036737327,0.984375
1690,1,0.371875,0.283066610497474,0.012757409163671242,0.984375
1691,1,0.26562501192092897,0.28132245063981953,0.012741285965201974,0.984375
1692,1,0.21875,0.2750652055758376,0.012683316937308984,0.984375
1693,1,0.5468750119209289,0.3022461862103467,0.012933668328576151,0.984375
1694,1,0.28125,0.3001465675893121,0.012914467361423383,0.984375
1695,1,0.296875,0.29981941083038083,0.012911473399347229,0.984375
1696,1,0.590625,0.3288999697473427,0.013175320047036232,0.984375
1697,1,0.559375,0.3519474727726084,0.013381015306276917,0.984375
1698,1,0.25,0.3417527254953475,0.013290412562673446,0.984375
1699,1,0.403125,0.34788995294581276,0.013345029196052887,0.984375
1700,1,0.3656249761581421,0.3496634552670457,0.013360770453569605,0.984375
1701,1,0.4906249761581421,0.3637596073561553,0.013485212908527148,0.984375
1702,1,0.23437501192092897,0.3508211478126327,0.013371035792429821,0.984375
1703,1,0.26562501192092897,0.3423015342234623,0.01329530558083086,0.984375
1704,1,0.2093749761581421,0.32900887841693033,0.013176299290983684,0.984375
1705,1,0.109375,0.3070454905752373,0.01297746888860016,0.984375
1706,1,0.109375,0.28727844151771353,0.012796279717059711,0.984375
1707,1,0.203125,0.2788630973659422,0.012718525251153943,0.984375
1708,1,0.296875,0.280664287629348,0.0127351978239299,0.984375
1709,1,0.390625,0.29166035886641317,0.012836622899402855,0.984375
1710,1,0.265625,0.28905682297977187,0.012812664817817192,0.984375
1711,1,0.234375,0.2835886406817947,0.012762231855387106,0.984375
1712,1,0.3125,0.28647977661361523,0.012788915915518584,0.984375
1713,1,0.25,0.28283179895225374,0.012755239442162163,0.984375
1714,1,0.15625,0.27017361905702836,0.012637863809470448,0.984375
1715,1,0.28125,0.2712812571513255,0.012648166445340453,0.984375
1716,1,0.265625,0.270715631436193,0.012642906061995137,0.984375
1717,1,0.25,0.2686440682925737,0.01262362687989344,0.984375
1718,1,0.125,0.2542796614633163,0.01248937370906716,0.984375
1719,1,0.15625,0.24447669531698468,0.01239719693896522,0.984375
1720,1,0.125,0.23252902578528623,0.012284267969907859,0.984375
1721,1,0.15625,0.22490112320675762,0.012211844304671942,0.984375
1722,1,0.203125,0.22272351088608183,0.012191123577523878,0.984375
1723,1,0.21875,0.22232615979747367,0.012187340506618544,0.984375
1724,1,0.171875,0.2172810438177263,0.01213925050045365,0.984375
1725,1,0.125,0.20805293943595365,0.012051020928058936,0.984375
1726,1,0.1468749761581421,0.20193514310817248,0.011992343635488296,0.984375
1727,1,0.171875,0.19892912879735522,0.011963459497920383,0.984375
1728,1,0.171875,0.1962237159176197,0.011937434591791765,0.984375
1729,1,0.3656249761581421,0.21316384194167193,0.012099928263193893,0.984375
1730,1,0.15625,0.20747245774750475,0.012045459640151612,0.984375
1731,1,0.140625,0.20078771197275427,0.011981322274522893,0.984375
1732,1,0.265625,0.20727144077547885,0.012043533494853816,0.984375
1733,1,0.29687501192092897,0.21623179789002384,0.01212923597313179,0.984375
1734,1,0.390625,0.23367111810102145,0.012295090134941495,0.984375
1735,1,0.296875,0.2399915062909193,0.012354877268595955,0.984375
1736,1,0.5156250119209289,0.2675548568539203,0.012613481620086672,0.984375
1737,1,0.203125,0.26111187116852824,0.01255335208901113,0.984375
1738,1,0.1875,0.25375068405167545,0.012484411088246019,0.984375
1739,1,0.09375,0.2377506156465079,0.01233369989627193,0.984375
1740,1,0.078125,0.22178805408185712,0.012182216301273585,0.984375
1741,1,0.21875,0.22148424867367142,0.012179322729646707,0.984375
1742,1,0.1781249761581421,0.21714832142211848,0.012137983979525415,0.984375
1743,1,0.2093749761581421,0.21637098689572085,0.012130564720435083,0.984375
1744,1,0.3343749761581421,0.22817138582196295,0.012242924442856849,0.984375
1745,1,0.203125,0.22566674723976665,0.01221912474786144,0.984375
1746,1,0.1468749761581421,0.21778757013160419,0.012144083433156247,0.984375
1747,1,0.125,0.20850881311844377,0.012055387484523079,0.984375
1748,1,0.09375,0.1970329318065994,0.01194522177655621,0.984375
1749,1,0.125,0.18982963862593943,0.011875818442451298,0.984375
1750,1,0.0625,0.1770966747633455,0.011752681691030274,0.984375
1751,1,0.140625,0.17344950728701097,0.011717307931924494,0.984375
1752,1,0.09375,0.16547955655830987,0.011639854510426038,0.984375
1753,1,0.171875,0.1661191009024789,0.011646077319067503,0.984375
1754,1,0.125,0.16200719081223103,0.011606045499200914,0.984375
1755,1,0.1781249761581421,0.16361896934682216,0.011621743468115807,0.984375
1756,1,0.23437501192092897,0.17069457360423285,0.011690558477729103,0.984375
1757,1,0.1875,0.17237511624380955,0.011706878954958182,0.984375
1758,1,0.15625,0.1707626046194286,0.01169121933709719,0.984375
1759,1,0.21875,0.17556134415748575,0.011737796028167755,0.984375
1760,1,0.25,0.18300520974173717,0.011809892090436177,0.984375
1761,1,0.21875,0.18657968876756348,0.011844443485341248,0.984375
1762,1,0.34375,0.20229671989080714,0.01199581562755901,0.984375
1763,1,0.34375,0.21644204790172641,0.012131243063458584,0.984375
1764,1,0.3125,0.22604784311155376,0.012222747728788449,0.984375
1765,1,0.3125,0.2346930588003984,0.012304768967446237,0.984375
1766,1,0.21875,0.23309875292035856,0.01228966726121415,0.984375
1767,1,0.203125,0.23010137762832272,0.01226124548439401,0.984375
1768,1,0.15625,0.22271623986549047,0.012191054358041053,0.984375
1769,1,0.2718749761581421,0.22763211349475562,0.012237802392817188,0.984375
1770,1,0.125,0.21736890214528004,0.012140088860549052,0.984375
1771,1,0.203125,0.21594451193075204,0.01212649319111777,0.984375
1772,1,0.125,0.2068500607376768,0.012039495316517441,0.984375
1773,1,0.1468749761581421,0.20085255227972335,0.011981945215631805,0.984375
1774,1,0.078125,0.188579797051751,0.01186375698631896,0.984375
1775,1,0.140625,0.1837843173465759,0.011817426889468623,0.984375
1776,1,0.046875,0.17009338561191834,0.011684717823703335,0.984375
1777,1,0.171875,0.1702715470507265,0.011686448819016424,0.984375
1778,1,0.109375,0.16418189234565383,0.01162722414551609,0.984375
1779,1,0.046875,0.15245120311108848,0.011512810223112475,0.984375
1780,1,0.125,0.14970608279997966,0.011485976190443937,0.984375
1781,1,0.15625,0.1503604745199817,0.011492374986617622,0.984375
1782,1,0.171875,0.15251192706798353,0.011513403559977054,0.984375
1783,1,0.125,0.1497607343611852,0.011486510633966034,0.984375
1784,1,0.109375,0.14572216092506668,0.011446993800150778,0.984375
1785,1,0.2093749761581421,0.15208744244837422,0.011509255671109879,0.984375
1786,1,0.1781249761581421,0.154691195819351,0.011534690055657087,0.984375
1787,1,0.3031249761581421,0.16953457385323012,0.01167928780157428,0.984375
1788,1,0.465625,0.19914361646790713,0.011965521599039472,0.984375
1789,1,0.465625,0.2257917548211164,0.012220313230532829,0.984375
1790,1,0.4281249761581421,0.24602507695481898,0.012411785542982261,0.984375
1791,1,0.528125,0.27423506925933705,0.01267561157343236,0.984375
1792,1,0.403125,0.2871240623334033,0.012794856575659685,0.984375
1793,1,0.125,0.270911656100063,0.012644729291857879,0.984375
1794,1,0.171875,0.26100799049005674,0.012552380982590611,0.984375
1795,1,0.203125,0.25521969144105106,0.012498189408463723,0.984375
1796,1,0.390625,0.26876022229694596,0.012624708433316019,0.984375
1797,1,0.34375,0.27625920006725135,0.012694393629441891,0.984375
1798,1,0.359375,0.2845707800605262,0.012771301420816335,0.984375
1799,1,0.34375,0.2904887020544736,0.012825845519691086,0.984375
1800,1,0.421875,0.30362733184902624,0.012946285993940432,0.984375
1801,1,0.34375,0.3076395986641236,0.012982882315359656,0.984375
1802,1,0.42187501192092897,0.3190631399898042,0.01308659561814437,0.984375
1803,1,0.328125,0.3199693259908237,0.013094791853425752,0.984375
1804,1,0.46875,0.33484739339174135,0.013228696269785227,0.984375
1805,1,0.328125,0.33417515405256726,0.01322267334457887,0.984375
1806,1,0.44687498807907106,0.34544513745521765,0.013323298871344723,0.984375
1807,1,0.421875,0.3530881237096959,0.013391114008388166,0.984375
1808,1,0.39062501192092897,0.3568418125308192,0.013424291895671332,0.984375
1809,1,0.21875,0.34303263127773725,0.013301821079373444,0.984375
1810,1,0.28125,0.33685436814996356,0.013246662184747902,0.984375
1811,1,0.203125,0.3234814313349672,0.013126514494356265,0.984375
1812,1,0.215625,0.3126957882014705,0.013028875662958917,0.984375
1813,1,0.203125,0.30173870938132347,0.012929029625447131,0.984375
1814,1,0.278125,0.29937733844319114,0.012907426885418793,0.984375
1815,1,0.078125,0.27725210459887206,0.012703599384374317,0.984375
1816,1,0.078125,0.2573393941389848,0.012518052991170916,0.984375
1817,1,0.046875,0.23629295472508635,0.012319912471456553,0.984375
1818,1,0.109375,0.2236011592525777,0.012199477091674887,0.984375
1819,1,0.109375,0.21217854332731992,0.012090507817958536,0.984375
1820,1,0.2718749761581421,0.21814818661040214,0.012147523553031107,0.984375
1821,1,0.171875,0.21352086794936193,0.012103340829563226,0.984375
1822,1,0.109375,0.20310628115442572,0.012003587511846195,0.984375
1823,1,0.15625,0.19842065303898315,0.011958570278843951,0.984375
1824,1,0.21875,0.20045358773508484,0.011978111984820907,0.984375
1825,1,0.1875,0.19915822896157634,0.011965662078364305,0.984375
1826,1,0.140625,0.19330490606541872,0.0119093262977196,0.984375
1827,1,0.15625,0.18959941545887685,0.011873597123397478,0.984375
1828,1,0.109375,0.18157697391298916,0.01179607401818794,0.984375
1829,1,0.15625,0.17904427652169025,0.01177155296055412,0.984375
1830,1,0.1468749761581421,0.17582734648533543,0.011740375601167701,0.984375
1831,1,0.15625,0.17386961183680189,0.011721384788070584,0.984375
1832,1,0.109375,0.16742015065312169,0.011658732570540998,0.984375
1833,1,0.125,0.16317813558780953,0.011617450765475677,0.984375
1834,1,0.09375,0.15623532202902857,0.011549764049641389,0.984375
1835,1,0.109375,0.1515492898261257,0.01150399630146323,0.984375
1836,1,0.15625,0.15201936084351314,0.011508590356212631,0.984375
1837,1,0.140625,0.15087992475916184,0.011497453403786937,0.984375
1838,1,0.215625,0.15735443228324564,0.011560684469246256,0.984375
1839,1,0.140625,0.15568148905492107,0.011544358274334903,0.984375
1840,1,0.078125,0.14792584014942897,0.0114685622755337,0.984375
1841,1,0.09375,0.14250825613448606,0.011415513145066185,0.984375
1842,1,0.215625,0.14981993052103745,0.011487089509812502,0.984375
1843,1,0.078125,0.14265043746893372,0.011416906441806287,0.984375
1844,1,0.2718749761581421,0.15557289133785457,0.011543298180406005,0.984375
1845,1,0.09375,0.1493906022040691,0.011482890902016511,0.984375
1846,1,0.340625,0.16851404198366218,0.011669368577153217,0.984375
1847,1,0.3031249761581421,0.18197513540111016,0.01179992691514135,0.984375
1848,1,0.371875,0.20096512186099913,0.011983026668777852,0.984375
1849,1,0.496875,0.23055610967489923,0.012265559845927396,0.984375
1850,1,0.2718749761581421,0.2346879963232235,0.012304721031786177,0.984375
1851,1,0.528125,0.26403169669090115,0.012580626321393054,0.984375
1852,1,0.203125,0.25794102702181104,0.0125236869950035,0.984375
1853,1,0.125,0.24464692431962992,0.012398801340503592,0.984375
1854,1,0.078125,0.22799473188766695,0.012241246706528206,0.984375
1855,1,0.140625,0.21925775869890027,0.012158105029359463,0.984375
1856,1,0.140625,0.21139448282901024,0.012083008637250352,0.984375
1857,1,0.15625,0.20588003454610923,0.012030196704300089,0.984375
1858,1,0.15625,0.2009170310914983,0.011982564667866359,0.984375
1859,1,0.21875,0.2027003279823485,0.011999690627717495,0.984375
1860,1,0.171875,0.19961779518411366,0.011970079772748846,0.984375
1861,1,0.171875,0.1968435156657023,0.011943399220957513,0.984375
1862,1,0.1875,0.19590916409913206,0.01193440696102713,0.984375
1863,1,0.140625,0.19038074768921887,0.011881135064462676,0.984375
1864,1,0.15625,0.18696767292029698,0.011848191067384502,0.984375
1865,1,0.1875,0.1870209056282673,0.011848705206122606,0.984375
1866,1,0.140625,0.18238131506544056,0.01180385683273008,0.984375
1867,1,0.15625,0.1797681835588965,0.011778563939609002,0.984375
1868,1,0.09375,0.17116636520300685,0.011695141190392451,0.984375
1869,1,0.09375,0.16342472868270616,0.011619852088220669,0.984375
1870,1,0.140625,0.16114475581443555,0.011597642442334155,0.984375
1871,1,0.140625,0.159092780232992,0.011577639915960274,0.984375
1872,1,0.109375,0.1541210022096928,0.01152912192910732,0.984375
1873,1,0.09375,0.1480839019887235,0.01147010876921178,0.984375
1874,1,0.1468749761581421,0.14796300940566537,0.011468925949909614,0.984375
1875,1,0.121875,0.14535420846509883,0.01144339112545534,0.984375
1876,1,0.078125,0.13863128761858895,0.011377499608361976,0.984375
1877,1,0.09375,0.13414315885673006,0.011333443003775626,0.984375
1878,1,0.0625,0.12697884297105705,0.011263007627320862,0.984375
1879,1,0.078125,0.12209345867395134,0.011214903796418636,0.984375
1880,1,0.078125,0.1176966128065562,0.0111715614352592,0.984375
1881,1,0.171875,0.12311445152590057,0.011224961776193275,0.984375
1882,1,0.540624988079071,0.16486550518121762,0.011633878521607875,0.984375
1883,1,0.32812501192092897,0.18119145585518875,0.011792342943019715,0.984375
1884,1,0.28125,0.19119731026966988,0.011889010524315693,0.984375
1885,1,0.29687501192092897,0.2017650804347958,0.01199071045867597,0.984375
1886,1,0.2406249761581421,0.20565107000713043,0.012028001329181486,0.984375
1887,1,0.265625,0.21164846300641738,0.012085438110348946,0.984375
1888,1,0.25,0.21548361670577565,0.012122092223434713,0.984375
1889,1,0.140625,0.2079977550351981,0.012050492292417869,0.984375
1890,1,0.153125,0.2025104795316783,0.011997867989926947,0.984375
1891,1,0.1468749761581421,0.1969469291943247,0.011944394279015141,0.984375
1892,1,0.203125,0.19756473627489224,0.011950338062646632,0.984375
1893,1,0.203125,0.19812076264740303,0.011955686243499297,0.984375
1894,1,0.125,0.19080868638266274,0.011885262685522893,0.984375
1895,1,0.2093749761581421,0.19266531536021067,0.011903162803342627,0.984375
1896,1,0.203125,0.19371128382418962,0.011913241625192921,0.984375
1897,1,0.171875,0.19152765544177067,0.011892195898070413,0.984375
1898,1,0.1875,0.1911248898975936,0.011888312153243636,0.984375
1899,1,0.0625,0.17826240090783424,0.01176397854063456,0.984375
1900,1,0.246875,0.1851236608170508,0.01183037477413799,0.984375
1901,1,0.1875,0.1853612947353457,0.011832671399562043,0.984375
1902,1,0.21875,0.18870016526181116,0.011864918831367127,0.984375
1903,1,0.2718749761581421,0.19701764635144425,0.01194507470541204,0.984375
1904,1,0.140625,0.19137838171629984,0.011890756566215759,0.984375
1905,1,0.078125,0.18005304354466986,0.011781322290177055,0.984375
1906,1,0.140625,0.17611023919020288,0.011743118707513225,0.984375
1907,1,0.125,0.17099921527118261,0.011693517675682228,0.984375
1908,1,0.078125,0.16171179374406436,0.01160316758626103,0.984375
1909,1,0.15625,0.16116561436965793,0.011597845703143341,0.984375
1910,1,0.15625,0.16067405293269213,0.011593055213981504,0.984375
1911,1,0.203125,0.1649191476394229,0.011634400621442635,0.984375
1912,1,0.29687501192092897,0.1781147340675735,0.011762547783287478,0.984375
1913,1,0.328125,0.19311576066081615,0.011907503731341355,0.984375
1914,1,0.21875,0.19567918459473455,0.011932193124261732,0.984375
1915,1,0.265625,0.20267376613526109,0.011999435629344333,0.984375
1916,1,0.1875,0.20115638952173498,0.011984864061677678,0.984375
1917,1,0.203125,0.2013532505695615,0.011986755041184445,0.984375
1918,1,0.21875,0.20309292551260535,0.012003459316524284,0.984375
1919,1,0.1875,0.2015336329613448,0.011988487602534511,0.984375
1920,1,0.29687501192092897,0.21106777085730322,0.012079883062809067,0.984375
1921,1,0.15625,0.2055859937715729,0.012027377323076613,0.984375
1922,1,0.1781249761581421,0.20283989201022984,0.012001030422254378,0.984375
1923,1,0.203125,0.20286840280920687,0.01200130411260876,0.984375
1924,1,0.2093749761581421,0.2035190601441004,0.012007549269398263,0.984375
1925,1,0.403125,0.22347965412969037,0.012198320790076747,0.984375
1926,1,0.1875,0.2198816887167213,0.012164052937629129,0.984375
1927,1,0.15625,0.2135185198450492,0.012103318387320372,0.984375
1928,1,0.184375,0.21060416786054426,0.012075447156080178,0.984375
1929,1,0.078125,0.19735625107448984,0.011948332433106886,0.984375
1930,1,0.078125,0.18543312596704087,0.01183336557689528,0.984375
1931,1,0.15625,0.1825148133703368,0.011805148345663815,0.984375
1932,1,0.09375,0.17363833203330312,0.011719140432758502,0.984375
1933,1,0.109375,0.16721199882997279,0.011656708253207833,0.984375
1934,1,0.109375,0.1614282989469755,0.01160040537513515,0.984375
1935,1,0.078125,0.15309796905227796,0.011519129244853505,0.984375
1936,1,0.15625,0.15341317214705016,0.011522208387149737,0.984375
1937,1,0.046875,0.14275935493234515,0.011417973733435225,0.984375
1938,1,0.09375,0.13785841943911065,0.011369916772925624,0.984375
1939,1,0.0625,0.13032257749519957,0.011295897571421505,0.984375
1940,1,0.109375,0.12822781974567962,0.011275296214883265,0.984375
1941,1,0.078125,0.12321753777111166,0.011225977157405588,0.984375
1942,1,0.046875,0.1155832839940005,0.011150713082594448,0.984375
1943,1,0.153125,0.11933745559460045,0.011187741523348895,0.984375
1944,1,0.109375,0.1183412100351404,0.011177918452000014,0.984375
1945,1,0.140625,0.12056958903162636,0.011199887253347321,0.984375
1946,1,0.1875,0.12726263012846373,0.011265800129335242,0.984375
1947,1,0.125,0.12703636711561736,0.011263573688469168,0.984375
1948,1,0.3031249761581421,0.14464522801986984,0.01143644831910592,0.984375
1949,1,0.125,0.14268070521788284,0.011417203041398162,0.984375
1950,1,0.125,0.14091263469609455,0.01139987312253552,0.984375
1951,1,0.09375,0.1361963712264851,0.011353604503660257,0.984375
1952,1,0.09375,0.1319517341038366,0.011311912149810466,0.984375
1953,1,0.203125,0.13906906069345293,0.011381794012202556,0.984375
1954,1,0.15625,0.14078715462410765,0.011398642889848857,0.984375
1955,1,0.09375,0.13608343916169688,0.011352495857992561,0.984375
1956,1,0.140625,0.1365375952455272,0.011356954068404713,0.984375
1957,1,0.203125,0.14319633572097445,0.011422255414223568,0.984375
1958,1,0.234375,0.152314202148877,0.011511471539722233,0.984375
1959,1,0.171875,0.1542702819339893,0.01153057978826911,0.984375
1960,1,0.1781249761581421,0.1566557513564046,0.011553867097936512,0.984375
1961,1,0.15625,0.15661517622076415,0.011553471140962383,0.984375
1962,1,0.109375,0.15189115859868774,0.01150733748638218,0.984375
1963,1,0.1875,0.15545204273881896,0.011542118455766883,0.984375
1964,1,0.109375,0.15084433846493706,0.011497105518743101,0.984375
1965,1,0.046875,0.14044740461844338,0.011395311693587422,0.984375
1966,1,0.0625,0.13265266415659904,0.011318800177798627,0.984375
1967,1,0.078125,0.12719989774093912,0.011265182851855798,0.984375
1968,1,0.3031249761581421,0.1447924055826594,0.011437889695871348,0.984375
1969,1,0.2406249761581421,0.15437566264020766,0.01153160889145951,0.984375
1970,1,0.140625,0.1530005963761869,0.011518177975239248,0.984375
1971,1,0.140625,0.15176303673856822,0.01150608535374233,0.984375
1972,1,0.21875,0.15846173306471142,0.011571485896761704,0.984375
1973,1,0.2406249761581421,0.16667805737405447,0.011651514929711384,0.984375
1974,1,0.25,0.17501025163664902,0.01173245101797728,0.984375
1975,1,0.434375,0.20094672647298412,0.011982849948045831,0.984375
1976,1,0.21875,0.2027270538256857,0.01199994719774931,0.984375
1977,1,0.234375,0.20589184844311714,0.012030309973666149,0.984375
1978,1,0.29687501192092897,0.21499016479089833,0.012117379426154835,0.984375
1979,1,0.1875,0.2122411483118085,0.012091106500193396,0.984375
1980,1,0.09375,0.20039203348062765,0.011977520520805918,0.984375
1981,1,0.2406249761581421,0.2044153277483791,0.012016149177139803,0.984375
1982,1,0.0625,0.1902237949735412,0.01187962103298966,0.984375
1983,1,0.078125,0.17901391547618709,0.011771258877027607,0.984375
1984,1,0.403125,0.20142502392856837,0.01198744443459421,0.984375
1985,1,0.1781249761581421,0.19909501915152575,0.011965054395893848,0.984375
1986,1,0.3968749761581421,0.21887301485218738,0.0121544364777325,0.984375
1987,1,0.140625,0.21104821336696866,0.012079695947545863,0.984375
1988,1,0.203125,0.21025589203027178,0.012072114176143662,0.984375
1989,1,0.15625,0.20485530282724462,0.0120203697096714,0.984375
1990,1,0.1875,0.20311977254452016,0.012003717009463472,0.984375
1991,1,0.171875,0.19999529529006813,0.011973707987922386,0.984375
1992,1,0.078125,0.18780826576106133,0.011856308602197567,0.984375
1993,1,0.078125,0.1768399391849552,0.011750193089745462,0.984375
1994,1,0.153125,0.1744684452664597,0.011727195078473474,0.984375
1995,1,0.078125,0.16483410073981372,0.011633572859226544,0.984375
1996,1,0.109375,0.15928819066583233,0.011579545324888264,0.984375
1997,1,0.215625,0.1649218715992491,0.011634427133387134,0.984375
1998,1,0.125,0.1609296844393242,0.011595546552736844,0.984375
1999,2,0.0,0.1448367159953918,0.011438323635937121,0.8125
2000,2,0.0,0.13035304439585263,0.01129619712278472,0.875
2001,2,0.0,0.11731773995626738,0.011167824543492483,0.875
2002,2,0.0,0.10558596596064064,0.01105195336431144,0.875
2003,2,0.0625,0.10127736936457657,0.011009325132965573,0.875
2004,2,0.109375,0.10208713242811891,0.011017339613236843,0.875
2005,2,0.046875,0.09656591918530702,0.010962668762461584,0.875
2006,2,0.109375,0.09784682726677632,0.010975357565951289,0.875
2007,2,0.0,0.0880621445400987,0.010878352095405695,0.90625
2008,2,0.03125,0.08238093008608884,0.010821950719844457,0.90625
2009,2,0.015625,0.07570533707747995,0.010755610379264728,0.90625
2010,2,0.078125,0.07594730336973196,0.010758016183160484,0.90625
2011,2,0.03125,0.07147757303275877,0.01071356093941474,0.90625
2012,2,0.078125,0.07214231572948289,0.010720174205066274,0.90625
2013,2,0.078125,0.0727405841565346,0.010726125602961347,0.90625
2014,2,0.03125,0.06859152574088115,0.01068484158049581,0.90625
2015,2,0.046875,0.06641987316679304,0.010663223725890238,0.90625
2016,2,0.078125,0.06759038585011373,0.01067487645594716,0.90625
2017,2,0.0625,0.06708134726510236,0.010669809081032402,0.90625
2018,2,0.03125,0.06349821253859213,0.010634130078704484,0.90625
2019,2,0.0,0.05714839128473292,0.010570862580732612,0.921875
2020,2,0.1875,0.07018355215625963,0.010700685436519693,0.921875
2021,2,0.078125,0.07097769694063366,0.01070858745365916,0.921875
2022,2,0.09375,0.07325492724657029,0.010731241723163854,0.921875
2023,2,0.109375,0.07686693452191326,0.010767159013810894,0.921875
2024,2,0.140625,0.08324274106972193,0.010830509997044135,0.921875
2025,2,0.15625,0.09054346696274974,0.01090296846941369,0.921875
2026,2,0.109375,0.09242662026647477,0.010921643261569691,0.921875
2027,2,0.046875,0.0878714582398273,0.010876459912227689,0.921875
2028,2,0.109375,0.09002181241584457,0.010897794213897862,0.921875
2029,2,0.109375,0.09195713117426012,0.010916988049196184,0.921875
2030,2,0.078125,0.09057391805683411,0.010903270496687757,0.921875
2031,2,0.0625,0.0877665262511507,0.010875418643454593,0.921875
2032,2,0.078125,0.08680237362603563,0.010865850201144833,0.921875
2033,2,0.0625,0.08437213626343207,0.010841724992597133,0.921875
2034,2,0.03125,0.07905992263708887,0.010788956128360973,0.921875
2035,2,0.125,0.08365393037337998,0.010834593388751142,0.921875
2036,2,0.078125,0.08310103733604199,0.010829102717125456,0.921875
2037,2,0.03125,0.0779159336024378,0.010777586424593826,0.921875
2038,2,0.09375,0.07949934024219402,0.010793322801119918,0.921875
2039,2,0.125,0.08404940621797462,0.010838520470657798,0.921875
2040,2,0.171875,0.09283196559617715,0.010925662133409644,0.921875
2041,2,0.203125,0.10386126903655944,0.011034894172910781,0.921875
2042,2,0.109375,0.10441264213290351,0.011040348539701698,0.921875
2043,2,0.15625,0.10959637791961316,0.01109159675220298,0.921875
2044,2,0.15625,0.11426174012765185,0.011137670659127763,0.921875
2045,2,0.21875,0.12471056611488665,0.011240680333476758,0.921875
2046,2,0.375,0.14973950950339798,0.011486303074819576,0.921875
2047,2,0.234375,0.1582030585530582,0.011568962930569691,0.921875
2048,2,0.140625,0.1564452526977524,0.01155181286915259,0.921875
2049,2,0.15625,0.15642572742797717,0.011551622317802974,0.921875
2050,2,0.140625,0.15484565468517947,0.011536198229264268,0.921875
2051,2,0.25,0.1643610892166615,0.011628968614545548,0.921875
2052,2,0.25,0.17292498029499537,0.011712216894579642,0.921875
2053,2,0.296875,0.18531998226549584,0.011832272147395989,0.921875
2054,2,0.265625,0.19335048403894625,0.011909765458059954,0.921875
2055,2,0.1875,0.1927654356350516,0.011904127723851264,0.921875
2056,2,0.109375,0.18442639207154643,0.011823634831563684,0.921875
2057,2,0.109375,0.17692125286439178,0.011750981307510674,0.921875
2058,2,0.125,0.1717291275779526,0.011700606582213353,0.921875
2059,2,0.140625,0.16861871482015736,0.011670386117597659,0.921875
2060,2,0.109375,0.16269434333814162,0.011612739041812674,0.921875
2061,2,0.09375,0.15579990900432744,0.011545514209022526,0.921875
2062,2,0.0625,0.1464699181038947,0.011454314013798164,0.921875
2063,2,0.109375,0.14276042629350522,0.011417984231632053,0.921875
2064,2,0.15625,0.1441093836641547,0.011431200037339025,0.921875
2065,2,0.171875,0.14688594529773924,0.011458386048161278,0.921875
2066,2,0.15625,0.14782235076796532,0.01146754968563108,0.921875
2067,2,0.109375,0.1439776156911688,0.011429909323751488,0.921875
2068,2,0.140625,0.14364235412205192,0.011426625099683825,0.921875
2069,2,0.0625,0.13552811870984674,0.011347043826268046,0.921875
2070,2,0.0625,0.12822530683886207,0.011275271494501414,0.921875
2071,2,0.078125,0.12321527615497586,0.01122595488116348,0.921875
2072,2,0.0625,0.11714374853947829,0.011166108323665663,0.921875
2073,2,0.140625,0.11949187368553045,0.011189263892102312,0.921875
2074,2,0.234375,0.1309801863169774,0.01130236267218415,0.921875
2075,2,0.25,0.14288216768527964,0.011419177146661515,0.921875
2076,2,0.15625,0.1442189509167517,0.011432273250003453,0.921875
2077,2,0.21875,0.15167205582507653,0.011505196169563582,0.921875
2078,2,0.140625,0.1505673502425689,0.011494397606357728,0.921875
2079,2,0.15625,0.151135615218312,0.011499952877445962,0.921875
2080,2,0.265625,0.1625845536964808,0.011611669681952772,0.921875
2081,2,0.21875,0.16820109832683275,0.011666326192615107,0.921875
2082,2,0.3125,0.18263098849414947,0.011806272216960272,0.921875
2083,2,0.15625,0.17999288964473453,0.011780739832425903,0.921875
2084,2,0.078125,0.16980610068026109,0.011681926378698674,0.921875
2085,2,0.125,0.165325490612235,0.011638355243323873,0.921875
2086,2,0.015625,0.1503554415510115,0.011492325777825304,0.921875
2087,2,0.125,0.14781989739591034,0.011467525680285138,0.921875
2088,2,0.078125,0.14085040765631932,0.011399263041113376,0.921875
2089,2,0.29062498807907106,0.15582786569859447,0.011545787097010436,0.921875
2090,2,0.265625,0.166807579128735,0.011652774793222933,0.921875
2091,2,0.25,0.1751268212158615,0.011733581703893478,0.921875
2092,2,0.23437501192092897,0.18105164028636825,0.011790989669084394,0.921875
2093,2,0.4406250238418579,0.2070089786419172,0.012041018343627686,0.921875
2094,2,0.3125,0.21755808077772548,0.012141893930330517,0.921875
2095,2,0.29687501192092897,0.22548977389204583,0.01221744209910411,0.921875
2096,2,0.09375,0.21231579650284124,0.012091820329348189,0.921875
2097,2,0.15625,0.2067092168525571,0.012038145423492968,0.921875
2098,2,0.0625,0.19228829516730142,0.011899528898636116,0.921875
2099,2,0.078125,0.1808719656505713,0.01178925050000613,0.921875
2100,2,0.140625,0.17684726908551418,0.011750264143382459,0.921875
2101,2,0.125,0.17166254217696275,0.011699959977798323,0.921875
2102,2,0.171875,0.17168378795926648,0.011700166295134188,0.921875
2103,2,0.171875,0.17170290916333983,0.011700351979462103,0.921875
2104,2,0.125,0.16703261824700583,0.011654963629819893,0.921875
2105,2,0.15625,0.16595435642230524,0.011644474469492865,0.921875
2106,2,0.296875,0.1790464207800747,0.011771573730176043,0.921875
2107,2,0.26562501192092897,0.18770427989416014,0.011855304556449913,0.921875
2108,2,0.25,0.19393385190474413,0.011915385743759227,0.921875
2109,2,0.21875,0.19641546671426974,0.011939280054584426,0.921875
2110,2,0.1875,0.19552392004284275,0.011930698399919124,0.921875
2111,2,0.140625,0.19003402803855848,0.011877790342550959,0.921875
2112,2,0.15625,0.18665562523470264,0.01184517700636574,0.921875
2113,2,0.234375,0.19142756271123237,0.011891230789744037,0.921875
2114,2,0.171875,0.18947230644010912,0.011872370623927262,0.921875
2115,2,0.28125,0.1986500757960982,0.011960776400733258,0.921875
2116,2,0.203125,0.19909756821648839,0.01196507890222537,0.921875
2117,2,0.234375,0.20262531139483955,0.011998970448392848,0.921875
2118,2,0.125,0.19486278025535558,0.01192433263662988,0.921875
2119,2,0.140625,0.18943900222982005,0.011872049255516477,0.921875
2120,2,0.015625,0.17205760200683803,0.011703796151350393,0.921875
2121,2,0.15625,0.17047684180615424,0.011688443309410749,0.921875
2122,2,0.1875,0.17217915762553881,0.01170497639644823,0.921875
2123,2,0.171875,0.17214874186298493,0.011704681078984725,0.921875
2124,2,0.125,0.16743386767668644,0.011658865966379845,0.921875
2125,2,0.203125,0.17100298090901778,0.011693554252051526,0.921875
2126,2,0.171875,0.171090182818116,0.011694401248025512,0.921875
2127,2,0.125,0.1664811645363044,0.011649599641631203,0.921875
2128,2,0.109375,0.16077054808267396,0.011593995662242059,0.921875
2129,2,0.3656249761581421,0.18125599089022076,0.011792967554308073,0.921875
2130,2,0.20312501192092897,0.18344289299329158,0.011814125215037226,0.921875
2131,2,0.434375,0.20853610369396242,0.012055648859587207,0.921875
2132,2,0.7031250119209289,0.2579949945166591,0.012524192291193361,0.921875
2133,2,0.296875,0.2618829950649932,0.01256055916504256,0.921875
2134,2,0.496875,0.28538219555849387,0.012778790713897321,0.921875
2135,2,0.328125,0.28965647600264444,0.012818186025658403,0.921875
2136,2,0.5156250119209289,0.3122533295944729,0.013024856453926113,0.921875
2137,2,0.3125,0.3122779966350256,0.013025080552917867,0.921875
2138,2,0.234375,0.30448769697152306,0.012954140803478105,0.921875
2139,2,0.21875,0.2959139272743707,0.0128756886082749,0.921875
2140,2,0.171875,0.2835100345469337,0.012761505754164236,0.921875
2141,2,0.171875,0.2723465310922403,0.012658069333609369,0.921875
2142,2,0.15625,0.26073687798301626,0.012549846302460524,0.921875
2143,2,0.125,0.2471631901847146,0.012422501721782194,0.921875
2144,2,0.078125,0.23025937116624315,0.012262744580455898,0.921875
2145,2,0.140625,0.22129593404961884,0.012177528948854089,0.921875
2146,2,0.109375,0.21010384064465695,0.012070658902099764,0.921875
2147,2,0.125,0.20159345658019123,0.01198906217713213,0.921875
2148,2,0.15625,0.19705911092217213,0.01194547366054568,0.921875
2149,2,0.15625,0.19297819982995493,0.011906178140735807,0.921875
2150,2,0.1875,0.19243037984695943,0.01190089844132363,0.921875
2151,2,0.1875,0.1919373418622635,0.011896145771513605,0.921875
2152,2,0.234375,0.19618110767603714,0.011937024499645373,0.921875
2153,2,0.171875,0.19375049690843343,0.011913619399276888,0.921875
2154,2,0.1875,0.1931254472175901,0.011907597072214667,0.921875
2155,2,0.234375,0.1972504024958311,0.011947314106436062,0.921875
2156,2,0.234375,0.200962862246248,0.011983004961190336,0.921875
2157,2,0.15625,0.1964915760216232,0.011940012513603073,0.921875
2158,2,0.234375,0.20027991841946088,0.011976443189887949,0.921875
2159,2,0.171875,0.1974394265775148,0.0119491326017534,0.921875
2160,2,0.09375,0.1870704839197633,0.01184918404022147,0.921875
2161,2,0.109375,0.17930093552778698,0.011774038887669414,0.921875
2162,2,0.234375,0.18480834197500828,0.01182732705030157,0.921875
2163,2,0.171875,0.18351500777750746,0.011814822620416162,0.921875
2164,2,0.078125,0.1729760069997567,0.011712712197868283,0.921875
2165,2,0.32187498807907106,0.18786590510768814,0.011856865127872042,0.921875
2166,2,0.125,0.18157931459691934,0.01179609666994073,0.921875
2167,2,0.15625,0.1790463831372274,0.011771573365561677,0.921875
2168,2,0.35937501192092897,0.19707924601559754,0.011945667389854425,0.921875
2169,2,0.1875,0.19612132141403776,0.01193644906254968,0.921875
2170,2,0.203125,0.196821689272634,0.011943189199529303,0.921875
2171,2,0.3125,0.2083895203453706,0.012054244925419231,0.921875
2172,2,0.25,0.21255056831083352,0.012094065207752223,0.921875
2173,2,0.375,0.2287955114797502,0.01224885088951937,0.921875
2174,2,0.328125,0.23872846033177517,0.012342943681357946,0.921875
2175,2,0.203125,0.23516811429859763,0.012309266682058078,0.921875
2176,2,0.1875,0.23040130286873786,0.012264091185008192,0.921875
2177,2,0.234375,0.23079867258186407,0.01226786084674957,0.921875
2178,2,0.171875,0.22490630532367767,0.012211893590560793,0.921875
2179,2,0.171875,0.2196031747913099,0.012161398069985726,0.921875
2180,2,0.171875,0.2148303573121789,0.012115852946145832,0.921875
2181,2,0.125,0.20584732158096103,0.012029883055864119,0.921875
2182,2,0.015625,0.18682508942286494,0.011846813899944979,0.921875
2183,2,0.078125,0.17595508048057845,0.011741614224135959,0.921875
2184,2,0.125,0.1708595724325206,0.01169216126482269,0.921875
2185,2,0.109375,0.16471111518926854,0.011632375799113087,0.921875
2186,2,0.140625,0.16230250367034169,0.011608922318783544,0.921875
2187,2,0.15625,0.16169725330330753,0.011603025918629247,0.921875
2188,2,0.1875,0.16427752797297676,0.011628155164337808,0.921875
2189,2,0.559375,0.20378727517567907,0.012010123183586421,0.921875
2190,2,0.28125,0.21153354765811117,0.012084338907812284,0.921875
2191,2,0.296875,0.22006769289230005,0.01216582579992006,0.921875
2192,2,0.21875,0.21993592360307004,0.012164569881549039,0.921875
2193,2,0.2718749761581421,0.22512982885857724,0.012214019362482379,0.921875
2194,2,0.171875,0.21980434597271953,0.012163315718426168,0.921875
2195,2,0.3031249761581421,0.22813640899126178,0.01224259226777344,0.921875
2196,2,0.09375,0.2146977680921356,0.012114586376409277,0.921875
2197,2,0.215625,0.21479049128292202,0.01211547212999954,0.921875
2198,2,0.078125,0.2011239421546298,0.011984552369240986,0.921875
2199,2,0.09375,0.19038654793916682,0.011881191014384564,0.921875
2200,2,0.184375,0.18978539314525014,0.01187539155273606,0.921875
2201,2,0.0,0.17080685383072514,0.01169164916973271,0.921875
2202,2,0.125,0.16622616844765264,0.011647118965450511,0.921875
2203,2,0.0,0.14960355160288738,0.0114849735033721,0.921875
2204,2,0.03125,0.13776819644259863,0.011369031463917479,0.921875
2205,2,0.109375,0.13492887679833876,0.011341159666951917,0.921875
2206,2,0.0625,0.12768598911850487,0.01126996566306809,0.921875
2207,2,0.109375,0.12585489020665439,0.01125194582567093,0.921875
2208,2,0.125,0.12576940118598895,0.011251104325738481,0.921875
2209,2,0.0625,0.11944246106739007,0.011188776751725396,0.921875
2210,2,0.015625,0.10906071496065106,0.011086303642329398,0.921875
2211,2,0.03125,0.10127964346458596,0.011009347642289464,0.921875
2212,2,0.109375,0.10208917911812737,0.01101735986830441,0.921875
2213,2,0.09375,0.10125526120631463,0.011009106303135063,0.921875
2214,2,0.109375,0.10206723508568318,0.011017142698748837,0.921875
2215,2,0.1875,0.11061051157711485,0.011101616133682338,0.921875
2216,2,0.15625,0.11517446041940337,0.011146678791273857,0.921875
2217,2,0.125,0.11615701437746302,0.011156374042102594,0.921875
2218,2,0.0,0.10454131293971672,0.011041621304361083,0.953125
2219,2,0.2718749761581421,0.12127467926155924,0.011206836052691857,0.953125
2220,2,0.203125,0.12945971133540332,0.011287412868654586,0.953125
2221,2,0.309375,0.14745124020186298,0.01146391830852335,0.953125
2222,2,0.465625,0.17926861618167667,0.01177372586400345,0.953125
2223,2,0.140625,0.175404254563509,0.01173627253068747,0.953125
2224,2,0.32812501192092897,0.190676330299251,0.011883986135045885,0.953125
2225,2,0.25,0.1966086972693259,0.011941139620143764,0.953125
2226,2,0.25,0.2019478275423933,0.011992465444521282,0.953125
2227,2,0.296875,0.21144054478815394,0.012083449266675221,0.953125
2228,2,0.28125,0.21842149030933852,0.01215013039318437,0.953125
2229,2,0.234375,0.22001684127840468,0.012165341131925737,0.953125
2230,2,0.171875,0.21520265715056422,0.012119408991798475,0.953125
2231,2,0.171875,0.2108698914355078,0.012077989791622506,0.953125
2232,2,0.125,0.202282902291957,0.01199568295514118,0.953125
2233,2,0.140625,0.1961171120627613,0.011936408547441156,0.953125
2234,2,0.09375,0.18588040085648516,0.011837687631736989,0.953125
2235,2,0.0625,0.17354236077083665,0.011718209068537823,0.953125
2236,2,0.21875,0.178063124693753,0.011762047717838363,0.953125
2237,2,0.1875,0.17900681222437767,0.011771190072967341,0.953125
2238,2,0.21875,0.1829811310019399,0.011809659189518644,0.953125
2239,2,0.25,0.1896830179017459,0.01187440378767011,0.953125
2240,2,0.25,0.19571471611157132,0.01193253517185081,0.953125
2241,2,0.21875,0.1980182445004142,0.011954700252469095,0.953125
2242,2,0.171875,0.19540392005037277,0.011929543104386573,0.953125
2243,2,0.28125,0.2039885280453355,0.012012054315996114,0.953125
2244,2,0.171875,0.20077717524080194,0.011981221043331523,0.953125
2245,2,0.23437501192092897,0.20413695890881464,0.012013478491892096,0.953125
2246,2,0.171875,0.20091076301793317,0.01198250445076147,0.953125
2247,2,0.171875,0.19800718671613984,0.011954593899413389,0.953125
2248,2,0.15625,0.19383146804452586,0.011914399447411645,0.953125
2249,2,0.309375,0.20538582124007326,0.01202545779597911,0.953125
2250,2,0.1875,0.20359723911606592,0.012008299539229059,0.953125
2251,2,0.34375,0.21761251520445932,0.012142413295607661,0.953125
2252,2,0.4593749761581421,0.2417887612998276,0.012371845960499055,0.953125
2253,2,0.4281249761581421,0.26042238278565905,0.012546905590614865,0.953125
2254,2,0.171875,0.2515676445070931,0.012463917047435307,0.953125
2255,2,0.29687501192092897,0.2560983812484767,0.012506426110408512,0.953125
2256,2,0.2718749761581421,0.2576760407394433,0.012521205735964115,0.953125
2257,2,0.29687501192092897,0.26159593785759183,0.012557876603869495,0.953125
2258,2,0.21875,0.25731134407183265,0.012517790274043808,0.953125
2259,2,0.15625,0.2472052096646494,0.012422897253361988,0.953125
2260,2,0.234375,0.24592218869818447,0.012410816483482702,0.953125
2261,2,0.140625,0.23539246982836604,0.012311390484930344,0.953125
2262,2,0.09375,0.22122822284552943,0.012176883933467268,0.953125
2263,2,0.28125,0.22723040056097646,0.012233986088794462,0.953125
2264,2,0.28125,0.2326323605048788,0.012285247375163701,0.953125
2265,2,0.265625,0.2359316244543909,0.012316493350019348,0.953125
2266,2,0.203125,0.2326509620089518,0.012285423675088144,0.953125
2267,2,0.328125,0.24219836580805662,0.012375711200556128,0.953125
2268,2,0.296875,0.24766602922725095,0.01242723444347652,0.953125
2269,2,0.296875,0.25258692630452584,0.012473488663771033,0.953125
2270,2,0.375,0.26482823367407327,0.01258805969733945,0.953125
2271,2,0.109375,0.24928291030666594,0.0124424446915196,0.953125
2272,2,0.1875,0.24310461927599933,0.012384260402461504,0.953125
2273,2,0.1875,0.2375441573483994,0.012331747659651041,0.953125
2274,2,0.25,0.23878974161355945,0.012343522846204021,0.953125
2275,2,0.09375,0.2242857674522035,0.012205990998929404,0.953125
2276,2,0.2718749761581421,0.22904468832279737,0.012251216508380272,0.953125
2277,2,0.265625,0.23270271949051763,0.012285914210333078,0.953125
2278,2,0.265625,0.23599494754146585,0.012317092592034997,0.953125
2279,2,0.3125,0.24364545278731928,0.012389360631909013,0.953125
2280,2,0.29687501192092897,0.24896840870068027,0.012439487065433883,0.953125
2281,2,0.42187501192092897,0.26625906902270513,0.012601404718841254,0.953125
2282,2,0.3125,0.2708831621204346,0.012644464280443695,0.953125
2283,2,0.1875,0.26254484590839117,0.01256674268457514,0.953125
2284,2,0.140625,0.250352861317552,0.012452503286046489,0.953125
2285,2,0.140625,0.23938007518579682,0.012349101192474678,0.953125
2286,2,0.140625,0.22950456766721714,0.012255581783847662,0.953125
2287,2,0.046875,0.21124161090049542,0.012081546201390713,0.953125
2288,2,0.078125,0.1979299498104459,0.011953851027018654,0.953125
2289,2,0.109375,0.1890744548294013,0.011868531299715523,0.953125
2290,2,0.109375,0.18110450934646116,0.011791501396327096,0.953125
2291,2,0.046875,0.16768155841181506,0.011661274614278499,0.953125
2292,2,0.09375,0.16028840257063356,0.011589296350926608,0.953125
2293,2,0.140625,0.1583220623135702,0.011570123651999846,0.953125
2294,2,0.15625,0.1581148560822132,0.011568102606272043,0.953125
2295,2,0.125,0.1548033704739919,0.011535785363142922,0.953125
2296,2,0.125,0.1518230334265927,0.011506671706316278,0.953125
2297,2,0.125,0.14914073008393341,0.011480447036328048,0.953125
2298,2,0.0625,0.14047665707554008,0.011395598521842146,0.953125
2299,2,0.125,0.1389289913679861,0.011380420036566375,0.953125
2300,2,0.109375,0.13597359223118746,0.011351417466365752,0.953125
2301,2,0.1781249761581421,0.14018873062388293,0.011392775223252832,0.953125
2302,2,0.140625,0.14023235756149466,0.011393203027176306,0.953125
2303,2,0.140625,0.1402716218053452,0.01139358804626109,0.953125
2304,2,0.078125,0.13405695962481068,0.011332596328555631,0.953125
2305,2,0.21875,0.14252626366232962,0.011415689611767019,0.953125
2306,2,0.1875,0.14702363729609666,0.011459733655503701,0.953125
2307,2,0.171875,0.14950877356648698,0.011484046609909189,0.953125
2308,2,0.15625,0.1501828962098383,0.011490638707461849,0.953125
2309,2,0.125,0.14766460658885444,0.011466006181517715,0.953125
2310,2,0.521874976158142,0.18508564354578322,0.011830007335687875,0.953125
2311,2,0.1781249761581421,0.18438957680701912,0.01182327891997542,0.953125
2312,2,0.403125,0.2062631191263172,0.012033869368365799,0.953125
2313,2,0.5156250119209289,0.23719930840577835,0.012328486404112323,0.953125
2314,2,0.465625,0.26004187756520053,0.012543347017106894,0.953125
2315,2,0.7031250119209289,0.3043501910007733,0.012952885693538531,0.953125
2316,2,0.4406250238418579,0.3179776742848818,0.013076771804636908,0.953125
2317,2,0.28125,0.3143049068563936,0.013043483497724962,0.953125
2318,2,0.32187498807907106,0.3150619149786614,0.013050350794587846,0.953125
2319,2,0.15625,0.2991807234807952,0.01290562683412446,0.953125
2320,2,0.171875,0.28645015113271566,0.012788642701305338,0.953125
2321,2,0.125,0.2703051360194441,0.012639087422854458,0.953125
2322,2,0.109375,0.2542121224174997,0.01248874016177963,0.953125
2323,2,0.125,0.24129091017574972,0.012367146968557164,0.953125
2324,2,0.0625,0.22341181915817476,0.01219767521276085,0.953125
2325,2,0.125,0.2135706372423573,0.012103816499365923,0.953125
2326,2,0.078125,0.20002607351812157,0.01197400377867577,0.953125
2327,2,0.15625,0.19564846616630943,0.011931897406549112,0.953125
2328,2,0.125,0.1885836195496785,0.011863793883492851,0.953125
2329,2,0.078125,0.17753775759471066,0.011756956692644736,0.953125
2330,2,0.125,0.17228398183523957,0.011705994148535844,0.953125
2331,2,0.1875,0.1738055836517156,0.011720763471984075,0.953125
2332,2,0.21875,0.17830002528654407,0.011764343074724098,0.953125
2333,2,0.171875,0.17765752275788965,0.011758117349578042,0.953125
2334,2,0.109375,0.17082927048210067,0.011691866920499323,0.953125
2335,2,0.09375,0.1631213434338906,0.011616897696518863,0.953125
2336,2,0.1468749761581421,0.16149670670631575,0.011601071924168753,0.953125
2337,2,0.203125,0.16565953603568417,0.011641605854799775,0.953125
2338,2,0.109375,0.16003108243211575,0.011586788042556424,0.953125
2339,2,0.1875,0.16277797418890416,0.011613553587556643,0.953125
2340,2,0.3031249761581421,0.17681267438582796,0.011749928792180491,0.953125
2341,2,0.34375,0.19350640694724516,0.011911267774128254,0.953125
2342,2,0.21875,0.19603076625252067,0.011935577452343887,0.953125
2343,2,0.234375,0.1998651896272686,0.011972457582155272,0.953125
2344,2,0.28125,0.20800367066454173,0.01205054896140518,0.953125
2345,2,0.140625,0.20126580359808757,0.011985915073908664,0.953125
2346,2,0.140625,0.19520172323827883,0.011927596340974667,0.953125
2347,2,0.171875,0.19286905091445095,0.011905126289123713,0.953125
2348,2,0.21875,0.19545714582300586,0.011930055540167461,0.953125
2349,2,0.234375,0.19934893124070527,0.011967495348342847,0.953125
2350,2,0.265625,0.20597653811663474,0.01203112194601131,0.953125
2351,2,0.21875,0.20725388430497127,0.012043365261178432,0.953125
2352,2,0.28125,0.21465349587447413,0.012114163446487431,0.953125
2353,2,0.09375,0.2025631462870267,0.011998373630347897,0.953125
2354,2,0.1875,0.20105683165832403,0.011983907686813448,0.953125
2355,2,0.203125,0.20126364849249162,0.011985894372787038,0.953125
2356,2,0.09375,0.19051228364324246,0.011882403846379242,0.953125
2357,2,0.125,0.1839610552789182,0.01181913583662664,0.953125
2358,2,0.046875,0.1702524497510264,0.011686263276903254,0.953125
2359,2,0.03125,0.15635220477592376,0.01155090478391056,0.953125
2360,2,0.0625,0.1469669842983314,0.011459179192688686,0.953125
2361,2,0.109375,0.14320778586849825,0.011422367599368283,0.953125
2362,2,0.078125,0.13669950728164842,0.011358543340577216,0.953125
2363,2,0.140625,0.13709205655348358,0.011362396177163612,0.953125
2364,2,0.171875,0.14057035089813522,0.011396517199351704,0.953125
2365,2,0.140625,0.1405758158083217,0.011396570782612943,0.953125
2366,2,0.046875,0.13120573422748955,0.011304579829848052,0.953125
2367,2,0.09375,0.1274601608047406,0.011267743738123873,0.953125
2368,2,0.15625,0.13033914472426653,0.011296060461143976,0.953125
2369,2,0.015625,0.11886773025183987,0.011183110277438821,0.953125
2370,2,0.171875,0.12416845722665588,0.011235342332245853,0.953125
2371,2,0.25,0.1367516115039903,0.011359054762616295,0.953125
2372,2,0.15625,0.13870145035359124,0.01137818791564319,0.953125
2373,2,0.125,0.13733130531823212,0.011364744180711029,0.953125
2374,2,0.109375,0.1345356747864089,0.0113372981690065,0.953125
2375,2,0.11562497615814209,0.1326446049235822,0.011318720987073427,0.953125
2376,2,0.15625,0.135005144431224,0.011341908617288832,0.953125
2377,2,0.3031249761581421,0.1518171276039158,0.011506613988695118,0.953125
2378,2,0.3343749761581421,0.17007291245933842,0.01168451890233342,0.953125
2379,2,0.21875,0.1749406212134046,0.011731775604379768,0.953125
2380,2,0.171875,0.17463405909206414,0.011728801764792511,0.953125
2381,2,0.265625,0.1837331531828577,0.011816932142961851,0.953125
2382,2,0.265625,0.19192233786457194,0.011896001125615683,0.953125
2383,2,0.28125,0.20085510407811474,0.01198196973122965,0.953125
2384,2,0.48437501192092897,0.22920709486239615,0.012252758210155477,0.953125
2385,2,0.265625,0.23284888537615653,0.012287299445318672,0.953125
2386,2,0.41562498807907106,0.25112649564644796,0.01245977292514845,0.953125
2387,2,0.3343749761581421,0.25945134369761735,0.012537822842946762,0.953125
2388,2,0.15625,0.24913120932785562,0.012441018126651295,0.953125
2389,2,0.125,0.23671808839507008,0.012323934604541183,0.953125
2390,2,0.234375,0.23648377955556307,0.012321717938005072,0.953125
2391,2,0.26562501192092897,0.23939790279209966,0.012349269630066356,0.953125
2392,2,0.26562501192092897,0.2420206137049826,0.012374033932066967,0.953125
2393,2,0.2406249761581421,0.24188104995029852,0.01237271690954196,0.953125
2394,2,0.15625,0.23331794495526867,0.012291744164201219,0.953125
2395,2,0.2093749761581421,0.23092364807555602,0.012269046290775446,0.953125
2396,2,0.1875,0.2265812832680004,0.012227817976849256,0.953125
2397,2,0.0625,0.21017315494120037,0.012071322316148533,0.953125
2398,2,0.26562501192092897,0.21571834063917322,0.01212433364842922,0.953125
2399,2,0.340625,0.2282090065752559,0.012243281721464683,0.953125
2400,2,0.265625,0.23195060591773028,0.012278784859934139,0.953125
2401,2,0.234375,0.23219304532595725,0.012281083231592714,0.953125
2402,2,0.375,0.24647374079336154,0.012416010749161226,0.953125
2403,2,0.615624976158142,0.28338886432983956,0.012760386417910267,0.953125
2404,2,0.328125,0.2878624778968556,0.01280166253258339,0.953125
2405,2,0.265625,0.28563873010717006,0.012781157802879086,0.953125
2406,2,0.140625,0.27113735709645304,0.01264682830783053,0.953125
2407,2,0.35312498807907106,0.2793361201947149,0.01272290533404577,0.953125
2408,2,0.34375,0.2857775081752434,0.012782438191535739,0.953125
2409,2,0.684375,0.32563725735771903,0.01314595228300985,0.953125
2410,2,0.1875,0.31182353162194715,0.013020951221413111,0.953125
2411,2,0.1875,0.29939117845975244,0.012907553585927137,0.953125
2412,2,0.21875,0.29132706061377717,0.012833557813292394,0.953125
2413,2,0.15625,0.2778193545523995,0.012708856448617259,0.953125
2414,2,0.15625,0.26566241909715954,0.012595841127998124,0.953125
2415,2,0.109375,0.25003367718744357,0.012449503191988493,0.953125
2416,2,0.015625,0.22659280946869922,0.012227927517922215,0.953125
2417,2,0.015625,0.2054960285218293,0.012026514632892633,0.953125
2418,2,0.1875,0.20369642566964635,0.01200925138121567,0.953125
2419,2,0.109375,0.1942642831026817,0.011918568628799184,0.953125
2420,2,0.203125,0.19515035479241355,0.01192710173822081,0.953125
2421,2,0.171875,0.1928228193131722,0.011904680748975301,0.953125
2422,2,0.09375,0.18291553738185498,0.011809024726821632,0.953125
2423,2,0.125,0.1771239836436695,0.01175294638957037,0.953125
2424,2,0.09375,0.16878658527930254,0.011672017937372195,0.953125
2425,2,0.078125,0.1597204267513723,0.011583759556437452,0.953125
2426,2,0.3031249761581421,0.17406088169204928,0.011723240749067769,0.953125
2427,2,0.296875,0.18634229352284437,0.01184215019371469,0.953125
2428,2,0.1875,0.18645806417055993,0.011843268589365161,0.953125
2429,2,0.296875,0.19749975775350392,0.011949712986162589,0.953125
2430,2,0.25,0.20274978197815352,0.012000165387501212,0.953125
2431,2,0.3343749761581421,0.21591230139615236,0.012126185649183075,0.953125
2432,2,0.371875,0.23150857125653712,0.01227459363384262,0.953125
2433,2,0.171875,0.2255452141308834,0.012217969234771918,0.953125
2434,2,0.078125,0.21080319271779507,0.01207735159638459,0.953125
2435,2,0.171875,0.20691037344601557,0.012040073349170698,0.953125
2436,2,0.39062501192092897,0.2252818372935069,0.012215464885434409,0.953125
2437,2,0.140625,0.2168161535641562,0.012134813909047582,0.953125
2438,2,0.09375,0.2045095382077406,0.01201705296935463,0.953125
2439,2,0.125,0.19655858438696655,0.011940657369278884,0.953125
2440,2,0.1875,0.19565272594826988,0.011931938414487394,0.953125
2441,2,0.171875,0.19327495335344289,0.011909037688291144,0.953125
2442,2,0.39062501192092897,0.2130099592101915,0.012098457246004113,0.953125
2443,2,0.140625,0.20577146328917237,0.012029155718589703,0.953125
2444,2,0.25,0.21019431696025512,0.012071524856149094,0.953125
2445,2,0.265625,0.2157373852642296,0.012124515499498124,0.953125
2446,2,0.140625,0.20822614673780665,0.012052680079231373,0.953125
2447,2,0.203125,0.207716032064026,0.012047793357816384,0.953125
2448,2,0.21875,0.20881942885762342,0.012058362228625599,0.953125
2449,2,0.559375,0.24387498597186105,0.01239152480351486,0.953125
2450,2,0.5156250119209289,0.2710499885667678,0.012646015811518448,0.953125
2451,2,0.553124976158142,0.29925748732590524,0.012906329647737642,0.953125
2452,2,0.09375,0.27870673859331474,0.012717077156953445,0.953125
2453,2,0.434375,0.29427356473398325,0.012860634406789228,0.953125
2454,2,0.234375,0.2882837082605849,0.012805543741057378,0.953125
2455,2,0.109375,0.2703928374345264,0.012639903335991296,0.953125
2456,2,0.1468749761581421,0.258041051306888,0.012524623508783089,0.953125
2457,2,0.125,0.24473694617619918,0.012399649739938616,0.953125
2458,2,0.1781249761581421,0.23807574917439348,0.012336773925430627,0.953125
2459,2,0.0625,0.22051817425695414,0.012170118882554107,0.953125
2460,2,0.09375,0.20784135683125873,0.012048994020258498,0.953125
2461,2,0.109375,0.19799472114813285,0.011954474005833313,0.953125
2462,2,0.140625,0.19225774903331957,0.011899234457274666,0.953125
2463,2,0.29687501192092897,0.2027194753220805,0.011999874443844368,0.953125
2464,2,0.203125,0.20276002778987245,0.012000263746414299,0.953125
2465,2,0.32812501192092897,0.2152965262029781,0.01212030549949645,0.953125
2466,2,0.15625,0.2093918735826803,0.01206384349288761,0.953125
2467,2,0.203125,0.20876518622441226,0.012057842778311805,0.953125
2468,2,0.125,0.20038866760197105,0.011977488178254095,0.953125
2469,2,0.09375,0.18972480084177396,0.011874806933938265,0.953125
2470,2,0.125,0.18325232075759657,0.011812282147264966,0.953125
2471,2,0.109375,0.1758645886818369,0.011740736740475972,0.953125
2472,2,0.09375,0.1676531298136532,0.011660998172810697,0.953125
2473,2,0.109375,0.16182531683228787,0.011604273619914458,0.953125
2474,2,0.0625,0.1518927851490591,0.01150735338231897,0.953125
2475,2,0.0625,0.1429535066341532,0.011419876160952804,0.953125
2476,2,0.203125,0.1489706559707379,0.011478783528869217,0.953125
2477,2,0.109375,0.14501109037366408,0.011440031262740718,0.953125
2478,2,0.09375,0.13988498133629768,0.01138979652643352,0.953125
2479,2,0.140625,0.13995898320266792,0.01139052224391713,0.953125
2480,2,0.078125,0.13377558488240113,0.011329832444462005,0.953125
2481,2,0.203125,0.140710526394161,0.011397891589527916,0.953125
2482,2,0.140625,0.1407019737547449,0.01139780773430554,0.953125
2483,2,0.3343749761581421,0.16006927399508464,0.011587160339690261,0.953125
2484,2,0.078125,0.15187484659557618,0.01150717807215437,0.953125
2485,2,0.15625,0.15231236193601858,0.011511453557993781,0.953125
2486,2,0.09375,0.1464561257424167,0.011454179007037385,0.953125
2487,2,0.21875,0.15368551316817505,0.011524868582375818,0.953125
2488,2,0.3031249761581421,0.16862945946717176,0.011670490565919907,0.953125
2489,2,0.015625,0.15332901352045458,0.011521386290904094,0.953125
2490,2,0.09375,0.14737111216840912,0.011463134190885528,0.953125
2491,2,0.109375,0.1435715009515682,0.01142593098142047,0.953125
2492,2,0.109375,0.14015185085641138,0.011392413577742143,0.953125
2493,2,0.125,0.13863666577077022,0.011377552369337542,0.953125
2494,2,0.078125,0.1325854991936932,0.011318140203882799,0.953125
2495,2,0.109375,0.13026444927432387,0.011295326046673968,0.953125
2496,2,0.171875,0.1344255043468915,0.011336216151185406,0.953125
2497,2,0.15625,0.13660795391220235,0.011357644693164115,0.953125
2498,2,0.2718749761581421,0.15013465613679633,0.011490167022302327,0.953125
2499,2,0.234375,0.1585586905231167,0.011572431512631778,0.953125
2500,2,0.203125,0.163015321470805,0.011615865177130183,0.953125
2501,2,0.28125,0.17483878932372449,0.011730787807926309,0.953125
2502,2,0.21875,0.17922991039135205,0.011773350980768697,0.953125
2503,2,0.26562501192092897,0.18786942054430975,0.011856899070111799,0.953125
2504,2,0.171875,0.18626997848987878,0.011841451574311384,0.953125
2505,2,0.15625,0.1832679806408909,0.01181243360238833,0.953125
2506,2,0.109375,0.1758786825768018,0.01174087340840844,0.953125
2507,2,0.1875,0.1770408143191216,0.011752140241018874,0.953125
2508,2,0.125,0.17183673288720946,0.011701651496049927,0.953125
2509,2,0.0625,0.16090305959848852,0.0115952870812952,0.953125
2510,2,0.0625,0.1510627536386397,0.011499240646692022,0.953125
2511,2,0.11562497615814209,0.14751897589058993,0.011464581142694046,0.953125
2512,2,0.171875,0.14995457830153094,0.011488406184760987,0.953125
2513,2,0.09375,0.14433412047137784,0.011433401300977876,0.953125
2514,2,0.2093749761581421,0.15083820604005427,0.011497045568914914,0.953125
2515,2,0.1781249761581421,0.15356688305186306,0.011523709844418757,0.953125
2516,2,0.140625,0.15227269474667676,0.011511065945713739,0.953125
2517,2,0.2406249761581421,0.16110792288782327,0.011597283512418287,0.953125
2518,2,0.1875,0.16374713059904095,0.011622991347620465,0.953125
2519,2,0.125,0.15987241753913684,0.011585241304872347,0.953125
2520,2,0.2406249761581421,0.16794767340103736,0.011663862206412696,0.953125
2521,2,0.20312501192092897,0.1714654072530265,0.011698045533737152,0.953125
2522,2,0.296875,0.18400636652772384,0.011819573950854602,0.953125
2523,2,0.15625,0.18123072987495145,0.011792723063789142,0.953125
2524,2,0.140625,0.17717015688745633,0.01175339393017404,0.953125
2525,2,0.109375,0.1703906411987107,0.011687605865570772,0.953125
2526,2,0.171875,0.1705390770788396,0.011689047913498085,0.953125
2527,2,0.046875,0.15817266937095567,0.011568666518072314,0.953125
2528,2,0.184375,0.1607929024338601,0.011594213525134464,0.953125
2529,2,0.046875,0.1494011121904741,0.011482993690610685,0.953125
2530,2,0.046875,0.13914850097142673,0.011382573238460331,0.953125
2531,2,0.1781249761581421,0.14304614849009828,0.011420783890523653,0.953125
2532,2,0.2093749761581421,0.14967903125690266,0.011485711647269324,0.953125
2533,2,0.1781249761581421,0.1525236257470266,0.011513517867110959,0.953125
2534,2,0.140625,0.15133376317232394,0.011501889718906842,0.953125
2535,2,0.109375,0.14713788685509155,0.011460851787889931,0.953125
2536,2,0.1875,0.15117409816958238,0.011500329046667115,0.953125
2537,2,0.078125,0.14386918835262416,0.011428847203397614,0.953125
2538,2,0.09375,0.13885726951736174,0.011379716478120885,0.953125
2539,2,0.0625,0.13122154256562557,0.011304735222442757,0.953125
2540,2,0.171875,0.135286888309063,0.011344675217247926,0.953125
2541,2,0.140625,0.1358206994781567,0.011349916431081908,0.953125
2542,2,0.28125,0.15036362953034102,0.011492405834028115,0.953125
2543,2,0.21875,0.15720226657730693,0.011559199840489953,0.953125
2544,2,0.28125,0.16960703991957624,0.011679992018181592,0.953125
2545,2,0.203125,0.17295883592761863,0.01171254552358998,0.953125
2546,2,0.5156250119209289,0.20722545352694965,0.012043092822636563,0.953125
2547,2,0.3125,0.2177529081742547,0.01214375274555209,0.953125
2548,2,0.1875,0.21472761735682921,0.01211487152023063,0.953125
2549,2,0.621875,0.25544235562114626,0.012500276970499397,0.953125
2550,2,0.434375,0.2733356200590316,0.012667258980010507,0.953125
2551,2,0.1781249761581421,0.2638145556689427,0.012578599405559512,0.953125
2552,2,0.1468749761581421,0.25212059771786266,0.012469110179827483,0.953125
2553,2,0.078125,0.2347210379460764,0.0123050338947843,0.953125
2554,2,0.1875,0.22999893415146877,0.012260273408828357,0.953125
2555,2,0.0625,0.2132490407363219,0.012100742666466333,0.953125
2556,2,0.125,0.20442413666268971,0.012016233685434677,0.953125
2557,2,0.09375,0.19335672299642073,0.01190982557208794,0.953125
2558,2,0.078125,0.18183355069677867,0.011798556902912614,0.953125
2559,2,0.09375,0.1730251956271008,0.011713189651210303,0.953125
2560,2,0.340625,0.18978517606439071,0.011875389458276748,0.953125
2561,2,0.371875,0.20799415845795163,0.012050457838807607,0.953125
2562,2,0.171875,0.20438224261215646,0.012015831772296884,0.953125
2563,2,0.215625,0.2055065183509408,0.012026615223047217,0.953125
2564,2,0.171875,0.20214336651584672,0.011994343133696492,0.953125
2565,2,0.11562497615814209,0.19349152748007625,0.011911124414435663,0.953125
2566,2,0.184375,0.19257987473206864,0.011902339330513281,0.953125
2567,2,0.109375,0.18425938725886176,0.011822020274134875,0.953125
2568,2,0.125,0.1783334485329756,0.011764666900934629,0.953125
2569,2,0.15625,0.17612510367967807,0.011743262835514648,0.953125
2570,2,0.078125,0.16632509331171028,0.011648081360082205,0.953125
2571,2,0.1875,0.16844258398053924,0.011668673902691603,0.953125
2572,2,0.15625,0.16722332558248532,0.011656818411692598,0.953125
2573,2,0.25,0.17550099302423677,0.01173721073634773,0.953125
2574,2,0.3656249761581421,0.1945133913376273,0.011920967902040959,0.953125
2575,2,0.265625,0.20162455220386455,0.01198936082894746,0.953125
2576,2,0.171875,0.1986495969834781,0.011960771796693038,0.953125
2577,2,0.1875,0.19753463728513027,0.01195004852015898,0.953125
2578,2,0.528125,0.23059367355661722,0.012265916201067444,0.953125
2579,2,0.203125,0.2278468062009555,0.012239841708926016,0.953125
2580,2,0.0625,0.21131212558085996,0.012082220785447118,0.953125
2581,2,0.109375,0.20111841302277395,0.011984499255484036,0.953125
2582,2,0.140625,0.19506907172049656,0.01192631908150977,0.953125
2583,2,0.03125,0.1786871645484469,0.011768093698138828,0.953125
2584,2,0.078125,0.1686309480936022,0.011670505036773643,0.953125
2585,2,0.09375,0.161142853284242,0.011597623902640068,0.953125
2586,2,0.109375,0.1559660679558178,0.011547136067910397,0.953125
2587,2,0.140625,0.15443196116023603,0.011532158665266603,0.953125
2588,2,0.140625,0.15305126504421243,0.011518672979670573,0.953125
2589,2,0.09375,0.1471211385397912,0.01146068787857369,0.953125
2590,2,0.125,0.14490902468581207,0.011439031756435156,0.953125
2591,2,0.09375,0.13979312221723086,0.011388895666649222,0.953125
2592,2,0.046875,0.1305013099955078,0.011297654840252531,0.953125
2593,2,0.09375,0.12682617899595702,0.011261505311392696,0.953125
2594,2,0.078125,0.12195606109636133,0.011213550077816346,0.953125
2595,2,0.125,0.12226045498672519,0.011216549077641495,0.953125
2596,2,0.140625,0.12409690948805267,0.011234637767324253,0.953125
2597,2,0.171875,0.1288747185392474,0.011281659466616774,0.953125
2598,2,0.171875,0.13317474668532264,0.011323929847066786,0.953125
2599,2,0.25,0.14485727201679038,0.011438524942977814,0.953125
2600,2,0.296875,0.16005904481511135,0.011587060624538806,0.953125
2601,2,0.09375,0.15342814033360022,0.011522354600376076,0.953125
2602,2,0.109375,0.1490228263002402,0.011479293819615514,0.953125
2603,2,0.046875,0.13880804367021618,0.011379233587088837,0.953125
2604,2,0.21875,0.14680223930319455,0.01145756678155964,0.953125
2605,2,0.234375,0.1555595153728751,0.011543167606332914,0.953125
2606,2,0.25,0.1650035638355876,0.011635222222260384,0.953125
2607,2,0.25,0.17350320745202882,0.011717829091802504,0.953125
2608,2,0.265625,0.18271538670682594,0.01180708865071494,0.953125
2609,2,0.109375,0.17538134803614333,0.01173605037002891,0.953125
2610,2,0.09375,0.167218213232529,0.011656768691515138,0.953125
2611,2,0.046875,0.15518389190927612,0.011539500609016214,0.953125
2612,2,0.15625,0.15529050271834852,0.011540541432596156,0.953125
2613,2,0.234375,0.16319895244651367,0.011617653487383918,0.953125
2614,2,0.15625,0.1625040572018623,0.011610885615633044,0.953125
2615,2,0.25,0.17125365148167607,0.011695988958889108,0.953125
2616,2,0.15625,0.16975328633350847,0.01168141317119842,0.953125
2617,2,0.1875,0.1715279577001576,0.011698652996218415,0.953125
2618,2,0.234375,0.17781266193014186,0.011759620747127553,0.953125
2619,2,0.25,0.18503139573712768,0.011829483019591032,0.953125
2620,2,0.1875,0.1852782561634149,0.01183186889166792,0.953125
2621,2,0.140625,0.18081293054707342,0.01178867904253606,0.953125
2622,2,0.046875,0.1674191374923661,0.011658722717692202,0.953125
2623,2,0.046875,0.15536472374312948,0.01154126601992006,0.953125
2624,2,0.171875,0.15701575136881654,0.011557379979291555,0.953125
2625,2,0.109375,0.1522516762319349,0.011510860559114157,0.953125
2626,2,0.125,0.1495265086087414,0.01148422005391955,0.953125
2627,2,0.21875,0.15644885774786726,0.01155184805149358,0.953125
2628,2,0.15625,0.15642897197308053,0.01155165398210351,0.953125
2629,2,0.21875,0.1626610747757725,0.011612415007361477,0.953125
2630,2,0.1875,0.16514496729819522,0.011636598414452986,0.953125
2631,2,0.140625,0.1626929705683757,0.011612725671159478,0.953125
2632,2,0.3968749761581421,0.18611117112735232,0.011839917306517225,0.953125
2633,2,0.496875,0.2171875540146171,0.01213835836918798,0.953125
2634,2,0.203125,0.21578129861315537,0.01212493480849485,0.953125
2635,2,0.28125,0.22232816875183983,0.012187359634977921,0.953125
2636,2,0.29687501192092897,0.22978285306874874,0.012258222890164157,0.953125
2637,2,0.1875,0.22555456776187385,0.012218058169483752,0.953125
2638,2,0.26562501192092897,0.22956161217777935,0.012256123199740617,0.953125
2639,2,0.4281249761581421,0.24941794857581562,0.012443714474756385,0.953125
2640,2,0.39062501192092897,0.26353865491032696,0.012576023666030684,0.953125
2641,2,0.653125,0.30249728941929427,0.012935963081860196,0.953125
2642,2,0.521874976158142,0.3244350580931791,0.013135116015749617,0.953125
2643,2,0.621875,0.35417905228386115,0.013400765189744184,0.953125
2644,2,0.3031249761581421,0.34907364467128926,0.013355537488907722,0.953125
2645,2,0.371875,0.3513537802041603,0.013375755991194867,0.953125
2646,2,0.2718749761581421,0.3434058997995585,0.013305146416420664,0.953125
2647,2,0.28125,0.3371903098196027,0.01324966716367094,0.953125
2648,2,0.35937501192092897,0.3394087800297353,0.013269494759723622,0.953125
2649,2,0.553124976158142,0.36078039964257597,0.013459012461448983,0.953125
2650,2,0.3968749761581421,0.3643898572941326,0.013490748644958379,0.953125
2651,2,0.296875,0.35763837156471934,0.013431321539882673,0.953125
2652,2,0.32812501192092897,0.3546870356003403,0.013405256753528567,0.953125
2653,2,0.125,0.3317183320403063,0.013200639286085177,0.953125
2654,2,0.1875,0.3172964988362757,0.013070603594781738,0.953125
2655,2,0.340625,0.3196293489526481,0.013091717380732006,0.953125
2656,2,0.3343749761581421,0.3211039116731975,0.013105047428518691,0.953125
2657,2,0.125,0.3014935205058778,0.012926787928543355,0.953125
2658,2,0.140625,0.28540666845529,0.012779016544147013,0.953125
2659,2,0.140625,0.270928501609761,0.012644885963508377,0.953125
2660,2,0.109375,0.25477315144878493,0.012494002225112485,0.953125
2661,2,0.0625,0.23554583630390644,0.012312842161775993,0.953125
2662,2,0.15625,0.2276162526735158,0.01223765172678794,0.953125
2663,2,0.0625,0.21110462740616423,0.012080235681770005,0.953125
2664,2,0.03125,0.1931191646655478,0.011907536532796257,0.953125
2665,2,0.015625,0.175369748198993,0.011735937867472004,0.953125
2666,2,0.03125,0.1609577733790937,0.011595820290112998,0.953125
2667,2,0.0,0.14486199604118433,0.011438571205622432,0.953125
2668,2,0.078125,0.1381882964370659,0.011373153489427858,0.953125
2669,2,0.140625,0.1384319667933593,0.0113755441676758,0.953125
2670,2,0.046875,0.1292762701140234,0.011285608817988837,0.953125
2671,2,0.109375,0.12728614310262107,0.01126603149102197,0.953125
2672,2,0.109375,0.12549502879235896,0.011248403455626686,0.953125
2673,2,0.03125,0.11607052591312307,0.011155520714172387,0.953125
2674,2,0.078125,0.11227597332181076,0.011118065604476642,0.953125
2675,2,0.03125,0.10417337598962968,0.011037981715773967,0.953125
2676,2,0.0625,0.10000603839066671,0.010996739730284078,0.953125
2677,2,0.11562497615814209,0.10156793216741425,0.011012201075855247,0.953125
2678,2,0.015625,0.09297363895067282,0.010927066709238525,0.953125
2679,2,0.140625,0.09773877505560553,0.010974287311813071,0.953125
2680,2,0.109375,0.09890239755004498,0.010985811769816212,0.953125
2681,2,0.125,0.10151215779504048,0.011011649043384588,0.953125
2682,2,0.0,0.09136094201553643,0.010911075966680693,0.953125
2683,2,0.078125,0.09003734781398279,0.010897948315457687,0.953125
2684,2,0.078125,0.08884611303258451,0.01088613075974021,0.953125
2685,2,0.046875,0.08464900172932606,0.010844473967177543,0.953125
2686,2,0.109375,0.08712160155639345,0.010869018460360506,0.953125
2687,2,0.0625,0.0846594414007541,0.010844577619309596,0.953125
2688,2,0.15625,0.09181849726067869,0.010915613349862668,0.953125
2689,2,0.109375,0.09357414753461082,0.010933019852072613,0.953125
2690,2,0.0625,0.09046673278114975,0.010902207378862976,0.953125
2691,2,0.046875,0.08610755950303478,0.010858953736106408,0.953125
2692,2,0.203125,0.0978093035527313,0.010974985897165642,0.953125
2693,2,0.21875,0.10990337319745817,0.01109463002218687,0.953125
2694,2,0.21875,0.12078803587771235,0.011202040214907198,0.953125
2695,2,0.1875,0.1274592322899411,0.011267734602203303,0.953125
2696,2,0.15625,0.13033830906094698,0.011296052244882336,0.953125
2697,2,0.171875,0.13449197815485228,0.01133686901474216,0.953125
2698,2,0.35937501192092897,0.15698028153145993,0.011557033881975565,0.953125
2699,2,0.3656249761581421,0.17784475099412814,0.0117599317003864,0.953125
2700,2,0.34375,0.19443527589471532,0.011920215561841661,0.953125
2701,2,0.509374988079071,0.22592924711315088,0.012221620332718045,0.953125
2702,2,0.3125,0.2345863224018358,0.012303758276549073,0.953125
2703,2,0.328125,0.24394019016165222,0.012392139543000929,0.953125
2704,2,0.553124976158142,0.27485866876130116,0.01268140017338935,0.953125
2705,2,0.234375,0.270810301885171,0.012643786617591858,0.953125
2706,2,0.171875,0.26091677169665395,0.012551528200643251,0.953125
2707,2,0.09375,0.24420009452698854,0.012394589708369503,0.953125
2708,2,0.2093749761581421,0.2407175826901039,0.012361734217152158,0.953125
2709,2,0.15625,0.2322708244210935,0.012281820538348044,0.953125
2710,2,0.09375,0.21841874197898414,0.012150104180435146,0.953125
2711,2,0.234375,0.22001436778108574,0.01216531755668916,0.953125
2712,2,0.21875,0.21988793100297718,0.012164112437070556,0.953125
2713,2,0.140625,0.21196163790267947,0.012088433462190752,0.953125
2714,2,0.0625,0.19701547411241152,0.011945053804839465,0.953125
2715,2,0.078125,0.18512642670117038,0.011830401506319291,0.953125
2716,2,0.3968749761581421,0.20630128164686753,0.012034235204329433,0.953125
2717,2,0.621875,0.24785865348218075,0.012429047117307912,0.953125
2718,2,0.140625,0.23713528813396267,0.01232788090319302,0.953125
2719,2,0.21875,0.23529675932056643,0.012310484493399762,0.953125
2720,2,0.35312498807907106,0.2470795821964169,0.012421714691430432,0.953125
2721,2,0.590625,0.2814341239767752,0.012742318748360678,0.953125
2722,2,0.3656249761581421,0.28985320919491186,0.012819997008256813,0.953125
2723,2,0.1875,0.27961788827542067,0.012725513905777308,0.953125
2724,2,0.2718749761581421,0.27884359706369277,0.012718344658637594,0.953125
2725,2,0.109375,0.2618967373573235,0.012560687577430552,0.953125
2726,2,0.109375,0.24664456362159115,0.012417619199916838,0.953125
2727,2,0.109375,0.23291760725943203,0.012287950700419494,0.953125
2728,2,0.0625,0.21587584653348885,0.012125837577882383,0.953125
2729,2,0.015625,0.19585076188013997,0.011933844786189982,0.953125
2730,2,0.11562497615814209,0.18782818330794018,0.011856500913604413,0.953125
2731,2,0.046875,0.17373286497714618,0.011720057808604889,0.953125
2732,2,0.078125,0.16417207847943158,0.011627128605274132,0.953125
2733,2,0.03125,0.15087987063148842,0.011497452874647608,0.953125
2734,2,0.09375,0.14516688356833957,0.011441556853769368,0.953125
2735,2,0.046875,0.13533769521150563,0.011345174096206263,0.953125
2736,2,0.0625,0.12805392569035506,0.011273585518198697,0.953125
2737,2,0.0625,0.12149853312131956,0.011209041928391464,0.953125
2738,2,0.078125,0.11716117980918761,0.011166280265694151,0.953125
2739,2,0.153125,0.12075756182826884,0.011201739876510157,0.953125
2740,2,0.371875,0.14586930564544195,0.011448434407641109,0.953125
2741,2,0.09375,0.14065737508089776,0.011397370458826673,0.953125
2742,2,0.140625,0.140654137572808,0.011397338715901555,0.953125
2743,2,0.2093749761581421,0.14752622143134142,0.011464652043859333,0.953125
2744,2,0.2093749761581421,0.1537110969040215,0.011525118469967215,0.953125
2745,2,0.203125,0.15865248721361935,0.011573346274427406,0.953125
2746,2,0.4281249761581421,0.18559973610807162,0.011834975627621105,0.953125
2747,2,0.125,0.17953976249726444,0.01177635189536318,0.953125
2748,2,0.434375,0.205023286247538,0.012021980920128959,0.953125
2749,2,0.3656249761581421,0.2210834552385984,0.012175504816761884,0.953125
2750,2,0.109375,0.20991260971473855,0.01206882851305872,0.953125
2751,2,0.1875,0.20767134874326468,0.012047365258453117,0.953125
2752,2,0.171875,0.2040917138689382,0.012013044380310752,0.953125
2753,2,0.15625,0.19930754248204438,0.011967097479262062,0.953125
2754,2,0.09375,0.18875178823383995,0.011865417102221696,0.953125
2755,2,0.1875,0.18862660941045595,0.011864208845268759,0.953125
2756,2,0.246875,0.19445144846941037,0.011920371323908175,0.953125
2757,2,0.234375,0.19844380362246933,0.01195879290311123,0.953125
2758,2,0.203125,0.1989119232602224,0.0119632940750228,0.953125
2759,2,0.1468749761581421,0.19370822855001435,0.011913212190815094,0.953125
2760,2,0.0625,0.18058740569501291,0.011786495859790587,0.953125
2761,2,0.078125,0.17034116512551162,0.011687125191678456,0.953125
2762,2,0.09375,0.16268204861296046,0.011612619292091961,0.953125
2763,2,0.09375,0.1557888437516644,0.011545406199373118,0.953125
2764,2,0.125,0.15270995937649795,0.011515338467918619,0.953125
2765,2,0.078125,0.14525146343884815,0.011442385065948506,0.953125
2766,2,0.09375,0.14010131709496335,0.011391918034205605,0.953125
2767,2,0.140625,0.14015368538546702,0.011392431567346753,0.953125
2768,2,0.109375,0.1370758168469203,0.011362236794035203,0.953125
2769,2,0.125,0.1358682351622283,0.011350383122621672,0.953125
2770,2,0.09375,0.13165641164600547,0.011309009641209148,0.953125
2771,2,0.1468749761581421,0.13317826809721914,0.011323964443939983,0.953125
2772,2,0.078125,0.12767294128749723,0.011269837288916167,0.953125
2773,2,0.046875,0.11959314715874751,0.011190262291206706,0.953125
2774,2,0.125,0.12013383244287276,0.011195592200319132,0.953125
2775,2,0.109375,0.11905794919858549,0.011184985798779338,0.953125
2776,2,0.125,0.11965215427872694,0.01119084399863806,0.953125
2777,2,0.15625,0.12331193885085424,0.011226906968768215,0.953125
2778,2,0.171875,0.1281682449657688,0.011274710151757855,0.953125
2779,2,0.25,0.1403514204691919,0.011394370526596314,0.953125
2780,2,0.296875,0.1560037784222727,0.011547504143936866,0.953125
2781,2,0.125,0.15290340058004542,0.011517228405581616,0.953125
2782,2,0.109375,0.14855056052204088,0.011474674185842361,0.953125
2783,2,0.109375,0.1446330044698368,0.011436328605582878,0.953125
2784,2,0.15625,0.1457947040228531,0.011447704034663162,0.953125
2785,2,0.0625,0.1374652336205678,0.011366058495200154,0.953125
2786,2,0.1781249761581421,0.14153120787432524,0.011405937110080498,0.953125
2787,2,0.109375,0.1383155870868927,0.01137440237279529,0.953125
2788,2,0.109375,0.13542152837820343,0.011345997249032845,0.953125
2789,2,0.09375,0.13125437554038308,0.011305057961538727,0.953125
2790,2,0.109375,0.12906643798634476,0.011283545121916577,0.953125
2791,2,0.125,0.12865979418771029,0.01127954546947167,0.953125
2792,2,0.171875,0.13298131476893926,0.01132202938381515,0.953125
2793,2,0.203125,0.13999568329204534,0.011390882146820547,0.953125
2794,2,0.125,0.1384961149628408,0.011376173506201839,0.953125
2795,2,0.125,0.1371465034665567,0.0113629305363114,0.953125
2796,2,0.015625,0.12499435311990104,0.011243474422090784,0.953125
2797,2,0.0625,0.11874491780791094,0.011181899326081378,0.953125
2798,2,0.11562497615814209,0.11843292364293406,0.01117882285311646,0.953125
2799,2,0.11562497615814209,0.11815212889445487,0.011176053833940928,0.953125
2800,2,0.3968749761581421,0.14602441362082358,0.011449952912200015,0.953125
2801,2,0.246875,0.15610947225874122,0.011548535754191418,0.953125
2802,2,0.3031249761581421,0.1708110226486813,0.011691689664902706,0.953125
2803,2,0.3343749761581421,0.18716741799962738,0.0118501202178059,0.953125
2804,2,0.11562497615814209,0.18001317381547885,0.011780936241243654,0.953125
2805,2,0.3031249761581421,0.19232435404974516,0.011899876474277534,0.953125
2806,2,0.434375,0.21652941864477063,0.012132077069844358,0.953125
2807,2,0.26562501192092897,0.22143897797238646,0.01217889151946203,0.953125
2808,2,0.23437501192092897,0.22273258136724072,0.012191209927405404,0.953125
2809,2,0.403125,0.24077182323051666,0.012362246361768801,0.953125
2810,2,0.309375,0.247632140907465,0.012426915522847427,0.953125
2811,2,0.23437501192092897,0.2463064280088114,0.012414435219921206,0.953125
2812,2,0.23437501192092897,0.24511328640002314,0.012403196113040492,0.953125
2813,2,0.203125,0.24091445776002085,0.012363593068646591,0.953125
2814,2,0.140625,0.23088551198401877,0.012268684561367869,0.953125
2815,2,0.3343749761581421,0.2412344584014311,0.01236661407579477,0.953125
2816,2,0.15625,0.23273601256128798,0.012286229741665534,0.953125
2817,2,0.09375,0.21883741130515919,0.012154096965388168,0.953125
2818,2,0.09375,0.20632867017464326,0.012034497754462416,0.953125
2819,2,0.0625,0.19194580315717893,0.011896227342184323,0.953125
2820,2,0.015625,0.17431372284146104,0.011725693970958247,0.953125
2821,2,0.140625,0.17094485055731495,0.0116929896154938,0.953125
2822,2,0.046875,0.15853786550158347,0.011572228410823069,0.953125
2823,2,0.140625,0.15674657895142513,0.01155475343102542,0.953125
2824,2,0.109375,0.15200942105628262,0.011508493220336043,0.953125
2825,2,0.125,0.14930847895065436,0.011482087718322516,0.953125
2826,2,0.109375,0.1453151310555889,0.011443008490503517,0.953125
2827,2,0.03125,0.13390861795003,0.011331139225721645,0.953125
2828,2,0.140625,0.134580256155027,0.011337736007299922,0.953125
2829,2,0.171875,0.13830973053952428,0.011374344913566542,0.953125
2830,2,0.078125,0.13229125748557186,0.011315248799049752,0.953125
2831,2,0.0,0.11906213173701467,0.011185027036834765,0.96875
2832,2,0.0625,0.1134059185633132,0.011129222391504054,0.96875
2833,2,0.046875,0.10675282670698187,0.011063491424764458,0.96875
2834,2,0.03125,0.09920254403628369,0.010988783977664037,0.96875
2835,2,0.109375,0.10021978963265532,0.010998855961610444,0.96875
2836,2,0.1937499761581421,0.10957280828520401,0.011091363863778417,0.96875
2837,2,0.0625,0.1048655274566836,0.011044828164657246,0.96875
2838,2,0.03125,0.09750397471101524,0.010971961543293425,0.96875
2839,2,0.09375,0.09712857723991371,0.01096824289722017,0.96875
2840,2,0.109375,0.09835321951592234,0.010980373066063667,0.96875
2841,2,0.15625,0.10414289756433011,0.011037680214331188,0.96875
2842,2,0.48125,0.14185360780789708,0.011409097238588198,0.96875
2843,2,0.1875,0.14641824702710737,0.011453808227813845,0.96875
2844,2,0.25,0.15677642232439665,0.011555044649489928,0.96875
2845,2,0.21875,0.16297378009195698,0.011615460607164474,0.96875
2846,2,0.29375,0.17605140208276127,0.011742548208024811,0.96875
2847,2,0.109375,0.16938376187448514,0.011677822173771358,0.96875
2848,2,0.15625,0.16807038568703664,0.011665055332777171,0.96875
2849,2,0.171875,0.16845084711833297,0.011668754233110703,0.96875
2850,2,0.234375,0.17504326240649967,0.01173277121603648,0.96875
2851,2,0.1875,0.1762889361658497,0.011744851326870077,0.96875
2852,2,0.34375,0.19303504254926473,0.011906725908105209,0.96875
2853,2,0.296875,0.20341903829433827,0.012006589342975339,0.96875
2854,2,0.421875,0.22526463446490444,0.012215301300162911,0.96875
2855,2,0.265625,0.22930067101841398,0.012253646463841888,0.96875
2856,2,0.15625,0.22199560391657258,0.012184192873427393,0.96875
2857,2,0.1875,0.21854604352491533,0.012151318311813169,0.96875
2858,2,0.09375,0.2060664391724238,0.01203198385254023,0.96875
2859,2,0.109375,0.1963972952551814,0.011939105173312578,0.96875
2860,2,0.078125,0.18457006572966328,0.011825023751000566,0.96875
2861,2,0.1312499761581421,0.17923805677251117,0.011773429882613779,0.96875
2862,2,0.125,0.17381425109526005,0.011720847579840703,0.96875
2863,2,0.1624999761581421,0.17268282360154824,0.011709866222982056,0.96875
2864,2,0.3875,0.19416454124139343,0.011917607905842351,0.96875
2865,2,0.140625,0.1888105871172541,0.011865984624106823,0.96875
2866,2,0.0625,0.1761795284055287,0.011743790538280563,0.96875
2867,2,0.109375,0.16949907556497582,0.011678942827179411,0.96875
2868,2,0.046875,0.15723666800847824,0.011559535489654974,0.96875
2869,2,0.0,0.1415130012076304,0.011405758641794179,0.984375
2870,2,0.03125,0.13048670108686736,0.011297511210899792,0.984375
2871,2,0.046875,0.12212553097818062,0.011215219784385588,0.984375
2872,2,0.03125,0.11303797788036256,0.011125589751613398,0.984375
2873,2,0.078125,0.1095466800923263,0.011091105693177467,0.984375
2874,2,0.109375,0.10952951208309368,0.011090936056638863,0.984375
2875,2,0.309375,0.1295140608747843,0.01128794735224207,0.984375
2876,2,0.340625,0.15062515478730587,0.011494962737871841,0.984375
2877,2,0.403125,0.1758751393085753,0.0117408390495421,0.984375
2878,2,0.171875,0.17547512537771776,0.01173695986535524,0.984375
2879,2,0.278125,0.185740112839946,0.011836332093241544,0.984375
2880,2,0.2093749761581421,0.18810359917176558,0.011859160011501543,0.984375
2881,2,0.046875,0.17398073925458904,0.011722463112722384,0.984375
2882,2,0.059375,0.16252016532913016,0.01161104251651612,0.984375
2883,2,0.0625,0.15251814879621717,0.011513464352183525,0.984375
2884,2,0.03125,0.14039133391659545,0.011394761898643486,0.984375
2885,2,0.109375,0.1372897005249359,0.01136433587946372,0.984375
2886,2,0.09375,0.1329357304724423,0.011321581505200122,0.984375
2887,2,0.109375,0.1305796574251981,0.011298425113729624,0.984375
2888,2,0.078125,0.1253341916826783,0.011246820119395274,0.984375
2889,2,0.140625,0.12686327251441046,0.011261870341822558,0.984375
2890,2,0.09375,0.1235519452629694,0.011229270835054006,0.984375
2891,2,0.09375,0.12057175073667246,0.011199908559165219,0.984375
2892,2,0.171875,0.12570207566300523,0.011250441603135953,0.984375
2893,2,0.109375,0.12406936809670471,0.011234366550706663,0.984375
2894,2,0.109375,0.12259993128703425,0.011219893460187334,0.984375
2895,2,0.1781249761581421,0.12815243577414503,0.011274554628341584,0.984375
2896,2,0.2718749761581421,0.14252468981254474,0.011415674188693102,0.984375
2897,2,0.1875,0.14702222083129027,0.01145971979267626,0.984375
2898,2,0.3343749761581421,0.16575749636397547,0.011642559043718335,0.984375
2899,2,0.45312501192092897,0.1944942479196708,0.01192078353132992,0.984375
2900,2,0.125,0.1875448231277037,0.011853764830737568,0.984375
2901,2,0.234375,0.19222784081493335,0.011898946161621396,0.984375
2902,2,0.09375,0.18238005673344002,0.011803844658855894,0.984375
2903,2,0.140625,0.17820455106009603,0.011763418037114105,0.984375
2904,2,0.25,0.18538409595408642,0.011832891752618716,0.984375
2905,2,0.234375,0.19028318635867777,0.011880193957615364,0.984375
2906,2,0.28125,0.19937986772281,0.011967792735724068,0.984375
2907,2,0.328125,0.21225438095052898,0.012091233039959586,0.984375
2908,2,0.34375,0.22540394285547607,0.012216625976752764,0.984375
2909,2,0.1875,0.22161354856992846,0.012180554283591244,0.984375
2910,2,0.15625,0.21507719371293563,0.012118210682416657,0.984375
2911,2,0.109375,0.20450697434164206,0.012017028373790536,0.984375
2912,2,0.046875,0.18874377690747787,0.011865339776608615,0.984375
2913,2,0.309375,0.20080689921673006,0.011981506614044518,0.984375
2914,2,0.109375,0.19166370929505705,0.011893507690030372,0.984375
2915,2,0.278125,0.20030983836555133,0.011976730699937207,0.984375
2916,2,0.21875,0.2021538545289962,0.011994443842110228,0.984375
2917,2,0.434375,0.22537596907609658,0.012216359982032375,0.984375
2918,2,0.32812501192092897,0.23565087336057983,0.012313836321356955,0.984375
2919,2,0.496875,0.2617732860245218,0.012559533976171783,0.984375
2920,2,0.3968749761581421,0.2752834550378839,0.01268534216953837,0.984375
2921,2,0.3656249761581421,0.2843176071499097,0.012768963967379943,0.984375
2922,2,0.496875,0.30557334643491874,0.012964046676617852,0.984375
2923,2,0.553124976158142,0.33032850940724107,0.013188159263344788,0.984375
2924,2,0.35312498807907106,0.33260815727442405,0.013208623717203423,0.984375
2925,2,0.5468750119209289,0.35403484273907454,0.013399489813036408,0.984375
2926,2,0.434375,0.3620688584651671,0.013470350379336056,0.984375
2927,2,0.109375,0.3367994726186504,0.013246171085048395,0.984375
2928,2,0.09375,0.3124945253567854,0.01302704756339621,0.984375
2929,2,0.215625,0.3028075728211069,0.012938798196969149,0.984375
2930,2,0.046875,0.2772143155389962,0.012703249111920093,0.984375
2931,2,0.03125,0.2526178839850966,0.01247377929798968,0.984375
2932,2,0.125,0.23985609558658694,0.012353598212062191,0.984375
2933,2,0.09375,0.22524548602792824,0.012215119212230814,0.984375
2934,2,0.3031249761581421,0.23303343504094962,0.012289048316560027,0.984375
2935,2,0.125,0.22223009153685463,0.012186425768253935,0.984375
2936,2,0.09375,0.20938208238316916,0.012063749751215512,0.984375
2937,2,0.03125,0.19156887414485224,0.011892593324034959,0.984375
2938,2,0.09375,0.18178698673036703,0.01179810632201944,0.984375
2939,2,0.015625,0.16517078805733032,0.011636849705009857,0.984375
2940,2,0.09375,0.1580287092515973,0.011567262309655236,0.984375
2941,2,0.109375,0.15316333832643755,0.011519767845634419,0.984375
2942,2,0.03125,0.1409720044937938,0.011400455181303037,0.984375
2943,2,0.015625,0.12843730404441442,0.01127735693267095,0.984375
2944,2,0.15625,0.13121857363997297,0.011304706038585235,0.984375
2945,2,0.171875,0.13528421627597567,0.011344648980051676,0.984375
2946,2,0.125,0.1342557946483781,0.011334549317636364,0.984375
2947,2,0.09375,0.1302052151835403,0.01129474364000598,0.984375
2948,2,0.1875,0.13593469366518626,0.01135103558285701,0.984375
2949,2,0.078125,0.13015372429866764,0.011294237359514061,0.984375
2950,2,0.2093749761581421,0.1380758494846151,0.011372050205313336,0.984375
2951,2,0.140625,0.1383307645361536,0.011374551279984598,0.984375
2952,2,0.140625,0.13856018808253823,0.011376802097344983,0.984375
2953,2,0.09375,0.1340791692742844,0.011332814480386309,0.984375
2954,2,0.1781249761581421,0.13848374996267018,0.011376052197743625,0.984375
2955,2,0.125,0.13713537496640316,0.01136282131835175,0.984375
2956,2,0.09375,0.13279683746976284,0.01132021680887372,0.984375
2957,2,0.046875,0.12420465372278655,0.011235698771772044,0.984375
2958,2,0.125,0.12428418835050789,0.01123648196579876,0.984375
2959,2,0.171875,0.12904326951545708,0.011283317253508071,0.984375
2960,2,0.203125,0.13645144256391137,0.011356108395207279,0.984375
2961,2,0.3656249761581421,0.15936879592333444,0.011580331256738123,0.984375
2962,2,0.15625,0.159056916331001,0.01157729020129947,0.984375
2963,2,0.21875,0.1650262246979009,0.01163544277066106,0.984375
2964,2,0.140625,0.16258610222811082,0.011611684765037442,0.984375
2965,2,0.1875,0.16507749200529973,0.011635941727222545,0.984375
2966,2,0.171875,0.16575724280476975,0.011642556576536454,0.984375
2967,2,0.140625,0.1632440185242928,0.011618092352058159,0.984375
2968,2,0.109375,0.1578571166718635,0.011565588487336763,0.984375
2969,2,0.125,0.15457140500467714,0.01153352034002562,0.984375
2970,2,0.1781249761581421,0.15692676212002366,0.011556511658512581,0.984375
2971,2,0.046875,0.14592158590802132,0.011448946238188982,0.984375
2972,2,0.109375,0.14226692731721918,0.01141314813066082,0.984375
2973,2,0.0625,0.13429023458549727,0.01133488758162454,0.984375
2974,2,0.153125,0.13617371112694754,0.011353382053868355,0.984375
2975,2,0.09375,0.1319313400142528,0.011311711718432664,0.984375
2976,2,0.140625,0.13280070601282754,0.011320254820008566,0.984375
2977,2,0.125,0.1320206354115448,0.011312589298068556,0.984375
2978,2,0.278125,0.14663107187039032,0.01145589142998685,0.984375
2979,2,0.078125,0.13978046468335129,0.011388771532769949,0.984375
2980,2,0.09375,0.13517741821501617,0.01134360029433952,0.984375
2981,2,0.109375,0.13259717639351454,0.011318254946798398,0.984375
2982,2,0.090625,0.12839995875416307,0.011276989571425852,0.984375
2983,2,0.09375,0.12493496287874677,0.0112428896984509,0.984375
2984,2,0.0625,0.1186914665908721,0.011181372277107682,0.984375
2985,2,0.078125,0.11463481993178488,0.01114135301318877,0.984375
2986,2,0.046875,0.1078588379386064,0.011074425155140604,0.984375
2987,2,0.03125,0.10019795414474576,0.01099863978481541,0.984375
2988,2,0.109375,0.10111565873027119,0.011007724474575016,0.984375
2989,2,0.109375,0.10194159285724408,0.011015899259264814,0.984375
2990,2,0.03125,0.09487243357151967,0.010945888127262398,0.984375
2991,2,0.140625,0.0994476902143677,0.010991211412767321,0.984375
2992,2,0.125,0.10200292119293093,0.011016506209440526,0.984375
2993,2,0.1875,0.11055262907363783,0.011101044329380265,0.984375
2994,2,0.1781249761581421,0.11730986378208826,0.011167746855843028,0.984375
2995,2,0.140625,0.11964137740387942,0.011190737758032029,0.984375
2996,2,0.1781249761581421,0.12548973727930568,0.011248351365149971,0.984375
2997,2,0.15625,0.1285657635513751,0.011278620547022715,0.984375
2998,2,0.125,0.12820918719623758,0.011275112919314703,0.984375
2999,3,0.0,0.11538826847661383,0.01114878870705705,0.84375
3000,3,0.0,0.10384944162895245,0.011034777165413887,0.90625
3001,3,0.0,0.0934644974660572,0.010931932885595191,0.96875
3002,3,0.03125,0.08724304771945149,0.010870223737734538,0.96875
3003,3,0.03125,0.08164374294750634,0.010814628210674393,0.96875
3004,3,0.046875,0.07816686865275571,0.010780080553825148,0.96875
3005,3,0.15625,0.08597518178748015,0.010857639710865223,0.96875
3006,3,0.15625,0.09300266360873213,0.010927354460512738,0.96875
3007,3,0.203125,0.10401489724785892,0.011036413977175785,0.96875
3008,3,0.140625,0.10767590752307303,0.011072616932759245,0.96875
3009,3,0.21875,0.11878331677076572,0.011182277950093975,0.96875
3010,3,0.234375,0.13034248509368915,0.011296093303717841,0.96875
3011,3,0.203125,0.13762073658432022,0.011367584473755653,0.96875
3012,3,0.234375,0.1472961629258882,0.011462400735265046,0.96875
3013,3,0.1875,0.15131654663329938,0.011501721436569232,0.96875
3014,3,0.109375,0.14712239196996943,0.011460700145440227,0.96875
3015,3,0.1875,0.15116015277297248,0.011500192731506811,0.96875
3016,3,0.171875,0.15323163749567523,0.011520435055379976,0.96875
3017,3,0.125,0.15040847374610772,0.011492844285210276,0.96875
3018,3,0.1875,0.15411762637149695,0.011529088960051516,0.96875
3019,3,0.109375,0.14964336373434725,0.011485362843227256,0.96875
3020,3,0.09375,0.14405402736091252,0.011430657808828595,0.96875
3021,3,0.203125,0.14996112462482125,0.011488470197689843,0.96875
3022,3,0.125,0.14746501216233915,0.011464053076447022,0.96875
3023,3,0.09375,0.14209351094610523,0.01141144855635139,0.96875
3024,3,0.109375,0.1388216598514947,0.011379367158464637,0.96875
3025,3,0.234375,0.14837699386634523,0.011472976220757299,0.96875
3026,3,0.21875,0.15541429447971072,0.011541749948055029,0.96875
3027,3,0.28125,0.16799786503173963,0.011664350223404814,0.96875
3028,3,0.171875,0.16838557852856567,0.011668119715912719,0.96875
3029,3,0.1875,0.1702970206757091,0.011686696309224793,0.96875
3030,3,0.171875,0.1704548186081382,0.011688229355098199,0.96875
3031,3,0.125,0.1659093367473244,0.01164403644415445,0.96875
3032,3,0.21875,0.17119340307259195,0.01169540379854292,0.96875
3033,3,0.1875,0.17282406276533274,0.011711237288217352,0.96875
3034,3,0.09375,0.16491665648879947,0.011634376375378975,0.96875
3035,3,0.1875,0.16717499083991952,0.011656348328618005,0.96875
3036,3,0.0625,0.15670749175592757,0.011554372005137184,0.96875
3037,3,0.1875,0.15978674258033482,0.011584406073974067,0.96875
3038,3,0.015625,0.14537056832230133,0.011443551315272523,0.96875
3039,3,0.046875,0.1355210114900712,0.011346974043627752,0.96875
3040,3,0.140625,0.13603141034106409,0.011351985083538676,0.96875
3041,3,0.140625,0.13649076930695767,0.01135649442827283,0.96875
3042,3,0.171875,0.14002919237626188,0.011391210753620613,0.96875
3043,3,0.078125,0.1338387731386357,0.011330453147253236,0.96875
3044,3,0.078125,0.12826739582477215,0.011275685537132952,0.96875
3045,3,0.078125,0.12325315624229494,0.011226327987057869,0.96875
3046,3,0.078125,0.11874034061806545,0.011181854193539755,0.96875
3047,3,0.046875,0.1115538065562589,0.011110933638155848,0.96875
3048,3,0.15625,0.11602342590063301,0.011155056000444741,0.96875
3049,3,0.203125,0.1247335833105697,0.01124090696177777,0.96875
3050,3,0.171875,0.12944772497951273,0.011287294991570636,0.96875
3051,3,0.125,0.12900295248156146,0.011282920720942795,0.96875
3052,3,0.09375,0.12547765723340532,0.011248232447043201,0.96875
3053,3,0.078125,0.12074239151006479,0.011201590363920644,0.96875
3054,3,0.09375,0.11804315235905831,0.0111749791273907,0.96875
3055,3,0.0625,0.11248883712315247,0.011120167582952104,0.96875
3056,3,0.09375,0.11061495341083721,0.011101660012955757,0.96875
3057,3,0.140625,0.11361595806975348,0.011131295954311893,0.96875
3058,3,0.09375,0.11162936226277813,0.011111679864070552,0.96875
3059,3,0.125,0.11296642603650031,0.01112488329276354,0.96875
3060,3,0.15625,0.11729478343285028,0.011167598108494478,0.96875
3061,3,0.09375,0.11494030508956525,0.011144367964406335,0.96875
3062,3,0.15625,0.11907127458060873,0.011185117181253496,0.96875
3063,3,0.140625,0.12122664712254785,0.011206362724214904,0.96875
3064,3,0.296875,0.13879148241029304,0.011379071124542638,0.96875
3065,3,0.1875,0.14366233416926374,0.011426820833140557,0.96875
3066,3,0.359375,0.16523360075233737,0.0116374609964135,0.96875
3067,3,0.1875,0.16746024067710363,0.01165912243784394,0.96875
3068,3,0.21875,0.17258921660939328,0.01170895750585671,0.96875
3069,3,0.15625,0.17095529494845396,0.011693091065639956,0.96875
3070,3,0.140625,0.16792226545360858,0.011663615159925365,0.96875
3071,3,0.109375,0.1620675389082477,0.011606633408382108,0.96875
3072,3,0.15625,0.16148578501742294,0.011600965506793666,0.96875
3073,3,0.15625,0.16096220651568066,0.011595863492486945,0.96875
3074,3,0.21875,0.1667409858641126,0.011652127044494111,0.96875
3075,3,0.171875,0.16725438727770134,0.0116571205005079,0.96875
3076,3,0.234375,0.1739664485499312,0.011722324445213884,0.96875
3077,3,0.265625,0.18313230369493808,0.011811121369399458,0.96875
3078,3,0.15625,0.18044407332544427,0.011785108246065419,0.96875
3079,3,0.1875,0.18114966599289983,0.01179193846633241,0.96875
3080,3,0.140625,0.17709719939360985,0.01175268677617164,0.96875
3081,3,0.203125,0.17969997945424887,0.01177790346548573,0.96875
3082,3,0.28125,0.18985498150882396,0.011876062952730627,0.96875
3083,3,0.109375,0.18180698335794157,0.011798299822317084,0.96875
3084,3,0.234375,0.1870637850221474,0.01184911934184089,0.96875
3085,3,0.234375,0.19179490651993267,0.011894772591771392,0.96875
3086,3,0.203125,0.1929279158679394,0.01190569356722496,0.96875
3087,3,0.171875,0.19082262428114546,0.011885397110325156,0.96875
3088,3,0.21875,0.19361536185303094,0.01191231750069981,0.96875
3089,3,0.171875,0.19144132566772784,0.01189136349629273,0.96875
3090,3,0.25,0.19729719310095506,0.011947764265237042,0.96875
3091,3,0.25,0.20256747379085954,0.011998415177162864,0.96875
3092,3,0.3125,0.2135607264117736,0.012103721777439678,0.96875
3093,3,0.171875,0.20939215377059622,0.012063846175421973,0.96875
3094,3,0.203125,0.20876543839353662,0.012057845193216439,0.96875
3095,3,0.234375,0.21132639455418295,0.012082357288256771,0.96875
3096,3,0.140625,0.20425625509876466,0.012014623062477222,0.96875
3097,3,0.0625,0.19008062958888822,0.011878239921963074,0.96875
3098,3,0.09375,0.1804475666299994,0.011785142065909452,0.96875
3099,3,0.140625,0.17646530996699947,0.011746561315127347,0.96875
3100,3,0.140625,0.17288127897029953,0.011711792690018007,0.96875
3101,3,0.203125,0.1759056510732696,0.011741134918964276,0.96875
3102,3,0.140625,0.17237758596594266,0.011706902932631727,0.96875
3103,3,0.21875,0.1770148273693484,0.011751888348355949,0.96875
3104,3,0.1875,0.17806334463241355,0.011762049848938064,0.96875
3105,3,0.171875,0.1774445101691722,0.01175605298810456,0.96875
3106,3,0.203125,0.180012559152255,0.011780930289565578,0.96875
3107,3,0.125,0.1745113032370295,0.011727610869699112,0.96875
3108,3,0.171875,0.17424767291332657,0.011725053134172046,0.96875
3109,3,0.09375,0.1661979056219939,0.011646844003621093,0.96875
3110,3,0.09375,0.1589531150597945,0.011576277996159652,0.96875
3111,3,0.15625,0.15868280355381506,0.011573641931856107,0.96875
3112,3,0.109375,0.15375202319843354,0.011525518211015827,0.96875
3113,3,0.140625,0.1524393208785902,0.011512694119940312,0.96875
3114,3,0.109375,0.14813288879073117,0.011470588046655301,0.96875
3115,3,0.109375,0.14425709991165805,0.011432646912000423,0.96875
3116,3,0.171875,0.14701888992049225,0.011459687193296864,0.96875
3117,3,0.28125,0.16044200092844302,0.011590793501106287,0.96875
3118,3,0.25,0.16939780083559872,0.01167795861097107,0.96875
3119,3,0.171875,0.16964552075203884,0.01168036596336162,0.96875
3120,3,0.296875,0.18236846867683493,0.011803732548641735,0.96875
3121,3,0.125,0.17663162180915143,0.011748173653664375,0.96875
3122,3,0.125,0.1714684596282363,0.011698075177364644,0.96875
3123,3,0.0625,0.1605716136654127,0.011592056802311457,0.96875
3124,3,0.09375,0.15388945229887144,0.011526860491290638,0.96875
3125,3,0.046875,0.1431880070689843,0.011422173812335446,0.96875
3126,3,0.125,0.1413692063620859,0.011404349080979688,0.96875
3127,3,0.109375,0.1381697857258773,0.011372971872142444,0.96875
3128,3,0.15625,0.13997780715328956,0.011390706843231187,0.96875
3129,3,0.09375,0.1353550264379606,0.011345344272000155,0.96875
3130,3,0.078125,0.12963202379416452,0.011289107396017994,0.96875
3131,3,0.09375,0.12604382141474807,0.011253805481263405,0.96875
3132,3,0.0625,0.11968943927327327,0.01119121155953113,0.96875
3133,3,0.140625,0.12178299534594594,0.011211844871974488,0.96875
3134,3,0.125,0.12210469581135135,0.011215014509049857,0.96875
3135,3,0.15625,0.12551922623021622,0.011248641658087881,0.96875
3136,3,0.15625,0.1285923036071946,0.011278881607739509,0.96875
3137,3,0.203125,0.13604557324647515,0.011352124123540521,0.96875
3138,3,0.21875,0.14431601592182763,0.011433223974854094,0.96875
3139,3,0.25,0.15488441432964486,0.011536576676547483,0.96875
3140,3,0.09375,0.14877097289668037,0.011476830307187418,0.96875
3141,3,0.0625,0.14014387560701233,0.011392335371415077,0.96875
3142,3,0.109375,0.1370669880463111,0.01136215014427579,0.96875
3143,3,0.125,0.13586028924167998,0.011350305112298571,0.96875
3144,3,0.1875,0.14102426031751197,0.011400967486988023,0.96875
3145,3,0.171875,0.14410933428576078,0.011431199553669422,0.96875
3146,3,0.171875,0.1468859008571847,0.011458385613207745,0.96875
3147,3,0.171875,0.14938481077146623,0.011482834261157846,0.96875
3148,3,0.296875,0.1641338296943196,0.011626756241653295,0.96875
3149,3,0.265625,0.17428294672488764,0.01172539537339484,0.96875
3150,3,0.1875,0.17560465205239886,0.011738216025252799,0.96875
3151,3,0.125,0.170544186847159,0.011689097553381392,0.96875
3152,3,0.09375,0.1628647681624431,0.011614398918161392,0.96875
3153,3,0.15625,0.1622032913461988,0.011607955862528297,0.96875
3154,3,0.046875,0.15067046221157893,0.011495405683296258,0.96875
3155,3,0.125,0.14810341599042104,0.011470299691276348,0.96875
3156,3,0.1875,0.15204307439137893,0.011508822094026617,0.96875
3157,3,0.078125,0.14465126695224104,0.01143650746231482,0.96875
3158,3,0.109375,0.14112364025701693,0.01140194176741604,0.96875
3159,3,0.296875,0.15669877623131523,0.01155428695550963,0.96875
3160,3,0.3125,0.1722788986081837,0.011705944795653041,0.96875
3161,3,0.234375,0.17848850874736535,0.011766169175445042,0.96875
3162,3,0.234375,0.18407715787262882,0.011820258417537973,0.96875
3163,3,0.1875,0.18441944208536593,0.011823567642934707,0.96875
3164,3,0.09375,0.17535249787682933,0.011735770562099948,0.96875
3165,3,0.125,0.1703172480891464,0.01168689282810193,0.96875
3166,3,0.140625,0.16734802328023177,0.01165803113350155,0.96875
3167,3,0.140625,0.1646757209522086,0.01163203128608018,0.96875
3168,3,0.21875,0.17008314885698775,0.011684618361454185,0.96875
3169,3,0.125,0.16557483397128897,0.01164078164880081,0.96875
3170,3,0.046875,0.15370485057416008,0.011525057459498278,0.96875
3171,3,0.03125,0.14145936551674407,0.011405232880178164,0.96875
3172,3,0.03125,0.13043842896506966,0.011297036613491919,0.96875
3173,3,0.15625,0.13301958606856268,0.01132240540599755,0.96875
3174,3,0.21875,0.14159262746170642,0.011406539160195737,0.96875
3175,3,0.328125,0.16024586471553579,0.011588881714051683,0.96875
3176,3,0.375,0.1817212782439822,0.01179747047442201,0.96875
3177,3,0.296875,0.193236650419584,0.011908668615470581,0.96875
3178,3,0.328125,0.20672548537762558,0.012038301350221494,0.96875
3179,3,0.234375,0.20949043683986304,0.012064787123734906,0.96875
3180,3,0.140625,0.20260389315587674,0.011998764823600263,0.96875
3181,3,0.21875,0.20421850384028908,0.01201426086926424,0.96875
3182,3,0.21875,0.20567165345626018,0.012028198697309755,0.96875
3183,3,0.21875,0.20697948811063416,0.012040735721649223,0.96875
3184,3,0.21875,0.20815653929957076,0.01205201332438621,0.96875
3185,3,0.265625,0.21390338536961367,0.012106996482128636,0.96875
3186,3,0.265625,0.2190755468326523,0.012156367706069177,0.96875
3187,3,0.265625,0.22373049214938706,0.012200707818257564,0.96875
3188,3,0.21875,0.22323244293444836,0.012195968017946597,0.96875
3189,3,0.109375,0.2118466986410035,0.0120873341745746,0.96875
3190,3,0.125,0.20316202877690315,0.012004122602974858,0.96875
3191,3,0.15625,0.19847082589921283,0.011959052756407853,0.96875
3192,3,0.09375,0.18799874330929156,0.011858147676322333,0.96875
3193,3,0.09375,0.17857386897836242,0.011766996138411647,0.96875
3194,3,0.0625,0.1669664820805262,0.011654320375180587,0.96875
3195,3,0.0625,0.1565198338724736,0.011552540712409113,0.96875
3196,3,0.109375,0.15180535048522623,0.011506498890575345,0.96875
3197,3,0.1875,0.1553748154367036,0.0115413645394198,0.96875
3198,3,0.109375,0.15077483389303323,0.011496426044187841,0.96875
3199,3,0.203125,0.1560098505037299,0.01154756341057246,0.96875
3200,3,0.140625,0.1544713654533569,0.011532543455676588,0.96875
3201,3,0.21875,0.16089922890802122,0.011595249749255788,0.96875
3202,3,0.15625,0.1604343060172191,0.011590718499194914,0.96875
3203,3,0.140625,0.1584533754154972,0.01157140438414075,0.96875
3204,3,0.140625,0.1566705378739475,0.011554011392571362,0.96875
3205,3,0.09375,0.15037848408655274,0.01149255107074982,0.96875
3206,3,0.125,0.14784063567789746,0.011467728596225437,0.96875
3207,3,0.140625,0.14711907211010772,0.011460667655166065,0.96875
3208,3,0.078125,0.14021966489909696,0.01139307856399664,0.96875
3209,3,0.09375,0.13557269840918726,0.011347481531525585,0.96875
3210,3,0.09375,0.13139042856826855,0.011306395295834982,0.96875
3211,3,0.203125,0.13856388571144168,0.011376838372698926,0.96875
3212,3,0.171875,0.14189499714029752,0.01140950291146632,0.96875
3213,3,0.015625,0.12926799742626777,0.01128552745832634,0.96875
3214,3,0.109375,0.127278697683641,0.011265958230141475,0.96875
3215,3,0.109375,0.1254883279152769,0.011248337491139872,0.96875
3216,3,0.125,0.1254394951237492,0.011247856770135447,0.96875
3217,3,0.171875,0.13008304561137427,0.01129354240532113,0.96875
3218,3,0.125,0.12957474105023684,0.011288544083653866,0.96875
3219,3,0.21875,0.13849226694521316,0.011376135754763744,0.96875
3220,3,0.125,0.13714304025069185,0.011362896547456638,0.96875
3221,3,0.171875,0.14061623622562267,0.01139696710091011,0.96875
3222,3,0.125,0.1390546126030604,0.01138165228966862,0.96875
3223,3,0.15625,0.14077415134275437,0.01139851540050788,0.96875
3224,3,0.171875,0.14388423620847893,0.011428994609462442,0.96875
3225,3,0.203125,0.14980831258763105,0.01148697589951286,0.96875
3226,3,0.203125,0.15513998132886797,0.011539071907394723,0.96875
3227,3,0.109375,0.15056348319598117,0.011494359799468206,0.96875
3228,3,0.15625,0.15113213487638305,0.011499918857036648,0.96875
3229,3,0.0625,0.14226892138874475,0.011413167673156947,0.96875
3230,3,0.046875,0.1327295292498703,0.011319555452435995,0.96875
3231,3,0.109375,0.13039407632488328,0.011296600546044071,0.96875
3232,3,0.078125,0.12516716869239494,0.011245175819998414,0.96875
3233,3,0.109375,0.12358795182315545,0.011229625458110345,0.96875
3234,3,0.234375,0.1346666566408399,0.011338584540656482,0.96875
3235,3,0.1875,0.13994999097675592,0.011390434060241485,0.96875
3236,3,0.171875,0.14314249187908032,0.011421727863353843,0.96875
3237,3,0.109375,0.13976574269117228,0.011388627151963539,0.96875
3238,3,0.15625,0.14141416842205506,0.01140478983139506,0.96875
3239,3,0.1875,0.14602275157984956,0.011449936641207773,0.96875
3240,3,0.109375,0.1423579764218646,0.011414040427830334,0.96875
3241,3,0.234375,0.15155967877967813,0.01150409784085374,0.96875
3242,3,0.296875,0.1660912109017103,0.011645805974806616,0.96875
3243,3,0.203125,0.16979458981153928,0.01168181452607733,0.96875
3244,3,0.203125,0.17312763083038535,0.011714183920866593,0.96875
3245,3,0.1875,0.1745648677473468,0.011728130522918639,0.96875
3246,3,0.171875,0.17429588097261212,0.01172552086508045,0.96875
3247,3,0.21875,0.17874129287535093,0.011768618055033313,0.96875
3248,3,0.1875,0.17961716358781582,0.011777101472619353,0.96875
3249,3,0.171875,0.17884294722903424,0.011769602783280843,0.96875
3250,3,0.125,0.1734586525061308,0.011717396686917172,0.96875
3251,3,0.109375,0.1670502872555177,0.011655135480029579,0.96875
3252,3,0.015625,0.15190775852996594,0.011507499713674587,0.96875
3253,3,0.0625,0.14296698267696936,0.011420008204292965,0.96875
3254,3,0.0625,0.13492028440927242,0.01134107528848499,0.96875
3255,3,0.015625,0.12299075596834518,0.01122374336306849,0.96875
3256,3,0.09375,0.12006668037151065,0.01119493027328258,0.96875
3257,3,0.171875,0.1252475123343596,0.011245966791520335,0.96875
3258,3,0.140625,0.12678526110092364,0.011261102642020102,0.96875
3259,3,0.078125,0.12191923499083128,0.011213187238534192,0.96875
3260,3,0.21875,0.13160231149174814,0.011308477905996667,0.96875
3261,3,0.125,0.13094208034257332,0.011301988073920487,0.96875
3262,3,0.1875,0.136597872308316,0.01135754573523014,0.96875
3263,3,0.28125,0.1510630850774844,0.011499243886582052,0.96875
3264,3,0.078125,0.14376927656973595,0.011427868469632578,0.96875
3265,3,0.171875,0.14657984891276235,0.011455390053991798,0.96875
3266,3,0.15625,0.14754686402148612,0.011464854040890012,0.96875
3267,3,0.140625,0.14685467761933751,0.011458080020272692,0.96875
3268,3,0.140625,0.14623170985740377,0.011451982232338459,0.96875
3269,3,0.265625,0.1581710388716634,0.011568650614294674,0.96875
3270,3,0.265625,0.16891643498449704,0.011673280105659276,0.96875
3271,3,0.265625,0.17858729148604732,0.01176712617230359,0.96875
3272,3,0.3125,0.1919785623374426,0.011896543152878252,0.96875
3273,3,0.234375,0.19621820610369833,0.01193738156178879,0.96875
3274,3,0.1875,0.1953463854933285,0.011928989173568718,0.96875
3275,3,0.1875,0.19456174694399564,0.011921433609990536,0.96875
3276,3,0.109375,0.18604307224959607,0.01183925936298066,0.96875
3277,3,0.125,0.17993876502463646,0.01178021574427713,0.96875
3278,3,0.140625,0.17600738852217282,0.011742121433750393,0.96875
3279,3,0.078125,0.16621914966995555,0.01164705068178961,0.96875
3280,3,0.1875,0.16834723470295998,0.01166774694491511,0.96875
3281,3,0.25,0.17651251123266398,0.011747018925376294,0.96875
3282,3,0.15625,0.17448626010939758,0.011727367911842026,0.96875
3283,3,0.203125,0.17735013409845785,0.011755138315198786,0.96875
3284,3,0.1875,0.17836512068861204,0.011764973757910524,0.96875
3285,3,0.15625,0.17615360861975085,0.011743539220989483,0.96875
3286,3,0.0625,0.16478824775777579,0.011633126562208215,0.96875
3287,3,0.0625,0.1545594229819982,0.011533403337377708,0.96875
3288,3,0.078125,0.14691598068379838,0.0114586800125383,0.96875
3289,3,0.125,0.14472438261541853,0.011437223523614792,0.96875
3290,3,0.125,0.14275194435387667,0.011417901117581833,0.96875
3291,3,0.109375,0.139414249918489,0.011385179833954722,0.96875
3292,3,0.1875,0.1442228249266401,0.011432311195364314,0.96875
3293,3,0.15625,0.1454255424339761,0.011444089596389553,0.96875
3294,3,0.1875,0.1496329881905785,0.0114852613767923,0.96875
3295,3,0.09375,0.14404468937152065,0.011430566340095124,0.96875
3296,3,0.140625,0.1437027204343686,0.011427216471604272,0.96875
3297,3,0.078125,0.13714494839093175,0.011362915274419596,0.96875
3298,3,0.0625,0.12968045355183858,0.011289583642574246,0.96875
3299,3,0.03125,0.11983740819665473,0.011192670226475528,0.96875
3300,3,0.15625,0.12347866737698926,0.011228549122765505,0.96875
3301,3,0.109375,0.12206830063929033,0.011214655928618344,0.96875
3302,3,0.25,0.1348614705753613,0.011340497723158701,0.96875
3303,3,0.25,0.14637532351782517,0.011453388062233541,0.96875
3304,3,0.25,0.15673779116604267,0.01155466767728909,0.96875
3305,3,0.1875,0.1598140120494384,0.0115846719219454,0.96875
3306,3,0.328125,0.17664511084449455,0.011748304421310338,0.96875
3307,3,0.359375,0.1949180997600451,0.011924865340882518,0.96875
3308,3,0.21875,0.1973012897840406,0.011947803677842705,0.96875
3309,3,0.3125,0.20882116080563654,0.012058378814298547,0.96875
3310,3,0.234375,0.2113765447250729,0.012082837038778549,0.96875
3311,3,0.171875,0.2074263902525656,0.012045018235246095,0.96875
3312,3,0.21875,0.20855875122730905,0.012055865763760254,0.96875
3313,3,0.15625,0.20332787610457814,0.012005714410626754,0.96875
3314,3,0.234375,0.20643258849412033,0.012035493902918346,0.96875
3315,3,0.140625,0.1998518296447083,0.011972329179811314,0.96875
3316,3,0.1875,0.19861664668023746,0.011960454959773105,0.96875
3317,3,0.203125,0.1990674820122137,0.011964789656365998,0.96875
3318,3,0.1875,0.1979107338109923,0.011953666202103022,0.96875
3319,3,0.171875,0.19530716042989307,0.011928611515720111,0.96875
3320,3,0.140625,0.18983894438690377,0.011875908225490917,0.96875
3321,3,0.09375,0.1802300499482134,0.011783036134093147,0.96875
3322,3,0.140625,0.17626954495339206,0.011744663317775962,0.96875
3323,3,0.0625,0.16489259045805285,0.011634142142635015,0.96875
3324,3,0.046875,0.15309083141224758,0.011519059515569087,0.96875
3325,3,0.03125,0.1409067482710228,0.011399815411767454,0.96875
3326,3,0.015625,0.12837857344392054,0.011276779205056575,0.96875
3327,3,0.046875,0.12022821609952848,0.011196522534800513,0.96875
3328,3,0.109375,0.11914289448957564,0.011185823315312645,0.96875
3329,3,0.046875,0.11191610504061808,0.01111451176490641,0.96875
3330,3,0.109375,0.11166199453655627,0.011112002152837855,0.96875
3331,3,0.078125,0.10830829508290064,0.011078867626896917,0.96875
3332,3,0.09375,0.10685246557461058,0.011064476533703243,0.96875
3333,3,0.0625,0.10241721901714951,0.01102060620601489,0.96875
3334,3,0.125,0.10467549711543456,0.011042948568912414,0.96875
3335,3,0.078125,0.1020204474038911,0.01101667966028423,0.96875
3336,3,0.09375,0.10119340266350199,0.011008494012913459,0.96875
3337,3,0.109375,0.1020115623971518,0.011016591728525054,0.96875
3338,3,0.125,0.10431040615743661,0.01103933723445028,0.96875
3339,3,0.15625,0.10950436554169296,0.011090687583337464,0.96875
3340,3,0.21875,0.12042892898752366,0.01119850088075715,0.96875
3341,3,0.171875,0.1255735360887713,0.011249176285564828,0.96875
3342,3,0.1875,0.1317661824798942,0.011310088524740216,0.96875
3343,3,0.203125,0.13890206423190476,0.011380155895349726,0.96875
3344,3,0.0625,0.1312618578087143,0.011305131509788022,0.96875
3345,3,0.125,0.13063567202784288,0.011298975812204806,0.96875
3346,3,0.109375,0.12850960482505858,0.011278068137018028,0.96875
3347,3,0.09375,0.12503364434255274,0.011243861257105747,0.96875
3348,3,0.109375,0.12346777990829746,0.011228441891216683,0.96875
3349,3,0.140625,0.12518350191746772,0.011245336619516273,0.96875
3350,3,0.046875,0.11735265172572094,0.011168168898466349,0.96875
3351,3,0.15625,0.12124238655314885,0.011206517827649715,0.96875
3352,3,0.140625,0.12318064789783396,0.011225613801651357,0.96875
3353,3,0.109375,0.12180008310805057,0.011212013239792816,0.96875
3354,3,0.09375,0.11899507479724551,0.011184365878917033,0.96875
3355,3,0.15625,0.12272056731752096,0.011221081850666817,0.96875
3356,3,0.15625,0.12607351058576885,0.011254097704664378,0.96875
3357,3,0.140625,0.12752865952719197,0.011268417710556788,0.96875
3358,3,0.09375,0.12415079357447277,0.011235168390942653,0.96875
3359,3,0.09375,0.12111071421702549,0.011205220251030023,0.96875
3360,3,0.265625,0.13556214279532294,0.01134737789182918,0.96875
3361,3,0.1875,0.14075592851579063,0.01139833673588603,0.96875
3362,3,0.171875,0.14386783566421157,0.011428833952676378,0.96875
3363,3,0.171875,0.14666855209779042,0.01145625828587543,0.96875
3364,3,0.203125,0.1523141968880114,0.011511471488315446,0.96875
3365,3,0.109375,0.14802027719921027,0.011469486266210329,0.96875
3366,3,0.140625,0.14728074947928924,0.011462249896803283,0.96875
3367,3,0.15625,0.14817767453136033,0.011471026215680405,0.96875
3368,3,0.171875,0.15054740707822428,0.011494202627888948,0.96875
3369,3,0.265625,0.16205516637040185,0.01160651287645126,0.96875
3370,3,0.1875,0.16459964973336166,0.011631290826468117,0.96875
3371,3,0.171875,0.1653271847600255,0.011638371730052713,0.96875
3372,3,0.21875,0.17066946628402296,0.01169031457913372,0.96875
3373,3,0.078125,0.16141501965562066,0.011600275983168021,0.96875
3374,3,0.0625,0.15152351769005862,0.011503744408795992,0.96875
3375,3,0.0,0.13637116592105275,0.011355320383317071,0.96875
3376,3,0.078125,0.13054654932894746,0.01129809961308765,0.96875
3377,3,0.109375,0.12842939439605272,0.011277279126679172,0.96875
3378,3,0.203125,0.13589895495644744,0.011350684717451948,0.96875
3379,3,0.078125,0.1301215594608027,0.011293921097591223,0.96875
3380,3,0.171875,0.13429690351472243,0.011334953082505409,0.96875
3381,3,0.21875,0.1427422131632502,0.011417805761944972,0.96875
3382,3,0.1875,0.14721799184692516,0.01146163573352299,0.96875
3383,3,0.203125,0.15280869266223263,0.011516303114702958,0.96875
3384,3,0.25,0.16252782339600935,0.011611117109473794,0.96875
3385,3,0.125,0.15877504105640844,0.011574541452598973,0.96875
3386,3,0.078125,0.1507100369507676,0.0114957925785441,0.96875
3387,3,0.125,0.14813903325569083,0.011470648162430642,0.96875
3388,3,0.078125,0.14113762993012174,0.011402078914290781,0.96875
3389,3,0.0625,0.13327386693710958,0.011324903663101259,0.96875
3390,3,0.1875,0.13869648024339862,0.011378139158531557,0.96875
3391,3,0.078125,0.13263933221905874,0.011318669176928689,0.96875
3392,3,0.109375,0.13031289899715287,0.011295802411680756,0.96875
3393,3,0.078125,0.12509410909743757,0.011244456545125313,0.96875
3394,3,0.046875,0.11727219818769381,0.011167375334468857,0.96875
3395,3,0.046875,0.11023247836892443,0.01109788152277782,0.96875
3396,3,0.046875,0.10389673053203198,0.011035244988630642,0.96875
3397,3,0.078125,0.10131955747882879,0.01100974271446948,0.96875
3398,3,0.078125,0.09900010173094591,0.010986779307167972,0.96875
3399,3,0.125,0.10160009155785131,0.01101251937382977,0.96875
3400,3,0.171875,0.10862758240206617,0.011082023227662219,0.96875
3401,3,0.078125,0.10557732416185955,0.011051867902552475,0.96875
3402,3,0.265625,0.12158209174567361,0.01120986529186247,0.96875
3403,3,0.28125,0.13754888257110623,0.011366879365460663,0.96875
3404,3,0.234375,0.1472314943139956,0.011461767873294167,0.96875
3405,3,0.265625,0.15907084488259604,0.011577426021310145,0.96875
3406,3,0.140625,0.15722626039433646,0.011559433944637596,0.96875
3407,3,0.109375,0.1524411343549028,0.011512711839731038,0.96875
3408,3,0.109375,0.1481345209194125,0.011470604014969368,0.96875
3409,3,0.078125,0.14113356882747127,0.011402039101583432,0.96875
3410,3,0.203125,0.14733271194472414,0.011462758407110194,0.96875
3411,3,0.125,0.14509944075025172,0.011440896434367421,0.96875
3412,3,0.0625,0.13683949667522655,0.011359917371369925,0.96875
3413,3,0.078125,0.1309680470077039,0.011302243337909912,0.96875
3414,3,0.0625,0.1241212423069335,0.011234877385667554,0.96875
3415,3,0.0625,0.11795911807624015,0.011174150377952502,0.96875
3416,3,0.078125,0.11397570626861614,0.011134847249943066,0.96875
3417,3,0.015625,0.10414063564175452,0.01103765783865953,0.96875
3418,3,0.078125,0.10153907207757908,0.011011915430985984,0.96875
3419,3,0.0625,0.09763516486982116,0.01097326103464844,0.96875
3420,3,0.078125,0.09568414838283905,0.010953932031527669,0.96875
3421,3,0.078125,0.09392823354455515,0.010936529771959039,0.96875
3422,3,0.15625,0.10016041019009964,0.010998268088064365,0.96875
3423,3,0.21875,0.11201936917108966,0.011115531567656392,0.96875
3424,3,0.09375,0.11019243225398069,0.011097485886822933,0.96875
3425,3,0.09375,0.10854818902858261,0.011081238582360351,0.96875
3426,3,0.1875,0.11644337012572434,0.011159199214439672,0.96875
3427,3,0.09375,0.1141740331131519,0.01113680493221751,0.96875
3428,3,0.078125,0.11056912980183671,0.011101207335985092,0.96875
3429,3,0.171875,0.11669971682165303,0.011161728159791036,0.96875
3430,3,0.1875,0.12377974513948772,0.01123151434796187,0.96875
3431,3,0.109375,0.12233927062553895,0.011217325561934055,0.96875
3432,3,0.015625,0.11166784356298505,0.011112059919803916,0.96875
3433,3,0.046875,0.10518855920668654,0.011048023109938288,0.96875
3434,3,0.0625,0.1009197032860179,0.011005784781298576,0.96875
3435,3,0.046875,0.09551523295741611,0.010952258221391268,0.96875
3436,3,0.078125,0.0937762096616745,0.01093502284551954,0.96875
3437,3,0.109375,0.09533608869550705,0.010950482993232265,0.96875
3438,3,0.078125,0.09361497982595635,0.010933424618886483,0.96875
3439,3,0.125,0.09675348184336072,0.010964526973452631,0.96875
3440,3,0.15625,0.10270313365902464,0.011023435487868554,0.96875
3441,3,0.21875,0.11430782029312217,0.011138125494267109,0.96875
3442,3,0.125,0.11537703826380995,0.011148677886854627,0.96875
3443,3,0.1875,0.12258933443742895,0.011219789068515973,0.96875
3444,3,0.265625,0.13689290099368606,0.011360441534284749,0.96875
3445,3,0.140625,0.13726611089431745,0.011364104373415571,0.96875
3446,3,0.21875,0.14541449980488572,0.01144398147275032,0.96875
3447,3,0.109375,0.14181054982439714,0.011408675205592427,0.96875
3448,3,0.234375,0.15106699484195743,0.011499282105394018,0.96875
3449,3,0.203125,0.15627279535776167,0.011550129780578108,0.96875
3450,3,0.140625,0.1547080158219855,0.011534854293688699,0.96875
3451,3,0.203125,0.15954971423978698,0.01158209520606166,0.96875
3452,3,0.09375,0.15296974281580827,0.01151787654955083,0.96875
3453,3,0.09375,0.14704776853422744,0.01145996982511491,0.96875
3454,3,0.09375,0.14171799168080468,0.011407767979252071,0.96875
3455,3,0.171875,0.14473369251272422,0.011437314699402797,0.96875
3456,3,0.046875,0.13494782326145183,0.011341345723192403,0.96875
3457,3,0.15625,0.13707804093530665,0.011362258622190802,0.96875
3458,3,0.125,0.135870236841776,0.01135040277439865,0.96875
3459,3,0.171875,0.1394707131575984,0.01138573362828138,0.96875
3460,3,0.140625,0.13958614184183857,0.011386865731728535,0.96875
3461,3,0.203125,0.14594002765765474,0.011449126783458581,0.96875
3462,3,0.109375,0.14228352489188925,0.011413310791510842,0.96875
3463,3,0.125,0.14055517240270032,0.011396368374283587,0.96875
3464,3,0.125,0.1389996551624303,0.011381113202341806,0.96875
3465,3,0.03125,0.12822468964618725,0.011275265422949304,0.96875
3466,3,0.046875,0.12008972068156852,0.011195157385927912,0.96875
3467,3,0.125,0.12058074861341167,0.01119999724234007,0.96875
3468,3,0.171875,0.1257101737520705,0.011250521317725273,0.96875
3469,3,0.203125,0.13345165637686346,0.011326650307717656,0.96875
3470,3,0.234375,0.14354399073917712,0.011425661471833565,0.96875
3471,3,0.171875,0.14637709166525942,0.011453405370211136,0.96875
3472,3,0.171875,0.14892688249873348,0.011478355363763902,0.96875
3473,3,0.125,0.14653419424886016,0.011454943174773026,0.96875
3474,3,0.15625,0.14750577482397415,0.011464451963404189,0.96875
3475,3,0.078125,0.14056769734157673,0.011396491181289074,0.96875
3476,3,0.125,0.13901092760741907,0.01138122377643033,0.96875
3477,3,0.140625,0.13917233484667718,0.011382807020576298,0.96875
3478,3,0.171875,0.14244260136200945,0.01141486974646171,0.96875
3479,3,0.25,0.1531983412258085,0.01152010978820925,0.96875
3480,3,0.171875,0.15506600710322765,0.011538349679504957,0.96875
3481,3,0.25,0.1645594063929049,0.011630899099686738,0.96875
3482,3,0.34375,0.1824784657536144,0.011804796711280569,0.96875
3483,3,0.140625,0.17829311917825297,0.011764276163366585,0.96875
3484,3,0.1875,0.17921380726042765,0.011773195013084343,0.96875
3485,3,0.140625,0.1753549265343849,0.011735794116935473,0.96875
3486,3,0.125,0.1703194338809464,0.011686914064021565,0.96875
3487,3,0.046875,0.15797499049285177,0.011566738312655271,0.96875
3488,3,0.109375,0.15311499144356658,0.011519295539987763,0.96875
3489,3,0.0625,0.14405349229920994,0.011430652567726622,0.96875
3490,3,0.125,0.14214814306928897,0.011411983989713237,0.96875
3491,3,0.109375,0.13887082876236007,0.011379849489160336,0.96875
3492,3,0.09375,0.13435874588612406,0.011335560480276822,0.96875
3493,3,0.09375,0.13029787129751166,0.011295654657703528,0.96875
3494,3,0.0625,0.1235180841677605,0.011228937339486962,0.96875
3495,3,0.046875,0.11585377575098445,0.011153382100112082,0.96875
3496,3,0.109375,0.115205898175886,0.011146989034056825,0.96875
3497,3,0.0,0.10368530835829741,0.011033153379939488,0.96875
3498,3,0.078125,0.10112927752246767,0.011007859279311884,0.96875
3499,3,0.125,0.10351634977022091,0.011031481799634988,0.96875
3500,3,0.046875,0.09785221479319882,0.010975410928660025,0.96875
3501,3,0.109375,0.09900449331387894,0.010986822795355356,0.96875
3502,3,0.203125,0.10941654398249104,0.011089819806683054,0.96875
3503,3,0.03125,0.10159988958424195,0.01101251737479988,0.96875
3504,3,0.03125,0.09456490062581775,0.010942840224346885,0.96875
3505,3,0.09375,0.09448341056323598,0.010942032561557692,0.96875
3506,3,0.078125,0.09284756950691238,0.010925816835271841,0.96875
3507,3,0.109375,0.09450031255622114,0.010942200081295097,0.96875
3508,3,0.125,0.09755028130059902,0.010972420232498144,0.96875
3509,3,0.171875,0.10498275317053911,0.011045987610458146,0.96875
3510,3,0.078125,0.1022969778534852,0.011019416304546477,0.96875
3511,3,0.078125,0.09987978006813668,0.01099548967497311,0.96875
3512,3,0.125,0.102391802061323,0.011020354683328442,0.96875
3513,3,0.078125,0.09996512185519071,0.010996334628294661,0.96875
3514,3,0.1624999761581421,0.10621860728548585,0.011058209351922515,0.96875
3515,3,0.046875,0.10028424655693727,0.010999494095791243,0.96875
3516,3,0.140625,0.10431832190124353,0.011039415536747954,0.96875
3517,3,0.15625,0.10951148971111918,0.011090757977486257,0.96875
3518,3,0.15625,0.11418534074000726,0.011136916547029183,0.96875
3519,3,0.15625,0.11839180666600653,0.011178417395093166,0.96875
3520,3,0.125,0.11905262599940587,0.011184933314233456,0.96875
3521,3,0.03125,0.11027236339946529,0.011098275563839972,0.96875
3522,3,0.09375,0.10862012705951876,0.01108194954702963,0.96875
3523,3,0.0625,0.10400811435356688,0.011036346876772952,0.96875
3524,3,0.109375,0.1045448029182102,0.011041655825479547,0.96875
3525,3,0.09375,0.10346532262638918,0.011030976954596896,0.96875
3526,3,0.109375,0.10405629036375026,0.011036823460319945,0.96875
3527,3,0.046875,0.09833816132737523,0.01098022393124775,0.96875
3528,3,0.046875,0.0931918451946377,0.010929229974088586,0.96875
3529,3,0.015625,0.08543516067517393,0.010852278973014233,0.96875
3530,3,0.0,0.07689164460765653,0.010767404659932646,0.96875
3531,3,0.078125,0.07701498014689089,0.010768630740361978,0.96875
3532,3,0.1875,0.0880634821322018,0.010878365368129615,0.96875
3533,3,0.140625,0.09331963391898161,0.01093049681213022,0.96875
3534,3,0.109375,0.09492517052708345,0.010946410775812057,0.96875
3535,3,0.140625,0.0994951534743751,0.010991681379890426,0.96875
3536,3,0.1875,0.1082956381269376,0.011078742530379644,0.96875
3537,3,0.109375,0.10840357431424384,0.011079809319450332,0.96875
3538,3,0.15625,0.11318821688281946,0.011127073081977776,0.96875
3539,3,0.15625,0.11749439519453753,0.011169566967418833,0.96875
3540,3,0.0625,0.11199495567508377,0.011115290470081288,0.96875
3541,3,0.109375,0.1117329601075754,0.01111270302777691,0.96875
3542,3,0.09375,0.10993466409681786,0.011094939180799297,0.96875
3543,3,0.078125,0.10675369768713608,0.011063500036056127,0.96875
3544,3,0.015625,0.09764082791842246,0.010973317128678595,0.96875
3545,3,0.15625,0.10350174512658022,0.011031337306848852,0.96875
3546,3,0.109375,0.10408907061392221,0.011037147737833056,0.96875
3547,3,0.21875,0.11555516355252998,0.011150435600823743,0.96875
3548,3,0.15625,0.11962464719727699,0.011190572827740521,0.96875
3549,3,0.15625,0.12328718247754929,0.01122666313087322,0.96875
3550,3,0.09375,0.12033346422979435,0.011197559935016355,0.96875
3551,3,0.125,0.12080011780681492,0.011202159288306533,0.96875
3552,3,0.125,0.12122010602613342,0.011206298265132869,0.96875
3553,3,0.0625,0.11534809542352009,0.011148392276396841,0.96875
3554,3,0.03125,0.10693828588116809,0.011065325004628385,0.96875
3555,3,0.140625,0.11030695729305127,0.011098617328729887,0.96875
3556,3,0.03125,0.10240126156374615,0.01102044829341112,0.96875
3557,3,0.046875,0.09684863540737154,0.010965469648185264,0.96875
3558,3,0.078125,0.09497627186663439,0.010946917209644833,0.96875
3559,3,0.046875,0.09016614467997094,0.010899225884299783,0.96875
3560,3,0.109375,0.09208703021197386,0.010918276101440846,0.96875
3561,3,0.109375,0.09381582719077647,0.010935415555722933,0.96875
3562,3,0.109375,0.09537174447169883,0.010950836328589855,0.96875
3563,3,0.109375,0.09677207002452895,0.010964711125652804,0.96875
3564,3,0.1875,0.10584486302207605,0.011054513615439687,0.96875
3565,3,0.0625,0.10151037671986846,0.011011631414910943,0.96875
3566,3,0.203125,0.11167183904788161,0.011112099380522813,0.96875
3567,3,0.15625,0.11612965514309345,0.011156104107384313,0.96875
3568,3,0.15625,0.1201416896287841,0.011195669648967349,0.96875
3569,3,0.125,0.1206275206659057,0.01120045822513274,0.96875
3570,3,0.125,0.12106476859931513,0.011204767466203554,0.96875
3571,3,0.09375,0.11833329173938362,0.011177840367626722,0.96875
3572,3,0.09375,0.11587496256544526,0.011153591149284506,0.96875
3573,3,0.015625,0.10584996630890073,0.011054564080795812,0.96875
3574,3,0.09375,0.10463996967801065,0.011042597157703808,0.96875
3575,3,0.09375,0.10355097271020958,0.01103182434408743,0.96875
3576,3,0.078125,0.10100837543918863,0.011006662524897967,0.96875
3577,3,0.125,0.10340753789526977,0.011030405245897369,0.96875
3578,3,0.09375,0.10244178410574278,0.011020849297500723,0.96875
3579,3,0.0625,0.0984476056951685,0.010981307847451903,0.96875
3580,3,0.171875,0.10579034512565165,0.011053974495761027,0.96875
3581,3,0.1875,0.11396131061308648,0.011134705147140836,0.96875
3582,3,0.265625,0.12912767955177784,0.011284147443360619,0.96875
3583,3,0.171875,0.13340241159660005,0.011326166523841266,0.96875
3584,3,0.09375,0.12943717043694006,0.01128719119502711,0.96875
3585,3,0.171875,0.13368095339324604,0.011328902853021555,0.96875
3586,3,0.125,0.13281285805392143,0.011320374222038717,0.96875
3587,3,0.171875,0.13671907224852928,0.011358735378747004,0.96875
3588,3,0.078125,0.13085966502367635,0.01130117788286158,0.96875
3589,3,0.203125,0.1380861985213087,0.0113721517473074,0.96875
3590,3,0.171875,0.14146507866917785,0.011405288883493072,0.96875
3591,3,0.15625,0.14294357080226006,0.011419778805608244,0.96875
3592,3,0.265625,0.15521171372203404,0.01153977223203785,0.96875
3593,3,0.140625,0.15375304234983064,0.011525528165350745,0.96875
3594,3,0.21875,0.16025273811484758,0.011588948712750973,0.96875
3595,3,0.171875,0.16141496430336283,0.011600275443820503,0.96875
3596,3,0.21875,0.16714846787302656,0.011656090374364785,0.96875
3597,3,0.125,0.1629336210857239,0.011615069494912958,0.96875
3598,3,0.09375,0.15601525897715152,0.011547616199958791,0.96875
3599,3,0.125,0.15291373307943634,0.011517329351894472,0.96875
3600,3,0.09375,0.1469973597714927,0.011459476478544896,0.96875
3601,3,0.1312499761581421,0.14542262141015763,0.011444060995288082,0.96875
3602,3,0.0,0.13088035926914188,0.01130138132110045,0.96875
3603,3,0.046875,0.12247982334222769,0.011218710237152854,0.96875
3604,3,0.046875,0.11491934100800492,0.011144161068504486,0.96875
3605,3,0.078125,0.11123990690720444,0.011107833274315094,0.96875
3606,3,0.03125,0.103240916216484,0.01102875669162742,0.96875
3607,3,0.125,0.1054168245948356,0.01105028063818973,0.96875
3608,3,0.078125,0.10268764213535204,0.01102328219500228,0.96875
3609,3,0.125,0.10491887792181684,0.011045355842278374,0.96875
3610,3,0.15625,0.11005199012963515,0.01109609836010879,0.96875
3611,3,0.171875,0.11623429111667163,0.011157136469227336,0.96875
3612,3,0.078125,0.11242336200500447,0.011119521042686467,0.96875
3613,3,0.171875,0.11836852580450402,0.011178187818786057,0.96875
3614,3,0.078125,0.11434417322405362,0.011138484313188786,0.96875
3615,3,0.171875,0.12009725590164826,0.011195231661730094,0.96875
3616,3,0.28125,0.13621253031148342,0.01135376313342274,0.96875
3617,3,0.265625,0.14915377728033508,0.011480574648460962,0.96875
3618,3,0.234375,0.15767589955230157,0.011563820683541687,0.96875
3619,3,0.21875,0.16378330959707144,0.01162334360561904,0.96875
3620,3,0.203125,0.1677174786373643,0.011661623901065907,0.96875
3621,3,0.140625,0.1650082307736279,0.011635267643689426,0.96875
3622,3,0.140625,0.16256990769626511,0.011611527025881932,0.96875
3623,3,0.15625,0.16193791692663861,0.011605370621219942,0.96875
3624,3,0.09375,0.15511912523397475,0.011538868286063708,0.96875
3625,3,0.125,0.15210721271057726,0.011509448869780933,0.96875
3626,3,0.125,0.14939649143951955,0.0114829484992982,0.96875
3627,3,0.109375,0.14539434229556758,0.011443784100089652,0.96875
3628,3,0.296875,0.16054240806601083,0.011591772147576207,0.96875
3629,3,0.171875,0.16167566725940974,0.01160281560441119,0.96875
3630,3,0.109375,0.15644560053346876,0.011551816263746444,0.96875
3631,3,0.171875,0.15798854048012187,0.011566870486174082,0.96875
3632,3,0.171875,0.15937718643210969,0.011580413066232401,0.96875
3633,3,0.1875,0.1621894677888987,0.011607821200767213,0.96875
3634,3,0.265625,0.17253302101000884,0.011708411956749947,0.96875
3635,3,0.140625,0.16934221890900797,0.011677418436009928,0.96875
3636,3,0.15625,0.16803299701810717,0.011664691809494159,0.96875
3637,3,0.15625,0.16685469731629646,0.011653233100420999,0.96875
3638,3,0.0625,0.1564192275846668,0.011551558884163855,0.96875
3639,3,0.0625,0.14702730482620013,0.011459769549300012,0.96875
3640,3,0.109375,0.14326207434358013,0.011422899496749347,0.96875
3641,3,0.046875,0.13362336690922214,0.01132833715352681,0.96875
3642,3,0.03125,0.12338603021829993,0.011227636722828836,0.96875
3643,3,0.078125,0.11885992719646994,0.011183033339046713,0.96875
3644,3,0.078125,0.11478643447682295,0.011142849382108515,0.96875
3645,3,0.015625,0.10487029102914065,0.011044875280335407,0.96875
3646,3,0.21875,0.11625826192622658,0.011157372967059811,0.96875
3647,3,0.109375,0.11556993573360393,0.011150581367285526,0.96875
3648,3,0.171875,0.12120044216024353,0.011206104487412612,0.96875
3649,3,0.15625,0.12470539794421918,0.011240629447267605,0.96875
3650,3,0.234375,0.13567235814979725,0.01134846002050469,0.96875
3651,3,0.25,0.14710512233481754,0.011460531133389303,0.96875
3652,3,0.37500001192092897,0.1698946112934287,0.011682786433466638,0.96875
3653,3,0.1875,0.17165515016408583,0.011699888193770484,0.96875
3654,3,0.296875,0.18417713514767725,0.011821225046816566,0.96875
3655,3,0.21875,0.18763442163290953,0.011854630011392142,0.96875
3656,3,0.296875,0.19855847946961858,0.01195989563717998,0.96875
3657,3,0.15625,0.19432763152265672,0.011919178787627074,0.96875
3658,3,0.234375,0.19833236837039106,0.011957721283457241,0.96875
3659,3,0.140625,0.19256163153335196,0.01190216349993785,0.96875
3660,3,0.1875,0.19205546838001675,0.011897284540339632,0.96875
3661,3,0.140625,0.1869124215420151,0.01184765742097516,0.96875
3662,3,0.1875,0.18697117938781357,0.011848224934294962,0.96875
3663,3,0.109375,0.17921156144903222,0.011773173261094361,0.96875
3664,3,0.09375,0.170665405304129,0.011690275129596004,0.96875
3665,3,0.109375,0.16453636477371608,0.01163067481133536,0.96875
3666,3,0.140625,0.16214522829634448,0.011607390239079172,0.96875
3667,3,0.171875,0.16311820546671002,0.011616867137208562,0.96875
3668,3,0.171875,0.16399388492003902,0.011625393796990105,0.96875
3669,3,0.15625,0.16321949642803513,0.011617853550579389,0.96875
3670,3,0.21875,0.16877254678523163,0.01167188147677433,0.96875
3671,3,0.109375,0.16283279210670845,0.011614087489864311,0.96875
3672,3,0.125,0.15904951289603758,0.011577218008724941,0.96875
3673,3,0.171875,0.16033206160643382,0.011589721910657663,0.96875
3674,3,0.09375,0.15367385544579043,0.011524754715631375,0.96875
3675,3,0.125,0.15080646990121138,0.011496735318582845,0.96875
3676,3,0.046875,0.14041332291109027,0.01139497751027444,0.96875
3677,3,0.03125,0.12949699061998124,0.011287779480953154,0.96875
3678,3,0.0625,0.12279729155798311,0.011221837646091219,0.96875
3679,3,0.140625,0.12458006240218479,0.0112393953638275,0.96875
3680,3,0.125,0.12462205616196631,0.01123980884860793,0.96875
3681,3,0.078125,0.11997235054576968,0.01119400043351001,0.96875
3682,3,0.140625,0.12203761549119271,0.011214353603263711,0.96875
3683,3,0.171875,0.12702135394207342,0.011263425953484493,0.96875
3684,3,0.171875,0.13150671854786608,0.01130753833141426,0.96875
3685,3,0.21875,0.14023104669307948,0.01139319017293129,0.96875
3686,3,0.125,0.1387079420237715,0.011378251599258931,0.96875
3687,3,0.15625,0.14046214782139435,0.011395456254973138,0.96875
3688,3,0.09375,0.1357909330392549,0.011349624189780558,0.96875
3689,3,0.265625,0.14877433973532941,0.011476863241240679,0.96875
3690,3,0.09375,0.14327190576179646,0.01142299582028557,0.96875
3691,3,0.125,0.1414447151856168,0.011405089269542026,0.96875
3692,3,0.03125,0.1304252436670551,0.011296906978458008,0.96875
3693,3,0.078125,0.12519521930034958,0.011245451975970853,0.96875
3694,3,0.046875,0.11736319737031461,0.011168272915705891,0.96875
3695,3,0.09375,0.11500187763328315,0.011144975622155991,0.96875
3696,3,0.078125,0.11131418986995484,0.011108566981195707,0.96875
3697,3,0.140625,0.11424527088295935,0.0111375080979816,0.96875
3698,3,0.125,0.11532074379466342,0.011148122366406544,0.96875
3699,3,0.2562499761581421,0.1294136670310113,0.011286960054456655,0.96875
3700,3,0.03125,0.11959730032791016,0.011190303234488518,0.96875
3701,3,0.140625,0.12170007029511914,0.011211027791364615,0.96875
3702,3,0.15625,0.1251550632656072,0.01124505664245232,0.96875
3703,3,0.140625,0.1267020569390465,0.011260283824433894,0.96875
3704,3,0.140625,0.12809435124514185,0.011273983214592663,0.96875
3705,3,0.125,0.12778491612062765,0.011270938965784776,0.96875
3706,3,0.125,0.12750642450856486,0.011268198937108974,0.96875
3707,3,0.03125,0.11788078205770838,0.011173377810294373,0.96875
3708,3,0.109375,0.11703020385193755,0.011164988301869891,0.96875
3709,3,0.15625,0.1209521834667438,0.011203657941167032,0.96875
3710,3,0.140625,0.12291946512006942,0.011223041124605908,0.96875
3711,3,0.09375,0.12000251860806248,0.011194297812190978,0.96875
3712,3,0.078125,0.11581476674725623,0.011152997197673035,0.96875
3713,3,0.203125,0.12454579007253061,0.011239057903673194,0.96875
3714,3,0.046875,0.11677871106527755,0.011162507433913853,0.96875
3715,3,0.140625,0.1191633399587498,0.011186024894520917,0.96875
3716,3,0.21875,0.12912200596287482,0.011284091643025412,0.96875
3717,3,0.171875,0.13339730536658734,0.011326116359548855,0.96875
3718,3,0.171875,0.1372450748299286,0.011363897926529655,0.96875
3719,3,0.078125,0.13133306734693573,0.01130583146905708,0.96875
3720,3,0.1875,0.13694976061224215,0.011360999602567971,0.96875
3721,3,0.203125,0.14356728455101792,0.011425889674702068,0.96875
3722,3,0.15625,0.14483555609591614,0.011438312276897558,0.96875
3723,3,0.234375,0.15378950048632453,0.011525884260065558,0.96875
3724,3,0.296875,0.16809805043769205,0.011665324309243568,0.96875
3725,3,0.28125,0.17941324539392284,0.011775126618336004,0.96875
3726,3,0.1875,0.18022192085453054,0.011782957427458217,0.96875
3727,3,0.328125,0.19501222876907748,0.011925771738746456,0.96875
3728,3,0.203125,0.19582350589216974,0.011933582418000951,0.96875
3729,3,0.171875,0.19342865530295275,0.011910518648798694,0.96875
3730,3,0.15625,0.18971078977265748,0.011874671747644141,0.96875
3731,3,0.0625,0.17698971079539175,0.011751644890105009,0.96875
3732,3,0.09375,0.16866573971585258,0.011670843242125226,0.96875
3733,3,0.2562499761581421,0.17742416336008154,0.011755855793699584,0.96875
3734,3,0.140625,0.1737442470240734,0.011720168261366806,0.96875
3735,3,0.2249999761581421,0.17886981993748027,0.011769863093954808,0.96875
3736,3,0.25,0.18598283794373224,0.01183867738998802,0.96875
3737,3,0.140625,0.18144705414935902,0.011794816701800917,0.96875
3738,3,0.203125,0.18361484873442313,0.011815788129058405,0.96875
3739,3,0.21875,0.18712836386098083,0.011849743041710506,0.96875
3740,3,0.234375,0.19185302747488275,0.01189533292877828,0.96875
3741,3,0.140625,0.18673022472739448,0.011845897592645966,0.96875
3742,3,0.109375,0.17899470225465502,0.01177107277205441,0.96875
3743,3,0.078125,0.16890773202918952,0.011673195512694155,0.96875
3744,3,0.109375,0.16295445882627055,0.011615272436216073,0.96875
3745,3,0.171875,0.1638465129436435,0.011623958977143283,0.96875
3746,3,0.15625,0.16308686164927916,0.01161656189157415,0.96875
3747,3,0.15625,0.16240317548435124,0.011609902960818421,0.96875
3748,3,0.15625,0.16178785793591613,0.01160390866953088,0.96875
3749,3,0.125,0.1581090721423245,0.011568046189061449,0.96875
3750,3,0.140625,0.15636066492809206,0.011550987350398728,0.96875
3751,3,0.125,0.15322459843528285,0.011520366291938072,0.96875
3752,3,0.1937499761581421,0.15727713620756878,0.011559930326676921,0.96875
3753,3,0.125,0.15404942258681192,0.011528422862074872,0.96875
3754,3,0.203125,0.15895698032813071,0.011576315688435253,0.96875
3755,3,0.1875,0.16181128229531763,0.011604136886297049,0.96875
3756,3,0.171875,0.16281765406578586,0.011613940052975988,0.96875
3757,3,0.0625,0.15278588865920728,0.011516080316942033,0.96875
3758,3,0.125,0.15000729979328653,0.011488921715961302,0.96875
3759,3,0.046875,0.1396940698139579,0.011387924236772737,0.96875
3760,3,0.0625,0.13197466283256212,0.011312137490125416,0.96875
3761,3,0.078125,0.1265896965493059,0.01125917805125555,0.96875
3762,3,0.0625,0.12018072689437531,0.011196054438958401,0.96875
3763,3,0.03125,0.11128765420493779,0.011108304884797542,0.96875
3764,3,0.0625,0.10640888878444402,0.011060090821148496,0.96875
3765,3,0.03125,0.09889299990599962,0.01098571870657594,0.96875
3766,3,0.078125,0.09681619991539966,0.010965148315674229,0.96875
3767,3,0.078125,0.0949470799238597,0.010946627906919444,0.96875
3768,3,0.09375,0.09482737193147373,0.010945441540643275,0.96875
3769,3,0.15625,0.10096963473832636,0.011006279042258229,0.96875
3770,3,0.171875,0.10806017126449372,0.011076415203618331,0.96875
3771,3,0.1875,0.11600415413804435,0.011154865853546228,0.96875
3772,3,0.21875,0.12627873872423992,0.011256117656549675,0.96875
3773,3,0.171875,0.13083836485181594,0.011300968486817827,0.96875
3774,3,0.203125,0.13806702836663434,0.011371963654623438,0.96875
3775,3,0.109375,0.1351978255299709,0.011343800682885074,0.96875
3776,3,0.15625,0.1373030429769738,0.011364466820165176,0.96875
3777,3,0.03125,0.12669773867927642,0.01126024132768888,0.96875
3778,3,0.140625,0.12809046481134878,0.011273944981016921,0.96875
3779,3,0.09375,0.1246564183302139,0.011240147186950707,0.96875
3780,3,0.0625,0.11844077649719251,0.011178900290336418,0.96875
3781,3,0.0,0.10659669884747326,0.011061947778830772,0.96875
3782,3,0.109375,0.10687452896272594,0.011064694667046841,0.96875
3783,3,0.09375,0.10556207606645333,0.011051717108445616,0.96875
3784,3,0.046875,0.099693368459808,0.010993643998045482,0.96875
3785,3,0.203125,0.1100365316138272,0.0110959456319269,0.96875
3786,3,0.203125,0.11934537845244449,0.011187819634152565,0.96875
3787,3,0.234375,0.13084834060720002,0.011301066555828831,0.96875
3788,3,0.125,0.13026350654648,0.011295316777571831,0.96875
3789,3,0.078125,0.125049655891832,0.011244018894992356,0.96875
3790,3,0.109375,0.12348219030264881,0.011228583820280308,0.96875
3791,3,0.0625,0.11738397127238392,0.011168477818879127,0.96875
3792,3,0.09375,0.11502057414514553,0.01114516013582453,0.96875
3793,3,0.09375,0.11289351673063097,0.011124163419471707,0.96875
3794,3,0.109375,0.11254166505756788,0.011120689230489535,0.96875
3795,3,0.21875001192092897,0.12316249974390399,0.011225435045801653,0.96875
3796,3,0.1875,0.1295962497695136,0.011288755599069097,0.96875
3797,3,0.296875,0.14632412479256224,0.01145288688614747,0.96875
3798,3,0.203125,0.15200421231330602,0.011508442318142726,0.96875
3799,3,0.265625,0.16336629108197542,0.011619283040390919,0.96875
3800,3,0.140625,0.1610921619737779,0.011597129923996233,0.96875
3801,3,0.140625,0.15904544577640012,0.011577178349246578,0.96875
3802,3,0.171875,0.1603284011987601,0.011589686231624157,0.96875
3803,3,0.09375,0.15367056107888408,0.011524722537845915,0.96875
3804,3,0.09375,0.14767850497099566,0.011466142178057697,0.96875
3805,3,0.09375,0.1422856544738961,0.011413331661951824,0.96875
3806,3,0.125,0.1405570890265065,0.011396387166804758,0.96875
3807,3,0.15625,0.14212638012385584,0.01141177069847931,0.96875
3808,3,0.171875,0.14510124211147024,0.011440914073979559,0.96875
3809,3,0.3125,0.1618411179003232,0.011604427563493405,0.96875
3810,3,0.125,0.15815700611029088,0.011568513739371787,0.96875
3811,3,0.15625,0.1579663054992618,0.0115666535944825,0.96875
3812,3,0.140625,0.15623217494933564,0.011549733334685204,0.96875
3813,3,0.140625,0.15467145745440208,0.011534497320348707,0.96875
3814,3,0.1875,0.15795431170896188,0.011566536600119744,0.96875
3815,3,0.171875,0.15934638053806569,0.011580112700234665,0.96875
3816,3,0.15625,0.1590367424842591,0.011577093481145235,0.96875
3817,3,0.1875,0.1618830682358332,0.01160483626529323,0.96875
3818,3,0.203125,0.16600726141224986,0.011644989207836806,0.96875
3819,3,0.15625,0.16503153527102488,0.011635494455942726,0.96875
3820,3,0.125,0.16102838174392237,0.011596508384581258,0.96875
3821,3,0.140625,0.15898804356953014,0.011576618600861321,0.96875
3822,3,0.109375,0.15402673921257712,0.011528201326574129,0.96875
3823,3,0.09375,0.1479990652913194,0.011469278726962476,0.96875
3824,3,0.15625,0.14882415876218746,0.01147735056177069,0.96875
3825,3,0.15625,0.14956674288596872,0.011484613531096081,0.96875
3826,3,0.140625,0.14867256859737185,0.011475867712459205,0.96875
3827,3,0.15625,0.14943031173763466,0.01148327926307596,0.96875
3828,3,0.03125,0.13761228056387118,0.011367501494973965,0.96875
3829,3,0.1875,0.14260105250748406,0.011416422503448596,0.96875
3830,3,0.25,0.15334094725673567,0.011521502865853262,0.96875
3831,3,0.234375,0.1614443525310621,0.011600561798773855,0.96875
3832,3,0.21875,0.1671749172779559,0.01165634761318001,0.96875
3833,3,0.125,0.1629574255501603,0.0116153013293917,0.96875
3834,3,0.109375,0.15759918299514425,0.01156307227029636,0.96875
3835,3,0.0625,0.14808926469562983,0.011470161237240649,0.96875
3836,3,0.109375,0.14421783822606685,0.011432262351352975,0.96875
3837,3,0.015625,0.13135855440346017,0.011306081992746244,0.96875
3838,3,0.015625,0.11978519896311415,0.011192155557502309,0.96875
3839,3,0.09375,0.11718167906680274,0.011166482469458028,0.96875
3840,3,0.078125,0.11327601116012247,0.011127939863719707,0.96875
3841,3,0.0625,0.10819841004411021,0.011077781553765785,0.96875
3842,3,0.125,0.10987856903969918,0.011094384952015037,0.96875
3843,3,0.046875,0.10357821213572926,0.011032093837508413,0.96875
3844,3,0.078125,0.10103289092215634,0.011006905194804593,0.96875
3845,3,0.09375,0.1003046018299407,0.010999695614643002,0.96875
3846,3,0.046875,0.09496164164694663,0.01094677221906897,0.96875
3847,3,0.046875,0.09015297748225197,0.010899095276877033,0.96875
3848,3,0.0625,0.08738767973402678,0.010871659086976179,0.96875
3849,3,0.109375,0.08958641176062411,0.010893475133578443,0.96875
3850,3,0.078125,0.0884402705845617,0.010882104058543165,0.96875
3851,3,0.046875,0.08428374352610553,0.010840847321330026,0.96875
3852,3,0.0625,0.08210536917349498,0.010819213665771741,0.96875
3853,3,0.10625,0.08451983225614548,0.010843191470007136,0.96875
3854,3,0.03125,0.07919284903053093,0.010790277104407211,0.96875
3855,3,0.015625,0.07283606412747784,0.010727075361821586,0.96875
3856,3,0.109375,0.07648995771473006,0.010763411323860302,0.96875
3857,3,0.109375,0.07977846194325706,0.01079609638980879,0.96875
3858,3,0.078125,0.07961311574893136,0.010794453385390253,0.96875
3859,3,0.09375,0.08102680417403822,0.01080849945693768,0.96875
3860,3,0.109375,0.0838616237566344,0.010836655820001824,0.96875
3861,3,0.046875,0.08016296138097097,0.010799916898652237,0.96875
3862,3,0.125,0.08464666524287387,0.010844450768931773,0.96875
3863,3,0.125,0.08868199871858648,0.010884502479646216,0.96875
3864,3,0.109375,0.09075129884672783,0.01090502980392422,0.96875
3865,3,0.234375,0.10511366896205504,0.011047282427268268,0.96875
3866,3,0.234375,0.11803980206584952,0.01117494608697903,0.96875
3867,3,0.15625,0.12186082185926457,0.011212611700521234,0.96875
3868,3,0.171875,0.1268622396733381,0.011261860177871525,0.96875
3869,3,0.1875,0.1329260157060043,0.011321486054172615,0.96875
3870,3,0.203125,0.13994591413540386,0.011390394079983846,0.96875
3871,3,0.21875,0.1478263227218635,0.011467588549706871,0.96875
3872,3,0.15625,0.14866869044967715,0.011475829775693051,0.96875
3873,3,0.125,0.14630182140470943,0.011452668559539721,0.96875
3874,3,0.09375,0.1410466392642385,0.011401186883429369,0.96875
3875,3,0.09375,0.13631697533781464,0.011354788427810384,0.96875
3876,3,0.1875,0.14143527780403317,0.011404996758802981,0.96875
3877,3,0.078125,0.13510425002362986,0.011342881814137376,0.96875
3878,3,0.109375,0.13253132502126688,0.011317607871085485,0.96875
3879,3,0.078125,0.12709069251914018,0.01126410826514007,0.96875
3880,3,0.125,0.12688162326722616,0.011262050926911401,0.96875
3881,3,0.1875,0.13294346094050355,0.011321657459616843,0.96875
3882,3,0.171875,0.1368366148464532,0.011359889086029388,0.96875
3883,3,0.15625,0.13877795336180787,0.011378938406814898,0.96875
3884,3,0.0625,0.13115015802562707,0.011304033522541432,0.96875
3885,3,0.078125,0.12584764222306435,0.011251874481796301,0.96875
3886,3,0.0625,0.11951287800075791,0.011189470963994905,0.96875
3887,3,0.03125,0.11068659020068213,0.011102367681034854,0.96875
3888,3,0.09375,0.10899293118061391,0.011085633798460686,0.96875
3889,3,0.015625,0.09965613806255252,0.010993275368572236,0.96875
3890,3,0.046875,0.09437802425629727,0.010940988040370444,0.96875
3891,3,0.0625,0.09119022183066755,0.01090938290930451,0.96875
3892,3,0.04375,0.08644619964760081,0.010862315054729451,0.96875
3893,3,0.1875,0.09655157968284073,0.010962526696127175,0.96875
3894,3,0.046875,0.09158392171455665,0.010913287210072618,0.96875
3895,3,0.15625,0.09805052954310099,0.010977375169946894,0.96875
3896,3,0.171875,0.10543297658879089,0.011050440376148923,0.96875
3897,3,0.0625,0.1011396789299118,0.011007962236723885,0.96875
3898,3,0.140625,0.1050882110369206,0.011047030639572129,0.96875
3899,3,0.125,0.10707938993322855,0.011066720010025876,0.96875
3900,3,0.046875,0.10105895093990569,0.011007163152189215,0.96875
3901,3,0.125,0.10345305584591512,0.01103085559049131,0.96875
3902,3,0.078125,0.1009202502613236,0.011005790195719147,0.96875
3903,3,0.078125,0.09864072523519124,0.010983220409845885,0.96875
3904,3,0.09375,0.09815165271167212,0.01097837673181595,0.96875
3905,3,0.140625,0.1023989874405049,0.011020425788981287,0.96875
3906,3,0.0625,0.0984090886964544,0.010980926385075654,0.96875
3907,3,0.046875,0.09325567982680896,0.010929862804737258,0.96875
3908,3,0.078125,0.09174261184412807,0.010914860852307374,0.96875
3909,3,0.0625,0.08881835065971527,0.010885855315312451,0.96875
3910,3,0.09375,0.08931151559374374,0.010890748049898561,0.96875
3911,3,0.15625,0.09600536403436936,0.01095711486022105,0.96875
3912,3,0.03125,0.08952982763093244,0.010892913806542956,0.96875
3913,3,0.140625,0.09463934486783919,0.010943578043883366,0.96875
3914,3,0.15625,0.10080041038105528,0.01100460390579242,0.96875
3915,3,0.25,0.11572036934294974,0.011152065762709893,0.96875
3916,3,0.109375,0.11508583240865478,0.011145804155731121,0.96875
3917,3,0.171875,0.1207647491677893,0.011201810711863892,0.96875
3918,3,0.125,0.12118827425101036,0.011205984578195508,0.96875
3919,3,0.1875,0.12781944682590932,0.011271278693650534,0.96875
3920,3,0.125,0.12753750214331838,0.011268504713946557,0.96875
3921,3,0.109375,0.12572125192898653,0.011250630366934102,0.96875
3922,3,0.078125,0.12096162673608789,0.011203751005620965,0.96875
3923,3,0.203125,0.1291779640624791,0.011284641993183691,0.96875
3924,3,0.15625,0.1318851676562312,0.011311257936463261,0.96875
3925,3,0.140625,0.13275915089060808,0.011319846509906764,0.96875
3926,3,0.1624999761581421,0.1357332334173615,0.011349057699053026,0.96875
3927,3,0.109375,0.13309741007562534,0.01132317002867715,0.96875
3928,3,0.125,0.1322876690680628,0.011315213535610972,0.96875
3929,3,0.109375,0.12999640216125652,0.011292690458905949,0.96875
3930,3,0.140625,0.13105926194513087,0.011303140008057613,0.96875
3931,3,0.109375,0.12889083575061777,0.011281817990907684,0.96875
3932,3,0.109375,0.126939252175556,0.011262618032895194,0.96875
3933,3,0.046875,0.11893282695800039,0.011183752127645228,0.96875
3934,3,0.109375,0.11797704426220036,0.011174327168083795,0.96875
3935,3,0.125,0.11867933983598032,0.011181252701846436,0.96875
3936,3,0.125,0.11931140585238229,0.011187484700047243,0.96875
3937,3,0.078125,0.11519276526714406,0.011146859432518448,0.96875
3938,3,0.125,0.11617348874042965,0.011156536582469258,0.96875
3939,3,0.109375,0.1154936398663867,0.011149828502338699,0.96875
3940,3,0.140625,0.11800677587974802,0.011174620383113674,0.96875
3941,3,0.125,0.11870609829177321,0.011181516551807921,0.96875
3942,3,0.09375,0.11621048846259589,0.01115690162913142,0.96875
3943,3,0.0625,0.1108394396163363,0.011103877575255796,0.96875
3944,3,0.109375,0.11069299565470267,0.011102430957130314,0.96875
3945,3,0.09375,0.1089986960892324,0.011085690768058655,0.96875
3946,3,0.0625,0.10434882648030916,0.011039717285913839,0.96875
3947,3,0.078125,0.10172644383227825,0.01101376992699045,0.96875
3948,3,0.109375,0.10249129944905043,0.011021339288297856,0.96875
3949,3,0.09375,0.10161716950414539,0.011012688402177076,0.96875
3950,3,0.109375,0.10239295255373085,0.011020366068470695,0.96875
3951,3,0.171875,0.10934115729835776,0.011089074887453866,0.96875
3952,3,0.15625,0.114032041568522,0.0111354033440854,0.96875
3953,3,0.203125,0.1229413374116698,0.011223256575223429,0.96875
3954,3,0.09375,0.12002220367050281,0.01119449185458567,0.96875
3955,3,0.234375,0.13145748330345253,0.011307054393390574,0.96875
3956,3,0.1875,0.13706173497310728,0.011362098588189914,0.96875
3957,3,0.078125,0.13116806147579654,0.011304209512144392,0.96875
3958,3,0.109375,0.12898875532821688,0.01128278108584402,0.96875
3959,3,0.1875,0.1348398797953952,0.011340285694466386,0.96875
3960,3,0.1875,0.14010589181585567,0.011391962895063152,0.96875
3961,3,0.125,0.1385953026342701,0.011377146584938411,0.96875
3962,3,0.1875,0.1434857723708431,0.011425091116362201,0.96875
3963,3,0.0625,0.1353871951337588,0.011345660135214049,0.96875
3964,3,0.109375,0.1327859756203829,0.011320110083417274,0.96875
3965,3,0.046875,0.12419487805834462,0.011235602507707845,0.96875
3966,3,0.03125,0.11490039025251016,0.011143974041396061,0.96875
3967,3,0.078125,0.11122285122725914,0.011107664810431675,0.96875
3968,3,0.09375,0.10947556610453323,0.01109040301405141,0.96875
3969,3,0.109375,0.1094655094940799,0.011090303643547508,0.96875
3970,3,0.15625,0.11414395854467192,0.011136508072130907,0.96875
3971,3,0.140625,0.11679206269020473,0.011162639145588668,0.96875
3972,3,0.21875,0.12698785642118426,0.01126309632390617,0.96875
3973,3,0.265625,0.14085157077906585,0.011399274444606873,0.96875
3974,3,0.25,0.15176641370115926,0.011506118357357365,0.96875
3975,3,0.359375,0.1725272723310433,0.011708356147755979,0.96875
3976,3,0.234375,0.17871204509793898,0.011768334724527168,0.96875
3977,3,0.21875,0.18271584058814508,0.011807093041309677,0.96875
3978,3,0.125,0.17694425652933055,0.011751204290486482,0.96875
3979,3,0.015625,0.16081233087639749,0.011594402871202112,0.96875
3980,3,0.078125,0.15254359778875773,0.011513713011870192,0.96875
3981,3,0.140625,0.15135173800988197,0.011502065412273008,0.96875
3982,3,0.125,0.1487165642088938,0.011476298082719352,0.96875
3983,3,0.046875,0.13853240778800444,0.011376529559345538,0.96875
3984,3,0.171875,0.14186666700920397,0.01140922523738944,0.96875
3985,3,0.171875,0.14486750030828358,0.011438625109149758,0.96875
3986,3,0.125,0.14288075027745523,0.011419163258055452,0.96875
3987,3,0.078125,0.13640517524970971,0.01135565422791377,0.96875
3988,3,0.109375,0.13370215772473873,0.011329111151101044,0.96875
3989,3,0.109375,0.13126944195226486,0.011305206059290798,0.96875
3990,3,0.203125,0.13845499775703837,0.011375770118857988,0.96875
3991,3,0.078125,0.13242199798133453,0.011316533565378612,0.96875
3992,3,0.21875,0.14105479818320107,0.011401266870666851,0.96875
3993,3,0.109375,0.13788681836488095,0.011370195431552373,0.96875
3994,3,0.15625,0.13972313652839286,0.011388209303547859,0.96875
3995,3,0.203125,0.14606332287555357,0.011450333822458665,0.96875
3996,3,0.25,0.15645699058799822,0.011551927421217825,0.96875
3997,3,0.1875,0.1595612915291984,0.011582208080924262,0.96875
3998,3,0.140625,0.15766766237627858,0.01156374032610828,0.96875
3999,4,0.0,0.14190089613865073,0.011409560729448683,0.640625
4000,4,0.0,0.12771080652478567,0.01127020983377827,0.765625
4001,4,0.0,0.11493972587230711,0.011144362248086395,0.78125
4002,4,0.0,0.1034457532850764,0.011030783340844837,0.84375
4003,4,0.0,0.09310117795656876,0.010928331122966473,0.84375
4004,4,0.0,0.08379106016091188,0.010835955119311036,0.90625
4005,4,0.03125,0.0785369541448207,0.010783758781736503,0.90625
4006,4,0.046875,0.07537075873033863,0.01075228361446509,0.90625
4007,4,0.15625,0.08345868285730478,0.010832654481910162,0.90625
4008,4,0.234375,0.09855031457157429,0.010982325035453988,0.90625
4009,4,0.078125,0.09650778311441686,0.010962092786180598,0.90625
4010,4,0.125,0.09935700480297517,0.010990313460426565,0.90625
4011,4,0.09375,0.09879630432267765,0.010984761136961556,0.90625
4012,4,0.0625,0.09516667389040989,0.010948804123400295,0.90625
4013,4,0.046875,0.0903375065013689,0.010900925619865288,0.90625
4014,4,0.078125,0.08911625585123202,0.010888810911340474,0.90625
4015,4,0.015625,0.08176713026610881,0.010815853883315976,0.90625
4016,4,0.078125,0.08140291723949793,0.010812235888361641,0.90625
4017,4,0.046875,0.07795012551554813,0.01077792627543918,0.90625
4018,4,0.078125,0.07796761296399332,0.01077810009140048,0.90625
4019,4,0.09375,0.07954585166759398,0.010793784986420156,0.90625
4020,4,0.09375,0.08096626650083458,0.010807898034437125,0.90625
4021,4,0.046875,0.07755713985075112,0.010774020081860116,0.90625
4022,4,0.0,0.069801425865676,0.010696882832859562,0.90625
4023,4,0.03125,0.06594628327910841,0.010658508510858119,0.90625
4024,4,0.03125,0.06247665495119757,0.010623954926194725,0.90625
4025,4,0.0625,0.06247898945607781,0.010623978180353256,0.90625
4026,4,0.109375,0.06716859051047003,0.010670677594290958,0.90625
4027,4,0.09375,0.06982673145942303,0.010697134659397645,0.90625
4028,4,0.03125,0.06596905831348074,0.010658735273260021,0.90625
4029,4,0.03125,0.06249715248213267,0.010624159103233553,0.90625
4030,4,0.0,0.0562474372339194,0.01056188194142004,0.90625
4031,4,0.0,0.050622693510527464,0.010505794949229682,0.921875
4032,4,0.0625,0.05181042415947472,0.010517641152951469,0.921875
4033,4,0.015625,0.04819188174352725,0.010481546085041647,0.921875
4034,4,0.046875,0.04806019356917453,0.010480232248646883,0.921875
4035,4,0.046875,0.04794167421225708,0.010479049781682135,0.921875
4036,4,0.125,0.055647506791031365,0.01055590137659272,0.921875
4037,4,0.109375,0.061020256111928226,0.010609446330107635,0.921875
4038,4,0.0625,0.0611682305007354,0.01061092056455373,0.921875
4039,4,0.140625,0.06911390745066186,0.010690040711002881,0.921875
4040,4,0.046875,0.06689001670559568,0.010667904334984992,0.921875
4041,4,0.046875,0.0648885150350361,0.01064797596707213,0.921875
4042,4,0.0625,0.0646496635315325,0.010645597443996157,0.921875
4043,4,0.0625,0.06443469717837924,0.010643456710501027,0.921875
4044,4,0.109375,0.06892872746054132,0.010688197705032217,0.921875
4045,4,0.140625,0.07609835471448718,0.010759518000163833,0.921875
4046,4,0.109375,0.07942601924303846,0.01079259420142983,0.921875
4047,4,0.078125,0.07929591731873462,0.010791301341937702,0.921875
4048,4,0.09375,0.08074132558686115,0.010805663266599024,0.921875
4049,4,0.078125,0.08047969302817504,0.01080306386867342,0.921875
4050,4,0.125,0.08493172372535754,0.01084728095811449,0.921875
4051,4,0.015625,0.07800105135282179,0.010778432449930913,0.921875
4052,4,0.015625,0.0717634462175396,0.010716405057386007,0.921875
4053,4,0.140625,0.07864960159578564,0.010784878326673979,0.921875
4054,4,0.03125,0.07390964143620708,0.010737753543859268,0.921875
4055,4,0.0625,0.07276867729258638,0.010726405052517566,0.921875
4056,4,0.09375,0.07486680956332774,0.010747272453267008,0.921875
4057,4,0.078125,0.07519262860699497,0.010750512370444354,0.921875
4058,4,0.125,0.08017336574629547,0.010800020276478391,0.921875
4059,4,0.015625,0.07371852917166592,0.010735852796301551,0.921875
4060,4,0.03125,0.06947167625449933,0.010693601275605091,0.921875
4061,4,0.046875,0.0672120086290494,0.010671109821234256,0.921875
4062,4,0.0,0.06049080776614446,0.0106041713419606,0.921875
4063,4,0.0625,0.060691726989530015,0.010606173175853353,0.921875
4064,4,0.078125,0.06243505429057702,0.010623540538109013,0.921875
4065,4,0.015625,0.057754048861519316,0.010576899209630983,0.921875
4066,4,0.015625,0.05354114397536739,0.01053490041258826,0.921875
4067,4,0.03125,0.05131202957783065,0.010512670433907842,0.921875
4068,4,0.015625,0.04774332662004759,0.010477070838835376,0.921875
4069,4,0.015625,0.04453149395804284,0.010445020811702883,0.921875
4070,4,0.046875,0.04476584456223855,0.010447359652148124,0.921875
4071,4,0.0,0.0402892601060147,0.0104026747474649,0.9375
4072,4,0.078125,0.04407283409541323,0.01044044320342406,0.9375
4073,4,0.078125,0.04747805068587191,0.010474424083649262,0.9375
4074,4,0.09375,0.05210524561728472,0.010520581422761783,0.9375
4075,4,0.109375,0.05783222105555624,0.010577678326386264,0.9375
4076,4,0.203125,0.07236149895000062,0.010722354634861282,0.9375
4077,4,0.140625,0.07918784905500055,0.010790227416899697,0.9375
4078,4,0.125,0.0837690641495005,0.01083573669592271,0.9375
4079,4,0.09375,0.08476715773455044,0.010845647089385537,0.9375
4080,4,0.0625,0.08254044196109539,0.010823535041139,0.9375
4081,4,0.0625,0.08053639776498586,0.01080362725652127,0.9375
4082,4,0.21875,0.09435775798848726,0.010940787171803204,0.9375
4083,4,0.0625,0.09117198218963854,0.010909202020971067,0.9375
4084,4,0.0,0.08205478397067469,0.01081871120649053,0.953125
4085,4,0.078125,0.08166180557360722,0.010814807638000959,0.953125
4086,4,0.125,0.0859956250162465,0.01085784263910381,0.953125
4087,4,0.1875,0.09614606251462185,0.010958508937291509,0.953125
4088,4,0.171875,0.10371895626315966,0.011033486266233522,0.953125
4089,4,0.203125,0.1136595606368437,0.011131726397469574,0.953125
4090,4,0.171875,0.11948110457315932,0.011189157723970538,0.953125
4091,4,0.25,0.13253299411584338,0.011317624272257716,0.953125
4092,4,0.15625,0.13490469470425903,0.011340922194896632,0.953125
4093,4,0.09375,0.13078922523383313,0.011300485404523813,0.953125
4094,4,0.140625,0.1317728027104498,0.011310153590738024,0.953125
4095,4,0.15625,0.13422052243940483,0.011334202875973587,0.953125
4096,4,0.078125,0.12861097019546433,0.011279065220192102,0.953125
4097,4,0.140625,0.1298123731759179,0.011290880878162669,0.953125
4098,4,0.15625,0.1324561358583261,0.011316869025656902,0.953125
4099,4,0.09375,0.1285855222724935,0.011278814903447823,0.953125
4100,4,0.125,0.12822697004524414,0.011275287856071618,0.953125
4101,4,0.234375,0.1388417730407197,0.011379564462965964,0.953125
4102,4,0.171875,0.14214509573664774,0.011411954123920313,0.953125
4103,4,0.25,0.15293058616298297,0.011517494002243073,0.953125
4104,4,0.09375,0.14701252754668467,0.011459624925123486,0.953125
4105,4,0.109375,0.1432487747920162,0.011422769193671498,0.953125
4106,4,0.140625,0.1429863973128146,0.011420198435314537,0.953125
4107,4,0.15625,0.14431275758153314,0.011433192060742012,0.953125
4108,4,0.078125,0.13769398182337983,0.011368303219981361,0.953125
4109,4,0.046875,0.12861208364104185,0.011279076172485749,0.953125
4110,4,0.09375,0.12512587527693766,0.011244769286144323,0.953125
4111,4,0.078125,0.1204257877492439,0.011198469919571533,0.953125
4112,4,0.078125,0.11619570897431951,0.011156755812117652,0.953125
4113,4,0.109375,0.11551363807688757,0.011150025840015334,0.953125
4114,4,0.09375,0.1133372742691988,0.011128544696441393,0.953125
4115,4,0.015625,0.10356604684227892,0.011031973480291375,0.953125
4116,4,0.046875,0.09789694215805103,0.010975853944895553,0.953125
4117,4,0.09375,0.09748224794224593,0.010971746327699207,0.953125
4118,4,0.125,0.10023402314802134,0.010998996876467089,0.953125
4119,4,0.046875,0.0948981208332192,0.010946142701010315,0.953125
4120,4,0.09375,0.09478330874989728,0.010945004845638815,0.953125
4121,4,0.046875,0.08999247787490755,0.010897503232187293,0.953125
4122,4,0.046875,0.08568073008741679,0.010854716778408532,0.953125
4123,4,0.09375,0.0864876570786751,0.010862726544847174,0.953125
4124,4,0.09375,0.0872138913708076,0.010869934381493257,0.953125
4125,4,0.1875,0.09724250223372682,0.01096937145430131,0.953125
4126,4,0.09375,0.09689325201035413,0.01096591165345608,0.953125
4127,4,0.203125,0.10751642680931872,0.011071040447036534,0.953125
4128,4,0.140625,0.11082728412838684,0.011103757501416952,0.953125
4129,4,0.15625,0.11536955571554816,0.011148604048601525,0.953125
4130,4,0.109375,0.11477010014399334,0.011142688171914194,0.953125
4131,4,0.09375,0.112668090129594,0.011121937585230546,0.953125
4132,4,0.140625,0.11546378111663459,0.011149533861471673,0.953125
4133,4,0.15625,0.11954240300497114,0.011189762035695572,0.953125
4134,4,0.1875,0.126338162704474,0.011256702515882544,0.953125
4135,4,0.1875,0.13245434643402662,0.011316851441721709,0.953125
4136,4,0.1875,0.13795891179062394,0.011370902823744979,0.953125
4137,4,0.171875,0.14135052061156156,0.01140416590819068,0.953125
4138,4,0.171875,0.1444029685504054,0.011434075629315525,0.953125
4139,4,0.109375,0.14090017169536487,0.01139975093462046,0.953125
4140,4,0.15625,0.1424351545258284,0.011414796768772675,0.953125
4141,4,0.0625,0.13444163907324555,0.01133637461729449,0.953125
4142,4,0.125,0.13349747516592098,0.011327100428760199,0.953125
4143,4,0.046875,0.12483522764932888,0.011241907740834577,0.953125
4144,4,0.28125,0.14047670488439598,0.011395598990618995,0.953125
4145,4,0.171875,0.14361653439595637,0.011426372156474652,0.953125
4146,4,0.21875,0.15112988095636073,0.011499896824906115,0.953125
4147,4,0.1875,0.15476689286072465,0.011535429188758725,0.953125
4148,4,0.0625,0.1455402035746522,0.011445212277827705,0.953125
4149,4,0.078125,0.13879868321718697,0.011379141763065209,0.953125
4150,4,0.171875,0.14210631489546827,0.011411574044832049,0.953125
4151,4,0.171875,0.14508318340592144,0.011440737235872642,0.953125
4152,4,0.171875,0.1477623650653293,0.011466962742571698,0.953125
4153,4,0.0625,0.13923612855879638,0.01138343275382858,0.953125
4154,4,0.109375,0.13625001570291673,0.011354131115616967,0.953125
4155,4,0.15625,0.13825001413262505,0.011373759024067698,0.953125
4156,4,0.171875,0.14161251271936254,0.01140673407822236,0.953125
4157,4,0.25,0.1524512614474263,0.011512810793125024,0.953125
4158,4,0.296875,0.16689363530268364,0.011653611835395294,0.953125
4159,4,0.28125,0.17832927177241525,0.011764626433963017,0.953125
4160,4,0.234375,0.18393384459517373,0.011818872733196548,0.953125
4161,4,0.35937501192092897,0.20147796132774923,0.011987952893305443,0.953125
4162,4,0.140625,0.1953926651949743,0.011929434745933672,0.953125
4163,4,0.15625,0.1914783986754769,0.011891720961900084,0.953125
4164,4,0.1875,0.1910805588079292,0.011887884646006232,0.953125
4165,4,0.25,0.19697250292713628,0.011944640346537453,0.953125
4166,4,0.28125,0.20540025263442263,0.012025596189068436,0.953125
4167,4,0.203125,0.20517272737098036,0.012023414190432851,0.953125
4168,4,0.09375,0.19403045463388233,0.011916316313161401,0.953125
4169,4,0.203125,0.19493990917049409,0.011925075353486324,0.953125
4170,4,0.15625,0.1910709182534447,0.01188779167629034,0.953125
4171,4,0.140625,0.18602632642810024,0.011839097569169487,0.953125
4172,4,0.140625,0.18148619378529024,0.011795195487185994,0.953125
4173,4,0.21875,0.18521257440676123,0.011831234107578241,0.953125
4174,4,0.265625,0.1932538169660851,0.011908834026593446,0.953125
4175,4,0.1875,0.1926784352694766,0.011903289250050818,0.953125
4176,4,0.25,0.19841059174252892,0.011958473525199596,0.953125
4177,4,0.421875,0.22075703256827603,0.012172394859334117,0.953125
4178,4,0.125,0.21118132931144845,0.01208096949727993,0.953125
4179,4,0.234375,0.2135006963803036,0.012103148037042866,0.953125
4180,4,0.203125,0.21246312674227325,0.012093229120841055,0.953125
4181,4,0.234375,0.21465431406804591,0.012114171262714874,0.953125
4182,4,0.23437501192092897,0.21662638385333421,0.012133002624807218,0.953125
4183,4,0.140625,0.2090262454680008,0.012060342685192104,0.953125
4184,4,0.140625,0.20218612092120072,0.011994753669092697,0.953125
4185,4,0.203125,0.20228000882908065,0.011995655172890436,0.953125
4186,4,0.09375,0.1914270079461726,0.011891225440518688,0.953125
4187,4,0.234375,0.19572180715155535,0.01193260343387194,0.953125
4188,4,0.15625,0.1917746264363998,0.011894577071065686,0.953125
4189,4,0.125,0.1850971637927598,0.011830118679876458,0.953125
4190,4,0.15625,0.18221244741348383,0.011802223054295386,0.953125
4191,4,0.21875,0.18586620267213547,0.01183755044439847,0.953125
4192,4,0.234375,0.1907170824049219,0.011884379188516958,0.953125
4193,4,0.203125,0.19195787416442972,0.01189634371164478,0.953125
4194,4,0.109375,0.18369958674798675,0.011816607557727525,0.953125
4195,4,0.03125,0.16845462807318806,0.011668790989738179,0.953125
4196,4,0.109375,0.16254666526586925,0.011611300636834214,0.953125
4197,4,0.09375,0.15566699873928233,0.011544216826863822,0.953125
4198,4,0.140625,0.1541627988653541,0.011529530120102842,0.953125
4199,4,0.125,0.1512465189788187,0.011501036945234756,0.953125
4200,4,0.09375,0.14549686708093681,0.01144478796166035,0.953125
4201,4,0.078125,0.13875968037284314,0.011378759151029691,0.953125
4202,4,0.046875,0.12957121233555882,0.011288509382379987,0.953125
4203,4,0.109375,0.12755159110200293,0.011268643336225377,0.953125
4204,4,0.125,0.12729643199180263,0.011266132730641977,0.953125
4205,4,0.046875,0.11925428879262237,0.011186921579821192,0.953125
4206,4,0.0625,0.11357885991336014,0.011130929719146414,0.953125
4207,4,0.140625,0.11628347392202412,0.011157621709114354,0.953125
4208,4,0.171875,0.12184262652982171,0.011212432422321884,0.953125
4209,4,0.2718749761581421,0.13684586149265374,0.011359979842396537,0.953125
4210,4,0.140625,0.13722377534338837,0.011363688893224911,0.953125
4211,4,0.15625,0.13912639780904953,0.011382356431212898,0.953125
4212,4,0.26562501192092897,0.15177625922023746,0.011506214579055292,0.953125
4213,4,0.140625,0.15066113329821373,0.011495314480202579,0.953125
4214,4,0.171875,0.15278251996839237,0.0115160474043105,0.953125
4215,4,0.171875,0.15469176797155312,0.01153469564242112,0.953125
4216,4,0.125,0.1517225911743978,0.011505690069932375,0.953125
4217,4,0.078125,0.14436283205695802,0.01143368251648107,0.953125
4218,4,0.09375,0.13930154885126222,0.011384074430245465,0.953125
4219,4,0.26562501192092897,0.1519338951582289,0.011507755139257224,0.953125
4220,4,0.1875,0.155490505642406,0.011542493935599514,0.953125
4221,4,0.2406249761581421,0.16400395269397958,0.011625491814758882,0.953125
4222,4,0.046875,0.15229105742458163,0.011511245379207382,0.953125
4223,4,0.0625,0.14331195168212346,0.011423388168285926,0.953125
4224,4,0.078125,0.1367932565139111,0.011359463518444161,0.953125
4225,4,0.125,0.13561393086252,0.011347886367206158,0.953125
4226,4,0.046875,0.126740037776268,0.011260657598462245,0.953125
4227,4,0.046875,0.11875353399864119,0.011181984284318524,0.953125
4228,4,0.09375,0.11625318059877707,0.011157322834405837,0.953125
4229,4,0.0625,0.11087786253889936,0.011104257120862717,0.953125
4230,4,0.046875,0.10447757628500942,0.011040990848896625,0.953125
4231,4,0.21875,0.11590481865650848,0.011153885736013832,0.953125
4232,4,0.0625,0.11056433679085764,0.011101159987078429,0.953125
4233,4,0.078125,0.10732040311177188,0.011069102655822232,0.953125
4234,4,0.15625,0.1122133628005947,0.011117447321694928,0.953125
4235,4,0.11562497615814209,0.11255452413634943,0.011120816206065623,0.953125
4236,4,0.125,0.11379907172271449,0.011133103617930044,0.953125
4237,4,0.125,0.11491916455044304,0.011144159327028972,0.953125
4238,4,0.109375,0.11436474809539875,0.011138687394621694,0.953125
4239,4,0.0625,0.10917827328585888,0.011087465338204762,0.953125
4240,4,0.046875,0.102947945957273,0.01102585790797442,0.953125
4241,4,0.109375,0.1035906513615457,0.011032216904560233,0.953125
4242,4,0.109375,0.10416908622539113,0.011037939280294475,0.953125
4243,4,0.125,0.10625217760285202,0.011058541294689096,0.953125
4244,4,0.203125,0.11593945984256682,0.011154227534199385,0.953125
4245,4,0.1875,0.12309551385831013,0.011224775240741067,0.953125
4246,4,0.125,0.12328596247247912,0.011226651114395178,0.953125
4247,4,0.140625,0.1250198662252312,0.011243725607437735,0.953125
4248,4,0.1875,0.13126787960270808,0.011305190701948168,0.953125
4249,4,0.09375,0.12751609164243727,0.011268294053538349,0.953125
4250,4,0.234375,0.13820198247819354,0.0113732877690146,0.953125
4251,4,0.203125,0.14469428423037417,0.011436928755646225,0.953125
4252,4,0.1875,0.14897485580733674,0.011478824608789118,0.953125
4253,4,0.171875,0.15126487022660307,0.01150121632247697,0.953125
4254,4,0.171875,0.15332588320394275,0.011521355712272559,0.953125
4255,4,0.1875,0.15674329488354846,0.011554721384174302,0.953125
4256,4,0.234375,0.16450646539519362,0.01163038376667596,0.953125
4257,4,0.203125,0.16836831885567427,0.011667951921417664,0.953125
4258,4,0.328125,0.18434398697010684,0.011822838173582277,0.953125
4259,4,0.21875,0.18778458827309616,0.011856079985295198,0.953125
4260,4,0.1875,0.18775612944578654,0.01185580519973038,0.953125
4261,4,0.140625,0.18304301650120788,0.011810257771132836,0.953125
4262,4,0.15625,0.1803637148510871,0.011784330257286835,0.953125
4263,4,0.15625,0.1779523433659784,0.011760974279132627,0.953125
4264,4,0.171875,0.17734460902938057,0.01175508476645942,0.953125
4265,4,0.171875,0.1767976481264425,0.01174978313062108,0.953125
4266,4,0.109375,0.17005538331379824,0.011684348584452347,0.953125
4267,4,0.09375,0.1624248449824184,0.011610114038789183,0.953125
4268,4,0.140625,0.16024486048417658,0.011588871925259264,0.953125
4269,4,0.046875,0.14890787443575892,0.011478169436889608,0.953125
4270,4,0.15625,0.14964208699218304,0.011485350357491226,0.953125
4271,4,0.0625,0.14092787829296474,0.011400022570981829,0.953125
4272,4,0.109375,0.13777259046366827,0.01136907458055409,0.953125
4273,4,0.078125,0.13180783141730143,0.011310497863540379,0.953125
4274,4,0.203125,0.13893954827557128,0.011380523593809777,0.953125
4275,4,0.203125,0.14535809344801415,0.011443429165874389,0.953125
4276,4,0.171875,0.14800978410321272,0.01146938360096059,0.953125
4277,4,0.15625,0.14883380569289145,0.011477444925438215,0.953125
4278,4,0.15625,0.1495754251236023,0.01148469843973065,0.953125
4279,4,0.125,0.1471178826112421,0.011460656013960915,0.953125
4280,4,0.171875,0.14959359435011788,0.011484876126420341,0.953125
4281,4,0.171875,0.1518217349151061,0.01150665901596878,0.953125
4282,4,0.15625,0.15226456142359548,0.011510986469483415,0.953125
4283,4,0.1875,0.15578810528123593,0.01154539899103545,0.953125
4284,4,0.140625,0.15427179475311234,0.011530594562052646,0.953125
4285,4,0.109375,0.1497821152778011,0.01148671971789684,0.953125
4286,4,0.15625,0.150428903750021,0.01149304403164207,0.953125
4287,4,0.1875,0.1541360133750189,0.01152926853049256,0.953125
4288,4,0.15625,0.154347412037517,0.01153133301133823,0.953125
4289,4,0.171875,0.15610017083376532,0.011548444970258179,0.953125
4290,4,0.1875,0.15924015375038877,0.011579076937214976,0.953125
4291,4,0.1875,0.1620661383753499,0.01160661976456554,0.953125
4292,4,0.140625,0.1599220245378149,0.011585724904866613,0.953125
4293,4,0.1875,0.1626798220840334,0.011612597605812876,0.953125
4294,4,0.171875,0.16359933987563005,0.011621552335448216,0.953125
4295,4,0.28125,0.17536440588806704,0.011735886054209556,0.953125
4296,4,0.203125,0.1781404652992603,0.01176279710087427,0.953125
4297,4,0.203125,0.1806389187693343,0.011786994545198902,0.953125
4298,4,0.25,0.18757502689240088,0.011854056487396705,0.953125
4299,4,0.140625,0.1828800242031608,0.01180868121476593,0.953125
4300,4,0.20312501192092897,0.1849045229749376,0.011828256727928574,0.953125
4301,4,0.26562501192092897,0.19297657186953673,0.011906162452648632,0.953125
4302,4,0.234375,0.19711641468258306,0.011946025003287102,0.953125
4303,4,0.140625,0.19146727321432477,0.011891613688429444,0.953125
4304,4,0.25,0.1973205458928923,0.011947988932585803,0.953125
4305,4,0.140625,0.19165099130360308,0.011893385069692798,0.953125
4306,4,0.109375,0.18342339217324277,0.011813936623987545,0.953125
4307,4,0.125,0.17758105295591847,0.011757376278233563,0.953125
4308,4,0.15625,0.17544794766032662,0.01173669628653484,0.953125
4309,4,0.171875,0.17509065289429396,0.011733230888163977,0.953125
4310,4,0.09375,0.16695658760486456,0.011654224138162706,0.953125
4311,4,0.0625,0.15651092884437812,0.011552453808460546,0.953125
4312,4,0.125,0.1533598359599403,0.01152168737967505,0.953125
4313,4,0.0625,0.14427385236394627,0.011432810997726882,0.953125
4314,4,0.078125,0.13765896712755166,0.01136795962701643,0.953125
4315,4,0.03125,0.12701807041479649,0.011263393642329764,0.953125
4316,4,0.125,0.12681626337331683,0.011261407733012114,0.953125
4317,4,0.015625,0.11569713703598515,0.011151836522547491,0.953125
4318,4,0.125,0.11662742333238664,0.011161014975728266,0.953125
4319,4,0.0625,0.11121468099914797,0.011107584110500248,0.953125
4320,4,0.0625,0.10634321289923318,0.011059441438383206,0.953125
4321,4,0.03125,0.09883389160930987,0.010985133363405902,0.953125
4322,4,0.03125,0.0920755024483789,0.010918161795740663,0.953125
4323,4,0.109375,0.09380545220354101,0.010935312713564507,0.953125
4324,4,0.078125,0.09223740698318691,0.01091976716831649,0.953125
4325,4,0.078125,0.09082616628486823,0.010905772341038775,0.953125
4326,4,0.125,0.0942435496563814,0.010939655184681145,0.953125
4327,4,0.09375,0.09419419469074326,0.010939165990562343,0.953125
4328,4,0.078125,0.09258727522166894,0.01092323614106827,0.953125
4329,4,0.03125,0.08645354769950206,0.010862387988810474,0.953125
4330,4,0.203125,0.09812069292955185,0.010978070096601487,0.953125
4331,4,0.140625,0.10237112363659666,0.011020150051529213,0.953125
4332,4,0.109375,0.103071511272937,0.01102708054180503,0.953125
4333,4,0.09375,0.10213936014564329,0.011017856482201596,0.953125
4334,4,0.125,0.10442542413107896,0.011040474976087589,0.953125
4335,4,0.171875,0.11117038171797106,0.011107146549923235,0.953125
4336,4,0.09375,0.10942834354617395,0.011089936400727257,0.953125
4337,4,0.21875,0.12036050919155655,0.0111978265051179,0.953125
4338,4,0.125,0.1208244582724009,0.01120239917460808,0.953125
4339,4,0.09375,0.1181170124451608,0.011175707524983218,0.953125
4340,4,0.109375,0.11724281120064473,0.011167085468360287,0.953125
4341,4,0.125,0.11801853008058025,0.011174736303196013,0.953125
4342,4,0.140625,0.12027917707252221,0.011197024845556994,0.953125
4343,4,0.21875,0.13012625936527,0.01129396730973484,0.953125
4344,4,0.078125,0.12492613342874301,0.011242802767806656,0.953125
4345,4,0.09375,0.1218085200858687,0.011212096370114118,0.953125
4346,4,0.078125,0.11744016807728183,0.011169032110510901,0.953125
4347,4,0.125,0.11819615126955364,0.01117648796669778,0.953125
4348,4,0.0625,0.11262653614259827,0.011121527274030867,0.953125
4349,4,0.078125,0.10917638252833844,0.011087446654223083,0.953125
4350,4,0.125,0.1107587442755046,0.011103080447844645,0.953125
4351,4,0.140625,0.11374536984795414,0.011132573490868698,0.953125
4352,4,0.140625,0.11643333286315871,0.011159100190448752,0.953125
4353,4,0.15625,0.12041499957684285,0.01119836358724777,0.953125
4354,4,0.15625,0.12399849961915857,0.011233668657779352,0.953125
4355,4,0.125,0.12409864965724271,0.01123465490375319,0.953125
4356,4,0.078125,0.11950128469151844,0.011189356671014032,0.953125
4357,4,0.1875,0.1263011562223666,0.01125633829380599,0.953125
4358,4,0.09375,0.12304604060012993,0.01122428792656361,0.953125
4359,4,0.125,0.12324143654011693,0.011226212552373147,0.953125
4360,4,0.15625,0.12654229288610525,0.011258711527829231,0.953125
4361,4,0.109375,0.12482556359749472,0.01124181259072242,0.953125
4362,4,0.140625,0.12640550723774524,0.0112573653198745,0.953125
4363,4,0.140625,0.1278274565139707,0.011271357495965558,0.953125
4364,4,0.203125,0.13535721086257363,0.011345365720869785,0.953125
4365,4,0.09375,0.13119648977631626,0.011304488958566252,0.953125
4366,4,0.046875,0.12276434079868463,0.011221513056368327,0.953125
4367,4,0.046875,0.11517540671881617,0.011146688129840687,0.953125
4368,4,0.046875,0.10834536604693455,0.011079234020176998,0.953125
4369,4,0.140625,0.11157332944224109,0.0111111264571345,0.953125
4370,4,0.0,0.10041599649801698,0.01100079841635186,0.953125
4371,4,0.140625,0.10443689684821528,0.011040588461100688,0.953125
4372,4,0.109375,0.10493070716339375,0.0110454728418868,0.953125
4373,4,0.0625,0.10068763644705439,0.011003487535281981,0.953125
4374,4,0.0625,0.09686887280234896,0.01096567013535167,0.953125
4375,4,0.140625,0.10124448552211406,0.011008999643460186,0.953125
4376,4,0.140625,0.10518253696990264,0.011047963548986704,0.953125
4377,4,0.078125,0.10247678327291238,0.011021195640555117,0.953125
4378,4,0.090625,0.10129160494562114,0.01100946603834192,0.953125
4379,4,0.140625,0.10522494445105902,0.011048382964627446,0.953125
4380,4,0.03125,0.09782745000595312,0.010975165636382529,0.953125
4381,4,0.109375,0.09898220500535782,0.010986602082263075,0.953125
4382,4,0.09375,0.09845898450482203,0.010981420539682952,0.953125
4383,4,0.0625,0.09486308605433982,0.01094579548833512,0.953125
4384,4,0.125,0.09787677744890584,0.010975654217678052,0.953125
4385,4,0.078125,0.09590159970401525,0.010956086712237346,0.953125
4386,4,0.015625,0.08787393973361372,0.01087648453653632,0.953125
4387,4,0.15625,0.09471154576025236,0.010944293619600417,0.953125
4388,4,0.0625,0.09149039118422711,0.010912359698170202,0.953125
4389,4,0.078125,0.0901538520658044,0.010899103952012964,0.953125
4390,4,0.125,0.09363846685922396,0.010933657442326885,0.953125
4391,4,0.125,0.09677462017330156,0.010964736389800243,0.953125
4392,4,0.140625,0.1011596581559714,0.011008159998721064,0.953125
4393,4,0.078125,0.09885619234037427,0.010985354205972717,0.953125
4394,4,0.140625,0.10303307310633683,0.011026700213458536,0.953125
4395,4,0.09375,0.10210476579570314,0.011017514121581534,0.953125
4396,4,0.109375,0.10283178921613283,0.011024708551027195,0.953125
4397,4,0.234375,0.11598611029451955,0.01115468782127474,0.953125
4398,4,0.109375,0.1153249992650676,0.011148164360140355,0.953125
4399,4,0.140625,0.11785499933856083,0.011173123532138387,0.953125
4400,4,0.1875,0.12481949940470474,0.011241752883907826,0.953125
4401,4,0.109375,0.12327504946423427,0.011226543626219686,0.953125
4402,4,0.140625,0.12501004451781084,0.011243628909519552,0.953125
4403,4,0.140625,0.12657154006602975,0.011258999364778031,0.953125
4404,4,0.09375,0.12328938605942677,0.011226684835112626,0.953125
4405,4,0.09375,0.1203354474534841,0.011197579482824625,0.953125
4406,4,0.03125,0.1114269027081357,0.011109680244148028,0.953125
4407,4,0.0625,0.10653421243732214,0.01106132995742958,0.953125
4408,4,0.046875,0.10056829119358993,0.011002306086518403,0.953125
4409,4,0.09375,0.09988646207423094,0.010995555832803445,0.953125
4410,4,0.125,0.10239781586680784,0.011020414195235244,0.953125
4411,4,0.125,0.10465803428012706,0.011042775839750215,0.953125
4412,4,0.109375,0.10512973085211436,0.011047441284232754,0.953125
4413,4,0.140625,0.10867925776690292,0.011082533928435874,0.953125
4414,4,0.0625,0.10406133199021261,0.011036873334582198,0.953125
4415,4,0.109375,0.10459269879119136,0.01104212958491871,0.953125
4416,4,0.109375,0.10507092891207223,0.011046859712607333,0.953125
4417,4,0.140625,0.10862633602086501,0.011082010909771652,0.953125
4418,4,0.1875,0.11651370241877851,0.011159893080860666,0.953125
4419,4,0.03125,0.10798733217690067,0.011075695246743154,0.953125
4420,4,0.125,0.1096885989592106,0.01109250796451673,0.953125
4421,4,0.09375,0.10809473906328954,0.011076756875068745,0.953125
4422,4,0.0625,0.10353526515696057,0.011031668940625768,0.953125
4423,4,0.140625,0.1072442386412645,0.01106834971043793,0.953125
4424,4,0.0625,0.10276981477713806,0.011024095310230837,0.953125
4425,4,0.15625,0.10811783329942426,0.011076985139304295,0.953125
4426,4,0.046875,0.10199354996948183,0.011016413465432034,0.953125
4427,4,0.15625,0.10741919497253365,0.011070079272394853,0.953125
4428,4,0.140625,0.11073977547528027,0.011102893067548301,0.953125
4429,4,0.09375,0.10904079792775224,0.011086106821895226,0.953125
4430,4,0.125,0.11063671813497702,0.01110187501819544,0.953125
4431,4,0.21875,0.12144804632147932,0.01120854443742823,0.953125
4432,4,0.590625,0.16836574168933138,0.011667926866727536,0.953125
4433,4,0.296875,0.18121666752039822,0.011792586959338729,0.953125
4434,4,0.234375,0.1865325007683584,0.011843987654606305,0.953125
4435,4,0.21875,0.18975425069152257,0.011875091079536073,0.953125
4436,4,0.26562501192092897,0.1973413268144632,0.011948188855337159,0.953125
4437,4,0.09375,0.1869821941330169,0.0118483313189646,0.953125
4438,4,0.125,0.1807839747197152,0.011788398746859234,0.953125
4439,4,0.0625,0.16895557724774368,0.01167366056648926,0.953125
4440,4,0.078125,0.15987251952296933,0.011585242299082222,0.953125
4441,4,0.140625,0.15794776757067241,0.011566472764627104,0.953125
4442,4,0.171875,0.15934049081360518,0.011580055273457193,0.953125
4443,4,0.09375,0.15278144173224467,0.011516036869769066,0.953125
4444,4,0.15625,0.15312829755902022,0.011519425529483516,0.953125
4445,4,0.140625,0.1518779678031182,0.011507208575206386,0.953125
4446,4,0.125,0.1491901710228064,0.011480930606090508,0.953125
4447,4,0.0625,0.14052115392052578,0.011396034820953018,0.953125
4448,4,0.09375,0.1358440385284732,0.011350145567847796,0.953125
4449,4,0.21875,0.1441346346756259,0.011431447374310438,0.953125
4450,4,0.0625,0.13597117120806332,0.011351393698285249,0.953125
4451,4,0.140625,0.136436554087257,0.01135596224818116,0.953125
4452,4,0.140625,0.1368553986785313,0.011360073450188288,0.953125
4453,4,0.078125,0.13098235881067816,0.011302384028627915,0.953125
4454,4,0.09375,0.12725912292961034,0.011265765619272313,0.953125
4455,4,0.109375,0.1254707106366493,0.011248164063354642,0.953125
4456,4,0.171875,0.13011113957298437,0.011293818643105673,0.953125
4457,4,0.078125,0.12491252561568593,0.011242668791256145,0.953125
4458,4,0.125,0.12492127305411733,0.011242754914744895,0.953125
4459,4,0.0625,0.11867914574870561,0.011181250788055768,0.953125
4460,4,0.125,0.11931123117383505,0.011187482977893506,0.953125
4461,4,0.0625,0.11363010805645155,0.011131435642996746,0.953125
4462,4,0.03125,0.1053920972508064,0.01105003609176154,0.953125
4463,4,0.125,0.10735288752572575,0.011069423785941265,0.953125
4464,4,0.015625,0.09818009877315317,0.010978658468729757,0.953125
4465,4,0.09375,0.09773708889583785,0.010974270610268969,0.953125
4466,4,0.09375,0.09733838000625405,0.010970321213744224,0.953125
4467,4,0.109375,0.09854204200562866,0.010982243107999527,0.953125
4468,4,0.09375,0.09806283780506579,0.010977497076658118,0.953125
4469,4,0.046875,0.09294405402455921,0.010926773401857428,0.953125
4470,4,0.109375,0.0945871486221033,0.010943060726116687,0.953125
4471,4,0.125,0.09762843375989297,0.010973194361101146,0.953125
4472,4,0.078125,0.09567809038390368,0.010953872002773243,0.953125
4473,4,0.0625,0.0923602813455133,0.010920985503341883,0.953125
4474,4,0.078125,0.09093675321096198,0.010906869126497448,0.953125
4475,4,0.046875,0.08653057788986578,0.01086315255679785,0.953125
4476,4,0.0625,0.0841275201008792,0.010839296112088191,0.953125
4477,4,0.125,0.08821476809079129,0.010879866535655076,0.953125
4478,4,0.015625,0.08095579128171215,0.01080779396587458,0.953125
4479,4,0.09375,0.08223521215354093,0.010820503367940893,0.953125
4480,4,0.0625,0.08026169093818683,0.01080089786909495,0.953125
4481,4,0.2093749761581421,0.09317301946018236,0.010929043341960147,0.953125
4482,4,0.09375,0.09323071751416412,0.010929615339389926,0.953125
4483,4,0.078125,0.09172014576274772,0.010914638071380186,0.953125
4484,4,0.0,0.08254813118647295,0.01082361141185349,0.953125
4485,4,0.09375,0.08366831806782565,0.010834736263354745,0.953125
4486,4,0.046875,0.07998898626104309,0.01079818825550821,0.953125
4487,4,0.09375,0.08136508763493877,0.010811860086883198,0.953125
4488,4,0.078125,0.08104107887144489,0.010808641270651965,0.953125
4489,4,0.046875,0.0776244709843004,0.010774689355850704,0.953125
4490,4,0.125,0.08236202388587037,0.010821762934859007,0.953125
4491,4,0.109375,0.08506332149728334,0.010848587474051577,0.953125
4492,4,0.109375,0.08749448934755501,0.010872719057955964,0.953125
4493,4,0.109375,0.08968254041279951,0.010894428737977595,0.953125
4494,4,0.140625,0.09477678637151955,0.010944940204285864,0.953125
4495,4,0.15625,0.1009241077343676,0.01100582838020743,0.953125
4496,4,0.09375,0.10020669696093083,0.010998726340996873,0.953125
4497,4,0.109375,0.10112352726483775,0.011007802360802456,0.953125
4498,4,0.09375,0.10038617453835398,0.011000503182834106,0.953125
4499,4,0.078125,0.09816005708451858,0.010978459970991724,0.953125
4500,4,0.125,0.10084405137606672,0.011005035909472468,0.953125
4501,4,0.09375,0.10013464623846005,0.010998013015370707,0.953125
4502,4,0.0,0.09012118161461405,0.010898779887589059,0.96875
4503,4,0.171875,0.09829656345315264,0.010979811947711693,0.96875
4504,4,0.140625,0.10252940710783737,0.011021716388278605,0.96875
4505,4,0.0625,0.09852646639705362,0.010982088854414885,0.96875
4506,4,0.125,0.10117381975734825,0.011008300175168524,0.96875
4507,4,0.078125,0.09886893778161343,0.0109854804227425,0.96875
4508,4,0.125,0.1014820440034521,0.011011350986507951,0.96875
4509,4,0.109375,0.10227133960310689,0.011019162585731225,0.96875
4510,4,0.125,0.10454420564279619,0.01104164991753222,0.96875
4511,4,0.03125,0.09721478507851658,0.010969096886540021,0.96875
4512,4,0.125,0.09999330657066492,0.010996613676817802,0.96875
4513,4,0.15625,0.10561897591359844,0.011052279809806513,0.96875
4514,4,0.078125,0.1028695783222386,0.011025082472679653,0.96875
4515,4,0.28125,0.12070762049001474,0.01120124767259584,0.96875
4516,4,0.234375,0.13207435844101326,0.011313117268749083,0.96875
4517,4,0.1875,0.13761692259691194,0.011367547047187268,0.96875
4518,4,0.25,0.14885523033722076,0.011477654494553536,0.96875
4519,4,0.15625,0.1495947073034987,0.011484887010562031,0.96875
4520,4,0.21875,0.15651023657314883,0.011552447052592705,0.96875
4521,4,0.28125,0.16898421291583393,0.011673938900585483,0.96875
4522,4,0.140625,0.16614829162425054,0.011646361315488556,0.96875
4523,4,0.109375,0.1604709624618255,0.011591075786064456,0.96875
4524,4,0.140625,0.15848636621564294,0.011571726144017018,0.96875
4525,4,0.15625,0.15826272959407864,0.011569544946640222,0.96875
4526,4,0.078125,0.15024895663467078,0.011491284626697514,0.96875
4527,4,0.140625,0.1492865609712037,0.011481873352299998,0.96875
4528,4,0.109375,0.14529540487408332,0.011442815335669178,0.96875
4529,4,0.015625,0.132328364386675,0.01131561344723456,0.96875
4530,4,0.09375,0.1284705279480075,0.011277683749372349,0.96875
4531,4,0.078125,0.12343597515320676,0.01122812864200053,0.96875
4532,4,0.03125,0.11421737763788609,0.011137232773833168,0.96875
4533,4,0.03125,0.10592063987409749,0.011055262951592593,0.96875
4534,4,0.125,0.10782857588668773,0.011074126027068152,0.96875
4535,4,0.171875,0.11423321829801895,0.0111373891314828,0.96875
4536,4,0.0625,0.10905989646821707,0.011086295553991,0.96875
4537,4,0.09375,0.10752890682139536,0.011071163815375715,0.96875
4538,4,0.046875,0.10146351613925582,0.011011167602609432,0.96875
4539,4,0.03125,0.09444216452533025,0.01094162375986841,0.96875
4540,4,0.046875,0.08968544807279723,0.010894457581956467,0.96875
4541,4,0.046875,0.0854044032655175,0.010851973632272374,0.96875
4542,4,0.078125,0.08467646293896575,0.01084474662028309,0.96875
4543,4,0.09375,0.08558381664506917,0.010853754715941058,0.96875
4544,4,0.046875,0.08171293498056226,0.010815315535414075,0.96875
4545,4,0.109375,0.08447914148250604,0.010842787453884261,0.96875
4546,4,0.09375,0.08540622733425543,0.010851991740555256,0.96875
4547,4,0.125,0.08936560460082989,0.010891284645788214,0.96875
4548,4,0.046875,0.0851165441407469,0.010849115865532997,0.96875
4549,4,0.09375,0.08597988972667221,0.01085768644394775,0.96875
4550,4,0.0625,0.08363190075400498,0.010834374626619814,0.96875
4551,4,0.0625,0.08151871067860447,0.010813386172721538,0.96875
4552,4,0.09375,0.08274183961074402,0.010825535325442854,0.96875
4553,4,0.140625,0.08853015564966961,0.010882995908095588,0.96875
4554,4,0.09375,0.08905214008470265,0.010888174815099476,0.96875
4555,4,0.15625,0.09577192607623239,0.010954801813526316,0.96875
4556,4,0.09375,0.09556973346860914,0.010952798281616797,0.96875
4557,4,0.140625,0.10007526012174822,0.010997425065754872,0.96875
4558,4,0.078125,0.0978802341095734,0.010975688455233255,0.96875
4559,4,0.140625,0.10215471069861605,0.011018008397127816,0.96875
4560,4,0.140625,0.10600173962875444,0.011056064911168464,0.96875
4561,4,0.2562499761581421,0.1210265632816932,0.011204390956661288,0.96875
4562,4,0.15625,0.12454890695352389,0.011239088593947604,0.96875
4563,4,0.140625,0.1261565162581715,0.011254914698072983,0.96875
4564,4,0.0625,0.11979086463235436,0.011192211408932316,0.96875
4565,4,0.09375,0.11718677816911892,0.01116653276662593,0.96875
4566,4,0.171875,0.12265560035220702,0.011220441862777708,0.96875
4567,4,0.1875,0.1291400403169863,0.011284269012486713,0.96875
4568,4,0.25,0.14122603628528768,0.011402945587952722,0.96875
4569,4,0.3125,0.1583534326567589,0.01157042962023063,0.96875
4570,4,0.21875,0.16439308939108302,0.011629280123295572,0.96875
4571,4,0.140625,0.16201628045197472,0.011606134050903629,0.96875
4572,4,0.171875,0.16300215240677723,0.011615736924686313,0.96875
4573,4,0.125,0.15920193716609954,0.011578704298367548,0.96875
4574,4,0.0625,0.1495317434494896,0.011484271249099384,0.96875
4575,4,0.046875,0.13926606910454067,0.011383726427789832,0.96875
4576,4,0.0625,0.13158946219408663,0.011308351612754517,0.96875
4577,4,0.0625,0.12468051597467797,0.011240384456552744,0.96875
4578,4,0.046875,0.11689996437721017,0.011163703563708995,0.96875
4579,4,0.140625,0.11927246793948915,0.0111871008098561,0.96875
4580,4,0.109375,0.11828272114554024,0.011177341674416887,0.96875
4581,4,0.0,0.10645444903098622,0.011060541301411316,0.96875
4582,4,0.0625,0.1020590041278876,0.011017061240660517,0.96875
4583,4,0.078125,0.09966560371509885,0.010993369091132124,0.96875
4584,4,0.0625,0.09594904334358897,0.010956556809668717,0.96875
4585,4,0.03125,0.08947913900923009,0.010892410959429248,0.96875
4586,4,0.046875,0.08521872510830708,0.010850130299178687,0.96875
4587,4,0.03125,0.07982185259747637,0.01079652754489421,0.96875
4588,4,0.1875,0.09058966733772875,0.010903426704294436,0.96875
4589,4,0.140625,0.09559320060395586,0.01095303082204608,0.96875
4590,4,0.15625,0.10165888054356027,0.011013101233202417,0.96875
4591,4,0.15625,0.10711799248920424,0.011067101641461616,0.96875
4592,4,0.140625,0.11046869324028381,0.01110021513891499,0.96875
4593,4,0.125,0.11192182391625544,0.011114568243264383,0.96875
4594,4,0.125,0.11322964152462989,0.01112748206433988,0.96875
4595,4,0.078125,0.1097191773721669,0.011092810097878054,0.96875
4596,4,0.046875,0.1034347596349502,0.011030674572311364,0.96875
4597,4,0.078125,0.10090378367145518,0.011005627195333665,0.96875
4598,4,0.125,0.10331340530430966,0.01102947390534338,0.96875
4599,4,0.125,0.1054820647738787,0.011050925838983176,0.96875
4600,4,0.140625,0.10899635829649082,0.01108566766568672,0.96875
4601,4,0.078125,0.10590922246684174,0.01105515004880353,0.96875
4602,4,0.015625,0.09688080022015756,0.010965788297139505,0.96875
4603,4,0.0625,0.09344272019814182,0.01093171700383127,0.96875
4604,4,0.0625,0.09034844817832763,0.010901034148428105,0.96875
4605,4,0.15625,0.09693860336049487,0.010966360933774686,0.96875
4606,4,0.09375,0.09661974302444538,0.01096320201006664,0.96875
4607,4,0.046875,0.09164526872200085,0.010913895559823684,0.96875
4608,4,0.078125,0.09029324184980077,0.010900486564414549,0.96875
4609,4,0.078125,0.08907641766482069,0.010888415675233411,0.96875
4610,4,0.015625,0.08173127589833862,0.010815497725126268,0.96875
4611,4,0.078125,0.08137064830850475,0.010811915327080581,0.96875
4612,4,0.0625,0.07948358347765427,0.010793166224948225,0.96875
4613,4,0.078125,0.07934772512988884,0.010791816173951623,0.96875
4614,4,0.09375,0.08078795261689996,0.0108061265086296,0.96875
4615,4,0.125,0.08520915735520997,0.01085003531305257,0.96875
4616,4,0.046875,0.08137574161968897,0.010811965924417116,0.96875
4617,4,0.09375,0.08261316745772007,0.010824257359462222,0.96875
4618,4,0.03125,0.07747685071194807,0.01077322199569327,0.96875
4619,4,0.046875,0.07441666564075326,0.01074279600052687,0.96875
4620,4,0.078125,0.07478749907667794,0.010746483772553342,0.96875
4621,4,0.109375,0.07824624916901014,0.010780869523592296,0.96875
4622,4,0.109375,0.08135912425210913,0.010811800846082803,0.96875
4623,4,0.109375,0.08416071182689822,0.010839625690345325,0.96875
4624,4,0.140625,0.08980714064420839,0.010895664758457338,0.96875
4625,4,0.03125,0.08395142657978756,0.010837547555396579,0.96875
4626,4,0.0,0.07555628392180881,0.010754128341173255,0.984375
4627,4,0.21875,0.08987565552962792,0.010896344406770371,0.984375
4628,4,0.078125,0.08870058997666513,0.010884686937446555,0.984375
4629,4,0.15625,0.09545553097899863,0.010951666611994246,0.984375
4630,4,0.109375,0.09684747788109876,0.010965458180817941,0.984375
4631,4,0.109375,0.09810023009298889,0.01097786742534841,0.984375
4632,4,0.203125,0.10860270708369,0.011081777386155069,0.984375
4633,4,0.434375,0.141179936375321,0.011402493659574426,0.984375
4634,4,0.265625,0.15362444273778889,0.011524272072761963,0.984375
4635,4,0.265625,0.16482449846400998,0.011633479398747093,0.984375
4636,4,0.25,0.173342048617609,0.01171626501712481,0.984375
4637,4,0.3125,0.18725784375584809,0.011850993508518315,0.984375
4638,4,0.28125,0.19665705938026326,0.011941605013929013,0.984375
4639,4,0.296875,0.2066788534422369,0.012037854400661145,0.984375
4640,4,0.15625,0.20163596809801324,0.011989470469735324,0.984375
4641,4,0.09375,0.19084737128821191,0.011885635782408479,0.984375
4642,4,0.125,0.1842626341593907,0.011822051665229233,0.984375
4643,4,0.09375,0.17521137074345164,0.011734401777431087,0.984375
4644,4,0.0625,0.16394023366910648,0.011624871454077004,0.984375
4645,4,0.015625,0.14910871030219583,0.011480133854876761,0.984375
4646,4,0.078125,0.14201033927197626,0.011410633399395667,0.984375
4647,4,0.0625,0.13405930534477864,0.011332619369192115,0.984375
4648,4,0.046875,0.1253408748103008,0.011246885911684113,0.984375
4649,4,0.140625,0.12686928732927072,0.011261929532177185,0.984375
4650,4,0.125,0.12668235859634364,0.011260089969243584,0.984375
4651,4,0.09375,0.12338912273670927,0.011227667181930414,0.984375
4652,4,0.125,0.12355021046303834,0.011229253749197848,0.984375
4653,4,0.078125,0.11900768941673451,0.01118449025544499,0.984375
4654,4,0.078125,0.11491942047506105,0.011144161852771972,0.984375
4655,4,0.09375,0.11280247842755495,0.01112326453214945,0.984375
4656,4,0.2718749761581421,0.12870972820061366,0.011280036631082731,0.984375
4657,4,0.2093749761581421,0.1367762529963665,0.01135929662537284,0.984375
4658,4,0.28125,0.15122362769672984,0.011500813189307098,0.984375
4659,4,0.125,0.14860126492705683,0.011475170199679087,0.984375
4660,4,0.171875,0.15092863843435114,0.011497929613672379,0.984375
4661,4,0.140625,0.14989827459091604,0.01148785561630076,0.984375
4662,4,0.109375,0.14584594713182442,0.011448205722259198,0.984375
4663,4,0.109375,0.14219885241864197,0.011412480969731093,0.984375
4664,4,0.171875,0.14516646717677778,0.011441552776383259,0.984375
4665,4,0.15625,0.1462748204591,0.01145240424691056,0.984375
4666,4,0.125,0.14414733841319,0.011431571808411135,0.984375
4667,4,0.171875,0.146920104571871,0.011458720373935544,0.984375
4668,4,0.234375,0.1556655941146839,0.011544203115562436,0.984375
4669,4,0.171875,0.1572865347032155,0.011560022024485351,0.984375
4670,4,0.171875,0.15874538123289395,0.01157425220621957,0.984375
4671,4,0.09375,0.15224584310960454,0.011510803559367238,0.984375
4672,4,0.046875,0.1417087587986441,0.011407677480095286,0.984375
4673,4,0.1875,0.1462878829187797,0.0114525321157675,0.984375
4674,4,0.171875,0.14884659462690172,0.011477570022917783,0.984375
4675,4,0.171875,0.15114943516421156,0.011500087967332458,0.984375
4676,4,0.125,0.14853449164779042,0.01147451699116754,0.984375
4677,4,0.171875,0.15086854248301138,0.011497342133159479,0.984375
4678,4,0.171875,0.15296918823471023,0.01151787113151206,0.984375
4679,4,0.15625,0.15329726941123922,0.011521076195857531,0.984375
4680,4,0.1468749761581421,0.1526550400859295,0.01151480188139372,0.984375
4681,4,0.1875,0.15613953607733655,0.011548829181818827,0.984375
4682,4,0.15625,0.1561505824696029,0.011548936995669097,0.984375
4683,4,0.15625,0.15616052422264262,0.011549034027818898,0.984375
4684,4,0.1875,0.15929447180037834,0.011579606569052858,0.984375
4685,4,0.234375,0.1668025246203405,0.01165272562882004,0.984375
4686,4,0.109375,0.16105977215830644,0.01159681428628066,0.984375
4687,4,0.140625,0.1590162949424758,0.011576894090845797,0.984375
4688,4,0.078125,0.1509271654482282,0.011497915214315589,0.984375
4689,4,0.0625,0.1420844489034054,0.011411359741139184,0.984375
4690,4,0.125,0.14037600401306488,0.011394611581506061,0.984375
4691,4,0.046875,0.13102590361175842,0.011302812088123568,0.984375
4692,4,0.109375,0.12886081325058257,0.011281522697640003,0.984375
4693,4,0.046875,0.12066223192552432,0.011200800334063793,0.984375
4694,4,0.109375,0.11953350873297189,0.01118967435189697,0.984375
4695,4,0.0625,0.11383015785967471,0.011133410486995501,0.984375
4696,4,0.15625,0.11807214207370724,0.011175265021313005,0.984375
4697,4,0.234375,0.1297024278663365,0.011289799730721275,0.984375
4698,4,0.109375,0.12766968507970286,0.011269805251884167,0.984375
4699,4,0.309375,0.14584021657173257,0.01144814961848198,0.984375
4700,4,0.09375,0.1406311949145593,0.011397113768279279,0.984375
4701,4,0.125,0.1390680754231034,0.011381784347620801,0.984375
4702,4,0.109375,0.13609876788079306,0.011352646340873183,0.984375
4703,4,0.15625,0.13811389109271374,0.011372423458030426,0.984375
4704,4,0.15625,0.13992750198344237,0.011390213517431302,0.984375
4705,4,0.109375,0.13687225178509813,0.011360238863387492,0.984375
4706,4,0.109375,0.1341225266065883,0.0113332403492757,0.984375
4707,4,0.1875,0.13946027394592947,0.011385631240614227,0.984375
4708,4,0.125,0.13801424655133654,0.011371445767758743,0.984375
4709,4,0.125,0.13671282189620287,0.011358674029087825,0.984375
4710,4,0.09375,0.1324165397065826,0.011316479928653823,0.984375
4711,4,0.0625,0.12542488573592434,0.01124771295089076,0.984375
4712,4,0.09375,0.1222573971623319,0.011216518951941817,0.984375
4713,4,0.1875,0.1287816574460987,0.01128074413146015,0.984375
4714,4,0.234375,0.13934099170148884,0.011384461300718487,0.984375
4715,4,0.109375,0.13634439253133995,0.011355057566452465,0.984375
4716,4,0.21875,0.14458495327820595,0.011435858003571343,0.984375
4717,4,0.25,0.15512645795038535,0.011538939876675017,0.984375
4718,4,0.203125,0.1599263121553468,0.011585766702882019,0.984375
4719,4,0.1875,0.16268368093981211,0.011612635190863006,0.984375
4720,4,0.21875,0.1682903128458309,0.011667193553221773,0.984375
4721,4,0.21875,0.17333628156124783,0.011716209045230089,0.984375
4722,4,0.234375,0.17944015340512307,0.011775387218288363,0.984375
4723,4,0.234375,0.18493363806461077,0.01182853814554254,0.984375
4724,4,0.1468749761581421,0.1811277718739639,0.01179172655460845,0.984375
4725,4,0.203125,0.1833274946865675,0.011813009186774375,0.984375
4726,4,0.125,0.17749474521791075,0.01175653984320374,0.984375
4727,4,0.078125,0.16755777069611968,0.0116600708757199,0.984375
4728,4,0.09375,0.16017699362650772,0.011588210382633258,0.984375
4729,4,0.125,0.15665929426385694,0.011553901671555948,0.984375
4730,4,0.125,0.15349336483747122,0.011522991722894447,0.984375
4731,4,0.0625,0.1443940283537241,0.011433988065853082,0.984375
4732,4,0.125,0.1424546255183517,0.011414987580761225,0.984375
4733,4,0.125,0.14070916296651653,0.011397878221676443,0.984375
4734,4,0.046875,0.1313257466698649,0.011305759510536383,0.984375
4735,4,0.109375,0.12913067200287842,0.01128417687439476,0.984375
4736,4,0.046875,0.12090510480259058,0.011203193972617955,0.984375
4737,4,0.125,0.12131459432233152,0.011207229387962609,0.984375
4738,4,0.109375,0.12012063489009837,0.011195462111098049,0.984375
4739,4,0.203125,0.12842107140108855,0.011277197254490823,0.984375
4740,4,0.21875,0.1374539642609797,0.011365947904427038,0.984375
4741,4,0.140625,0.13777106783488172,0.011369059639659352,0.984375
4742,4,0.171875,0.14118146105139354,0.01140250860642993,0.984375
4743,4,0.171875,0.1442508149462542,0.011432585352265757,0.984375
4744,4,0.140625,0.1438882334516288,0.011429033765624295,0.984375
4745,4,0.21875,0.15137441010646593,0.011502287017204564,0.984375
4746,4,0.15625,0.15186196909581934,0.011507052222147032,0.984375
4747,4,0.078125,0.14448827218623742,0.01143491111213654,0.984375
4748,4,0.140625,0.1441019449676137,0.011431127173989211,0.984375
4749,4,0.1875,0.1484417504708523,0.011473609730784118,0.984375
4750,4,0.21875,0.15547257542376708,0.011542318899043622,0.984375
4751,4,0.203125,0.16023781788139035,0.011588803277069515,0.984375
4752,4,0.21875,0.16608903609325132,0.011645784815799885,0.984375
4753,4,0.1875,0.16823013248392618,0.011666608471071439,0.984375
4754,4,0.1875,0.17015711923553356,0.01168533706394006,0.984375
4755,4,0.171875,0.1703289073119802,0.011687006102350383,0.984375
4756,4,0.171875,0.17048351658078217,0.011688508154211956,0.984375
4757,4,0.109375,0.16437266492270394,0.011629081299735031,0.984375
4758,4,0.21875,0.16981039843043355,0.01168196814038983,0.984375
4759,4,0.234375,0.1762668585873902,0.011744637271793278,0.984375
4760,4,0.296875,0.18832767272865114,0.011861323206431958,0.984375
4761,4,0.234375,0.19293240545578602,0.01190573683259717,0.984375
4762,4,0.234375,0.19707666491020742,0.01194564255589688,0.984375
4763,4,0.21875,0.1992439984191867,0.011966486619199048,0.984375
4764,4,0.21875,0.20119459857726804,0.011985231096283641,0.984375
4765,4,0.015625,0.18263763871954122,0.011806336549421526,0.984375
4766,4,0.1875,0.1831238748475871,0.01181103984559881,0.984375
4767,4,0.1875,0.18356148736282837,0.011815272104048976,0.984375
4768,4,0.09375,0.17458033862654554,0.01172828061103167,0.984375
4769,4,0.3343749761581421,0.1905598023797052,0.011882862191644345,0.984375
4770,4,0.171875,0.1886913221417347,0.011864833475594002,0.984375
4771,4,0.29687501192092897,0.1995096911196541,0.0119690406674823,0.984375
4772,4,0.465625,0.2261212220076887,0.012223445252739527,0.984375
4773,4,0.265625,0.23007159980691982,0.01226096293036586,0.984375
4774,4,0.25,0.23206443982622785,0.012279864058659723,0.984375
4775,4,0.26562501192092897,0.23542049703569795,0.012311655781676638,0.984375
4776,4,0.15625,0.22750344733212816,0.012236580128925539,0.984375
4777,4,0.171875,0.22194060259891535,0.012183669093429408,0.984375
4778,4,0.203125,0.2200590423390238,0.012165743352035565,0.984375
4779,4,0.125,0.21055313810512144,0.012074958834324247,0.984375
4780,4,0.078125,0.1973103242946093,0.011947890595157088,0.984375
4781,4,0.125,0.19007929186514838,0.011878227016642633,0.984375
4782,4,0.140625,0.18513386267863355,0.011830473374668762,0.984375
4783,4,0.140625,0.1806829764107702,0.011787421049110344,0.984375
4784,4,0.140625,0.1766771787696932,0.01174861529703879,0.984375
4785,4,0.140625,0.1730719608927239,0.011713643574536182,0.984375
4786,4,0.203125,0.17607726480345148,0.011742798980952937,0.984375
4787,4,0.109375,0.16940703832310633,0.011678048384850724,0.984375
4788,4,0.0625,0.1587163344907957,0.01157396893607034,0.984375
4789,4,0.125,0.1553447010417161,0.011541070548697333,0.984375
4790,4,0.109375,0.15074773093754448,0.011496161082698575,0.984375
4791,4,0.046875,0.14036045784379006,0.011394459143121746,0.984375
4792,4,0.03125,0.12944941205941105,0.011287311582795216,0.984375
4793,4,0.09375,0.12587947085346995,0.011252187778701675,0.984375
4794,4,0.09375,0.12266652376812295,0.011220549469774266,0.984375
4795,4,0.03125,0.11352487139131066,0.011130396735815116,0.984375
4796,4,0.109375,0.1131098842521796,0.011126299699389998,0.984375
4797,4,0.078125,0.10961139582696165,0.011091745141524176,0.984375
4798,4,0.109375,0.10958775624426549,0.011091511562713912,0.984375
4799,4,0.153125,0.11394148061983894,0.011134509399990156,0.984375
4800,4,0.09375,0.11192233255785504,0.011114573266493462,0.984375
4801,4,0.1875,0.11948009930206954,0.01118914781341345,0.984375
4802,4,0.21875,0.1294070893718626,0.01128689536724585,0.984375
4803,4,0.184375,0.13490388043467633,0.011340914198611492,0.984375
4804,4,0.171875,0.1386009923912087,0.01137720240338304,0.984375
4805,4,0.25,0.14974089315208783,0.011486316605642297,0.984375
4806,4,0.371875,0.17195430383687904,0.011702793138647489,0.984375
4807,4,0.09375,0.16413387345319114,0.01162675666766194,0.984375
4808,4,0.278125,0.17553298610787202,0.011737521010263149,0.984375
4809,4,0.171875,0.17516718749708482,0.011733973232664856,0.984375
4810,4,0.171875,0.17483796874737634,0.011730779847975716,0.984375
4811,4,0.1875,0.1761041718726387,0.011743059877807254,0.984375
4812,4,0.1781249761581421,0.17630625230118904,0.011745019215808134,0.984375
4813,4,0.1875,0.17742562707107012,0.011755869979539398,0.984375
4814,4,0.125,0.17218306436396313,0.011705014328140025,0.984375
4815,4,0.21875,0.17683975792756684,0.011750191332693847,0.984375
4816,4,0.15625,0.17478078213481016,0.011730225107175245,0.984375
4817,4,0.109375,0.16824020392132913,0.01166670638785498,0.984375
4818,4,0.078125,0.15922868352919622,0.011578965094881752,0.984375
4819,4,0.109375,0.1542433151762766,0.011530316437038604,0.984375
4820,4,0.015625,0.14038148365864894,0.011394665312161848,0.984375
4821,4,0.046875,0.13103083529278406,0.011302860567838918,0.984375
4822,4,0.121875,0.13011525176350566,0.011293859076622382,0.984375
4823,4,0.125,0.12960372658715508,0.011288829125356755,0.984375
4824,4,0.171875,0.13383085392843957,0.011330375356853129,0.984375
4825,4,0.046875,0.12513526853559562,0.01124486176318377,0.984375
4826,4,0.09375,0.12199674168203606,0.011213950890648866,0.984375
4827,4,0.0,0.10979706751383246,0.011093579690837598,0.984375
4828,4,0.078125,0.10662986076244922,0.01106227565704688,0.984375
4829,4,0.03125,0.0990918746862043,0.010987688092248893,0.984375
4830,4,0.078125,0.09699518721758386,0.010966921485176818,0.984375
4831,4,0.078125,0.09510816849582548,0.010948224333063524,0.984375
4832,4,0.046875,0.09028485164624293,0.01090040334265761,0.984375
4833,4,0.059375,0.08719386648161864,0.010869735647710425,0.984375
4834,4,0.046875,0.08316197983345677,0.010829707949784528,0.984375
4835,4,0.046875,0.07953328185011109,0.010793660080138124,0.984375
4836,4,0.109375,0.08251745366509998,0.010823306716835972,0.984375
4837,4,0.125,0.08676570829858998,0.010865486295502286,0.984375
4838,4,0.109375,0.08902663746873099,0.01088792180015206,0.984375
4839,4,0.046875,0.08481147372185789,0.010846087078488982,0.984375
4840,4,0.1875,0.09508032634967209,0.010947948414242794,0.984375
4841,4,0.125,0.09807229371470488,0.010977590732155268,0.984375
4842,4,0.09375,0.0976400643432344,0.010973309565263161,0.984375
4843,4,0.078125,0.09568855790891095,0.01095397572550917,0.984375
4844,4,0.0,0.08611970211801986,0.010859074266246561,0.984375
4845,4,0.125,0.09000773190621787,0.010897654543562627,0.984375
4846,4,0.140625,0.09506945871559608,0.010947840714363418,0.984375
4847,4,0.109375,0.09650001284403648,0.010962015802652976,0.984375
4848,4,0.09375,0.09622501155963283,0.0109592911684609,0.984375
4849,4,0.140625,0.10066501040366954,0.011003263552753304,0.984375
4850,4,0.1875,0.10934850936330259,0.011089147536028403,0.984375
4851,4,0.09375,0.10778865842697233,0.011073731456243262,0.984375
4852,4,0.23437501192092897,0.12044729377636798,0.011198681890320887,0.984375
4853,4,0.434375,0.15184006439873116,0.01150683814947832,0.984375
4854,4,0.171875,0.15384355795885804,0.01152641224411083,0.984375
4855,4,0.109375,0.14939670216297224,0.011482950560191703,0.984375
4856,4,0.046875,0.13914453194667503,0.011382534306874009,0.984375
4857,4,0.109375,0.13616757875200752,0.011353321853301146,0.984375
4858,4,0.078125,0.13036332087680677,0.01129629816088038,0.984375
4859,4,0.171875,0.13451448878912609,0.011337090097276748,0.984375
4860,4,0.234375,0.14450053991021347,0.011435031263277351,0.984375
4861,4,0.203125,0.15036298591919212,0.011492399541265933,0.984375
4862,4,0.21875,0.1572016873272729,0.011559194188810818,0.984375
4863,4,0.09375,0.15085651859454563,0.011497224589859235,0.984375
4864,4,0.171875,0.15295836673509106,0.01151776540954298,0.984375
4865,4,0.140625,0.15172503006158197,0.01150571390587472,0.984375
4866,4,0.09375,0.14592752705542378,0.011449004402301592,0.984375
4867,4,0.140625,0.14539727434988142,0.011443812809430241,0.984375
4868,4,0.125,0.14335754691489327,0.011423834879965544,0.984375
4869,4,0.125,0.14152179222340394,0.011405844814602368,0.984375
4870,4,0.125,0.13986961300106354,0.011389645811206075,0.984375
4871,4,0.140625,0.1399451517009572,0.011390386603032083,0.984375
4872,4,0.21875,0.14782563653086148,0.0114675818355891,0.984375
4873,4,0.125,0.14554307287777535,0.01144524037155358,0.984375
4874,4,0.125,0.1434887655899978,0.011425120440652945,0.984375
4875,4,0.15625,0.14476488903099802,0.01143762021840933,0.984375
4876,4,0.171875,0.1474759001278982,0.011464159622150256,0.984375
4877,4,0.125,0.1452283101151084,0.011442158348944383,0.984375
4878,4,0.15625,0.14633047910359756,0.011452949087881397,0.984375
4879,4,0.125,0.1441974311932378,0.011432062466689086,0.984375
4880,4,0.078125,0.13759018807391402,0.011367284700848383,0.984375
4881,4,0.046875,0.1285186692665226,0.011278157300690778,0.984375
4882,4,0.078125,0.12347930233987035,0.011228555376556789,0.984375
4883,4,0.03125,0.11425637210588332,0.011137617673657839,0.984375
4884,4,0.03125,0.105955734895295,0.011055609992408169,0.984375
4885,4,0.078125,0.1031726614057655,0.011028081362461178,0.984375
4886,4,0.0625,0.09910539526518897,0.010987821978889914,0.984375
4887,4,0.140625,0.10325735573867006,0.011028919346713245,0.984375
4888,4,0.125,0.10543162016480306,0.011050426961578343,0.984375
4889,4,0.0625,0.10113845814832276,0.011007950152936437,0.984375
4890,4,0.140625,0.10508711233349048,0.011047019772984485,0.984375
4891,4,0.046875,0.09926590110014143,0.010989411349990947,0.984375
4892,4,0.09375,0.09871431099012729,0.01098394914842186,0.984375
4893,4,0.15625,0.10446787989111456,0.011040894935622176,0.984375
4894,4,0.171875,0.11120859190200309,0.011107523966463702,0.984375
4895,4,0.078125,0.10790023271180278,0.011074834322483742,0.984375
4896,4,0.140625,0.11117270944062249,0.011107169541817752,0.984375
4897,4,0.0625,0.10630543849656024,0.0110590679327219,0.984375
4898,4,0.15625,0.11129989464690422,0.01110842578551108,0.984375
4899,4,0.265625,0.1267324051822138,0.011260582485465227,0.984375
4900,4,0.1875,0.13280916466399242,0.011320337932022929,0.984375
4901,4,0.171875,0.1367157481975932,0.011358702751896503,0.984375
4902,4,0.140625,0.13710667337783386,0.011362539632058542,0.984375
4903,4,0.140625,0.13745850604005047,0.011365992474778746,0.984375
4904,4,0.15625,0.13933765543604543,0.011384428577521977,0.984375
4905,4,0.09375,0.13477888989244088,0.011339686746558783,0.984375
4906,4,0.09375,0.1306760009031968,0.011299372294036074,0.984375
4907,4,0.15625,0.13323340081287713,0.011324506103028587,0.984375
4908,4,0.125,0.1324100607315894,0.011316416261733313,0.984375
4909,4,0.0625,0.12541905465843045,0.011247655547848977,0.984375
4910,4,0.109375,0.12381464919258742,0.011231858093370154,0.984375
4911,4,0.078125,0.11924568427332868,0.011186836746731528,0.984375
4912,4,0.29687501192092897,0.1370086170380887,0.011361577260105536,0.984375
4913,4,0.21875,0.14518275533427982,0.01144171227278344,0.984375
4914,4,0.109375,0.14160197980085185,0.011406630833244332,0.984375
4915,4,0.140625,0.14150428182076666,0.01140567317090883,0.984375
4916,4,0.171875,0.14454135363869,0.011435430993389506,0.984375
4917,4,0.09375,0.139462218274821,0.011385650310591926,0.984375
4918,4,0.171875,0.1427034964473389,0.01141742637543388,0.984375
4919,4,0.15625,0.144058146802605,0.011430698160061925,0.984375
4920,4,0.171875,0.1468398321223445,0.011457934721136978,0.984375
4921,4,0.125,0.14465584891011007,0.011436552336352369,0.984375
4922,4,0.078125,0.13800276401909908,0.011371333101966521,0.984375
4923,4,0.1875,0.14295248761718918,0.011419866176220464,0.984375
4924,4,0.21875,0.15053223885547026,0.011494054331845664,0.984375
4925,4,0.15625,0.15110401496992323,0.011499643983107224,0.984375
4926,4,0.171875,0.1531811134729309,0.011519941491114785,0.984375
4927,4,0.171875,0.1550505021256378,0.011538198298651546,0.984375
4928,4,0.1875,0.15829545191307404,0.011569864107141382,0.984375
4929,4,0.140625,0.15652840672176666,0.011552624374405959,0.984375
4930,4,0.1875,0.15962556604959,0.011582834729384189,0.984375
4931,4,0.1875,0.162413009444631,0.011609998751515988,0.984375
4932,4,0.09375,0.15554670850016789,0.011543042587144227,0.984375
4933,4,0.109375,0.1509295376501511,0.011497938404063773,0.984375
4934,4,0.03125,0.138961583885136,0.011380739749601331,0.984375
4935,4,0.109375,0.13600292549662238,0.011351705440658619,0.984375
4936,4,0.078125,0.13021513294696013,0.011294841154939684,0.984375
4937,4,0.09375,0.12656861965226412,0.011258970623538578,0.984375
4938,4,0.125,0.12641175768703772,0.011257426836143327,0.984375
4939,4,0.140625,0.12783308191833395,0.011271412840707437,0.984375
4940,4,0.203125,0.13536227372650056,0.011345415433092306,0.984375
4941,4,0.109375,0.13276354635385051,0.011319889698826715,0.984375
4942,4,0.09375,0.12886219171846547,0.011281536255930598,0.984375
4943,4,0.15625,0.13160097254661893,0.011308464745785798,0.984375
4944,4,0.125,0.13094087529195703,0.011301976227689385,0.984375
4945,4,0.0625,0.12409678776276131,0.011234636568626277,0.984375
4946,4,0.109375,0.12262460898648518,0.011220136564062648,0.984375
4947,4,0.09375,0.11973714808783666,0.011191681875194415,0.984375
4948,4,0.125,0.12026343327905299,0.011196869663208407,0.984375
4949,4,0.09375,0.11761208995114769,0.011170727799689025,0.984375
4950,4,0.078125,0.11366338095603293,0.011131764111336909,0.984375
4951,4,0.078125,0.11010954286042964,0.011096666969262092,0.984375
4952,4,0.1875,0.11784858857438668,0.011173060306710529,0.984375
4953,4,0.125,0.11856372971694801,0.011180112716842834,0.984375
4954,4,0.140625,0.1207698567452532,0.011201861049895196,0.984375
4955,4,0.140625,0.12275537107072787,0.011221424697359808,0.984375
4956,4,0.2093749761581421,0.13141733157946928,0.011306659733564898,0.984375
4957,4,0.125,0.13077559842152237,0.011300351440814685,0.984375
4958,4,0.2093749761581421,0.13863553619518432,0.011377541287933932,0.984375
4959,4,0.0625,0.13102198257566589,0.01130277354326799,0.984375
4960,4,0.109375,0.12885728431809929,0.011281487987856205,0.984375
4961,4,0.0625,0.12222155588628936,0.011216165841858172,0.984375
4962,4,0.125,0.12249940029766042,0.011218903098570623,0.984375
4963,4,0.140625,0.12431196026789437,0.011236755438019308,0.984375
4964,4,0.171875,0.12906826424110493,0.011283563083586672,0.984375
4965,4,0.171875,0.13334893781699442,0.011325641186848272,0.984375
4966,4,0.203125,0.140326544035295,0.011394126598059618,0.984375
4967,4,0.1875,0.14504388963176548,0.011440352452255099,0.984375
4968,4,0.3656249761581421,0.16710199828440314,0.011655638419914276,0.984375
4969,4,0.25,0.17539179845596284,0.011736151724421615,0.984375
4970,4,0.171875,0.17504011861036656,0.011732740721982094,0.984375
4971,4,0.265625,0.1840986067493299,0.011820465798751654,0.984375
4972,4,0.1875,0.1844387460743969,0.011823754262821569,0.984375
4973,4,0.234375,0.1894323714669572,0.011871985271604634,0.984375
4974,4,0.09375,0.1798641343202615,0.011779493079358215,0.984375
4975,4,0.125,0.17437772088823533,0.011726314885823408,0.984375
4976,4,0.1875,0.1756899487994118,0.011739043208940678,0.984375
4977,4,0.234375,0.18155845391947062,0.011795894791987756,0.984375
4978,4,0.140625,0.17746510852752356,0.011756252619004664,0.984375
4979,4,0.125,0.1722185976747712,0.01170535932936188,0.984375
4980,4,0.15625,0.1706217379072941,0.011689850928403238,0.984375
4981,4,0.140625,0.1676220641165647,0.011660696085042686,0.984375
4982,4,0.140625,0.16492235770490823,0.011634431864587414,0.984375
4983,4,0.078125,0.1562426219344174,0.011549835295346316,0.984375
4984,4,0.15625,0.15624335974097567,0.011549842496190716,0.984375
4985,4,0.078125,0.1484315237668781,0.011473509684348595,0.984375
4986,4,0.15625,0.14921337139019028,0.011481157520783429,0.984375
4987,4,0.21875,0.15616703425117126,0.011549097565954587,0.984375
4988,4,0.140625,0.15461283082605415,0.011533924853622637,0.984375
4989,4,0.109375,0.15008904774344872,0.011489721063127822,0.984375
4990,4,0.125,0.14758014296910388,0.011465179687790783,0.984375
4991,4,0.109375,0.1437596286721935,0.01142777395754838,0.984375
4992,4,0.125,0.14188366580497414,0.011409391849130349,0.984375
4993,4,0.15625,0.14332029922447673,0.011423469952371923,0.984375
4994,4,0.140625,0.14305076930202906,0.011420829165843726,0.984375
4995,4,0.140625,0.14280819237182615,0.011418452285018307,0.984375
4996,4,0.109375,0.13946487313464354,0.011385676349440377,0.984375
4997,4,0.140625,0.1395808858211792,0.011386814182425571,0.984375
4998,4,0.234375,0.14906029723906128,0.011479660327168201,0.984375
