step,gap,gap_ema,mu
6,0.02625560760498047,0.0026255607604980464,0.025065638868183828
7,0.08581626415252686,0.010944631099700924,0.025273604852998562
8,0.21223032474517822,0.03107320046424865,0.02577658008700059
9,0.3049893379211426,0.058464814209938036,0.02645995729072172
10,0.6497471332550049,0.11759304611444471,0.027926349927645824
11,-0.04303598403930664,0.10153014309906959,0.027529567638560477
12,0.17060315608978271,0.10843744439814089,0.027700360174632954
13,-0.43865203857421875,0.05372849610090493,0.026341921386525604
14,-0.09077143669128418,0.039278502821686025,0.025981457891113252
15,-0.7218916416168213,-0.03683851162216469,0.024079453588905043
16,-0.3709225654602051,-0.07024691700596872,0.02324671007186184
17,0.12813305854797363,-0.050408919450574484,0.023740843363606545
18,-0.20641493797302246,-0.06600952130281929,0.02335215463434971
19,0.43892836570739746,-0.015515732601797623,0.024612137808839536
20,-0.3275362253189087,-0.046717781873508724,0.023832904411580546
21,-0.6181846857070923,-0.10386447225686707,0.022412685344908628
22,0.0021210908889770508,-0.09326591594228266,0.022675089298162587
23,0.33486998081207275,-0.05045232626684713,0.023739760948384467
24,0.010245561599731445,-0.04438253748018928,0.02389116453233185
25,-0.24340569972991943,-0.06428485370516229,0.02339508883635144
26,0.17415308952331543,-0.04044105938231453,0.02398952432606621
27,0.2747797966003418,-0.008918973784048906,0.02477703156760532
28,-0.07362520694732666,-0.01538959710037668,0.02461529044350956
29,-0.06428384780883789,-0.0202790221712228,0.024493093930285644
30,0.1209709644317627,-0.006154023510924254,0.02484615135440757
31,0.3225201964378357,0.026713398483951732,0.025667676150494208
32,-0.42578089237213135,-0.018536030601656563,0.02453665230009497
33,0.06607651710510254,-0.010074775830980655,0.024748139125553768
34,0.3024466633796692,0.021177368090084324,0.025529355069402012
35,0.08621788024902344,0.027681419305978235,0.02569185877688251
36,-0.11401796340942383,0.013511481034438031,0.025337766471881924
37,0.1326862871646881,0.025428961647463038,0.025635587050097698
38,-0.6032037436962128,-0.03743430888690452,0.02406457918064651
39,0.09482830762863159,-0.02420804723535091,0.024394917013335606
40,-0.4336030185222626,-0.06514754436404206,0.02337361164731827
41,-0.021284878253936768,-0.060761277753031535,0.02348283468762158
42,0.06662219762802124,-0.048022930214926256,0.023800348815455046
43,-0.26616889238357544,-0.06983752643179117,0.02325689478897913
44,0.07090160250663757,-0.055763613537948294,0.023607352878545998
45,-0.11030042171478271,-0.06121729435563174,0.023471476573858393
46,0.13460251688957214,-0.04163531323111135,0.023959718209020396
47,-0.14473336935043335,-0.05194511884304355,0.0237025387969075
48,-0.20005080103874207,-0.0667556870626134,0.02333358245260191
49,-0.12004205584526062,-0.07208432394087812,0.023201006768698264
50,0.3453519493341446,-0.030340696613375864,0.024241715252051453
51,0.05960574746131897,-0.021346052205906383,0.024466429733522917
52,-0.327738493680954,-0.051985296353411134,0.023701537066639404
53,-0.37626057863235474,-0.08441282458130549,0.022894677520948065
54,-0.24057883024215698,-0.10002942514739063,0.02250757181534892
55,0.22019916772842407,-0.06800656585980917,0.02330245203953251
56,-0.9262505769729614,-0.15383096697112436,0.02118427683096345
57,-0.4560551643371582,-0.18405338670772775,0.02044992854727165
58,-0.10660949349403381,-0.17630899738635836,0.02063738542314157
59,0.1458042562007904,-0.1440976720276435,0.02142228670071144
60,0.3442790359258652,-0.09526000123229264,0.02262567753243401
61,-0.15925219655036926,-0.10165922076410029,0.022467238498779143
62,-0.0705035924911499,-0.09854365793680525,0.02254435222149133
63,-0.6310417652130127,-0.15179346866442597,0.02123404307803763
64,-0.5207600593566895,-0.18869012773365232,0.020337945132803927
65,-0.11219784617424011,-0.1810408995777111,0.020522785732412993
66,0.05592703819274902,-0.1573441058006651,0.02109854070120842
67,0.26561200618743896,-0.1150484946018547,0.022136410804887686
68,0.06531411409378052,-0.09701223373229119,0.022582274109241185
69,-0.34986329078674316,-0.12229733943773638,0.02195771884586777
70,0.09690052270889282,-0.10037755322307346,0.022498955418482378
71,0.17872624099254608,-0.0724671738015115,0.023191485346814554
72,0.07195407152175903,-0.058025049269184455,0.023550999619556718
73,0.19808396697044373,-0.032414147645221644,0.024189929996297467
74,-0.001915469765663147,-0.029364279857265797,0.024266103928080734
75,0.0817921906709671,-0.01824863280444251,0.024543834815016118
76,0.16261492669582367,-0.00016227685441589507,0.024995943078675215
77,-0.2762025445699692,-0.02776630362597122,0.024306020745362242
78,-0.04539915919303894,-0.02952958918267799,0.024261974776467844
79,-0.8818090260028839,-0.11475753286469856,0.022143589650254092
80,0.36193472892045975,-0.06708830668618274,0.023325304092548717
81,-0.05907544493675232,-0.06628702051123969,0.023345247421447845
82,0.1562681496143341,-0.04403150349868232,0.023899923253801986
83,-0.5949043929576874,-0.0991187924445828,0.022530113391945307
84,-0.6496930718421936,-0.15417622038434386,0.021175847012225586
85,0.19347145408391953,-0.11941145293751754,0.022028822371654197
86,-0.1588502824306488,-0.12335533588683067,0.021931663989267595
87,-0.07333016395568848,-0.11835281869371644,0.0220549176806568
88,0.00829237699508667,-0.10568829912483613,0.02236758659798095
89,0.12448287010192871,-0.08267118220215966,0.022937916093430613
90,-0.05601796507835388,-0.08000586048977909,0.02300411019373742
91,0.11525227129459381,-0.0604800473113418,0.023489839674689404
92,-0.12413743138313293,-0.06684578571852091,0.023331340007646972
93,0.15918631851673126,-0.0442425752949957,0.023894656725187365
94,-0.10464364290237427,-0.05028268205573355,0.023743991312624304
95,-0.043313175439834595,-0.049585731394143656,0.02376137170572642
96,-0.029172122478485107,-0.0475443705025778,0.023812285532452963
97,0.1284453272819519,-0.029945400724124837,0.024251588675411162
98,0.05046430975198746,-0.02190442967651361,0.02445247682323023
99,0.15605615079402924,-0.00410837162945933,0.02489729128712665
100,-0.2698991894721985,-0.03068745341373324,0.02423305439882875
101,0.0719170868396759,-0.020426999388392326,0.02448939603191077
102,0.1107572615146637,-0.007308573298086729,0.024817288920721853
103,-0.00875180959701538,-0.007452896927979594,0.024813681026525307
104,0.030879974365234375,-0.003619609798658198,0.02490951015021972
105,-0.3231968283653259,-0.035577331655324965,0.024110941784417732
106,0.17661511898040771,-0.014358086591751699,0.02464107249972503
107,0.12792441248893738,-0.0001298366836827939,0.02499675408292617
108,-0.05895853042602539,-0.006012706057917052,0.024849684159985563
109,0.02496013045310974,-0.002915422406814373,0.02492711464633044
110,-0.1630435287952423,-0.018928233045657165,0.024526850678840764
111,-0.06865493953227997,-0.023900903694319443,0.024402591160546543
112,0.02106228470802307,-0.019404584854085194,0.02451494625749437
113,-0.4152768403291702,-0.05899181040159369,0.02352691314094815
114,-0.03275495767593384,-0.0563681251290277,0.023592287495115938
115,0.08863219618797302,-0.04186809299732763,0.02395390884768299
116,-0.18432512879371643,-0.05611379657696651,0.023598625639895746
117,0.07912249863147736,-0.04259016705612213,0.023935889150615015
118,0.14127139747142792,-0.024204010603367132,0.024395017870028513
119,-0.32623690366744995,-0.0544072999097754,0.023641158031690743
120,-0.5906105041503906,-0.10802762033383691,0.02230976633809442
121,0.10677117109298706,-0.0865477411911545,0.022841692722907744
122,-0.003621041774749756,-0.07825507124951404,0.02304760698398949
123,-0.08639097213745117,-0.07906866133830776,0.023027392571571798
124,-0.015348955988883972,-0.07269669080336537,0.023185777544119473
125,0.1289154440164566,-0.052535477321383174,0.023687820040132476
126,-0.10161450505256653,-0.057443380094501506,0.023565492984959205
127,-0.3182923495769501,-0.08352827704274635,0.02291663601325032
128,-0.17082197964191437,-0.09225764730266314,0.022700080352840057
129,0.09310176968574524,-0.0737217056038223,0.023160289028453775
130,0.11348601058125496,-0.05500093398531458,0.02362636150362908
131,-0.13620683550834656,-0.06312152413761778,0.02342405436829362
132,-0.14350350946187973,-0.07115972267004397,0.023224003629671936
133,-0.005293816328048706,-0.06457313203584446,0.023387911712305542
134,-0.09105826914310455,-0.06722164574657047,0.02332198560424293
135,-0.1729157641530037,-0.07779105758721379,0.02305913699273247
136,0.08423171937465668,-0.06158877989102675,0.023462224363356765
137,-0.541353777050972,-0.10956527960702125,0.022271776315856084
138,0.10581997036933899,-0.08802675460938524,0.022804997686628095
139,0.16253984719514847,-0.06297009442893187,0.023427825103315574
140,0.10324341058731079,-0.046348743927307604,0.023842110411577303
141,-0.06054866313934326,-0.047768735848511164,0.02380668911873179
142,-0.19440284371376038,-0.06243214663503609,0.023441221063502965
143,0.17600655555725098,-0.03858827641580738,0.024035771638480086
144,0.4860865920782089,0.01387921043359424,0.02534695798266681
145,-0.1701030731201172,-0.004519017921776898,0.024887025320992868
146,-0.11711673438549042,-0.01577878956814825,0.02460556299460639
147,0.16795947402715683,0.002595036791382255,0.025064875774155466
148,-0.28552329540252686,-0.02621679642800865,0.024344730209189397
149,-0.03987422585487366,-0.02758253937069515,0.02431061133502215
150,-0.42607581615448,-0.06743186704907363,0.023316753822655342
151,-0.1316050887107849,-0.07384918921524475,0.023157119226839537
152,0.20760168135166168,-0.04570410215855411,0.023858192362663847
153,-0.0969090461730957,-0.050824596560008276,0.023730478015311543
154,-0.31959259510040283,-0.07770139641404772,0.023061365027601134
155,-0.020681023597717285,-0.07199935913241468,0.023203119902699687
156,0.14062178134918213,-0.050737245084255006,0.023732656180535446
157,-0.163543701171875,-0.062017890693017004,0.023451537465701958
158,-0.12227731943130493,-0.06804383356684579,0.0233015246449318
159,-0.059684425592422485,-0.06720789276940346,0.02332232787999996
160,-0.14844664931297302,-0.07533176842376042,0.023120260207891943
161,-0.12233027815818787,-0.08003161939720316,0.023003470326870563
162,-0.08205804228782654,-0.0802342616862655,0.022998436661520263
163,-0.01067669689655304,-0.07327850520729426,0.02317130939595234
164,-0.06877365708351135,-0.07282802039491597,0.02318251162582022
165,-0.4197326600551605,-0.10751848436094041,0.022322348033697915
166,-0.30788692831993103,-0.12755532875683948,0.021828299722006915
167,-0.042628899216651917,-0.11906268580282073,0.022037418750785975
168,-0.1704818308353424,-0.12420460030607289,0.02191075438559656
169,-0.23516276478767395,-0.135300416754233,0.021637979861724485
170,-0.25851577520370483,-0.14762195259918018,0.021336027984758945
171,0.040712401270866394,-0.12878851721217552,0.021797970990373963
172,0.03699970990419388,-0.11220969450053858,0.022206472258160165
173,0.14564532041549683,-0.08642419300893504,0.0228447584392152
174,0.060990139842033386,-0.0716827597238382,0.023210994177665954
175,-0.2600257396697998,-0.09051705771843435,0.022743233675927194
176,0.18803506344556808,-0.06266184560203411,0.02343550099617781
177,-0.755556583404541,-0.13195131938228477,0.021720229815067472
178,0.5922286063432693,-0.05953332680972937,0.023513422665814895
179,0.569366529583931,0.0033566588296366495,0.02508391615557561
180,-0.04399806261062622,-0.0013788133143896367,0.02496552968898439
181,0.06535123288631439,0.005294191305680765,0.025132353546088906
182,-0.3943859040737152,-0.034673818232258825,0.024133501772365232
183,0.1331273317337036,-0.017893703235662584,0.024552705157065213
184,-0.14969244599342346,-0.031073577511438667,0.024223410495915303
185,-0.8096309900283813,-0.10892931876313292,0.02228748708172583
186,0.27970683574676514,-0.07006570331214311,0.02325121818922976
187,-0.263088583946228,-0.0893679913755516,0.02277172919018051
188,-0.2396140694618225,-0.10439259918417869,0.022399624302250787
189,-0.04917484521865845,-0.09887082378762667,0.022536252250911003
190,0.018353313207626343,-0.08714841008810137,0.022826788698760248
191,-0.6650598645210266,-0.14493955553139387,0.02140167314697014
192,-0.07045364379882812,-0.13749096435813732,0.02158422249991345
193,0.03611499071121216,-0.12013036885120237,0.02201110485127954
194,-0.04390624165534973,-0.11250795613161711,0.022199109065934433
195,-0.059544309973716736,-0.10721159151582707,0.022329932589233655
196,0.12465207278728485,-0.0840252250855159,0.02290429910234522
197,-0.11816619336605072,-0.08743932191356937,0.02281957104313682
198,0.14375469088554382,-0.06431992063365806,0.023394215778036204
199,-0.1700950264930725,-0.0748974312195995,0.023131057602074533
200,0.026566974818706512,-0.0647509906157689,0.023383483787596672
201,-0.027061983942985535,-0.06098208994849057,0.023477334787062355
202,-0.1850849688053131,-0.07339237783417282,0.023168477835978665
203,0.09247371554374695,-0.05680576849638086,0.02358138137070635
204,-0.24652880430221558,-0.07577807207696433,0.023109166068749076
205,-0.38209110498428345,-0.10640937536769624,0.022349760919252736
206,-0.10271048545837402,-0.10603948637676401,0.022358904581581962
207,-0.04237350821495056,-0.09967288856058266,0.02251639694830197
208,-0.050415605306625366,-0.09474716023518692,0.022638383531365304
209,-0.40182361006736755,-0.12545480521840496,0.021879981283030016
210,-0.012533172965049744,-0.11416264199306944,0.02215826876756367
211,-0.046586692333221436,-0.10740504702708464,0.022325151468082685
212,-0.05504375696182251,-0.10216891802055844,0.022454627505548205
213,-0.09430968761444092,-0.10138299497994668,0.022474073456263014
214,0.07646000385284424,-0.08359869509666759,0.0229148877978805
215,-0.39499038457870483,-0.11473786404487131,0.022144074952661283
216,0.3034576401114464,-0.07291831362923956,0.023180266240203144
217,-0.42405998706817627,-0.10803248097313323,0.02230964622930214
218,-0.18974611163139343,-0.11620384403895924,0.022107909814628686
219,-0.2913174033164978,-0.13371519996671308,0.021676901826652238
220,0.06030729413032532,-0.11431295055700924,0.022154559669154687
221,-0.39906203746795654,-0.14278785924810397,0.021454367389387594
222,0.2569035589694977,-0.10281871742634383,0.02243855198617479
223,-0.3263171464204788,-0.12516856032575732,0.02188702619859479
224,-0.08543691039085388,-0.12119539533226698,0.021984863116853503
225,-0.0772407054901123,-0.1167999263480515,0.022093208202144596
226,-0.24005192518234253,-0.1291251262314806,0.021789694171998053
227,0.05156830698251724,-0.11105578291008081,0.022234963513236772
228,0.06451922655105591,-0.09349828196396713,0.022669330511650584
229,-0.037211135029792786,-0.0878695672705497,0.02280889713051836
230,-0.1903667449951172,-0.09811928504300645,0.022554859618961223
231,-0.1568831205368042,-0.10399566859238622,0.02240944061076105
232,0.19834913313388824,-0.07376118841975877,0.023159307306149447
233,-0.03494860231876373,-0.06987992980965926,0.023255839861215686
234,0.021571338176727295,-0.06073480301102062,0.023483494119658707
235,-0.2190122902393341,-0.07656255173385196,0.023089667426764843
236,-0.4898214340209961,-0.11788843996256636,0.022066366662692787
237,-0.6392195224761963,-0.17002154821392934,0.02078995042324982
238,-0.02184396982192993,-0.15520379037472942,0.02115076280746081
239,0.10943275690078735,-0.12874013564717773,0.021799160694642647
240,-0.22591574490070343,-0.1384576965725303,0.02156050850953363
241,0.09505277872085571,-0.1151066490431917,0.022134976028402815
242,-0.6042824983596802,-0.16402423397484056,0.020935776829628633
243,0.16924533247947693,-0.13069727732940883,0.021751046336311478
244,-0.17447444796562195,-0.13507499439303014,0.021643513668842408
245,-0.27732720971107483,-0.1493002159248346,0.02129498274247904
246,-0.2940238118171692,-0.16377257551406807,0.020941902266749562
247,-0.4330425560474396,-0.1906995735674052,0.02028947420807159
248,-0.3116055577993393,-0.2027901719905986,0.019998617185460123
249,0.12913142144680023,-0.1695980126468587,0.020800239267113454
250,0.11389988660812378,-0.14124822272136048,0.021492092288057207
251,-0.11537918448448181,-0.1386613188976726,0.021555514446291925
252,-0.18642650544643402,-0.14343783755254874,0.021438446250048857
253,0.010961353778839111,-0.12799791841940997,0.021817413684871605
254,-0.13979452848434448,-0.1291775794259034,0.021788404474263712
255,-0.17436522245407104,-0.13369634372872016,0.021677364904599216
256,0.07975751161575317,-0.11235095819427283,0.022202984816618095
257,0.019916608929634094,-0.09912420148188215,0.022529979485963015
258,0.14135637879371643,-0.0750761434543223,0.023126614824894948
259,0.1658918559551239,-0.050979343513377684,0.0237266193479706
260,-0.09671077132225037,-0.05555248629426495,0.02361261474248037
261,-0.4044184535741806,-0.0904390830222565,0.022745167171950124
262,-0.4007229804992676,-0.1214674727699576,0.021978160339809958
263,0.0228225439786911,-0.10703847109509274,0.022334211310002173
264,-0.15742680430412292,-0.11207730441599575,0.022209740732791465
265,-0.17559826374053955,-0.11842940034845013,0.02205302972559399
266,0.08349382877349854,-0.09823707743625527,0.02255194301261437
267,-0.23827514797449112,-0.11224088449007885,0.02220570224711973
268,0.2106616199016571,-0.07995063405090527,0.02300548206080755
269,-0.15251436829566956,-0.0872070074753817,0.022825334841346166
270,0.2104499265551567,-0.05744131407232786,0.023565544465460376
271,-0.3525182008743286,-0.08694900275252793,0.022831736297030187
272,-0.1086488664150238,-0.08911898911877753,0.022777904929786628
273,0.0817120373249054,-0.07203588647440923,0.02320221143908257
274,0.024249784648418427,-0.06240731936212647,0.023441839333278525
275,0.09388468228280544,-0.04677811919763328,0.023831399270166906
276,0.13606918323785067,-0.02849338895408489,0.024287857988725438
277,0.057920798659324646,-0.01985197019274394,0.024503765932203297
278,0.030082806944847107,-0.014858492478984837,0.024628565022117237
279,-0.10890822112560272,-0.024263465343646623,0.02439353237408598
280,0.0885714590549469,-0.012979972903787272,0.0246755189000264
281,-0.16780424118041992,-0.02846239973145053,0.02428863209133167
282,0.053466618061065674,-0.020269497952198914,0.024493331937915842
283,0.1277996376156807,-0.005462584395410957,0.02486343674845335
284,-0.6108260676264763,-0.06599893271851748,0.023352418199053922
285,-0.5095329433679581,-0.11035233378346153,0.022252335963405333
286,0.11555617302656174,-0.08776148310245921,0.022811578503921955
287,0.16172970086336136,-0.06281236470587716,0.02343175279068251
288,-0.07300487160682678,-0.06383161539597212,0.023406373424689264
289,-0.013913065195083618,-0.058839760375883274,0.023530701227650025
290,-0.23260903358459473,-0.07621668769675441,0.02309826376709775
291,-0.48105236887931824,-0.11670025581501078,0.022095666307547324
292,0.004141449928283691,-0.10461608524068135,0.022394097727495767
293,-0.4127509295940399,-0.1354295696760172,0.02163480948730829
294,-0.2939351201057434,-0.1512801247189898,0.02124658642692498
295,-0.07792925834655762,-0.14394503808174658,0.02142602448219659
296,-0.7665596604347229,-0.2062065003170442,0.019916683512251756
297,0.4132024794816971,-0.14426560233717012,0.021418174522373334
298,0.000600472092628479,-0.12977899489419029,0.021773618360001232
299,-0.03876084089279175,-0.12067717949405043,0.021997630864593352
300,0.13902178406715393,-0.09470728313793,0.022639371566364645
301,-0.022346332669258118,-0.08747118809106282,0.02281878045091405
302,0.20897606760263443,-0.0578264625216931,0.02355594766700533
303,-0.5351485013961792,-0.1055586664091417,0.02237079152748593
304,-0.03692513704299927,-0.09869531347252747,0.022540597469624668
305,0.30158521980047226,-0.05866726014522751,0.02353499888093595
306,0.13931744173169136,-0.03886878995753563,0.024028769308025177
307,0.2103587593883276,-0.013946035022949315,0.024651371725924198
308,0.21239676047116518,0.00868824452646213,0.02521720064801582
309,0.20524924248456955,0.02834434432227287,0.02570841890319688
310,0.07666743919253349,0.033176653809298934,0.025829112168962012
311,0.18624189496040344,0.048483177924409385,0.026211130628084268
312,-0.42998582124710083,0.0006362780072583715,0.025015906948034818
313,-1.126183032989502,-0.11204565309241764,0.022210522161726733
314,0.18703705072402954,-0.08213738271077294,0.022951170870383335
315,-0.35620206594467163,-0.1095438510341628,0.02227230565152533
316,0.08597081899642944,-0.08999238403110357,0.02275624424672881
317,0.0782507061958313,-0.07316807500841009,0.023174055401468396
318,-0.14560312032699585,-0.08041157954026867,0.02299403219297168
319,-0.34826597571372986,-0.10719701915761479,0.02233029274314426
320,0.2611655555665493,-0.07036076168519839,0.0232438779759633
321,0.046380430459976196,-0.058686642470680936,0.023534515987303946
322,0.11832064017653465,-0.04098591420595939,0.023975925509503084
323,0.0238305926322937,-0.03450426352213408,0.02413773557276165
324,0.0011151134967803955,-0.030942325820242634,0.02422668863527194
325,-0.1860591024160385,-0.04645400347982222,0.0238394845804697
326,-0.03269243240356445,-0.045077846372196445,0.023873816543566552
327,-0.33425167202949524,-0.07399522893792632,0.02315348811214854
328,-0.0604676753282547,-0.07264247357695916,0.023187125842053236
329,0.0717412531375885,-0.058204100905504395,0.02354653841248175
330,-0.11281299591064453,-0.0636649904060184,0.02341052216672835
331,0.030529707670211792,-0.05424552059839539,0.023645190601193605
332,-0.19063645601272583,-0.06788461413982844,0.023305486800667078
333,0.18759899586439133,-0.04233625313940646,0.02394222556628572
334,0.007048189640045166,-0.0373978088614613,0.02406549040500809
335,-0.2820380628108978,-0.06186183425640496,0.023455423946865235
336,-0.39284856617450714,-0.09496050744821517,0.022633097553131285
337,-0.07806557416915894,-0.09327101412030955,0.022674962946040687
338,0.039214685559272766,-0.08002244415235132,0.023003698245209838
339,0.14338426291942596,-0.0576817734451736,0.02355955285529285
340,0.26138945668935776,-0.025774650431720468,0.0243557763924716
341,-0.08839479088783264,-0.03203666447733168,0.02419935728197621
342,-0.3578842282295227,-0.06462142085255078,0.023386709515406667
343,0.04963408410549164,-0.05319587035674654,0.023671356270330245
344,-0.3661923110485077,-0.08449551442592265,0.022892624949652107
345,0.014860495924949646,-0.07455991339083543,0.023139448601939405
346,-0.05019889771938324,-0.07212381182369021,0.023200024686325565
347,0.008031591773033142,-0.06410827146401789,0.023399485248975317
348,-0.051248833537101746,-0.06282232767132627,0.023431504696817755
349,-0.05190281569957733,-0.061730376474151374,0.023458697873160007
350,0.038006506860256195,-0.05175668814071062,0.023707236922142633
351,0.004421450197696686,-0.04613887430686989,0.023847345947944344
352,-0.36613160371780396,-0.07813814724796328,0.02305051228272769
353,-0.006163269281387329,-0.07094065945130569,0.023229452656407266
354,-0.1404617875814438,-0.0778927722643195,0.023056609471933203
355,0.2043723724782467,-0.04966625779006288,0.023759363495588947
356,-0.029905393719673157,-0.04769017138302391,0.023808648762710518
357,0.02720537781715393,-0.04020061646300613,0.023995525636980472
358,-0.12311562895774841,-0.048492117712480354,0.023788646401839152
359,0.11669332906603813,-0.03197357303462851,0.02420093295348824
360,0.15768864005804062,-0.013007351725361598,0.02467483454503684
361,-0.2143610417842865,-0.033142720731254086,0.02417173522588188
362,0.06461253762245178,-0.0233671948958835,0.024415926430145604
363,0.0642191469669342,-0.014608560709601731,0.024634811960155826
364,0.15882839262485504,0.0027351346238439437,0.02506837819508464
365,-0.5269331634044647,-0.05023169517898691,0.02374526277040898
366,0.05919194221496582,-0.03928933143959164,0.024018271810784825
367,0.03053334355354309,-0.03230706394027817,0.024192604287399586
368,-0.30327509343624115,-0.059403866889874465,0.02351664774481809
369,0.12628675252199173,-0.04083480494868785,0.02397969692534703
370,0.10233943164348602,-0.026517381289470468,0.024337220809629384
371,0.21708717942237854,-0.002156925218285574,0.02494607695316537
372,0.2616143114864826,0.024220198452191238,0.025605386589041323
373,0.022662609815597534,0.024064439588531866,0.025601494886183535
374,0.12688587605953217,0.034346583235631896,0.025858327088106633
375,0.20869430899620056,0.05178135581168876,0.0262933781198268
376,0.15807214379310608,0.062410434609830485,0.02655823824536302
377,-0.02838355302810669,0.053331035846036774,0.026332013298402335
378,-0.052923351526260376,0.04270559710880706,0.026066991358331522
379,-0.027364999055862427,0.035698537492340116,0.0258920845162858
380,-0.052495017647743225,0.026879181978331782,0.02567181776328389
381,-0.01226469874382019,0.022964793906116585,0.025574018942160742
382,0.033514320850372314,0.02401974660054216,0.025600378207073716
383,-0.022581547498703003,0.019359617190617646,0.02548392997313377
384,-0.20692084729671478,-0.003268429258115591,0.024918289559507704
385,-0.1657392382621765,-0.019515510158521678,0.024512174174788376
386,0.052344389259815216,-0.01232952021668799,0.024691777612779135
387,0.04138079285621643,-0.006958488909397549,0.024826040584993887
388,-0.001878112554550171,-0.006450451273912811,0.02483874095471872
389,-0.07879588007926941,-0.013684994154448469,0.02465789650214656
390,-0.12487080693244934,-0.02480357543224855,0.0243800377461588
391,-0.010595947504043579,-0.023382812639428055,0.024415536199814097
392,-0.36743438243865967,-0.057787969619351204,0.023556906780945755
393,-0.08093039691448212,-0.060102212348864294,0.023499251295733117
394,-0.18876934051513672,-0.07296892516549153,0.023179007660298824
395,-0.6077745258808136,-0.1264494852370237,0.02185550463826332
396,0.022763699293136597,-0.11152816678400769,0.02222329898973764
397,0.0500364750623703,-0.0953717025993699,0.02262291021586951
398,0.05607054382562637,-0.08022747795687028,0.022998605167752453
399,-0.45722314715385437,-0.11792704487656869,0.022065414833826555
400,0.10566939413547516,-0.09556740097536431,0.022618062078928303
401,-0.07933840900659561,-0.09394450177848744,0.02265827243203659
402,0.10872748494148254,-0.07367730310649044,0.02316139308321901
403,-0.1408638283610344,-0.08039595563194483,0.0229944202764002
404,0.13219010084867477,-0.05913734998388287,0.02352328731525831
405,-0.15872472524642944,-0.06909608751013753,0.023275341600282343
406,0.12920594029128551,-0.049265884729995234,0.02376934837011234
407,0.23780261725187302,-0.020559034531808414,0.024486096539191454
408,-0.6645819246768951,-0.08496132354631707,0.022881062923349564
409,-0.25982755422592163,-0.10244794661427753,0.022447724299169556
410,0.1349431499838829,-0.0787088369544615,0.023036332428940993
411,-0.9616278111934662,-0.16700073437836194,0.02086336619453819
412,-0.15059193968772888,-0.16535985490929864,0.020903275849200494
413,-0.16148504614830017,-0.1649723740331988,0.02091270334327266
414,0.03533877432346344,-0.1449412591975326,0.02140163143768668
415,-0.388014480471611,-0.16924858132494044,0.02080872901752426
416,-0.0877583771944046,-0.16109956091188687,0.02100699493511692
417,-0.18506285548210144,-0.16349589036890833,0.020948637437922076
418,0.05507785081863403,-0.1416385162501541,0.021482527583107168
419,-0.06040221452713013,-0.13351488607785172,0.021681821322294452
420,-0.05373981595039368,-0.12553737906510593,0.021877949110469114
421,-0.12842406332492828,-0.12582604749108817,0.021870845204484696
422,0.17749804258346558,-0.09549363848363279,0.02261988941402232
423,0.07815483212471008,-0.07812879142279851,0.023050744756252982
424,-0.05827417969703674,-0.07614333025022232,0.023100087101248765
425,-0.13082628697156906,-0.08161162592235699,0.02296422707266127
426,-0.236118882894516,-0.09706235161957288,0.02258103288643709
427,-0.07261262834072113,-0.0946173792916877,0.022641599141618153
428,0.07957420498132706,-0.07719822086438623,0.023073869259690804
429,0.0713808462023735,-0.062340314157710255,0.02344350796317224
430,0.031385354697704315,-0.052967747272168804,0.023677043308120427
431,-0.20369133353233337,-0.06804010589818525,0.023301617406525907
432,-0.17469505965709686,-0.07870560127407641,0.02303641282190096
433,-0.26386624574661255,-0.09722166572133002,0.022577087383180056
434,0.08428889513015747,-0.07907060963618127,0.023027344167379515
435,-0.5980196297168732,-0.13096551164425047,0.02174445396444089
436,0.03747009485960007,-0.11412195099386542,0.02215927290328462
437,0.0894598513841629,-0.0937637707560626,0.022662751140466536
438,-0.2832467555999756,-0.11271206924045389,0.022194070404119425
439,0.012374430894851685,-0.10020341922692333,0.02250326527353709
440,-0.623820424079895,-0.15256511971222048,0.021215191752392237
441,-0.3093096911907196,-0.16823957686007038,0.020833249271415652
442,0.1335577666759491,-0.13805984250646844,0.02157026712866144
443,0.07497919350862503,-0.1167559389049591,0.02209429302700163
444,-0.10476075112819672,-0.11555642012728286,0.022123879999346126
445,-0.21373330801725388,-0.12537410891627995,0.021881967288999483
446,0.041753895580768585,-0.1086613084665751,0.02229410865367497
447,0.15423022955656052,-0.08237215466426154,0.02294534110391641
448,-0.3237996995449066,-0.10651490915232603,0.022347152253620696
449,-0.20054331421852112,-0.11591774965894554,0.022114966689633656
450,0.05535278469324112,-0.09879069622372687,0.022538236000526762
451,0.027022898197174072,-0.08620933678163678,0.022850090022715003
452,-0.24524779617786407,-0.10211318272125951,0.02245600645166999
453,0.11136441491544247,-0.08076542295758932,0.02298524331075682
454,0.002314463257789612,-0.07245743433605144,0.023191727559417077
455,0.05376831442117691,-0.05983485946032861,0.023505911138886698
456,-0.023385003209114075,-0.05618987383520716,0.023596729692701907
457,-0.008806541562080383,-0.05145154060789449,0.02371484533133628
458,0.03604068607091904,-0.04270231794001314,0.02393309047157029
459,0.03457779437303543,-0.03497430670870828,0.02412599866332446
460,-0.04503343999385834,-0.03598022003722329,0.024100882457655137
461,0.14094407856464386,-0.018287790177036578,0.02454285620732607
462,-0.4609307050704956,-0.06255208166638247,0.023438234366754504
463,0.11107329651713371,-0.04518954384803086,0.02387102978729232
464,-0.43571510910987854,-0.08424210037421562,0.022898915418412
465,0.09743952751159668,-0.0660739375856344,0.023350551230713897
466,0.09712076187133789,-0.049754467639937176,0.02375716368980706
467,0.2603663504123688,-0.01874238583470659,0.024531495211170762
468,0.09371250867843628,-0.007496896383392305,0.0248125811015986
469,0.4226703345775604,0.03551982671270296,0.025887622407214705
470,0.24669083207845688,0.05663692724927835,0.02641441114942214
471,-0.34980398416519165,0.015992836107831365,0.02539978681867791
472,-0.028345078229904175,0.011559044674057812,0.025288963247360442
473,0.13692346215248108,0.024095486421900136,0.02560227060713312
474,-0.1760651171207428,0.004079426067635845,0.025101985085955875
475,0.1567026861011982,0.019341752070992077,0.025483483512340806
476,-0.3425922989845276,-0.01685165303455988,0.024578748548792134
477,-0.23768004775047302,-0.03893449250615119,0.024027129227558244
478,0.10459283366799355,-0.024581759888736718,0.024385579754920058
479,-0.21961109340190887,-0.04408469324005393,0.023898596088117917
480,-0.45340190827846527,-0.08501641474389506,0.022879695543942563
481,0.09626525640487671,-0.06688824762901788,0.023330283192162585
482,-0.09099176526069641,-0.06929859939218573,0.023270302968123616
483,-0.42253266274929047,-0.10462200572789619,0.022393951323582156
484,0.03793945908546448,-0.09036585924656013,0.02274698288674979
485,-0.24131172895431519,-0.10546044621733563,0.022373219898542587
486,-0.04718571901321411,-0.09963297349692349,0.022517384980512662
487,0.006443113088607788,-0.08902536483837037,0.022780227064545366
488,0.15317824482917786,-0.06480500387161556,0.023382139106632997
489,-0.3060179650783539,-0.08892629999228939,0.022782684182049553
490,-0.07871520519256592,-0.08790519051231704,0.022808013393223872
491,-0.007641062140464783,-0.07987877767513182,0.023007267046352562
492,0.0738523006439209,-0.06450566984322656,0.023389591261517666
493,0.16663530841469765,-0.04139157201743414,0.02396580125000323
494,-0.028256326913833618,-0.04007804750707409,0.023998584929199707
495,-0.30736052989959717,-0.06680629574632639,0.023332322861265468
496,0.07096889615058899,-0.053028776556634856,0.02367552185349762
497,-0.4331367164850235,-0.0910395705494737,0.022730277913615735
498,0.13752850517630577,-0.06818276297689577,0.023298067473779556
499,-0.4616197198629379,-0.10752645866549998,0.022322150963225394
500,-0.028697192668914795,-0.09964353206584146,0.022517123619621535
501,-0.042774975299835205,-0.09395667638924084,0.022657970737582495
502,0.1808779314160347,-0.06647321560871329,0.023340612994802543
503,-0.3534656763076782,-0.09517246167860978,0.022627846299457088
504,-0.008339181542396545,-0.08648913366498845,0.02284314699798362
505,0.0528048500418663,-0.07255973529430298,0.023189183434643306
506,0.09090186655521393,-0.05621357510935131,0.023596139028505422
507,-0.02367822825908661,-0.05296004042432484,0.023677235439849433
508,-0.052346497774124146,-0.05289868615930477,0.023678765007361206
509,0.0516071617603302,-0.04244810136734128,0.023939434379628043
510,0.2911876495927572,-0.009084526271331436,0.02477289309078876
511,0.027978405356407166,-0.005378233108557577,0.024865545468666875
512,-0.05742388963699341,-0.010582798761401158,0.024735439907415946
513,-0.23651692271232605,-0.03317621115649364,0.02417089888518663
514,0.10160225629806519,-0.019698364411037762,0.024507604575413497
515,-0.01571720838546753,-0.01930024880848074,0.024517553681987908
516,0.26452038064599037,0.009081814136966366,0.025227039111445856
517,-0.6356435120105743,-0.0553907184777877,0.02361664651897922
518,0.2969764992594719,-0.020153996704061743,0.02449621828983822
519,0.08679782599210739,-0.009458814434444834,0.024763536691155517
520,0.19005346298217773,0.010492413307217419,0.025262300707125027
521,0.01848261058330536,0.011291433034826213,0.025282273829667946
522,0.013667002320289612,0.011528989963372552,0.025288211979715005
523,-0.019083067774772644,0.008467784189558033,0.02521168954514528
524,-0.33836035430431366,-0.02621502965982913,0.024344774348051438
525,0.1801414042711258,-0.005579386266733641,0.024860516790678553
526,-0.1341736614704132,-0.018438813787101594,0.02453908188996548
527,-0.1147146224975586,-0.02806639465814729,0.02429852431327038
528,-0.10893329977989197,-0.03615308517032176,0.024096566446055862
529,0.045832350850105286,-0.02795454156827906,0.02430131844770112
530,0.12875794619321823,-0.012283292792129334,0.024692933123384705
531,-0.2235691174864769,-0.033411875261564083,0.02416501380856592
532,0.15532251447439194,-0.014538436287968484,0.02463656469841101
533,-0.10335022956132889,-0.02341961561530452,0.024414616629081617
534,0.07696119695901871,-0.013381534357872201,0.024665481607711634
535,0.0825401097536087,-0.0037893699467241113,0.024905266204769235
536,0.043516360223293304,0.000941203070277629,0.025023530069808803
537,-0.05701499432325363,-0.004854416669075496,0.024878640536564814
538,0.06076471507549286,0.0017074965053813385,0.025042687371148904
539,-0.6498033404350281,-0.0634435871886596,0.023416034950197746
540,0.305158331990242,-0.026583395270769444,0.024335571622920542
541,0.0513727068901062,-0.018787785054681882,0.024530360630236683
542,0.21506011486053467,0.004597004936839771,0.025114924313877865
543,-0.29237908124923706,-0.025100603681767905,0.02437261666135196
544,0.21091394126415253,-0.0014991491871758668,0.02496252129839775
545,0.09376320242881775,0.008027085974423493,0.025200672839320554
546,-0.09586510062217712,-0.0023621326852365657,0.024940946792701535
547,0.13107365369796753,0.01098144595308384,0.025274525113724106
548,0.040110327303409576,0.013894334088116415,0.025347336001127166
549,0.08847299963235855,0.021352200642540627,0.025533723907355067
550,0.050486430525779724,0.024265623630864538,0.02560652155133867
551,-0.5028814226388931,-0.028449080996111216,0.024288964790246417
552,-0.0021604299545288086,-0.025820215891952974,0.024354638013733713
553,0.050120364874601364,-0.01822615781529754,0.024544396502905158
554,-0.24924348294734955,-0.04132789032850274,0.02396739057193779
555,-0.15106718987226486,-0.05230182028287894,0.023693645444852446
556,-0.02599523961544037,-0.04967116221613509,0.023759241186918485
557,-0.07794338464736938,-0.052498384459258515,0.023688744808801895
558,-0.3969495892524719,-0.08694350493857986,0.022831872708554184
559,0.11938226968050003,-0.06631092747667187,0.023344652366741714
560,0.0020077303051948547,-0.05947906169848521,0.023514774501111547
561,0.21247986424714327,-0.032283169103922364,0.02419320103569876
562,-0.11465346813201904,-0.04052019900673203,0.02398754907403386
563,-0.36137305200099945,-0.07260548430615876,0.02318804571366183
564,0.2446726057678461,-0.04087767529875829,0.02397862695362085
565,-0.18793782591819763,-0.05558369036070222,0.02361183704467714
566,0.0889195054769516,-0.041133370776936844,0.023972245303161426
567,-0.3633938357234001,-0.07335941727158315,0.02316929742940893
568,-0.5501713752746582,-0.12104061307189065,0.021988676459185005
569,-0.42095501720905304,-0.1510320534856069,0.02125264863919242
570,0.02244529128074646,-0.13368431900897154,0.021677660212994807
571,-0.015435978770256042,-0.12185948498509999,0.02196850367911236
572,0.06317465007305145,-0.10335607147928486,0.02242525989148257
573,-0.09307059645652771,-0.10232752397700914,0.022450703523855406
574,-0.1812134087085724,-0.11021611245016547,0.02225570041011085
575,-0.8068249225616455,-0.17987699346131344,0.02055095600371545
576,0.08151080459356308,-0.1537382136558258,0.021186541677324033
577,-0.12669530510902405,-0.15103392280114564,0.021252602956321927
578,-0.060783058404922485,-0.1420088363615233,0.021473453326624623
579,-0.18376317620277405,-0.1461842703456484,0.021371205411327775
580,0.22407840937376022,-0.10915800237370754,0.022281837435397536
581,-1.0052957087755203,-0.19877177301388882,0.020095133608164888
582,-0.10634014010429382,-0.18952860972292931,0.02031771521904586
583,-0.10129901766777039,-0.1807056505174134,0.02053089863701059
584,0.02570667862892151,-0.16006441760277992,0.02103221750226551
585,-0.6006248295307159,-0.2041204587955735,0.019966699551156365
586,-0.2956714928150177,-0.21327556219751792,0.019747509561431523
587,-0.2062477171421051,-0.21257277769197663,0.01976430609619979
588,-0.037977322936058044,-0.19511323221638477,0.02018313925951749
589,-0.008496508002281189,-0.1764515597949744,0.02063392998113869
590,-0.35024844110012054,-0.19383124792548903,0.02021400668276708
591,-0.1636505424976349,-0.19081317738270362,0.0202867350017788
592,-0.002479463815689087,-0.17197980602600219,0.020742398087269485
593,0.05921307951211929,-0.14886051747219003,0.021305734471408586
594,0.19330445304512978,-0.11464402042045807,0.022146390451388206
595,-0.08872795104980469,-0.11205241348339273,0.022210355256232803
596,0.11482499539852142,-0.08936467259520132,0.022771811500578512
597,0.042241595685482025,-0.076204045767133,0.023098577986807985
598,0.05223482847213745,-0.06336015834320595,0.023418112309573743
599,0.13971628993749619,-0.04305251351513574,0.023924351658199807
600,-0.06450757384300232,-0.0451980195479224,0.02387081832699215
601,0.018155857920646667,-0.03886263180106549,0.02402892302961684
602,0.15427906811237335,-0.019548461809721612,0.024511350697703656
603,0.09753467701375484,-0.00784014792737397,0.024804000317696764
604,0.01726377010345459,-0.0053297561242911145,0.02486675735853383
605,-0.09988033771514893,-0.014784814283376893,0.02463040657242261
606,0.023350536823272705,-0.010971279172711935,0.024725729025165174
607,-0.03374949097633362,-0.013249100353074104,0.0246687918708901
608,0.11074075102806091,-0.0008501152149606051,0.024978747124745772
609,-0.22175276279449463,-0.022940379972914003,0.024426591084737725
610,-0.11453217267990112,-0.03209955924361271,0.024197786528679308
611,-0.14103595912456512,-0.042993199231707954,0.023925831773950138
612,0.029838696122169495,-0.03571000969632021,0.024107629043921948
613,0.12265275418758392,-0.019873733307929804,0.02450322206892384
614,0.056279778480529785,-0.012258382129083846,0.024693555796198103
615,-0.3497966229915619,-0.04601220621533164,0.023850505936964174
616,0.054170750081539154,-0.035993910585644565,0.02410054063681727
617,0.14299441501498222,-0.01809507802558189,0.02454767241710173
618,-0.5235356986522675,-0.06863914008825044,0.02328671127681782
619,0.01671527326107025,-0.06010369875331837,0.023499214269535048
620,-0.441375695168972,-0.09823089839488372,0.02255209600750563
621,0.1630739588290453,-0.07210041267249082,0.023200606633639046
622,-0.03337782621383667,-0.0682281540266254,0.02329693796016937
623,-0.29761072993278503,-0.09116641161724136,0.02272713306072614
624,0.0619477704167366,-0.07585499341384357,0.023107254046984143
625,0.08063314855098724,-0.06020617921736048,0.023496661506554592
626,0.05465441942214966,-0.04872011935340947,0.02378295980631731
627,0.056930139660835266,-0.038155093451985,0.02404658528273052
628,-0.12123657763004303,-0.046463241869790804,0.023839254118508405
629,0.13619471341371536,-0.028197446341440193,0.024295250612699108
630,0.00930127501487732,-0.024447574205808443,0.024388932381760126
631,-0.08298860490322113,-0.03030167727554971,0.024242689839211892
632,0.026233986020088196,-0.02464811094598592,0.024383921983128026
633,-0.0806969404220581,-0.030252993893593136,0.024243905808719924
634,0.07900285720825195,-0.019327408783408627,0.024516874935834834
635,0.08624063804745674,-0.008770604100322094,0.024780740519531733
636,-0.02244819700717926,-0.01013836339100781,0.02474654959891777
637,0.09052029252052307,-7.249779985472361e-05,0.02499818755500681
638,0.05972805619239807,0.005907557599370554,0.025147687221931156
639,-0.05417034029960632,-0.00010023219052713271,0.024997494195245214
640,0.0038896948099136353,0.000298760509516944,0.0250074690125157
641,-0.0759647935628891,-0.007327594897723658,0.024816813406197274
642,0.038399770855903625,-0.002754858322360931,0.024931128716167893
643,0.09412133321166039,0.006932760831041198,0.0251733162440754
644,0.05762021243572235,0.012001505991509311,0.025300023245195397
645,-0.07713980972766876,0.003087374419591506,0.02507718411525335
646,-0.04419185221195221,-0.0016405482435628647,0.024958986330705632
647,0.08188121020793915,0.006711627601587335,0.02516778817065501
648,-0.269648514688015,-0.02092438662737289,0.0244769666653083
649,0.0019390881061553955,-0.018638039154020063,0.02453410296712763
650,-0.0472794771194458,-0.021502182950562637,0.0244625282559386
651,-0.021960407495498657,-0.02154800540505624,0.024461383225185134
652,0.053219735622406006,-0.014071231302310017,0.0246482424330825
653,0.07895156741142273,-0.004768951430936745,0.024880777118049816
654,0.10634215921163559,0.0063421596333204855,0.02515855186502875
655,-0.5592129305005074,-0.050213349380062285,0.023745720260483556
656,-0.27497683465480804,-0.07268969790753685,0.023185951445945867
657,0.18241335079073906,-0.047179393037709266,0.023821389532082786
658,-0.34990718960762024,-0.07745217269470037,0.023067558273792643
659,0.022077172994613647,-0.06749923812576897,0.023315077188692395
660,0.055182017385959625,-0.05523111257459611,0.023620624484356187
661,0.17284831404685974,-0.032423169912450533,0.024189704676503936
662,-0.14114545285701752,-0.043295398206907226,0.023918290845253837
663,0.0709172710776329,-0.03187413127845321,0.02420341646550325
664,0.010392248630523682,-0.027647493287555523,0.024308988724800695
665,0.04828307032585144,-0.02005443692621483,0.024498706278552728
666,-0.09544864296913147,-0.027593857530506492,0.02431032859627639
667,-0.295872300863266,-0.05442170186378244,0.023640799046821984
668,0.14599880576133728,-0.03437965110127047,0.02414084719066762
669,0.0065966397523880005,-0.03028202201590462,0.024243180770088923
670,-0.01980718970298767,-0.029234538784612928,0.02426934467206221
671,0.16565218567848206,-0.009745866338303433,0.024756361055257733
672,-0.2017982006072998,-0.02895109976520307,0.024276424653368822
673,0.14972436428070068,-0.011083553360612699,0.02472292251176744
674,-0.17260241508483887,-0.02723543953303531,0.024319282315148058
675,0.057575128972530365,-0.018754382682478744,0.02453119539537464
676,-0.24114146828651428,-0.04099309124288229,0.02397574638470322
677,-0.07520174980163574,-0.04441395709875764,0.023890380588197452
678,0.10304263234138489,-0.029668298154743387,0.02425851008846268
679,0.012510731816291809,-0.025450395157639867,0.02436387745878034
680,0.023382723331451416,-0.02056708330873074,0.024485895404827922
681,-0.048448145389556885,-0.023355189516813354,0.02441622640088495
682,-0.12420409917831421,-0.03344008048296344,0.02416430946528405
683,-0.04407864809036255,-0.03450393724370335,0.024137743720018992
684,-0.07646501064300537,-0.03870004458363355,0.024032981602920396
685,0.29133646935224533,-0.005696393190045671,0.024857591710576086
686,0.24186775833368301,0.01906002196232719,0.02547644285569721
687,0.01237604022026062,0.018391623788120533,0.025459738760046924
688,0.10807778686285019,0.0273602400955935,0.025683835375119063
689,0.04941767454147339,0.029565983540181487,0.02573893428855971
690,-0.037494808435440063,0.022859904342619333,0.02557139807920597
691,-0.0034595131874084473,0.020227962589616556,0.025505630103652373
692,-0.07752926647663116,0.010452239682991787,0.02526129647665712
693,0.051766812801361084,0.014583696994828716,0.02536456657938456
694,0.005179688334465027,0.013643296128792348,0.02534106124182274
695,-0.5109284073114395,-0.038813874215230824,0.02403014013244923
696,-0.035003140568733215,-0.03843280085058107,0.024039652768801614
697,0.05471455305814743,-0.02911806545970822,0.024272254027870376
698,0.049558207392692566,-0.021250438174468145,0.024468819000335307
699,-0.16924042999744415,-0.036049437356765746,0.02409915426721691
700,0.14151164889335632,-0.018293328731753544,0.02454271778977015
701,-0.4211574196815491,-0.058579737826733085,0.023537179436361397
702,0.3247220516204834,-0.020249558882011444,0.02449383021012745
703,0.02555757761001587,-0.015668845232808714,0.024608310923537467
704,-0.5845751166343689,-0.07255947237296473,0.023189189973191526
705,-0.23621982336044312,-0.08892550747171256,0.022782703839208596
706,-0.22799545526504517,-0.10283250225104582,0.022438210983737064
707,0.07390552759170532,-0.08515869926677071,0.022876164060200422
708,0.14238210767507553,-0.06240461857258609,0.0234419065907423
709,0.029325127601623535,-0.05323164395516513,0.023670464458102662
710,0.09285175800323486,-0.03862330375932513,0.024034897258721516
711,-0.15134456753730774,-0.04989543013712339,0.023753648361499444
712,-0.11166904866695404,-0.05607279199010645,0.023599647535841036
713,0.07908980548381805,-0.04255653224271401,0.023936728498720666
714,0.12860605120658875,-0.02544027389778374,0.024364130326518376
715,-0.1288156509399414,-0.035777811601999505,0.02410593616007625
716,0.09463317692279816,-0.022736712749519737,0.024431680110411743
717,0.12342788279056549,-0.00812025319551122,0.02479699813197297
718,-0.19932207465171814,-0.027240435341131908,0.02431915751256024
719,-0.14566609263420105,-0.03908300107043882,0.02402342215730298
720,0.09571059793233871,-0.02560364117016107,0.024360048803878
721,0.07285010069608688,-0.015758266983536273,0.0246060759316711
722,0.04630540311336517,-0.00955189997384613,0.02476120976292069
723,0.03472253680229187,-0.005124456296232331,0.024871889713986503
724,-0.09975117444992065,-0.01458712811160116,0.024635347660941453
725,-0.19137199223041534,-0.032265614523482575,0.024193639443389765
726,-0.11904999613761902,-0.04094405268489622,0.023976970293265707
727,-0.5860457718372345,-0.09545422460013003,0.022620865833703305
728,-0.20385468006134033,-0.10629427014625106,0.022352606245604603
729,0.28049030527472496,-0.06761581260415347,0.02331217608757318
730,-0.05152727663516998,-0.06600695900725513,0.023352218413443874
731,-0.10252034664154053,-0.06965829777068366,0.023261353778333514
732,-0.12310618162155151,-0.07500308615577045,0.02312843101130435
733,0.020477674901485443,-0.06545501005004487,0.023365957690086474
734,0.13044896721839905,-0.04586461232320048,0.023854188008380003
735,0.028703272342681885,-0.03840782385661225,0.02404027627283084
736,-0.2376011610031128,-0.05832715757126229,0.023543472416325664
737,0.870698370039463,0.03457539518981022,0.025864040599114013
738,0.5810494422912598,0.08922279989995516,0.027224669812489413
739,0.24197721481323242,0.10449824139128289,0.02760298815030167
740,-0.08327588438987732,0.08572082881316687,0.02713778708731539
741,-0.1451627016067505,0.06263247577117514,0.02656376763219774
742,0.13543251901865005,0.06991248009592263,0.02674496993325965
743,0.08802509307861328,0.07172374139419169,0.026790025114561068
744,-0.08881756663322449,0.05566961059145008,0.026390304328151138
745,0.007778376340866089,0.05088048716639168,0.02627091564276668
746,0.43416842818260193,0.0892092812680127,0.027224334522520134
747,-0.4670048654079437,0.033587866600417064,0.025839381040966933
748,0.29607293009757996,0.059836372950133346,0.026494126563212386
749,-0.09570345282554626,0.044282390372565386,0.026106336704185957
750,0.30771416425704956,0.0706255677610138,0.026762709387142626
751,-0.3157484531402588,0.03198816567088655,0.025799431489547515
752,0.2756121754646301,0.0563505666502609,0.02640727493427585
753,-0.08264237642288208,0.0424512723429466,0.026060644752082987
754,0.0967337042093277,0.04787951552958471,0.026196074048702583
755,-0.43893061578273773,-0.0008014976016475286,0.02497996256424949
756,0.05506010353565216,0.004784662512082439,0.025119615650016615
757,-0.30992841720581055,-0.02668664545970685,0.02433299219853852
758,-0.3458777964115143,-0.05860576055488759,0.023536531096528035
759,0.0820450484752655,-0.04454067965187228,0.023887218783282548
760,-0.18124136328697205,-0.05821074801538225,0.023546372796493048
761,0.013019189238548279,-0.0510877542899892,0.02372391612500844
762,0.008677065372467041,-0.04511127232374358,0.023872982591784806
763,0.028872564435005188,-0.0377128886478687,0.0240576245097214
764,-0.24481411278247833,-0.05842301106132966,0.023541084226440332
765,0.1145516037940979,-0.04112554957578691,0.023972440502797888
766,-0.27487359941005707,-0.06450035455921392,0.02338972359227352
767,-0.04936060309410095,-0.06298637941270263,0.023427419589222495
768,0.017255157232284546,-0.05496222574820392,0.023627326290092177
769,-0.6064762771129608,-0.1101136308846796,0.02225823160542845
770,0.08045344054698944,-0.0910569237415127,0.02272984766038744
771,-0.034128203988075256,-0.08536405176616896,0.022871067387869683
772,-0.044591277837753296,-0.08128677437332739,0.02297229472229752
773,0.07378886640071869,-0.06577921029592278,0.02335788748104099
774,-0.3616136908531189,-0.09536265835164238,0.022623134278054298
775,0.06258875131607056,-0.0795675173848711,0.0230149993048063
776,-0.007141187787055969,-0.0723248844250896,0.023195024002047395
777,-0.07004396617412567,-0.0720967925999932,0.02320069666662973
778,0.0017715096473693848,-0.06470996237525693,0.02338450520784235
779,0.03878986835479736,-0.054359979302251504,0.02364233755490349
780,-0.3687897324562073,-0.08580295461764707,0.022860174794926316
781,0.06611598283052444,-0.07061106087282992,0.023237651482431218
782,-0.2785634398460388,-0.09140629877015082,0.022721185581280834
783,-0.03499476611614227,-0.08576514550474997,0.022861113100891693
784,-0.00814153254032135,-0.07800278420830711,0.02305387581630041
785,0.04652731865644455,-0.06554977392183195,0.02336359872904893
786,0.09159217774868011,-0.04983557875478075,0.02375514093160249
787,0.002440527081489563,-0.04460796817115372,0.023885539908218026
788,0.04010770469903946,-0.036136400884134404,0.024096983008758305
789,0.042256079614162445,-0.02829715283430472,0.024292759938242075
790,0.12146410346031189,-0.013321027204843065,0.024666994016923807
791,-0.17123277485370636,-0.02911220196972939,0.02427240049092934
792,-0.324657678604126,-0.05866674963316904,0.023535011599910772
793,-0.002961292862892151,-0.053096203956141355,0.023673840905877278
794,-0.592545360326767,-0.1070411195932039,0.022334145850422468
795,-0.08318504691123962,-0.10465551232500747,0.02239312276393705
796,-0.46727127581834793,-0.1409170886743415,0.021500208026326875
797,0.08458856865763664,-0.11836652294114369,0.022054579829573574
798,-0.0551145076751709,-0.11204132141454642,0.022210629105501447
799,-0.010084778070449829,-0.10184566708013676,0.022462625269306688
800,-0.35669592022895813,-0.1273306923950189,0.02183382539761615
801,0.01603277027606964,-0.11299434612791005,0.02218710260022918
802,0.11360273510217667,-0.09033463800490138,0.022747757080700894
803,0.10047644376754761,-0.07125352982765648,0.023221670301610906
804,0.0501423180103302,-0.059113945043857814,0.023523870398017222
805,0.005232691764831543,-0.052679281362988876,0.023684234870342852
806,-0.07134199142456055,-0.054545552369146044,0.023637711957182474
807,-0.01481558382511139,-0.05057255551474258,0.023736762873307497
808,0.17088157683610916,-0.028427142279657407,0.02428951281483641
809,0.03837937116622925,-0.021746490935068745,0.024456423411499475
810,-0.36819931864738464,-0.05639177370630033,0.023591698156001387
811,-0.11712667346000671,-0.06246526368167097,0.023440396357741415
812,-0.3565254509449005,-0.09187128240799391,0.022709658066064155
813,0.0410519540309906,-0.07857895876409547,0.023039559384239957
814,0.1983691081404686,-0.05088415207363907,0.02372899297135539
815,0.07966814935207367,-0.0378289219310678,0.024054727812158595
816,-0.1716153919696808,-0.0512075689349291,0.023720928581369333
817,-0.45028356462717056,-0.09111516850415324,0.022728403555749788
818,-0.06240096688270569,-0.08824374834200849,0.02279961476529009
819,-0.04558178782463074,-0.08397755229027072,0.022905482551870207
820,0.019161373376846313,-0.07366365972355902,0.02316173232328786
821,-0.18394336104393005,-0.08469162985559613,0.022887756982624876
822,0.14210493117570877,-0.06201197375246564,0.02345168482177924
823,0.13828632235527039,-0.041982144141692046,0.023951062574946783
824,-0.1385216861963272,-0.05163609834715556,0.023710243624354033
825,0.10316407680511475,-0.03615608083192853,0.02409649165232522
826,0.09200602769851685,-0.023339869978883994,0.024416609180639277
827,0.04525966942310333,-0.01647991603868526,0.02458803939282632
828,0.1546153873205185,0.0006296142972351121,0.025015740355350976
829,-0.3341115564107895,-0.03284450277356735,0.024179182564814414
830,-0.640088640153408,-0.09356891651155141,0.022667580007022774
831,-0.12312071025371552,-0.09652409588576782,0.02259436399076607
832,-0.0568011999130249,-0.09255180628849352,0.022692788815418228
833,-0.08703243732452393,-0.09199986939209656,0.022706470410006507
834,0.0039006471633911133,-0.0824098177365478,0.02294440588997651
835,-0.25110387802124023,-0.09927922376501705,0.022526141819340637
836,0.09394210577011108,-0.07995709081150425,0.02300532166930125
837,0.12012746930122375,-0.05994863480023145,0.023503076933907463
838,-0.05901584401726723,-0.05985535572193503,0.023505400563125473
839,-0.3113609105348587,-0.0850059112032274,0.02287995624386456
840,-0.15107396245002747,-0.0916127163279074,0.022716068115712335
841,0.1618503239005804,-0.06626641230505864,0.02334576037012136
842,0.09867163002490997,-0.04977260807206178,0.023756711300230972
843,-0.816357284784317,-0.1264310757432873,0.021855957595442222
844,0.32580432295799255,-0.08120753587315932,0.022974262665600508
845,-0.19101572036743164,-0.09218835432258655,0.022701798026918824
846,0.027219504117965698,-0.08024756847853133,0.02299810612448233
847,0.107015460729599,-0.06152126555771831,0.023463905842478556
848,-0.3745264410972595,-0.09282178311167241,0.022686097047609946
849,0.13648849353194237,-0.06989075544731095,0.023255570537782363
850,-0.20853887498378754,-0.0837555674009586,0.022910993322564036
851,0.13152077794075012,-0.06222793286678774,0.023446306624515387
852,0.0959358662366867,-0.0464115529564403,0.023840543558752546
853,-0.2582373172044754,-0.0675941293812438,0.023312715698132907
854,0.0470474436879158,-0.05612997207432785,0.023598222523477343
855,0.11175284162163734,-0.039341690704731334,0.024016964850378717
856,0.0195084810256958,-0.033456673531688616,0.02416389510282504
857,-0.1704062521457672,-0.04715163139309647,0.02382208203153112
858,0.06350336968898773,-0.03608613128488805,0.024098238111344338
859,0.16325166821479797,-0.016152351334919452,0.02459622633065826
860,-0.21894524991512299,-0.036431641192939804,0.02408961170988854
861,0.09254209324717522,-0.023534267748928302,0.02441175190497506
862,-0.015279054641723633,-0.022708746438207836,0.02443237890732786
863,0.08123813942074776,-0.012314057852312278,0.024692164113204546
864,-0.22042600810527802,-0.03312525287760885,0.024172171443141762
865,-0.16981714963912964,-0.046794442553760925,0.023830992078239514
866,-0.04482392966747284,-0.04659739126513211,0.023835907634234207
867,0.14856456965208054,-0.02708119517341085,0.024323135581362478
868,0.13232682645320892,-0.011140393010748876,0.024721501695958215
869,0.016865357756614685,-0.00833981793401252,0.024791509385312827
870,-0.6909868717193604,-0.07660452331254727,0.023088624267437394
871,0.1027405634522438,-0.05867001463606816,0.023534930255146653
872,-0.027963899075984955,-0.05559940308005984,0.023611445438169038
873,-0.20542433857917786,-0.07058189662997164,0.023238376966777434
874,-0.1278112530708313,-0.0763048322740576,0.023096072918710322
875,-0.11407528817653656,-0.0800818778643055,0.023002221883677752
876,-0.05858665704727173,-0.07793235578260213,0.023055625866911872
877,-0.050947293639183044,-0.07523384956826022,0.023122694357648747
878,-0.3019932806491852,-0.09790979267635272,0.022560046934560613
879,-0.3596925139427185,-0.1240880648029893,0.021913623328498107
880,-0.19116146862506866,-0.13079540518519722,0.02174863460300811
881,-0.25575879216194153,-0.14329174388287166,0.021442024540268625
882,-0.053597450256347656,-0.13432231452021928,0.02166199334195232
883,-0.14456471800804138,-0.1353465548690015,0.021636847276178976
884,-0.05186013877391815,-0.12699791325949314,0.021842011780792085
885,-0.0049946606159210205,-0.11479758799513592,0.02214260134903739
886,0.060060128569602966,-0.09731181633866204,0.02257485480644698
887,-0.09128063917160034,-0.09670869862195587,0.022589791736098586
888,-0.026131391525268555,-0.08965096791228713,0.022764711155257758
889,-0.10933870077133179,-0.09161974119819159,0.022715893959832836
890,-0.305654376745224,-0.11302320475289483,0.022186390270547612
891,0.08952264487743378,-0.09276861978986198,0.022687414751368512
892,0.0743839368224144,-0.07605336412863434,0.023102323279654544
893,0.1702999398112297,-0.05141803373464794,0.023715680790977918
894,-0.16222894191741943,-0.062499124552925084,0.02343955313221952
895,-0.03977622091770172,-0.06022683418940275,0.02349614700012413
896,-0.4217003434896469,-0.09637418511942716,0.022598077111607846
897,0.1302081234753132,-0.07371595425995313,0.02316043203348571
898,-0.08479966223239899,-0.07482432505719772,0.023132875051829965
899,-0.07503019273281097,-0.07484491182475904,0.023132363254174882
900,0.04000909626483917,-0.06335951101579922,0.023418128427965493
901,0.03908134251832962,-0.053115425662386334,0.02367336171591683
902,-0.06482887268066406,-0.0542867703642141,0.023644162387919058
903,0.2681988775730133,-0.02203820557049137,0.024449134039836683
904,0.307059109210968,0.010871525907654563,0.025271777440643645
905,-0.08502364158630371,0.0012820091582587366,0.02503205021139779
906,0.14925548434257507,0.016079356676690366,0.025401949276760462
907,-0.20150883495807648,-0.005679462486786312,0.024858014964464086
908,0.0698181539773941,0.0018702991596317277,0.02504675742447135
909,-0.24997402727603912,-0.02331413348393535,0.024417252243027723
910,-0.002919323742389679,-0.021274652509780785,0.02446821391555006
911,0.12221366167068481,-0.00692582109173423,0.024826857241077235
912,0.003953590989112854,-0.005837879883649522,0.02485405466088499
913,0.08510173112154007,0.0032560812168694357,0.025081401742746423
914,-0.011235207319259644,0.0018069523632565283,0.025045173759916158
915,-0.14135780930519104,-0.012509523803588225,0.0246872782171616
916,0.06332561373710632,-0.0049260100495187725,0.02487685074485625
917,-0.17668822407722473,-0.022102231452289362,0.024447534172205607
918,-0.1677291989326477,-0.03666492820032519,0.024083787318284033
919,0.05772712826728821,-0.027225722553563852,0.024319525059594237
920,-0.001331329345703125,-0.024636283232777778,0.024384217496475
921,0.016688555479049683,-0.02050379936159503,0.02448747683651541
922,-0.06254032254219055,-0.02470745167965458,0.024382439367872193
923,0.09478199481964111,-0.012758507029725015,0.024681054629991872
924,-0.271652489900589,-0.03864790531681141,0.024034283136946284
925,0.04159030318260193,-0.03062408446687008,0.02423463713461643
926,-0.13669775426387787,-0.04123145144657086,0.02396979744032337
927,0.07266617193818092,-0.029841689108095683,0.024254179150209415
928,0.02519790083169937,-0.024337730114116177,0.02439167685076266
929,-0.07886409759521484,-0.02979036686222604,0.024255461066400374
930,-0.0858709067106247,-0.0353984208470659,0.024115408926379145
931,-0.1622527539730072,-0.04808385415966003,0.023798829228460494
932,-0.22700554132461548,-0.06597602287615557,0.023352988458399546
933,-0.027404308319091797,-0.06211885142044919,0.02344902314633535
934,0.032810062170028687,-0.052625960061401404,0.02368556421413759
935,0.052145861089229584,-0.04214877794633831,0.023946904092628493
936,-0.016358911991119385,-0.03956979135081642,0.02401127120246935
937,-0.08113986253738403,-0.04372679846947318,0.02390752623145595
938,-0.20540344715118408,-0.05989446333764427,0.023504426369397573
939,-0.15222063660621643,-0.06912708066450148,0.023274570460571572
940,-0.05421200394630432,-0.06763557299268176,0.02331168433021201
941,0.05691251531243324,-0.055180764162170264,0.023621879366281528
942,0.0681491270661354,-0.0428477750393397,0.023929460689573936
943,-0.8670502305030823,-0.12526802058571396,0.02188457827562794
944,-0.16113737225532532,-0.1288549557526751,0.021796337288512973
945,0.11737824976444244,-0.10423163520096336,0.02240360493120264
946,-0.1778341829776764,-0.11159188997863466,0.022221725573417946
947,-0.04478052258491516,-0.10491075323926272,0.022386811291938567
948,-0.0962786078453064,-0.10404753869986709,0.022408157788977617
949,-0.041908979415893555,-0.09783368277146974,0.02256193157175858
950,0.19031509011983871,-0.06901880548233891,0.023277264466374473
951,-0.15536554157733917,-0.07765347909183894,0.023062555761562405
952,-0.06616312265396118,-0.07650444344805117,0.023091111657974325
953,0.05516311526298523,-0.06333768757694752,0.02341867183032001
954,0.060394883155822754,-0.0509644305036705,0.02372699120623893
955,-0.5122831165790558,-0.09709629911120901,0.022580192147524776
956,-0.1937274932861328,-0.10675941852870138,0.022341108506520768
957,-0.014389067888259888,-0.09752238346465725,0.022569640271471028
958,0.15856455266475677,-0.07191368985171584,0.023205250583547762
959,0.19313360750675201,-0.045408960115869056,0.023865555621413945
960,-0.05619007349014282,-0.046487071453296426,0.02383865966383205
961,0.03604483604431152,-0.03823388070353564,0.02404461847205873
962,-0.3744470179080963,-0.0718551944239917,0.023206705438504227
963,0.5604537799954414,-0.008624296982048398,0.024784397920808592
964,-0.33056026697158813,-0.040817893981002364,0.023980118995645314
965,-0.30453574657440186,-0.0671896792403423,0.023322781168240353
966,-0.38469600677490234,-0.0989403119937983,0.02253453192942403
967,0.3243405222892761,-0.05661222856549086,0.02358620434208562
968,0.06271407008171082,-0.0446795987007707,0.023883752709353223
969,0.052313968539237976,-0.034980241976769834,0.024125850463006582
970,-0.04682687669992447,-0.0361649054490853,0.024096271325117623
971,0.01181919127702713,-0.03136649577647406,0.024216094672323787
972,0.09774865955114365,-0.018454980243712293,0.024538677866050313
973,-0.11967283487319946,-0.028576765706661008,0.024285775266230693
974,-0.056084245443344116,-0.031327513680329315,0.02421706826772526
975,-0.23026898503303528,-0.05122166081559991,0.02372057720679195
976,-0.550776869058609,-0.1011771816399008,0.022479166369523726
977,-0.18673980236053467,-0.10973344371196418,0.022267622356696055
978,-0.6794531345367432,-0.16670541279444206,0.020870547446205354
979,-0.13256962597370148,-0.163291834112368,0.020953605037126566
980,-0.09654641151428223,-0.15661729185255943,0.021116270533215176
981,-0.658702053129673,-0.2068257679802708,0.019901843768844255
982,-0.0486883670091629,-0.19101202788316002,0.020281940616565592
983,0.058557137846946716,-0.16605511131014933,0.020886363112452743
984,0.021271787583827972,-0.14732242142075158,0.021343355741141597
985,0.06507785618305206,-0.12608239366037122,0.021864537154455955
986,0.052623435854911804,-0.10821181070884292,0.022305214991042335
987,-0.05402253568172455,-0.10279288320613109,0.022439191063422348
988,0.06800451874732971,-0.08571314301078502,0.022862403652863753
989,-0.05451226234436035,-0.08259305494414254,0.022939855998900305
990,0.13636424392461777,-0.060697325057266514,0.023484427622967315
991,-0.006821691989898682,-0.055309761750529735,0.023618664249226807
992,0.03444582223892212,-0.04633420335158455,0.023842473146427817
993,-0.18244943022727966,-0.05994572603915406,0.02350314939223143
994,0.03390972316265106,-0.05056018111897355,0.023737071443528032
995,0.012897118926048279,-0.044214451114471365,0.023895358456106196
996,0.08493898808956146,-0.03129910719406809,0.024217777734006046
997,0.06836450099945068,-0.021332746374716213,0.024466762227871742
998,-0.13457351922988892,-0.03265682366023348,0.024183869513587256
999,-7.486382842063904,-0.7780294255006004,0.00871064519150651
1000,-9.195984184741974,-1.6198249014247375,0.0018850296672462824
1001,-10.567598327994347,-2.514602244081698,0.000325073431865465
1002,-11.491881161928177,-3.4123301358663456,5.4273276353334084e-05
1003,-11.368022710084915,-4.207899393288202,1.106468140134245e-05
1004,-16.273365050554276,-5.4144459590148095,9.90908131298257e-07
1005,-14.725222498178482,-6.345523612931177,1.539277380689266e-07
1006,-13.233752220869064,-7.034346473724966,3.881628362391501e-08
1007,-7.323569685220718,-7.063268794874541,3.6634676636650444e-08
1008,-6.162485718727112,-6.973190487259798,4.386653424737789e-08
1009,-4.703430458903313,-6.746214484424149,6.906880717596852e-08
1010,-2.63847878575325,-6.335440914557059,1.5706325040001347e-07
1011,-3.2584085762500763,-6.027737680726361,2.906304094456197e-07
1012,-3.30880044400692,-5.755843957054417,5.006141461310747e-07
1013,-3.1783765703439713,-5.498097218383371,8.382550094293373e-07
1014,-2.4492703080177307,-5.193214527346807,1.542367204332401e-06
1015,-2.2500520944595337,-4.89889828405808,2.778541483821733e-06
1016,-2.4896830916404724,-4.657976764816319,4.498458495614462e-06
1017,-2.1545917689800262,-4.40763826523269,7.4212931210277136e-06
1018,-2.603022336959839,-4.227176672405405,1.0646295497319636e-05
1019,-2.7927702963352203,-4.083736034798386,1.4182694450053214e-05
1020,-2.401214361190796,-3.9154838674376276,1.98541566362967e-05
1021,-2.4933063983917236,-3.7732661205330373,2.638295730170253e-05
1022,-2.926549807190895,-3.688594489198823,3.124827407817302e-05
1023,-2.244963765144348,-3.5442314167933757,4.1699165622571276e-05
1024,-2.620813027024269,-3.4518895778164653,5.014885328249277e-05
1025,-2.745831400156021,-3.381283760050421,5.774606309783047e-05
1026,-2.2813273668289185,-3.271288120728271,7.193495500060559e-05
1027,-2.0146157145500183,-3.145620880110446,9.245164764303245e-05
1028,-2.330625295639038,-3.064121321663305,0.00010878327556511065
1029,-1.433825820684433,-2.901091771565418,0.00015059262509621476
1030,-1.89239501953125,-2.8002220963620013,0.0001841304887793849
1031,-2.5651473999023438,-2.7767146267160356,0.0001929598945723321
1032,-1.6058088541030884,-2.6596240494547407,0.0002436287865083178
1033,-2.2238835990428925,-2.6160500044135557,0.00026569530979987714
1034,-2.179825723171234,-2.572427576289323,0.0002897767323175
1035,-1.7238540053367615,-2.487570219194067,0.0003430080941711738
1036,-1.6353230476379395,-2.4023455020384543,0.00040623402699662
1037,-1.9317364990711212,-2.355284601741721,0.0004459691070756629
1038,-1.5916656255722046,-2.2789227041247693,0.0005187918971849844
1039,-2.004315048456192,-2.2514619385579113,0.0005477608247625367
1040,-2.2213489413261414,-2.2484506388347345,0.0005510332566267132
1041,-1.3858948945999146,-2.1621950644112524,0.0006534287091123564
1042,-1.652415692806244,-2.1112171272507516,0.0007225506946570202
1043,-2.2979417890310287,-2.1298895934287794,0.0006964336387758142
1044,-1.7530844509601593,-2.0922090791819175,0.000750128022619249
1045,-1.240690290927887,-2.0070572003565146,0.0008869300066190535
1046,-2.0584815442562103,-2.012199634746484,0.000878014159811871
1047,-2.253659725189209,-2.0363456437907566,0.0008373138049138951
1048,-4.213749915361404,-2.2540860709478214,0.0005449248104347019
1049,-3.0499837398529053,-2.3336758378383298,0.0004654819701723911
1050,-2.963945746421814,-2.3967028286966783,0.00041080660507001265
1051,-3.846295103430748,-2.541662056170085,0.00030805367609240496
1052,-2.640243113040924,-2.551520161857169,0.00030207584252745206
1053,-1.9362041354179382,-2.489988559213246,0.0003413643786458604
1054,-1.5697089433670044,-2.397960597628622,0.00040978296293604424
1055,-1.8967016339302063,-2.34783470125878,0.0004526031083225706
1056,-2.150411933660507,-2.3280924244989527,0.0004706598537248558
1057,-2.195534825325012,-2.3148366645815583,0.0004831824426214708
1058,-1.7926294803619385,-2.2626159461595963,0.0005358061514392366
1059,-1.4523994028568268,-2.1815942918293194,0.0006288749538255465
1060,-1.2961494624614716,-2.093049808892535,0.0007488866483030645
1061,-1.3863044083118439,-2.0223752688344656,0.0008606305147757138
1062,-0.8745907545089722,-1.9075968174019164,0.001077922041104767
1063,-0.6335357427597046,-1.7801907099376955,0.0013821084320987007
1064,-1.3531712591648102,-1.737488764860407,0.0015016321478481327
1065,-0.6345072984695435,-1.6271906182213207,0.001858488626108628
1066,-1.2681421041488647,-1.591285766814075,0.0019913440128077335
1067,-1.1252140998840332,-1.5446786001210708,0.0021774200478253316
1068,-1.7242234349250793,-1.5626330836014717,0.0021038499166509254
1069,-1.9535923600196838,-1.6017290112432927,0.0019517899233589887
1070,-0.883373498916626,-1.5298934600106262,0.00223984099357837
1071,-1.1295577883720398,-1.4898598928467677,0.0024175260259216556
1072,-1.303581029176712,-1.4712320064797622,0.0025046947155725244
1073,-0.5639269948005676,-1.3805015053118428,0.0029734120511551478
1074,-0.8422853946685791,-1.3266798942475164,0.0032891116227464776
1075,-0.2868707776069641,-1.2226989825834613,0.003988786955331225
1076,-0.6652405560016632,-1.1669531399252815,0.004417675854954255
1077,-0.7662334740161896,-1.1268811733343722,0.004751271315964393
1078,-0.9551073312759399,-1.109703789128529,0.004901058481052798
1079,-1.2123490571975708,-1.1199683159354332,0.00481105261122557
1080,-0.9905176162719727,-1.1070232459690872,0.004924809099353422
1081,-0.8955530524253845,-1.085876226614717,0.005115798147359887
1082,-1.3839308619499207,-1.1156816901482374,0.004848459469164049
1083,0.02110433578491211,-1.0020030875549224,0.005939147029683012
1084,-1.3576909303665161,-1.0375718718360818,0.005576814748587403
1085,-0.627304196357727,-0.9965451042882463,0.005996515842291758
1086,-1.9796911180019379,-1.0948597056596154,0.0050338747824160614
1087,-1.053358018398285,-1.0907095369334823,0.005071575792137677
1088,-0.6540860533714294,-1.047047188577277,0.0054836071469137335
1089,-1.1189866364002228,-1.0542411333595716,0.005413755963329554
1090,-1.1733799576759338,-1.0661550157912079,0.005299794600069831
1091,-0.7433524131774902,-1.033874755529836,0.0056135570446386755
1092,-2.4510141611099243,-1.1755886960878448,0.004348611626530482
1093,-1.6136307120323181,-1.219392897682292,0.004013124980652204
1094,-2.2146793603897095,-1.3189215439530337,0.003337112962474772
1095,-1.0195868015289307,-1.2889880697106235,0.00352846796140072
1096,-1.7396008968353271,-1.3340493524230939,0.0032441114798767152
1097,-1.6092618703842163,-1.361570604219206,0.0030810788790923004
1098,-0.7791422605514526,-1.3033277698524306,0.003435565375011988
1099,-1.1105360388755798,-1.2840485967547457,0.0035610033921608174
1100,-1.111327886581421,-1.2667765257374133,0.0036769602936696463
1101,-0.8518624305725098,-1.225285116220923,0.0039698429593709025
1102,-0.327539324760437,-1.1355105370748746,0.0046775794762323126
1103,-0.5144833922386169,-1.0734078225912487,0.005231458208783031
1104,-0.7563158273696899,-1.0416986230690928,0.005536051242045401
1105,-1.5678671598434448,-1.094315476746528,0.005038804456846468
1106,-0.8375746011734009,-1.0686413891892153,0.0052762796569471
1107,0.05590420961380005,-0.9561868293089137,0.00643572093642362
1108,-1.1807450354099274,-0.9786426499190151,0.006188057041013365
1109,-0.8097740411758423,-0.9617557890446978,0.006373524560813932
1110,-1.3875234723091125,-1.0043325573711392,0.005914806915019723
1111,-0.9829554557800293,-1.0021948472120283,0.005937140106653019
1112,-0.6999074220657349,-0.9719661046973991,0.006260824883101413
1113,-0.37472325563430786,-0.91224181979109,0.006944837051463364
1114,-0.4202812910079956,-0.8630457669127806,0.007554409922477194
1115,-0.09377652406692505,-0.7861188426281951,0.008594881297466895
1116,-0.6957053542137146,-0.7770774937867471,0.008724348439991167
1117,-0.6251573264598846,-0.7618854770540608,0.008945344914843122
1118,-0.4515775442123413,-0.7308546837698889,0.009410301056000152
1119,-0.13015639781951904,-0.6707848551748519,0.010362601939153667
1120,-0.4320898652076721,-0.6469153561781339,0.01076025643989821
1121,-0.3200235366821289,-0.6142261742285334,0.011322620786626394
1122,-0.2911495268344879,-0.5819185094891288,0.011898538903933676
1123,-0.292837917804718,-0.5530104503206877,0.012430672984089444
1124,-0.98604416847229,-0.5963138221358479,0.01163946565561886
1125,-0.9491799473762512,-0.6316004346598882,0.01102116862726943
1126,-0.9464243054389954,-0.663082821737799,0.01048971600279383
1127,-1.8428027033805847,-0.7810548099020775,0.008667206934821137
1128,-1.0924565196037292,-0.8121949808722427,0.008230016515104705
1129,-1.796395480632782,-0.9106150308482966,0.006964317038337004
1130,-2.7783500850200653,-1.0973885362654734,0.00501102455918501
1131,-0.7884028553962708,-1.0664899681785531,0.005296621403363307
1132,-0.8619611859321594,-1.0460370899539138,0.0054934779506367075
1133,-1.2694836854934692,-1.0683817495078693,0.005278730896464773
1134,-1.1167972683906555,-1.0732233013961479,0.005233187090677093
1135,-0.43041568994522095,-1.0089425402510552,0.005866892760461271
1136,-1.0896941423416138,-1.017017700460111,0.0057837740720267155
1137,-1.2033880949020386,-1.035654739904304,0.005595841065432124
1138,-0.5672227144241333,-0.9888115373562869,0.006078622382695298
1139,-0.6468027532100677,-0.954610658941665,0.0064534179151619735
1140,-0.11361938714981079,-0.8705115317624795,0.0074591516534619155
1141,-0.7701296210289001,-0.8604733406891216,0.00758746326506209
1142,-0.36790531873703003,-0.8112165384939124,0.008243479620798654
1143,-0.625842809677124,-0.7926791656122336,0.008501897487286032
1144,-0.6994699835777283,-0.7833582474087831,0.008634249263699316
1145,-0.8459712862968445,-0.7896195512975892,0.008545163532225302
1146,-0.14192867279052734,-0.7248504634468831,0.009502379896205837
1147,-0.6120027303695679,-0.7135656901391515,0.009677302097536585
1148,-1.0351532697677612,-0.7457244481020124,0.009185217780886675
1149,-0.7756093740463257,-0.7487129406964438,0.009140487917677244
1150,0.4055899679660797,-0.6332826498301916,0.010992289153430743
1151,0.30033326148986816,-0.5399210586981856,0.012676794782103108
1152,-0.8425900936126709,-0.5701879621896342,0.012112567375689876
1153,-1.0224336087703705,-0.6154125268477078,0.01130185273304793
1154,-0.356303334236145,-0.5895016075865516,0.011761573406548688
1155,-1.0774618685245514,-0.6382976336803515,0.010906517085859331
1156,-1.0887756049633026,-0.6833454308086466,0.010157750683759577
1157,-0.5808128714561462,-0.6730921748733967,0.01032474420252422
1158,-1.0867989659309387,-0.7144628539791509,0.009663306328304025
1159,-1.2257184386253357,-0.7655884124437693,0.008891078375233424
1160,-0.23035794496536255,-0.7120653656959286,0.009700741593832595
1161,-0.18497443199157715,-0.6593562723254934,0.01055162861228709
1162,-0.1340564489364624,-0.6068262899865904,0.01145277035830801
1163,0.5943474173545837,-0.48670891925247295,0.01370998894620599
1164,-0.06699717044830322,-0.444737744372056,0.014560904000139388
1165,-0.3916833996772766,-0.4394323099025781,0.01467065564070336
1166,-0.775554895401001,-0.4730445684524204,0.013983600392715631
1167,-0.5115302205085754,-0.4768931336580359,0.01390620054475297
1168,-0.8589796721935272,-0.515101787511585,0.013152231940283303
1169,-0.7117628157138824,-0.5347678903318147,0.0127745687938852
1170,-0.6056020259857178,-0.541851303897205,0.012640298611064853
1171,-0.6283406019210815,-0.5505002336995927,0.012477624194386772
1172,-1.0013443231582642,-0.5955846426454598,0.011652493762810225
1173,-0.5709133744239807,-0.593117515823312,0.01169664867438903
1174,-0.2984749674797058,-0.5636532609889514,0.01223292575994022
1175,-0.6318354606628418,-0.5704714809563405,0.012107363706198604
1176,-0.1279435157775879,-0.5262186844384652,0.012937866691838837
1177,-0.35681724548339844,-0.5092785405429585,0.013265427946156037
1178,-1.371299386024475,-0.5954806250911102,0.011654353051182734
1179,-0.9413157105445862,-0.6300641336364577,0.011047590625685715
1180,-0.17771625518798828,-0.5848293457916108,0.01184583414573219
1181,-0.7880424857139587,-0.6051506597838456,0.011482387013501016
1182,-0.6246310472488403,-0.6070986985303451,0.011447960632430296
1183,-0.23418891429901123,-0.5698077201072118,0.012119548681608168
1184,-0.5472545027732849,-0.5675523983738191,0.012161012976764331
1185,-1.3532570898532867,-0.6461228675217658,0.0107736469715039
1186,-0.542800098657608,-0.63579059063535,0.010949335004230414
1187,-1.215341031551361,-0.693745634726951,0.009990428171451026
1188,-0.903364360332489,-0.7147075072875049,0.00965949240511292
1189,-1.8104997873306274,-0.8242867352918172,0.00806509211601374
1190,-2.770338237285614,-1.0188918854911968,0.005764629760671172
1191,-2.676385283470154,-1.1846412252890925,0.004277262733614844
1192,-2.021640181541443,-1.2683411209143276,0.0036663147353140748
1193,-1.4002584218978882,-1.2815328510126838,0.0035776804330860355
1194,-2.4609854221343994,-1.3994781081248553,0.0028690303036914356
1195,-1.0995431244373322,-1.369484609756103,0.0030356329322392666
1196,-0.2223050594329834,-1.2547666547237912,0.0037596278036569385
1197,-1.435464859008789,-1.272836475152291,0.0036358859387559585
1198,0.48768457770347595,-1.0967843698667143,0.005016475343334818
1199,0.6020030081272125,-0.9269056320673217,0.00677130158217815
1200,0.3615178167819977,-0.7980632871823897,0.008426183797988167
1201,0.4643910527229309,-0.6718178531918576,0.010345640187904591
1202,-0.29884904623031616,-0.6345209724957035,0.010971064970865061
1203,-0.3084513545036316,-0.6019140106964963,0.011539746644170581
1204,-0.4860045909881592,-0.5903230687256626,0.011746801944613215
1205,-0.07837480306625366,-0.5391282421597218,0.012691805129726447
1206,-0.9323479533195496,-0.5784502132757046,0.011961547496829254
1207,-0.6713457107543945,-0.5877397630235736,0.011793298136858308
1208,-1.0455146729946136,-0.6335172540206775,0.010988265901089679
1209,-0.6087453365325928,-0.631040062271869,0.011030800910309373
1210,-1.007817953824997,-0.6687178514271818,0.010396603628975095
1211,-1.1001699566841125,-0.7118630619528749,0.009703905471366516
1212,-1.2956311702728271,-0.77023987278487,0.008823277235677674
1213,-1.2518900632858276,-0.8184048918349658,0.008144981170851748
1214,-0.6615218818187714,-0.8027165908333465,0.008361181100714604
1215,-0.6394810378551483,-0.7863930355355266,0.00859097889569688
1216,-0.6178691685199738,-0.7695406488339713,0.00883344333760186
1217,-0.42118000984191895,-0.7347045849347662,0.009351621692384756
1218,-1.0198204517364502,-0.7632161716149346,0.008925813817432456
1219,-0.5518297553062439,-0.7420775299840655,0.0092400321088563
1220,-0.5918213725090027,-0.7270519142365592,0.00946853930898968
1221,-0.40238428115844727,-0.694585150928748,0.009977012323302245
1222,-0.25196588039398193,-0.6503232238752713,0.010702812048136744
1223,-0.019520878791809082,-0.5872429893669251,0.011802253997501042
1224,-0.35681697726249695,-0.5642003881564823,0.01222281763545997
1225,-0.7594838440418243,-0.5837287337450165,0.011865743320729608
1226,-0.2551829218864441,-0.5508741525591594,0.01247062290162123
1227,-0.5303319096565247,-0.5488199282688959,0.012509118767348743
1228,-0.40603408217430115,-0.5345413436594364,0.012778878540865242
1229,-0.3203394114971161,-0.5131211504432044,0.013190663039948914
1230,-0.44906502962112427,-0.5067155383609964,0.01331544602980146
1231,-0.9793356657028198,-0.5539775510951788,0.01241261586228728
1232,-0.34723711013793945,-0.5333035069994548,0.012802443580906389
1233,-0.7539447546005249,-0.5553676317595618,0.012386691906269037
1234,-0.5160808265209198,-0.5514389512356976,0.012460052531284552
1235,-0.7641973793506622,-0.572714794047194,0.012066243865402006
1236,-0.986024022102356,-0.6140457168527101,0.011325782201585697
1237,-0.4029162526130676,-0.5929327704287459,0.011699959791365308
1238,-0.08286744356155396,-0.5419262377420268,0.012638883199797647
1239,-0.21527782082557678,-0.5092613960503818,0.013265762129170267
1240,-0.5421739816665649,-0.5125526546120001,0.013201707093197812
1241,-0.3999179005622864,-0.5012891792070286,0.013421739372318876
1242,0.03568905591964722,-0.4475913556943611,0.014502072838316313
1243,-0.2914223074913025,-0.4319744508740552,0.014825748385901158
1244,0.6397239565849304,-0.32480461012815665,0.017153880202550167
1245,0.7056450545787811,-0.2217596436574629,0.01954513568852638
1246,0.42680132389068604,-0.15690354690264802,0.021109287175156786
1247,0.4002062678337097,-0.10119256542901225,0.022478785685700886
1248,0.31268739700317383,-0.05980456918579366,0.023506665692434734
1249,0.20271390676498413,-0.03355272159071589,0.024161496594839387
1250,-0.6487493515014648,-0.09507238458179076,0.022630325724607714
1251,-0.33775466680526733,-0.11934061280413841,0.022030568374910985
1252,-0.826968252658844,-0.19010337678960895,0.020303851579227875
1253,-1.8341229557991028,-0.3545053346905583,0.016490874146714855
1254,-1.1228254437446594,-0.43133734559596837,0.014839041454514673
1255,-1.0493816137313843,-0.49314177240950996,0.013582338590225835
1256,-1.1771184206008911,-0.5615394372286481,0.012272031532718004
1257,-0.9810523688793182,-0.6034907303937151,0.011511779120525005
1258,-0.8023079633712769,-0.6233724536914713,0.011163205975556527
1259,-0.32534369826316833,-0.5935695781486411,0.011688549289538146
1260,-0.15350806713104248,-0.5495634270468813,0.012495176569733544
1261,-0.6300391554832458,-0.5576109998905178,0.01234493143437802
1262,-0.47765052318573,-0.549614952220039,0.012494210746205436
1263,-0.37211233377456665,-0.5318646903754918,0.012829870523832547
1264,-0.3073965311050415,-0.5094178744484468,0.013262712228308738
1265,-0.38400769233703613,-0.4968768562373057,0.013508564352555284
1266,-0.4042106866836548,-0.48761023928194064,0.01369205869544493
1267,-0.6855427622795105,-0.5074034915816976,0.013302008539202999
1268,-1.408417522907257,-0.5975048947142535,0.01161820682616057
1269,-1.2794145345687866,-0.6656958586997068,0.010446462600834462
1270,-0.9511125087738037,-0.6942375237071166,0.00998256592203055
1271,-1.2701923847198486,-0.7518330098083897,0.009093969321539828
1272,-0.5819491744041443,-0.7348446262679652,0.009349492532321821
1273,0.044701337814331055,-0.6568900298597355,0.010592749540524669
1274,0.37631678581237793,-0.5535693482925241,0.012420235435319935
1275,0.5957004427909851,-0.4386423691841732,0.014687038182023611
1276,0.019092261791229248,-0.392868906086633,0.015654228782771642
1277,0.6739990413188934,-0.28618211134608035,0.018034573598481332
1278,-0.4187781810760498,-0.2994417183190773,0.017729959370019952
1279,-0.5632166862487793,-0.3258192151120475,0.017131020792963855
1280,-0.27141857147216797,-0.3203791507480595,0.017253757221284586
1281,-0.38176876306533813,-0.32651811197978736,0.01711528288699392
1282,-0.38474559783935547,-0.3323408605657442,0.016984435666036267
1283,-0.6289178133010864,-0.3619985558392784,0.016325669985559704
1284,-1.7508230209350586,-0.5008810023488564,0.013429756564669399
1285,-1.5368682146072388,-0.6044797235746946,0.011494260828654098
1286,-1.2742159366607666,-0.6714533448833018,0.01035162304349968
1287,-1.3735294342041016,-0.7416609538153818,0.00924630945050158
1288,-2.307461380958557,-0.8982409965296992,0.007113992468901312
1289,-1.756718397140503,-0.9840887365907796,0.0061292389455053185
1290,-1.6860438585281372,-1.0542842487845152,0.005413339690987873
1291,-1.1123490631580353,-1.0600907302218672,0.0053575354515442465
1292,-0.30018824338912964,-0.9841004815385935,0.006129112620608131
1293,-0.33450084924697876,-0.9191405183094321,0.006862735910408435
1294,-0.9298732876777649,-0.9202137952462655,0.006850036502500684
1295,-0.6660361289978027,-0.8947960286214192,0.007156137286792406
1296,-0.4143933057785034,-0.8467557563371276,0.007765730002234174
1297,-0.003235757350921631,-0.762403756438507,0.00893773396495755
1298,-0.49556779861450195,-0.7357201606561066,0.009336189546541127
1299,-0.26305341720581055,-0.6884534863110771,0.010075310646019969
1300,0.18852803111076355,-0.600755334568893,0.011560329294068833
1301,-0.3653320074081421,-0.5772130018528179,0.01198407921033511
1302,-0.566102147102356,-0.5761019163777716,0.012004338712420601
1303,-0.3545018434524536,-0.5539419090852399,0.012413281036477514
1304,-0.30327749252319336,-0.5288754674290352,0.012886974425534953
1305,-0.41598594188690186,-0.5175865148748219,0.013104121715112894
1306,-0.2508709132671356,-0.4909149547140533,0.013626442028296194
1307,-0.57822585105896,-0.4996460443485439,0.013454031397194397
1308,-0.3054599165916443,-0.48022743157285397,0.01383935664696098
1309,-1.6190463304519653,-0.5941093214607651,0.011678884071969781
1310,-1.2581223249435425,-0.6605106218090429,0.010532421766539783
1311,-0.9516259431838989,-0.6896221539465285,0.010056519731849036
1312,-0.9963648319244385,-0.7202964217443194,0.009572678006952471
1313,-1.2259390950202942,-0.7708606890719168,0.008814258818617094
1314,-1.5168476998806,-0.8454593901527852,0.007782752489315635
1315,-0.5893381237983704,-0.8198472635173437,0.008125331631183678
1316,-0.9526932239532471,-0.833131859560934,0.007946147902362456
1317,-1.2321853041648865,-0.8730372040213292,0.007427150714907383
1318,-1.317264884710312,-0.9174599720902276,0.0068826605168102965
1319,-1.6826362013816833,-0.9939775950193731,0.006023668073994685
1320,-0.8375681638717651,-0.9783366519046123,0.00619137617984881
1321,-0.8780607283115387,-0.9683090595453049,0.0063009931080247605
1322,-1.221171259880066,-0.993595279578781,0.006027720246193342
1323,-0.40627598762512207,-0.9348633503834152,0.0066786674349281665
1324,-0.18822172284126282,-0.8601991876292,0.00759099287622144
1325,-0.5309838056564331,-0.8272776494319233,0.008024711897476219
1326,-0.22014594078063965,-0.7665644785667949,0.008876817159188135
1327,0.030918806791305542,-0.6868161500309848,0.01010168137868538
1328,-0.020095020532608032,-0.6201440370811472,0.011219292311697316
1329,0.3036516010761261,-0.5277644732654199,0.012908240276269748
1330,0.26358771324157715,-0.4486292546147202,0.014480710010815193
1331,0.3224809169769287,-0.3715182374555553,0.016117025373947852
1332,-0.1737193465232849,-0.35173834836232826,0.016552092532807233
1333,-0.6119349300861359,-0.37775800653470903,0.01598102894858127
1334,-0.2898222804069519,-0.3689644339219333,0.016172860463144874
1335,-0.809190571308136,-0.41298704766055355,0.015224849942734903
1336,-0.9234501719474792,-0.4640333600892461,0.014165854980955357
1337,-1.2631023526191711,-0.5439402593422387,0.012600880030716258
1338,-0.38463371992111206,-0.528009605400126,0.012903546166726143
1339,-1.461345613002777,-0.6213432061603911,0.01119843614844368
1340,-1.6840509176254272,-0.7276139773068947,0.00945991412008377
1341,-1.0618751645088196,-0.7610400960270872,0.00895777023884231
1342,-1.2646721303462982,-0.8114032994590084,0.00824090847558989
1343,-1.136618435382843,-0.8439248130513918,0.007802942229170404
1344,-0.02960449457168579,-0.7624927812034211,0.008936427143304563
1345,-1.2489703297615051,-0.8111405360592295,0.008244526133465416
1346,-0.11655604839324951,-0.7416820872926315,0.00924599091302456
1347,-0.8413914442062378,-0.7516530229839922,0.00909664781914115
1348,0.08847230672836304,-0.6676404900127566,0.010414358542372663
1349,-0.0053865909576416016,-0.6014151001072451,0.011548606114685306
1350,-0.6711759567260742,-0.608391185769128,0.011425159452442173
1351,-0.3595077395439148,-0.5835028411466067,0.011869832383372782
1352,-0.5429312288761139,-0.5794456799195573,0.011943439460631757
1353,-0.07774341106414795,-0.5292754530340165,0.012879323790255012
1354,-0.24974477291107178,-0.501322385021722,0.013421087294685894
1355,-0.40684208273887634,-0.49187435479343744,0.013607429566693283
1356,-0.27335792779922485,-0.4700227120940162,0.014044558360031188
1357,0.05579295754432678,-0.41744114513018193,0.015130686316626632
1358,0.10305970907211304,-0.36539105970995245,0.016251156008260974
1359,-0.3416479825973511,-0.3630167519986923,0.016303287522858954
1360,0.5094137191772461,-0.27577370488109854,0.01827527363352958
1361,0.8753897100687027,-0.16065736338611844,0.021017768616004944
1362,-0.023312747478485107,-0.1469229017953551,0.021353130622630542
1363,0.1194097101688385,-0.12028964059893577,0.022007180046484432
1364,-0.17569780349731445,-0.12583045688877362,0.0218707366966065
1365,-0.12747138738632202,-0.12599454993852846,0.02186669872719868
1366,-0.9560313820838928,-0.20899823315306487,0.019849813870610113
1367,-0.890539288520813,-0.2771523386898397,0.018243313440668846
1368,-0.9974404573440552,-0.3491811505552612,0.016608771335843504
1369,-0.6731517314910889,-0.38157820864884395,0.015898068323872278
1370,-0.3426160216331482,-0.37768198994727437,0.01598268207543861
1371,-0.25266754627227783,-0.3651805455797747,0.016255774672519492
1372,-0.32678699493408203,-0.3613411905152054,0.016340128902597145
1373,0.18851760029792786,-0.3063553114338921,0.017572055821722325
1374,0.1482095718383789,-0.260898823106665,0.01862159900240361
1375,-0.2299727201461792,-0.25780621281061644,0.018693938317326988
1376,0.3737226724624634,-0.19465332428330845,0.02019421110410157
1377,-0.5552771091461182,-0.23071570276958941,0.019332315483015877
1378,-0.661001443862915,-0.27374427687892194,0.01832236398803799
1379,-0.755143940448761,-0.3218842432359058,0.017219758269729497
1380,-0.23850888013839722,-0.31354670692615494,0.017408494458380407
1381,-1.2614529132843018,-0.4083373275619696,0.015323499694186114
1382,-1.1646198630332947,-0.4839655811091021,0.013764652872912734
1383,-1.07645183801651,-0.5432142067998429,0.012614571392339492
1384,-1.4677456617355347,-0.635667352293412,0.01095144291437975
1385,-0.9051594734191895,-0.6626165644059897,0.010497447739579188
1386,-0.9399886131286621,-0.6903537692782569,0.010044769499834969
1387,-0.6690405607223511,-0.6882224484226662,0.010079028592092715
1388,-0.7240905463695526,-0.6918092582173548,0.010021423942841313
1389,-1.3114631175994873,-0.753774644155568,0.009065113626260822
1390,-1.7935588359832764,-0.8577530633383388,0.007622545445845692
1391,-1.137546956539154,-0.8857324526584203,0.007268012412079302
1392,0.058487534523010254,-0.7913104539402772,0.00852123088770959
1393,-0.7104064226150513,-0.7832200508077546,0.008636223786415086
1394,-0.6837475895881653,-0.7732728046857956,0.008779287479931541
1395,0.20282158255577087,-0.675663365961639,0.010282677600496289
1396,0.24537718296051025,-0.5835593110694242,0.011868810085151033
1397,-0.10876774787902832,-0.5360801547503846,0.012749623508544925
1398,0.20152956247329712,-0.46231918302801644,0.01420068693394931
1399,0.3357042372226715,-0.38251684100294764,0.015877719920662222
1400,0.22520127892494202,-0.32174502901015867,0.017222901684021526
1401,0.1736379861831665,-0.27220672749082614,0.018358074936963963
1402,0.3453346937894821,-0.21045258536279532,0.019815008551625532
1403,-0.09018522500991821,-0.19842584932750762,0.02010344937904164
1404,-0.4018101692199707,-0.2187642813167539,0.01961650103046933
1405,0.12338453531265259,-0.18454939965381326,0.020437940068093376
1406,-0.33538955450057983,-0.1996334151384899,0.020074425226521145
1407,-0.4575790762901306,-0.22542798125365396,0.01945786362895958
1408,-0.46413373947143555,-0.2492985570754321,0.01889352043872846
1409,-0.7810396552085876,-0.30247266688874763,0.017660654801869628
1410,-0.5028449296951294,-0.32250989316938583,0.017205634650930935
1411,-0.23447030782699585,-0.31370593463514684,0.01740488099820711
1412,-1.0707337260246277,-0.3894087137740949,0.015728740672387102
1413,-0.6481388807296753,-0.41528173046965294,0.015176297125336425
1414,-0.7667446136474609,-0.45042801878743377,0.014443730658114962
1415,-0.32811373472213745,-0.43819659038090414,0.014696287881355472
1416,-0.6410051882266998,-0.4584774501654837,0.014278938021222477
1417,-0.5931769609451294,-0.47194740124344825,0.014005714120430834
1418,-0.18277740478515625,-0.44303040159761903,0.014596170389116252
1419,-0.7113986015319824,-0.4698672215910554,0.014047699347213167
1420,-0.01141279935836792,-0.4240217793677866,0.014992171335269361
1421,-0.4631609320640564,-0.4279356946374136,0.014910132593319015
1422,-0.8097336292266846,-0.4661154880963407,0.014123615854161884
1423,-0.3216260075569153,-0.45166654004239815,0.014418301514179286
1424,-0.7246208488941193,-0.47896197092757026,0.01386470243917131
1425,-0.5217010378837585,-0.4832358776231891,0.013779215726064421
1426,-0.5038633942604065,-0.48529862928691087,0.013738073595761941
1427,-0.17428374290466309,-0.45419714064868605,0.014366426465415938
1428,-0.008051753044128418,-0.40958260188823026,0.015297044634369159
1429,0.4337318539619446,-0.3252511563032128,0.01714381756288998
1430,0.36264944076538086,-0.2564610965963534,0.018725437273210757
1431,0.19734644889831543,-0.21108034204688653,0.01979999165949381
1432,0.09961551427841187,-0.18001075641435668,0.02054771791510585
1433,0.6548889875411987,-0.09652078201880117,0.022594446070361263
1434,0.38876378536224365,-0.04799232528069669,0.023801112178112118
1435,-0.557687520980835,-0.09896184485071051,0.022533998844660424
1436,-0.8034377098083496,-0.1694094313464744,0.02080482089690889
1437,-0.6501554250717163,-0.21748403071899858,0.01964703152361277
1438,-0.12841910123825073,-0.2085775377709238,0.019859885779472685
1439,-0.6179223656654358,-0.249512020560375,0.018888502507704668
1440,-1.212436020374298,-0.3458044205417673,0.016683763707652857
1441,-1.6716585159301758,-0.4783898300806081,0.013876171180988729
1442,-1.1093341708183289,-0.5414842641543802,0.012647233070436978
1443,-0.8242478966712952,-0.5697606274060717,0.012120413501602867
1444,-0.6367434561252594,-0.5764589102779905,0.011997826741834545
1445,0.14162248373031616,-0.5046507708771598,0.013355828120464956
1446,-1.0316266417503357,-0.5573483579644773,0.012349815639605381
1447,-0.19459646940231323,-0.521073169108261,0.013036803443387326
1448,-0.6077566146850586,-0.5297415136659407,0.012870413062017715
1449,-0.4695531129837036,-0.523722673597717,0.012985798296929238
1450,0.33084091544151306,-0.43826631469379396,0.014694840910521185
1451,-0.11286097764968872,-0.40572578098938344,0.015379063146299006
1452,-0.12340867519378662,-0.3774940704098238,0.015986769136145985
1453,-0.07628172636032104,-0.3473728360048735,0.01664891038488273
1454,-0.20216912031173706,-0.3328524644355599,0.016972962259334028
1455,0.07678762078285217,-0.2918884559137187,0.017903199506353443
1456,-0.25976526737213135,-0.28867613705955997,0.017977103132049223
1457,0.38635513186454773,-0.22117301016714924,0.0195591050883076
1458,-0.24281376600265503,-0.22333708575069983,0.019507590096074553
1459,0.5574830919504166,-0.1452550679805882,0.021393949096420565
1460,0.10834968090057373,-0.11989459309247204,0.022016915156868103
1461,0.11427348852157593,-0.09647778493106725,0.02259551104952786
1462,0.193416029214859,-0.06748840351647463,0.023315346823758628
1463,-0.18967396020889282,-0.07970695918571645,0.023011535275458433
1464,0.1527436077594757,-0.05646190249119723,0.023589950506782188
1465,-0.1424504518508911,-0.06506075742716662,0.023375772150392157
1466,0.01592808961868286,-0.05696187272258167,0.023577491365798887
1467,0.0711018443107605,-0.04415550101924746,0.023896829335002437
1468,0.007379382848739624,-0.03900201263244875,0.024025443785083245
1469,-0.244816392660141,-0.059583450635217965,0.02351217400467046
1470,-0.24826622009277344,-0.0784517275809735,0.02304272063569755
1471,-1.3442332744598389,-0.20502988226886004,0.01994488954116017
1472,-0.8179909586906433,-0.26632598991103834,0.018494928426385587
1473,-0.828383207321167,-0.3225317116520512,0.01720514221298702
1474,-0.723244309425354,-0.36260297142938147,0.01631238153012264
1475,-1.1328449845314026,-0.4396271727395835,0.014666616033449069
1476,-0.32221555709838867,-0.42788601117546404,0.014911172378879713
1477,-1.7079541385173798,-0.5558928239096556,0.012376906925376853
1478,-0.9648398756980896,-0.596787529088499,0.011631007464826126
1479,-0.7161635160446167,-0.6087251277841108,0.011419273473483997
1480,-0.6028386652469635,-0.608136481530396,0.011429650241255467
1481,-0.7076084613800049,-0.6180836795153569,0.011255190843486891
1482,-0.2460896372795105,-0.5808842752917723,0.011917303941850125
1483,0.061799556016922,-0.516615892160903,0.013122901763388243
1484,0.25902536511421204,-0.4390517664333915,0.014678546378897603
1485,-0.7965749502182007,-0.4748040848118724,0.013948181452891773
1486,-0.7197601199150085,-0.499299688322186,0.013460844486969653
1487,0.255038857460022,-0.4238658337439652,0.014995445420675567
1488,0.25061529874801636,-0.35641772049476705,0.01644863071855434
1489,0.05734598636627197,-0.31504134980866316,0.01737458930782969
1490,-0.5061348676681519,-0.334150701594612,0.016943864465813193
1491,-0.6139780879020691,-0.3621334402253577,0.01632270398437464
1492,-0.4394490420818329,-0.3698650004110052,0.016153159398453572
1493,-0.7227009236812592,-0.4051485927380306,0.015391358544525564
1494,-0.14515149593353271,-0.3791488830575808,0.015950797682334823
1495,-0.003993898630142212,-0.341633384614837,0.016776629199389582
1496,0.2877332270145416,-0.27869672345189916,0.018207539002566706
1497,0.4647562503814697,-0.20435142606856233,0.019961159681083748
1498,0.10992908477783203,-0.1729233749839229,0.020719496719771135
1499,1.0854852423071861,-0.047082513254812025,0.02382380615456922
1500,0.28285035490989685,-0.014089226438341144,0.024647792643859627
1501,0.39081671833992004,0.02640136803948497,0.02565988088869447
1502,-0.1957215666770935,0.0041890745678271266,0.02510472625160557
1503,-0.457507461309433,-0.04198057901989887,0.023951101634111932
1504,-0.7483354806900024,-0.11261606918690921,0.02219644019772285
1505,-1.2039965391159058,-0.22175411617980884,0.01954526729670213
1506,-1.2158908247947693,-0.3211677870413049,0.017235938533828925
1507,-0.16006428003311157,-0.30505743634048554,0.017601649717659446
1508,-0.5801340043544769,-0.33256509314188465,0.01697940648447252
1509,-0.7953149378299713,-0.3788400776106933,0.015957507069063216
1510,-0.33946385979652405,-0.3749024558292764,0.016043190554169483
1511,-0.18834185600280762,-0.35624639584662954,0.01645241292549006
1512,-0.2728162407875061,-0.3479033803407172,0.0166371288868542
1513,-0.1538243293762207,-0.3284954752442676,0.01707079381764114
1514,0.1271681785583496,-0.2829291098640059,0.018109653362241823
1515,0.07843846082687378,-0.24679235279491793,0.018952473347783355
1516,-1.0200137495994568,-0.32411449247537183,0.01716943712110852
1517,-0.25372177362442017,-0.31707522059027665,0.017328501723196842
1518,-0.9836573600769043,-0.3837334345389394,0.01585136639584205
1519,-0.8903197646141052,-0.434392067546456,0.014775368058210565
1520,-1.188148558139801,-0.5097677166057905,0.013255895119487571
1521,-1.4794094562530518,-0.6067318905705166,0.01145443743368985
1522,-1.9936611652374268,-0.7454248180372076,0.009189711797083878
1523,-2.0903668999671936,-0.8799190262302062,0.007340531187346772
1524,-0.19056320190429688,-0.8109834437976153,0.008246689547402609
1525,-1.1272367238998413,-0.842608771807838,0.007820290777450436
1526,-0.4621886610984802,-0.8045667607369023,0.008335447373928459
1527,-0.6863863468170166,-0.7927487193449136,0.008500915954971964
1528,-1.1133161783218384,-0.8248054652426061,0.00805807701831079
1529,-0.006196528673171997,-0.7429445715856627,0.009226977320982564
1530,0.26963308453559875,-0.6416868059735366,0.010848825370542497
1531,0.021714091300964355,-0.5753467162460866,0.012018122378388691
1532,0.4611663818359375,-0.47169540643788416,0.014010796165604387
1533,0.2103758454322815,-0.4034882812508676,0.015426757292193064
1534,0.3124256432056427,-0.33189688880521656,0.016994395382645664
1535,0.5240360498428345,-0.24630359494041149,0.018963978648111366
1536,0.2914590835571289,-0.19252732709065748,0.020245417836309662
1537,0.3458594083786011,-0.13868865354373164,0.021554844055120672
1538,-0.2978396415710449,-0.15460375234646295,0.021165409487995376
1539,-0.3823339343070984,-0.17737677054252649,0.02061150881738018
1540,-0.5753654837608337,-0.2171756418643572,0.019654388264205798
1541,-0.29816532135009766,-0.22527460981293124,0.019461509605070478
1542,0.013434648513793945,-0.2014036839802587,0.02003190134154124
1543,0.890233039855957,-0.09224001159663717,0.022700517514745267
1544,0.9863581359386444,0.01561980315689096,0.025390463324585805
1545,0.4373745918273926,0.05779528202394111,0.02644327541996351
1546,0.01429826021194458,0.05344557984274146,0.026334868751650094
1547,0.3694828748703003,0.08504930934549734,0.027121120903460867
1548,0.13916480541229248,0.09046085895217686,0.02725537279664805
1549,-0.2706407308578491,0.05435069997117427,0.02635743114586711
1550,-0.8091961145401001,-0.032003981479953154,0.02420017351973508
1551,-1.5622619688510895,-0.18502978021706676,0.02042633148724579
1552,-0.9516428112983704,-0.2616910833251971,0.018603085535584003
1553,-1.1891811192035675,-0.3544400869130341,0.016492316401985892
1554,-0.7710584998130798,-0.3961019282030387,0.015584782735434184
1555,-1.029809832572937,-0.4594727186400285,0.014258640872071194
1556,-1.2285962104797363,-0.5363850678239992,0.01274383190044711
1557,-0.4547603130340576,-0.528222592345005,0.012899468519122815
1558,-0.6616113781929016,-0.5415614709297947,0.012645774198610536
1559,-0.35821959376335144,-0.5232272832131504,0.012995325117219406
1560,-0.5459719896316528,-0.5255017538550006,0.012951622317927892
1561,-1.1002897024154663,-0.5829805487110472,0.011879290532051483
1562,-0.6908790469169617,-0.5937703985316386,0.011684952537068194
1563,-0.46969449520111084,-0.5813628081985858,0.011908618963782217
1564,-0.4014816880226135,-0.5633746961809886,0.012238074390121286
1565,-0.10318762063980103,-0.5173559886268698,0.01310858047184495
1566,-0.07179766893386841,-0.4728001566575697,0.01398852473486499
1567,-0.5621353983879089,-0.48173368083060364,0.01380922543328411
1568,0.15587428212165833,-0.41797288453537745,0.015119466915717882
1569,-0.0008336007595062256,-0.3762589561577903,0.016013645401843753
1570,-0.5050783157348633,-0.3891408921154976,0.015734515949512123
1571,-0.13147681951522827,-0.3633744848554707,0.016295427433533273
1572,-0.6223569512367249,-0.3892727314935961,0.015731672836174507
1573,-0.08420252799987793,-0.3587657111442243,0.016396840601014855
1574,-0.1362406611442566,-0.33651320614422753,0.01689097540177485
1575,-0.041281044483184814,-0.30698998997812327,0.017557592306670606
1576,-0.3551064133644104,-0.311801632316752,0.017448119468322792
1577,-0.40398842096328735,-0.3210203111814055,0.017239269985253863
1578,-0.06427210569381714,-0.2953454906326467,0.01782381634140406
1579,-0.7226760387420654,-0.3380785454435886,0.01685597695337972
1580,-0.36582326889038086,-0.3408530177882678,0.016794031977976322
1581,-1.2786458730697632,-0.43463230331641733,0.01477036725507011
1582,-1.1905508041381836,-0.510224153398594,0.013247004250162613
1583,-1.0079676806926727,-0.5599985061280018,0.012300591887365271
1584,-0.7914739847183228,-0.5831460539870339,0.011876292849866694
1585,0.0051392316818237305,-0.5243175254201482,0.012974364732482209
1586,-0.42064452171325684,-0.5139502250494591,0.01317456740641587
1587,0.3350036144256592,-0.4290548411019473,0.014886721922874425
1588,0.3723405599594116,-0.3489153009958114,0.01661466933337431
1589,0.3868523836135864,-0.27533853253487167,0.018285366949446227
1590,1.322275124490261,-0.11557716683235841,0.02212336819766564
1591,0.3634541630744934,-0.06767403384167324,0.023310727196640957
1592,0.1885678768157959,-0.042049842775926334,0.023949373093362713
1593,-0.1956382393836975,-0.057408682436703454,0.02356635757207716
1594,-0.9382516145706177,-0.14549297565009484,0.02138812535091862
1595,-0.5510094165802002,-0.18604461974310538,0.02040181421396554
1596,-0.9936570525169373,-0.26680586302048853,0.01848374524746701
1597,-0.6612862646579742,-0.3062539031842371,0.01757436729221133
1598,-0.5717161893844604,-0.33280013180425944,0.016974135716194782
1599,-0.5186968445777893,-0.3513898030816124,0.016559812086513047
1600,-0.47597038745880127,-0.3638478615193313,0.01628502943363665
1601,-0.6688464283943176,-0.3943477182068299,0.015622442656608192
1602,-0.7904825210571289,-0.43396119849185977,0.014784339589537522
1603,-0.10262936353683472,-0.4008280149963573,0.01548356947452351
1604,-0.7541088461875916,-0.43615609811548073,0.014738670496816157
1605,-0.9148785471916199,-0.48402834302309466,0.013763400765432091
1606,-0.5806719660758972,-0.4936927053283749,0.01357144086093411
1607,-0.9214316606521606,-0.5364666008607535,0.012742283531445015
1608,-0.9433341026306152,-0.5771533510377397,0.011985166286681143
1609,-0.7266553640365601,-0.5921035523376218,0.011714829548958578
1610,-1.307873547077179,-0.6636805518115775,0.010479810231763783
1611,-1.012665033340454,-0.6985789999644652,0.009913374063348518
1612,-0.6555042266845703,-0.6942715226364756,0.009982022661957387
1613,-0.33514368534088135,-0.6583587389069162,0.010568246901899328
1614,-0.5583767592906952,-0.6483605409452942,0.01073586853466328
1615,-0.502015233039856,-0.6337260101547504,0.010984686809302473
1616,-0.12353938817977905,-0.5827073479572532,0.011884239967080696
1617,-0.043551623821258545,-0.5287917755436538,0.012888575598617983
1618,-0.0017440319061279297,-0.47608700117990116,0.013922391139033197
1619,-0.790447324514389,-0.5075230335133499,0.013299674460564166
1620,-0.37717437744140625,-0.4944881679061556,0.013555715895209992
1621,-0.4355703592300415,-0.4885963870385442,0.013672457681220258
1622,-0.6836004257202148,-0.5080967909067112,0.013288475375016132
1623,-1.2616370916366577,-0.5834508209797058,0.011870774179496177
1624,-0.5299506187438965,-0.5781008007561249,0.011967907946121521
1625,-1.2208622694015503,-0.6423769476206674,0.010837104603117046
1626,-0.004656493663787842,-0.5786049022249795,0.01195873239278207
1627,-0.23497837781906128,-0.5442422497843877,0.012595188220725643
1628,-0.3606439232826233,-0.5258824171342114,0.012944317411529297
1629,0.07276266813278198,-0.466017908607512,0.0141255936958579
1630,-1.4683374762535095,-0.5662498653721117,0.012185003976371888
1631,-0.5749678015708923,-0.5671216589919899,0.012168943098958574
1632,-1.4223237037658691,-0.6526418634693778,0.010663855870160343
1633,0.09378233551979065,-0.577999443570461,0.011969753411642262
1634,-0.6919386982917786,-0.5893933690425928,0.011763520703847096
1635,-0.05834770202636719,-0.5362888023409702,0.012745660208194082
1636,-0.17955508828163147,-0.5006154309350364,0.013434974403741473
1637,0.48372596502304077,-0.40218129133922864,0.01545465471943075
1638,0.13328921794891357,-0.3486342404104144,0.01662090593860008
1639,0.3005453050136566,-0.28371628586800735,0.01809147281661282
1640,0.25649046897888184,-0.22969561038331845,0.01935651265744069
1641,-0.06943941116333008,-0.21366999046131963,0.01973808490616355
1642,-0.5778768062591553,-0.2500906720411032,0.0188749026606067
1643,-0.6051396131515503,-0.2855955661521479,0.018048101137071806
1644,-0.54096519947052,-0.3111325294839851,0.017463323728490566
1645,-0.7310104370117188,-0.3531203202367585,0.01652150263586284
1646,-0.5026280879974365,-0.3680710970128263,0.016192415753852718
1647,-0.7142028212547302,-0.4026842694370167,0.015443915456443434
1648,-0.1921774446964264,-0.3816335869629577,0.015896867403245862
1649,0.0959002673625946,-0.33388020153040243,0.016949925263128267
1650,-0.16553813219070435,-0.3170459945964327,0.017329163578784366
1651,-0.15742981433868408,-0.30108437657065784,0.017692383705868713
1652,-0.26939404010772705,-0.2979153429243648,0.017764907269443627
1653,-0.09786844253540039,-0.27791065288546835,0.018225743957024945
1654,0.06799784302711487,-0.24331980329421005,0.019034275467790497
1655,-0.4594584107398987,-0.26493366403877894,0.018527391609185737
1656,-0.43055400252342224,-0.28149569788724327,0.018142779569132222
1657,-0.5677552223205566,-0.31012165033057465,0.017486305925594074
1658,-0.8559015989303589,-0.36469964519055303,0.016266328142419042
1659,-1.9428017139434814,-0.5225098520658458,0.01300913002555383
1660,-0.762320876121521,-0.5464909544714133,0.012552859074448636
1661,-1.241129219532013,-0.6159547809774732,0.011292369124536714
1662,0.34730833768844604,-0.5196284691108813,0.013064669681557726
1663,0.6035449504852295,-0.4073111271512703,0.015345319846796933
1664,0.8742923140525818,-0.27915078303088514,0.01819702677811156
1665,0.6728918552398682,-0.18394651920380986,0.020452511785344726
1666,0.4928252696990967,-0.11626934031351922,0.022106294332927212
1667,0.6183221340179443,-0.042810192880372876,0.023930398522208976
1668,-0.8233170509338379,-0.12086087868571935,0.021993104720905432
1669,-0.23763668537139893,-0.1325384593542873,0.021705805060587485
1670,-0.3428361415863037,-0.15356822757748895,0.02119069255621268
1671,0.5871967077255249,-0.0794917340471876,0.023016881955428635
1672,0.422589510679245,-0.029283609574544345,0.024268118951944577
1673,0.022686004638671875,-0.024086648153222725,0.024397950221394668
1674,0.12287724018096924,-0.00939025931980353,0.024765250416800014
1675,-0.4642399847507477,-0.05487523186289794,0.023629494590906016
1676,-0.5084016919136047,-0.1002278778679686,0.02250265990768765
1677,-0.6560221910476685,-0.1558073091859386,0.021136033892154613
1678,-0.9559037983417511,-0.23581695810151984,0.01921147952685566
1679,-0.891416072845459,-0.30137686957591375,0.017685696732397557
1680,-0.3691836893558502,-0.3081575515539074,0.017530999345421704
1681,-0.3848389983177185,-0.3158256962302885,0.017356809196771333
1682,-0.8620496988296509,-0.3704480964902247,0.016140410106275108
1683,-0.22101250290870667,-0.3555045371320729,0.016468795500845856
1684,-0.02097100019454956,-0.32205118343832057,0.017215989170572623
1685,-0.4618610739707947,-0.33603217249156797,0.016901737682143328
1686,-0.021221816539764404,-0.30455113689638763,0.017613200429543445
1687,-0.4468177258968353,-0.3187777957964324,0.017289965504072424
1688,-0.664755642414093,-0.35337558045819845,0.016515855593706778
1689,-0.45834964513778687,-0.36387298692615727,0.01628447763500063
1690,-0.24474310874938965,-0.3519599991084805,0.016547184375050237
1691,-0.3700851798057556,-0.353772517178208,0.01650707623022566
1692,-1.1177023649215698,-0.43016550195254416,0.014863509704630733
1693,-0.34727802872657776,-0.4218767546299475,0.015037242047627915
1694,-1.2943083047866821,-0.5091199096456209,0.013268520208676318
1695,-1.5104422569274902,-0.6092521443738079,0.011409988753803288
1696,-0.055249810218811035,-0.5538519109583083,0.012414960745846304
1697,-0.21470683813095093,-0.5199374036755726,0.013058707532205553
1698,-0.30199670791625977,-0.4981433340996413,0.013483606641141014
1699,-0.16075891256332397,-0.4644048919460096,0.014158312296353804
1700,0.03377804160118103,-0.4145865985912905,0.01519099608304072
1701,0.09811681509017944,-0.3633162572231435,0.01629670667493704
1702,-0.01514291763305664,-0.32849892326413477,0.017070716288628298
1703,0.10597878694534302,-0.285051152243187,0.018060660947998183
1704,0.05359518527984619,-0.2511865184908837,0.01884915792863133
1705,-0.7628607153892517,-0.3023539381807205,0.01766336729653712
1706,-0.2946443557739258,-0.301582979940041,0.01768098532567007
1707,-0.3359057903289795,-0.30501526097893483,0.017602611773978497
1708,-1.1231074333190918,-0.3868244782129505,0.01578451464119347
1709,-1.4817967414855957,-0.496321704540215,0.013519513557918856
1710,-1.9181230068206787,-0.6385018347682614,0.010903034847512469
1711,-1.229754090309143,-0.6976270603223496,0.00992851454975553
1712,-2.0496509075164795,-0.8328294450417626,0.007950191003868496
1713,-1.287581741809845,-0.8783046747185708,0.007360775180297759
1714,-0.9217833876609802,-0.8826525460128117,0.007306357936559266
1715,-0.23255997896194458,-0.817643289307725,0.00815537197037796
1716,-0.7376609742641449,-0.809645057803367,0.008265139759664916
1717,0.1355133056640625,-0.7151292214566242,0.009652920951393312
1718,-0.3404899835586548,-0.6776652976668273,0.010250012550565969
1719,0.4485009014606476,-0.5650486777540797,0.012207156736926846
1720,0.4024919271469116,-0.4682946172639806,0.014079490794425706
1721,-0.09652924537658691,-0.4311180800752412,0.014843617976873093
1722,0.23392808437347412,-0.36461346363036967,0.01626821979145353
1723,0.523979663848877,-0.27575415088244504,0.018275727115087254
1724,0.03357216715812683,-0.24482151907838787,0.018998883117475752
1725,-0.3657476305961609,-0.2569141302301652,0.01871482607947809
1726,0.17800849676132202,-0.2134218675310165,0.019744013490283215
1727,0.11150023341178894,-0.18092965743673595,0.020525477643614752
1728,-0.30325016379356384,-0.19316170807241873,0.020230133791782495
1729,-0.010148167610168457,-0.17486035402619368,0.020672507514522695
1730,0.020236462354660034,-0.15535067238810832,0.021147177890066274
1731,0.14306215941905975,-0.12550938920739152,0.02187863794640796
1732,-0.2094184160232544,-0.1339002918889778,0.021672356399146053
1733,0.2008034586906433,-0.10042991683101571,0.022497659436917953
1734,-1.4006105661392212,-0.23044798176183623,0.019338664897125976
1735,0.5305195450782776,-0.15435122907782484,0.02117157428342275
1736,1.1025806665420532,-0.02865803951583705,0.024283745084085637
1737,-0.8200292587280273,-0.10779516143705606,0.02231551065858081
1738,-0.5637387335300446,-0.1533895186463549,0.021195056669732485
1739,-0.5397575199604034,-0.19202631877775972,0.02025749116071946
1740,-0.32741308212280273,-0.20556499511226403,0.019932060083453062
1741,-0.45383352041244507,-0.23039184764228213,0.01933999630149089
1742,-0.0281561017036438,-0.2101682730484183,0.019821811020777264
1743,-0.3301140069961548,-0.22216284644319195,0.019535536364659652
1744,0.30106475949287415,-0.16984008584958538,0.020794358463700025
1745,-0.024481505155563354,-0.15530422778018318,0.021148311435984238
1746,0.44432155787944794,-0.09534164921422009,0.02262365475989238
1747,0.21138378977775574,-0.06466910531502251,0.023385522371844616
1748,-0.2101757526397705,-0.0792197700474973,0.02302363841827976
1749,0.053104251623153687,-0.06598736788043222,0.02335270606450339
1750,-0.42951881885528564,-0.10234051297791755,0.022450382175833568
1751,-0.2640576958656311,-0.11851223126668889,0.02205098774682827
1752,-0.5130472779273987,-0.15796573593275987,0.021083379903471037
1753,-0.9210702776908875,-0.2342761901085726,0.01924794664886123
1754,-0.8613197505474091,-0.2969805461524562,0.017786325640825478
1755,-0.3282209038734436,-0.30010458192455497,0.0177147920919944
1756,-0.6396463513374329,-0.33405875886584274,0.016945924406881287
1757,-0.5896285772323608,-0.3596157407024945,0.016378111920502772
1758,-1.1978920698165894,-0.44344337361390396,0.014587635554187737
1759,-1.5553029775619507,-0.5546293340087086,0.012400456079420637
1760,-1.1837457418441772,-0.6175409747922554,0.011264660179798597
1761,-0.5928995609283447,-0.6150768334058644,0.011307726578807435
1762,-2.3356006145477295,-0.7871292115200509,0.008580508348571408
1763,-1.2907655239105225,-0.837492842759098,0.00788802945030673
1764,-1.01029372215271,-0.8547729306984592,0.007661131445289068
1765,-0.6054929494857788,-0.8298449325771912,0.007990181662479976
1766,-0.17987895011901855,-0.764848334331374,0.008901903555785125
1767,-0.19114547967910767,-0.7074780488661474,0.009772676316459266
1768,0.16119642555713654,-0.6206106014238191,0.011211174461759604
1769,-0.09798860549926758,-0.5683484018313639,0.01214636739573367
1770,-1.1036334037780762,-0.6218769020260352,0.011189162887996268
1771,-0.015862643718719482,-0.5612754761953036,0.012276920735517047
1772,0.08862054347991943,-0.49628587422778137,0.013520220427704427
1773,0.8073152005672455,-0.3659257667482787,0.016239427635711196
1774,0.8067522794008255,-0.24865796213336833,0.018908582178782923
1775,0.37539374828338623,-0.1862527910916929,0.020396786180114215
1776,0.05247899889945984,-0.16237961209257765,0.02097581641709863
1777,0.23097120225429535,-0.12304453065789034,0.021939317366347938
1778,0.4024099260568619,-0.07049908498641513,0.023240436990255547
1779,0.08222684264183044,-0.05522649222359058,0.023620739641519298
1780,0.20060959458351135,-0.02964288354288039,0.02425914489531207
1781,0.08480370044708252,-0.018198225143884098,0.024545094588121208
1782,-0.2258061170578003,-0.03895901433527571,0.0240265171107888
1783,-0.3294661045074463,-0.06800972335249277,0.02330237346618623
1784,-0.770484983921051,-0.13825724940934858,0.021565424971717685
1785,-0.05237478017807007,-0.12966900248622074,0.02177632240976566
1786,-0.17444449663162231,-0.13414655190076089,0.02166630917276552
1787,0.07233127951622009,-0.11349876875906278,0.022174652389704282
1788,0.431854784488678,-0.05896341343428872,0.023527620601474737
1789,0.6424253880977631,0.011175466718916435,0.025279375037588554
1790,1.0749383568763733,0.11755175573466209,0.027925331806877216
1791,2.068948283791542,0.31269140854035005,0.032572089710586255
1792,0.02007913589477539,0.2834301812757926,0.0319019202515152
1793,-0.09363210201263428,0.2457239529469499,0.03102237313023136
1794,0.19823133945465088,0.24097469159772,0.030910404372146025
1795,0.26091861724853516,0.24296908416280152,0.030957455144104223
1796,-0.35527586936950684,0.18314458880957069,0.02952810047641622
1797,-1.020729422569275,0.06275718767168616,0.02656687320680274
1798,-0.23880767822265625,0.03260070108225192,0.025814728914657123
1799,-1.2810587882995605,-0.0987652478559293,0.022538866042328996
1800,-1.8304486274719238,-0.2719335858175287,0.01836442195158715
1801,-1.6871294975280762,-0.4134531769885834,0.015214980121759515
1802,0.35685116052627563,-0.33642274323709753,0.016892999093658236
1803,-0.1045016348361969,-0.3132306323970075,0.017415668382821974
1804,-0.048555731773376465,-0.2867631423346444,0.018021177592941636
1805,0.11617881059646606,-0.24646894704153333,0.018960085975611624
1806,0.32365643978118896,-0.1894564083592611,0.02031945695958395
1807,-0.5518921613693237,-0.22569998366026736,0.019451398143970663
1808,0.43483859300613403,-0.1596461259936272,0.02104241205711453
1809,-0.6444565653800964,-0.20812716993227412,0.019870670010625764
1810,-0.4026973247528076,-0.22758418541432748,0.01940663222909897
1811,0.07139217853546143,-0.1976865490193486,0.020121225432776783
1812,0.7239919900894165,-0.1055186951084721,0.02237177976171253
1813,-0.5566222667694092,-0.1506290522745658,0.021262497895831213
1814,0.7959942128509283,-0.05596672576201642,0.023602290887458188
1815,0.21582674980163574,-0.02878737820565121,0.024280514282969384
1816,0.014932751655578613,-0.024415365219528227,0.024389737125972307
1817,-0.25668251514434814,-0.04764208021201022,0.02380984831446785
1818,-0.2993905246257782,-0.07281692465338702,0.02318278755349448
1819,-0.2618961036205292,-0.09172484255010122,0.022713288384205124
1820,-0.4611605703830719,-0.1286684153333983,0.02180092432662632
1821,0.0864412784576416,-0.10715744595429431,0.02233127079529797
1822,-1.0076006650924683,-0.1972017678681117,0.0201328845046615
1823,-0.8289344906806946,-0.26037504014936996,0.01863384282801264
1824,-0.5287314057350159,-0.28721067670793454,0.018010862390869378
1825,-0.4049791097640991,-0.298987520013551,0.017740355461437856
1826,-0.8165193200111389,-0.35074070001330976,0.01657419321241899
1827,-1.4294233322143555,-0.4586089632334143,0.014276254996493638
1828,-0.9917222261428833,-0.5119202895243612,0.013213998885416479
1829,-0.6427562832832336,-0.5250038889002484,0.012961180363473155
1830,-0.13410642743110657,-0.4859141427533342,0.013725811807735317
1831,-0.49825790524482727,-0.4871485190024835,0.01370124202133748
1832,-0.5935609340667725,-0.49778976050891244,0.013490571374351001
1833,0.35647809505462646,-0.4123629749525586,0.015238069689826664
1834,-0.4518265128135681,-0.4163093287386595,0.015154582684906541
1835,0.512565404176712,-0.3234218554471224,0.017185057596375418
1836,-0.3989201784133911,-0.33097168774374924,0.01701515972060996
1837,-0.3233526945114136,-0.3302097884205157,0.017032268286521973
1838,0.12951698899269104,-0.284237110679195,0.0180794482398715
1839,-0.4906703233718872,-0.30488043194846426,0.01760568750135221
1840,-0.05196881294250488,-0.2795892700478683,0.018186877549314594
1841,0.06671667098999023,-0.2449586759440825,0.018995651881661864
1842,0.17959380149841309,-0.20250342819983294,0.020005499272410847
1843,0.16110318899154663,-0.166142766480695,0.020884231096006636
1844,0.34919726848602295,-0.11460876298402323,0.022147260406624257
1845,-0.1919725239276886,-0.12234513907838976,0.02195654155803481
1846,0.23742325603961945,-0.08636829956658884,0.022846145396805986
1847,0.1477954387664795,-0.06295192573328202,0.023428277524896457
1848,0.22693662345409393,-0.03396307081454443,0.024151249546314642
1849,0.3642030656337738,0.005853542830287384,0.025146336899400268
1850,0.22063606977462769,0.027331795524721408,0.0256831247923569
1851,0.3601793199777603,0.06061654797002529,0.026513560361671653
1852,0.12637822329998016,0.06719271550302078,0.02667729439666329
1853,-0.030928701162338257,0.05738057383648488,0.026432942022687228
1854,-1.3795855641365051,-0.08631603996081409,0.022847442195308
1855,-0.33861052989959717,-0.11154548895469238,0.02222287127849836
1856,-0.5749713480472565,-0.15788807486394876,0.021085273800668592
1857,-1.1805539727210999,-0.26015466464966386,0.018638995249812215
1858,-0.7557247579097748,-0.30971167397567495,0.017495630664493098
1859,-0.2756112515926361,-0.30630163173737107,0.017573279363944008
1860,-1.3152880668640137,-0.4072002752500353,0.015347677932406188
1861,-0.09006199240684509,-0.3754864469657163,0.01603046745360152
1862,-0.3556135892868042,-0.3734991611978251,0.016073785140876606
1863,-0.23856979608535767,-0.3600062246865784,0.01636951207506429
1864,-0.06572172045707703,-0.3305777742636283,0.01702400406959906
1865,-0.49448007345199585,-0.346968004182465,0.01665790306589437
1866,-0.24112680554389954,-0.33638388431860844,0.01689386841986581
1867,-0.9578076601028442,-0.398526261897032,0.015532818269795495
1868,-0.6347006559371948,-0.4221437013010483,0.015031628826305612
1869,0.1178598403930664,-0.3681433471316368,0.016190833729053996
1870,-0.18206465244293213,-0.3495354776627663,0.016600912058580438
1871,-1.629528284072876,-0.47753475830377723,0.013893322248165483
1872,-0.24677753448486328,-0.45445903592188586,0.014361064211214518
1873,-0.38722190260887146,-0.4477353225905844,0.014499108488502693
1874,0.3159931004047394,-0.371362480291052,0.01612042787663197
1875,0.06114250421524048,-0.3281119818404228,0.017079417756603592
1876,0.12489490211009979,-0.28281129344537054,0.018112375118851904
1877,-0.49698102474212646,-0.30422826657504615,0.017620568195917143
1878,-0.44324225187301636,-0.31812966510484314,0.017304630585013463
1879,-0.44625040888786316,-0.33094173948314515,0.017015832056298138
1880,0.04761818051338196,-0.2930857474834925,0.017875688623936913
1881,0.27279794216156006,-0.23649737851898722,0.019195383507792613
1882,-0.09258127212524414,-0.22210576787961292,0.0195368951702356
1883,0.3299296051263809,-0.16690223057901354,0.02086576140570047
1884,-0.014889299869537354,-0.15170093750806593,0.021236303895781503
1885,0.11156120896339417,-0.12537472286091994,0.021881952179138575
1886,-0.3946378231048584,-0.15230103288531377,0.02122164286147604
1887,0.12983271479606628,-0.12408765811717579,0.021913633340684927
1888,0.07452923059463501,-0.10422596924599471,0.022403745052330615
1889,-0.34785306453704834,-0.12858867877510005,0.02180288511935711
1890,0.19675061106681824,-0.09605474979090822,0.022605989521505686
1891,-0.20947110652923584,-0.10739638546474098,0.022325365528464716
1892,-0.19800513982772827,-0.11645726090103971,0.022101659361477014
1893,-0.35377776622772217,-0.14018931143370794,0.021518047703290494
1894,-0.5320128202438354,-0.17937166231472068,0.020563190280726132
1895,0.009462833404541016,-0.1604882127427945,0.021021890196335484
1896,-0.49403780698776245,-0.1938431721672913,0.0202137195027171
1897,-0.24646997451782227,-0.1991058524023444,0.020087103637532903
1898,-0.36375129222869873,-0.21557039638497985,0.019692697685789372
1899,-0.490827739238739,-0.24309613067035576,0.01903954914560324
1900,0.46152400970458984,-0.1726341166328612,0.020726516526164848
1901,-0.43961572647094727,-0.1993322776166698,0.020081661854352464
1902,-2.8517926931381226,-0.46457831916881503,0.014154792281197091
1903,0.5126780867576599,-0.36685267857616755,0.016219106977581204
1904,-0.06560751795768738,-0.3367281625143196,0.016886167217089694
1905,0.3001617565751076,-0.2730391706053769,0.018338737075079735
1906,0.43075430393218994,-0.20265982315162023,0.02000174556704734
1907,0.148111492395401,-0.1675826915969181,0.02084921696016146
1908,-0.5994178056716919,-0.21076620300439547,0.019807505852415672
1909,-0.5058289766311646,-0.24027248036707236,0.0191061724474594
1910,-0.46603089570999146,-0.26284832190136426,0.01857605677866245
1911,-0.5659764409065247,-0.2931611338018803,0.01787395705493374
1912,-0.28214097023010254,-0.29205911744470253,0.017899276969982666
1913,-0.8536908626556396,-0.34822229196579624,0.01663004900846932
1914,-0.5310313105583191,-0.36650319382504853,0.016226767168307316
1915,-1.1957983672618866,-0.4494327111687323,0.01446418546124649
1916,-0.4136621356010437,-0.4458556536119634,0.014537839999082992
1917,-2.080509513616562,-0.6093210396124231,0.011408775384353443
1918,-0.32222408056259155,-0.58061134370744,0.011922259373755928
1919,-1.5641579627990723,-0.6789660056166033,0.010228830510895128
1920,-1.1177076995372772,-0.7228401750086706,0.00953336273600889
1921,-1.1344853639602661,-0.7640046939038302,0.008914256140853302
1922,-0.6542224884033203,-0.7530264733537791,0.009076224153360308
1923,-1.0431698560714722,-0.7820408116255484,0.00865308702976987
1924,-0.24191027879714966,-0.7280277583427085,0.009453568256708966
1925,0.21650218963623047,-0.6335747635448146,0.010987279825557961
1926,-0.3126659095287323,-0.6014838781432064,0.011547384496901975
1927,-0.8399249911308289,-0.6253279894419685,0.011129330319813866
1928,0.21622733771800995,-0.5411724567259707,0.01265312600543362
1929,-0.25940054655075073,-0.5129952657084487,0.013193108066080326
1930,-0.18342319130897522,-0.4800380582685013,0.013843147766780962
1931,-0.19147080183029175,-0.4511813326246804,0.014428260551702453
1932,0.0027857422828674316,-0.4057846251339256,0.01537780994133712
1933,0.20821335911750793,-0.3443848267087823,0.01671534129182477
1934,-0.19141969084739685,-0.32908831312264375,0.017057466301698198
1935,0.010359078645706177,-0.29514357394580876,0.017828448597909007
1936,0.18059146404266357,-0.24757007014696153,0.018934171585954375
1937,-0.08051908016204834,-0.2308649711484702,0.01932877568918004
1938,0.3345976322889328,-0.17431871080472994,0.020685644087189994
1939,-0.30890873074531555,-0.18777771279878852,0.02035996600227267
1940,0.3256739675998688,-0.1364325447589228,0.021610192769887484
1941,-0.1464526653289795,-0.13743455681592848,0.02158560637365173
1942,-0.06912931799888611,-0.13060403293422423,0.02175333810356164
1943,0.4293865510262549,-0.07460497453817633,0.02313832831645311
1944,0.07655557990074158,-0.05948891909428454,0.023514528936135495
1945,0.05478009581565857,-0.04806201760329023,0.023799373882699947
1946,-0.6306040287017822,-0.10631621871313941,0.022352063685924822
1947,-1.1088523268699646,-0.2065698295288219,0.019907976464209668
1948,0.2779313623905182,-0.15811971033688793,0.021079625112130396
1949,-1.0972012877464294,-0.25202786807784205,0.018829401509588797
1950,-0.8362704515457153,-0.3104521264246294,0.01747879105895087
1951,-0.2824254631996155,-0.307649460102128,0.01754256961206185
1952,-0.936190128326416,-0.3705035269245568,0.016139198403784877
1953,-0.19018125534057617,-0.35247129976615876,0.016535865115597653
1954,-0.0615386962890625,-0.3233780394184491,0.017186045971007202
1955,-1.0201310813426971,-0.39305334361087396,0.015650262494490638
1956,-0.8251916170120239,-0.43626717095098894,0.014736361597250678
1957,-0.029719173908233643,-0.3956123712467134,0.01559528769848914
1958,-1.290563702583313,-0.4851075043803733,0.013741882423892777
1959,-0.19566461443901062,-0.45616321538623705,0.014326200677659988
1960,0.22078222036361694,-0.38846867181125166,0.015749016684745275
1961,-1.6465347111225128,-0.5142752757423777,0.013168260323743998
1962,-0.28169944882392883,-0.4910176930505329,0.013624405265383045
1963,0.07414788007736206,-0.4345011357377434,0.014773097547784608
1964,0.16389216482639313,-0.3746618056813298,0.016048435019045373
1965,-0.05100595951080322,-0.34229622106427715,0.016761854453159263
1966,-1.319396197795868,-0.44000621873743617,0.014658760078134707
1967,-0.12187060713768005,-0.4081926575774606,0.015326574770987412
1968,0.15519726276397705,-0.3518536655433169,0.016549538897101427
1969,0.3160613179206848,-0.2850621671969167,0.018060406791683206
1970,0.09938955307006836,-0.24661699517021818,0.01895660093222679
1971,0.35358859598636627,-0.18659643605455972,0.020388486849170693
1972,-0.4791940450668335,-0.2158561969557871,0.01968587509667459
1973,0.5377746671438217,-0.14049311054582622,0.021510600371150063
1974,0.18958032131195068,-0.10748576736004853,0.02232315657855285
1975,0.6282834112644196,-0.03390884949760174,0.02415260351933698
1976,-0.16384923458099365,-0.04690288800594093,0.023828286883636876
1977,-0.211164653301239,-0.06332906453547074,0.023418886543963353
1978,0.2894108295440674,-0.028055075127516937,0.024298807078826725
1979,-0.35474762320518494,-0.06072432993528373,0.023483754983282815
1980,0.40042440593242645,-0.014609456348512725,0.02463478957396112
1981,0.6327147707343102,0.05012296635976955,0.026252025841481254
1982,0.1423265039920807,0.05934332012300067,0.02648184390951738
1983,0.33229540288448334,0.08663852839914893,0.02716056002310238
1984,0.7178240530192852,0.14975708086116254,0.028716187265663426
1985,0.16541698575019836,0.15132307135006612,0.028754463030604097
1986,0.3389815390110016,0.17008891811615967,0.02921168604177712
1987,-0.12106633186340332,0.14097339311820337,0.028501171987992725
1988,-0.06171250343322754,0.12070480346306028,0.028003049772031885
1989,-0.47064638137817383,0.06156968497893689,0.02653730006947319
1990,0.058740973472595215,0.06128681382830272,0.02653025490862898
1991,-1.260926604270935,-0.07093452798162102,0.02322960517436907
1992,-0.43407559394836426,-0.10724863457829534,0.022329017079879304
1993,-0.15751796960830688,-0.11227556808129649,0.022204845993176882
1994,-0.1381182074546814,-0.11485983201863498,0.022141065587596164
1995,-0.41446441411972046,-0.14482029022874351,0.021404593059970112
1996,-0.047989994287490845,-0.13513726063461826,0.021641985085243717
1997,-0.14667269587516785,-0.13629080415867323,0.02161367120324599
1998,-0.17373722791671753,-0.14003544653447766,0.021521819788306255
1999,-9.420597523450851,-1.068091654226115,0.005281470853058556
2000,-9.342945098876953,-1.8955769986911988,0.0011035700119459192
2001,-8.884705543518066,-2.5944898531738856,0.0002773378341705524
2002,-9.624666929244995,-3.2975075607809963,6.82649822644502e-05
2003,-7.807257682085037,-3.7484825729114,2.772289280614351e-05
2004,-6.825710415840149,-4.056205357204275,1.498527151390922e-05
2005,-6.075174927711487,-4.258102314254996,1.0007886959900585e-05
2006,-5.867103338241577,-4.419002416653655,7.2545463105286504e-06
2007,-5.96416962146759,-4.573519137135048,5.326175726598836e-06
2008,-4.792243182659149,-4.595391541687459,5.098229034334348e-06
2009,-4.783060789108276,-4.61415846642954,4.910437972690444e-06
2010,-3.3961786031723022,-4.492360480103817,6.264708269795347e-06
2011,-3.5286295413970947,-4.395987386233145,7.5962262344867275e-06
2012,-2.796625316143036,-4.236051179224134,1.0459040492083132e-05
2013,-3.1725361347198486,-4.129699674773706,1.2937371698445023e-05
2014,-2.182407855987549,-3.93497049289509,1.9095549829335526e-05
2015,-1.7328040599822998,-3.714753849603811,2.9656380067299737e-05
2016,-2.5106624364852905,-3.594344708291959,3.772541761939627e-05
2017,-1.7694755792617798,-3.411857795388941,5.4324515777134e-05
2018,-2.683470070362091,-3.339019022886256,6.28331490543493e-05
2019,-2.63340961933136,-3.268458082530766,7.234267602191859e-05
2020,-2.3510783910751343,-3.176720113385203,8.688616579228231e-05
2021,-2.579001307487488,-3.1169482327954317,9.789759150943367e-05
2022,-2.009182333946228,-3.0061716429105116,0.00012211822667800858
2023,-1.7584958672523499,-2.8814040653446957,0.00015662161566099995
2024,-1.7383828163146973,-2.767101940441696,0.00019669077593223433
2025,-1.3477787971496582,-2.625169626112492,0.0002609182147252255
2026,-1.744134783744812,-2.5370661418757243,0.00031088061951926475
2027,-1.657868504524231,-2.4491463781405747,0.0003702038885938739
2028,-1.093512237071991,-2.3135829640337167,0.0004843837433195621
2029,-0.5994346141815186,-2.1421681290484966,0.0006797692335406219
2030,-1.9448456764221191,-2.122435883785859,0.0007067455892962437
2031,-1.3763861656188965,-2.0478309119691627,0.00081861078507131
2032,-1.9410043954849243,-2.037148260320739,0.0008359932541919016
2033,-0.6977680921554565,-1.9032102435042106,0.001087213879603168
2034,-1.7620124816894531,-1.889090467322735,0.0011176578555385983
2035,-1.3628270030021667,-1.8364641208906782,0.0012386351085519726
2036,-0.48123830556869507,-1.70094153935848,0.001611833282244505
2037,-0.9429376721382141,-1.6251411526364532,0.001865837221342506
2038,-0.7072708606719971,-1.5333541234400077,0.0022250793594201014
2039,-1.1748958826065063,-1.4975082993566575,0.002382575751905592
2040,-1.175076961517334,-1.4652651655727251,0.002533240552198067
2041,-1.0370525121688843,-1.422443900232341,0.0027473087847583754
2042,-2.046599864959717,-1.4848594967050788,0.002440638425188296
2043,-1.9577116966247559,-1.5321447166970465,0.0022302275711403564
2044,-1.4429537057876587,-1.523225615606108,0.002268546573304468
2045,-0.7739973068237305,-1.4483027847278702,0.002616080860324972
2046,-0.8503475189208984,-1.388507258147173,0.002928949032284591
2047,-0.07099783420562744,-1.2567563157530184,0.0037458153397780937
2048,-0.5419493913650513,-1.1852756233142216,0.004272302620414101
2049,0.28938257694244385,-1.0378098032885552,0.00557445738007553
2050,-0.6104763746261597,-0.9950764604223157,0.006012034256179604
2051,-0.48008692264556885,-0.943577506644641,0.006578459672457829
2052,-1.5267001390457153,-1.0018897698847484,0.005940333268488191
2053,-0.08155453205108643,-0.9098562461013823,0.00697341875966359
2054,0.4939166307449341,-0.7694789584167506,0.00883434070356695
2055,-0.09527820348739624,-0.7020588829238152,0.00985817485873664
2056,-0.5315549969673157,-0.6850084943281654,0.010130855083599262
2057,-0.6731820106506348,-0.6838258459604123,0.0101499757946933
2058,-1.1360876560211182,-0.7290520269664829,0.009437873825593612
2059,-1.1003926396369934,-0.766186088233534,0.008882343656898991
2060,-0.7001427412033081,-0.7595817535305114,0.00897923651365764
2061,-1.5735951662063599,-0.8409830947980962,0.007841764423827668
2062,-2.62620747089386,-1.0195055324076725,0.005758373503741607
2063,-2.019487500190735,-1.1195037291859788,0.0048150942926650534
2064,-0.9399734735488892,-1.10155070362227,0.004973616362207774
2065,-0.23711872100830078,-1.0151075053608731,0.005803343057440179
2066,-1.6334279775619507,-1.0769395525809808,0.005198464568498304
2067,-0.36464130878448486,-1.0057097282013312,0.005900457820410987
2068,0.3356795310974121,-0.8715708022714569,0.007445716592632898
2069,-0.03248167037963867,-0.7876618890822751,0.008572938447144038
2070,0.013167977333068848,-0.7075789024407407,0.009771090476843903
2071,-0.11970162391662598,-0.6487911745883292,0.010728609240335757
2072,-0.38597679138183594,-0.6225097362676799,0.011178174127509351
2073,0.7281878590583801,-0.4874399767350739,0.01369544466412829
2074,0.06022226810455322,-0.43267375225111115,0.0148111655424084
2075,-0.4990536570549011,-0.43931174273149015,0.014673155386209447
2076,-0.4670482873916626,-0.4420853971975074,0.014615711699648294
2077,-0.49164772033691406,-0.44704162951144805,0.014513395270025545
2078,-0.8045039176940918,-0.4827878583297124,0.013788161674018149
2079,-1.6665895581245422,-0.6011680283091954,0.011552995286216247
2080,-0.7927381992340088,-0.6203250454016768,0.011216142414438655
2081,-0.8521891832351685,-0.643511459185026,0.010817856951440597
2082,-0.9132220149040222,-0.6704825147569256,0.010367570230166871
2083,-1.2794924974441528,-0.7313835130256483,0.009402224028205272
2084,-1.408104568719864,-0.7990556185950698,0.008412288054353146
2085,-1.2320802807807922,-0.842358084813642,0.007823598987604118
2086,-1.5446922183036804,-0.912591498162646,0.006940655799113501
2087,-1.494608610868454,-0.9707932094332268,0.006273683763399764
2088,-0.9462929368019104,-0.9683431821700952,0.006300617294929024
2089,-1.3464224934577942,-1.006151113298865,0.0058958653010451325
2090,-1.071335256099701,-1.0126695275789486,0.00582840243711324
2091,-0.3052956461906433,-0.941932139440118,0.006597282234587436
2092,-0.1895546317100525,-0.8666943886671115,0.0075077315521234755
2093,-0.2724671959877014,-0.8072716693991705,0.008297939294348139
2094,-0.1096692681312561,-0.7375114292723791,0.009309018220656773
2095,0.05085313320159912,-0.6586749730249812,0.01056297656396726
2096,-0.4875410199165344,-0.6415615777141366,0.010850953120714914
2097,-0.2696429491043091,-0.6043697148531539,0.011496208516843211
2098,-0.8135249614715576,-0.6252852395149944,0.011130070089829911
2099,-1.05983567237854,-0.6687402828013489,0.010396234197325072
2100,-1.127869427204132,-0.7146531972416272,0.009660338950598122
2101,-1.013800024986267,-0.7445678800160912,0.009202574027186895
2102,-0.9065231382846832,-0.7607634058429503,0.008961839932452007
2103,-0.8396114408969879,-0.7686482093483541,0.008846431985079107
2104,-0.6760451793670654,-0.7593879063502252,0.008982092897561742
2105,-0.7219316959381104,-0.7556422853090138,0.009037424893775188
2106,-1.1557874083518982,-0.7956567976133022,0.008459958177313999
2107,-0.03293734788894653,-0.7193848526408666,0.009586796952444746
2108,-0.05285012722015381,-0.6527313800987954,0.010662353947839523
2109,-0.39843910932540894,-0.6273021530214568,0.011095206456938803
2110,-0.6272222995758057,-0.6272941676768917,0.01109534433465578
2111,-0.7997896373271942,-0.644543714641922,0.010800365646819713
2112,-0.8984071016311646,-0.6699300533408462,0.010376653245298715
2113,-0.7677405178546906,-0.6797110997922307,0.010216711301935483
2114,-1.719126135110855,-0.783652603324093,0.008630044761718775
2115,-1.09885573387146,-0.8151729163788297,0.008189149555527004
2116,-1.0217400789260864,-0.8358296326335555,0.007910154053707812
2117,-1.6105796098709106,-0.9133046303572909,0.006932135119978322
2118,-1.6334448456764221,-0.985318651889204,0.0061160225296643155
2119,-1.477962076663971,-1.0345829943666807,0.005606502163732514
2120,-1.6502314805984497,-1.0961478429898575,0.005022223781554223
2121,-1.6673645377159119,-1.1532695124624628,0.004529142390206475
2122,-1.7606246769428253,-1.214005028910499,0.004053078783708668
2123,-1.6915690302848816,-1.2617614290479373,0.0037112752386991585
2124,-1.984559029340744,-1.3340411890772181,0.0032441610093099636
2125,-2.867545783519745,-1.4873916485214709,0.002428908450971509
2126,-0.8930028676986694,-1.4279527704391908,0.0027188426940223088
2127,-2.3205933570861816,-1.5172168291038897,0.0022947147315797107
2128,-0.8490739464759827,-1.450402540841099,0.0026056889681933086
2129,0.476601779460907,-1.2577021088108984,0.003739265897644043
2130,0.5781842470169067,-1.074113473228118,0.005224851227098347
2131,1.0069299638271332,-0.8660091295225928,0.00751648021528864
2132,0.5172210335731506,-0.7276861132130185,0.009458807588366563
2133,0.06200361251831055,-0.6487171406398855,0.010729856994324438
2134,0.494859904050827,-0.5343594361708143,0.012782339778221276
2135,0.09627819061279297,-0.47129567349245355,0.014018859994098486
2136,0.15707451105117798,-0.4084586550380904,0.015320921046661771
2137,0.3043224811553955,-0.3371805414187419,0.01687605051213706
2138,-0.3104698061943054,-0.3345094678962982,0.01693582761402109
2139,-0.09710276126861572,-0.31076879723353,0.01747159151963767
2140,-0.616338849067688,-0.3413258024169458,0.016783487452583384
2141,-0.43621551990509033,-0.3508147741657603,0.016572551753057465
2142,-0.13147640228271484,-0.32888093697745574,0.017062127729017704
2143,-0.7266494631767273,-0.3686577895973829,0.016179571568358645
2144,-0.3144792318344116,-0.3632399338210857,0.016298383552830684
2145,-0.5085119605064392,-0.37776713648962107,0.015980830406255253
2146,-0.8974828124046326,-0.4297387040811222,0.014872427081477969
2147,-0.8267713189125061,-0.46944196556426054,0.014056291920603276
2148,-0.4628300666809082,-0.4687807756759253,0.014069658044909629
2149,-0.6673378944396973,-0.4886364875523025,0.013671660999885829
2150,-0.04844164848327637,-0.44461700364539986,0.014563396336448937
2151,-0.7684605121612549,-0.47700135449698533,0.013904027888001777
2152,-0.12910771369934082,-0.44221199041722087,0.014613093046178919
2153,-0.6275370121002197,-0.46074449258552075,0.014232730023811058
2154,-0.37415575981140137,-0.4520856193081088,0.014409703069744963
2155,-0.7177229523658752,-0.47864935261388547,0.0138709682468263
2156,-0.6882797479629517,-0.4996123921487921,0.01345469326630448
2157,-0.29911333322525024,-0.47956248625643794,0.013852671207837099
2158,-0.6510246396064758,-0.4967087015914417,0.013511880261323772
2159,-0.6604526042938232,-0.5130830918616799,0.013191402211115241
2160,-1.0474416017532349,-0.5665189428508354,0.012180045283990734
2161,-0.4562534689903259,-0.5554923954647843,0.012384366933968835
2162,-1.0534595251083374,-0.6052891084291396,0.011479937906639794
2163,-0.6874678730964661,-0.6135069848958723,0.011335223906519204
2164,-0.40023142099380493,-0.5921794285056656,0.011713468372503564
2165,-0.7590615749359131,-0.6088676431486904,0.011416762183116193
2166,-0.5775046348571777,-0.6057313423195391,0.0114721174043396
2167,-0.16856366395950317,-0.5620145744835355,0.012263234141970857
2168,0.11946624517440796,-0.4938664925177412,0.013568004401690537
2169,-0.5307425260543823,-0.4975540958714053,0.01349521478298296
2170,-0.4348111152648926,-0.49127979781075404,0.013619209963915059
2171,-0.373063862323761,-0.4794582042620547,0.013854760019330864
2172,-0.5953129529953003,-0.4910436791353792,0.013623890127647779
2173,-0.38095104694366455,-0.48003441591620777,0.013843220690383518
2174,-0.5323500633239746,-0.48526598065698445,0.013738724186760969
2175,-1.629553496837616,-0.5996947322750475,0.011579192258448568
2176,-0.6593579351902008,-0.6056610525665629,0.011473360164295503
2177,-0.6555525064468384,-0.6106501979545904,0.011385384300744213
2178,-1.3191704750061035,-0.6815022256597417,0.01018762170544666
2179,-1.4313688278198242,-0.7564888858757499,0.009024895337335394
2180,-0.8578563332557678,-0.7666256306137517,0.008875924269397456
2181,-0.44823241233825684,-0.7347863087862021,0.00935037913414322
2182,-1.0389899611473083,-0.7652066740223128,0.008896660804200218
2183,-1.3672739565372467,-0.8254134022738061,0.008049861794441763
2184,-1.0230387151241302,-0.8451759335588386,0.007786478588972397
2185,-1.0162689089775085,-0.8622852311007055,0.0075641697748582955
2186,-1.3765365481376648,-0.9137103628044014,0.0069272912470668335
2187,-1.1136923432350159,-0.9337085608474629,0.006692043302445331
2188,-0.4012563228607178,-0.8804633370487884,0.007333715920001787
2189,0.9242986217141151,-0.6999871411724982,0.009891009623829087
2190,-0.55731201171875,-0.6857196282271234,0.010119370621086926
2191,-0.04935336112976074,-0.6220830015173872,0.01118558325858958
2192,-0.40786123275756836,-0.6006608246414052,0.011562009294331266
2193,-0.11434030532836914,-0.5520287727101016,0.012449020243381018
2194,-0.20780855417251587,-0.5176067508563431,0.01310373036464729
2195,-0.06724613904953003,-0.4725706896756618,0.013993148938091225
2196,-0.7935450673103333,-0.5046681274391289,0.013355488341947908
2197,-0.22957593202590942,-0.47715890789780696,0.013900865196920534
2198,-0.08067828416824341,-0.43751084552485064,0.014710523399095602
2199,-1.2023233771324158,-0.5139920986856071,0.013173754807412709
2200,0.7687418162822723,-0.3857187071888192,0.015808412336258414
2201,-0.6323515176773071,-0.41038198823766797,0.015280075648012063
2202,-0.3920825123786926,-0.4085520406517704,0.015318936429720471
2203,-0.32401007413864136,-0.40009784400045756,0.015499183043386723
2204,-1.328878253698349,-0.4929758849702467,0.013585621001541752
2205,-0.5470599234104156,-0.4983842888142636,0.013478861587137937
2206,-0.8806202113628387,-0.536607881069121,0.012739600815255686
2207,-0.800496518611908,-0.5629967448233997,0.012245062293643555
2208,-1.006303608417511,-0.6073274311828107,0.011443923157967073
2209,-1.3369210958480835,-0.6802867976493381,0.010207354691709934
2210,-0.34678488969802856,-0.6469366068542072,0.010759897537576307
2211,-0.0757373571395874,-0.5898166818827452,0.011755906240522501
2212,-0.27765142917633057,-0.5586001566121037,0.012326548295070981
2213,-0.5350431799888611,-0.5562444589497795,0.012370358428278577
2214,-0.14168167114257812,-0.5147881801690594,0.013158312189715816
2215,-0.24747782945632935,-0.4880571450977864,0.013683173672271105
2216,-0.3563958406448364,-0.47489101465249145,0.013946432987867111
2217,0.09512591361999512,-0.4178893218252428,0.015121229729522848
2218,-0.47568032145500183,-0.4236684217882187,0.01499959067970442
2219,0.0820913314819336,-0.37309244646120343,0.016082658059827018
2220,-0.3916853666305542,-0.3749517384781385,0.016042116653817537
2221,0.10019147396087646,-0.32743741723423697,0.017094592343300595
2222,-0.0767202377319336,-0.30236569928400664,0.017663098592092637
2223,-1.1194796562194824,-0.38407709497755416,0.015843926361574025
2224,0.19232380390167236,-0.3264370050896315,0.017117108913349565
2225,-0.8645799160003662,-0.38025129618070497,0.015926857895841237
2226,-1.0988133549690247,-0.4521075020595369,0.014409254174985198
2227,-1.749043047428131,-0.5818010565963964,0.011900668933856036
2228,-1.157774806022644,-0.6393984315390211,0.010887754684719638
2229,-0.6859188079833984,-0.6440504691834588,0.01080872100771922
2230,0.010248422622680664,-0.5786205800028449,0.01195844710637873
2231,-0.00555419921875,-0.5213139419244355,0.013032163015374727
2232,-0.1360466480255127,-0.4827872125345432,0.013788174571705614
2233,-0.2936379909515381,-0.46387229037624267,0.01416912570592577
2234,-0.1636514663696289,-0.43385020797558127,0.014786651139714746
2235,-0.7551439702510834,-0.46597958420313146,0.014126370540326323
2236,-1.0135226845741272,-0.5207338942402311,0.013043344122134896
2237,0.011048614978790283,-0.46755564331832894,0.014094444839450987
2238,-0.7131725549697876,-0.49211733448347483,0.01360261706719236
2239,-0.12757819890975952,-0.45566342092610335,0.014336420055854188
2240,0.09529328346252441,-0.4005677504872406,0.015489133830732077
2241,-0.15728306770324707,-0.37623928220884123,0.016014073703145636
2242,0.6934392154216766,-0.26927143244578944,0.01842633070423911
2243,0.35601186752319336,-0.2067431024488912,0.0199038244974704
2244,0.6379741430282593,-0.12227137790117616,0.021958358274848058
2245,0.3557854890823364,-0.07446569120282492,0.023141791126483853
2246,0.8218474984169006,0.015165627759147607,0.02537911162967135
2247,0.5006219744682312,0.06371126243005595,0.026590629954343012
2248,0.3125831186771393,0.08859844805476427,0.027209183758562745
2249,0.4303613007068634,0.12277473331997418,0.0280540385769731
2250,-0.49325013160705566,0.061172246827271216,0.026527401444775875
2251,0.15974408388137817,0.0710294305326819,0.02677275547542095
2252,-0.27802520990371704,0.03612396648904202,0.02590270653680493
2253,-0.007519841194152832,0.031759585720722544,0.025793722792498794
2254,-0.8035970032215118,-0.051776073173500886,0.02370675359268631
2255,-0.6350762248039246,-0.11010608833654326,0.022258417901303902
2256,-1.01736718416214,-0.2008321979191029,0.020045625833382326
2257,-0.5853239893913269,-0.2392813770663253,0.019129578364969063
2258,-0.9378862977027893,-0.30914186912997166,0.01750859444643233
2259,-0.704336404800415,-0.348661322697016,0.016620304943936206
2260,-0.9634878635406494,-0.4101439767813793,0.015285126938098687
2261,-0.6579861640930176,-0.43492819551254314,0.014764209246050281
2262,-2.1324707865715027,-0.6046824546184391,0.011490672111815453
2263,-0.7795387506484985,-0.622168084221445,0.011184105741353874
2264,-1.620340347290039,-0.7219853105283044,0.009546561405099959
2265,-1.0697472095489502,-0.7567615004303689,0.009020863568564996
2266,-0.8055871725082397,-0.7616440676381561,0.008948891750130012
2267,-0.9840495586395264,-0.783884616738293,0.008626731885541123
2268,-1.3346388936042786,-0.8389600444248916,0.007868553993669035
2269,-0.33307456970214844,-0.7883714969526173,0.008562862410793279
2270,-0.7105766534805298,-0.7805920126054087,0.008673840637802166
2271,-0.4093353748321533,-0.743466348828083,0.00921912795641162
2272,-0.014347970485687256,-0.6705545109938436,0.010366386972922026
2273,-0.7790423035621643,-0.6814032902506756,0.010189226901688699
2274,-0.2802269458770752,-0.6412856558133156,0.010855642367174782
2275,0.3352448642253876,-0.5436326038094453,0.012606680367887084
2276,0.5166103839874268,-0.43760830502975817,0.014708499727141442
2277,0.06838256120681763,-0.3870092184061006,0.015780523971865305
2278,0.05567961931228638,-0.3427403346342619,0.01675195868974762
2279,-0.6037635207176208,-0.3688426532425978,0.016175525536520196
2280,0.3312990069389343,-0.2988284872244446,0.017743996192633355
2281,0.5584079623222351,-0.21310484226977666,0.019751589308585536
2282,-0.058883845806121826,-0.1976827426234112,0.02012131696868258
2283,-0.6174274682998657,-0.23965721519105665,0.01912070127878515
2284,-0.294252872467041,-0.24511678091865508,0.018991927400020512
2285,-0.4771537780761719,-0.2683204806344068,0.018448466283752157
2286,-1.4295592308044434,-0.38444435565141044,0.015835977466882093
2287,-1.304633468389511,-0.47646326692522045,0.01391483267017109
2288,-0.7893471717834473,-0.5077516574110431,0.013295211263435056
2289,-0.8550248146057129,-0.5424789731305101,0.012628445925601962
2290,-1.0785973072052002,-0.5960908065379791,0.01164344915430738
2291,-1.284143090248108,-0.664896034908992,0.010459688069157579
2292,-0.7457651495933533,-0.6729829463774282,0.010326534078037023
2293,-1.1629370152950287,-0.7219783532691881,0.009546668878861929
2294,-1.3694502115249634,-0.7867255390947656,0.008586248482049424
2295,-1.5857245326042175,-0.8666254384457107,0.007508611456059135
2296,-0.48662781715393066,-0.8286256763165327,0.008006565764959171
2297,-0.5310168266296387,-0.7988647913478434,0.008414958812279669
2298,-0.44599658250808716,-0.7635779704638678,0.008920509336064291
2299,-0.2614975571632385,-0.7133699291338048,0.009680358018829601
2300,-0.37138205766677856,-0.6791711419871022,0.010225492833467343
2301,-0.4098677635192871,-0.6522408041403207,0.010670586791840546
2302,-0.7349850535392761,-0.6605152290802163,0.010532345159032981
2303,-0.8281927704811096,-0.6772829832203057,0.010256244731380393
2304,-0.25101301074028015,-0.6346559859723031,0.010968752694742184
2305,-0.5369665324687958,-0.6248870406219523,0.011136962444671593
2306,-0.5510713458061218,-0.6175054711403694,0.011265279859049376
2307,-0.6745221018791199,-0.6232071342142445,0.01116607316282879
2308,-0.1093931794166565,-0.5718257387344857,0.012082528814509119
2309,0.03507789969444275,-0.5111353748915929,0.013229266103499136
2310,0.3602603077888489,-0.42399580662354874,0.014992716605838341
2311,0.07329052686691284,-0.3742671732745026,0.016057037160349386
2312,0.8263054341077805,-0.25420991253627434,0.01877820142070424
2313,0.723987340927124,-0.15639018718993453,0.021121811325161534
2314,0.6179599463939667,-0.07895517383154442,0.023030212120463894
2315,0.8540512323379517,0.014345466785405173,0.025358612070091033
2316,0.5902758836746216,0.0719385084743268,0.026795366683161688
2317,0.0877079963684082,0.07351545726373493,0.026834582607482112
2318,-0.29489338397979736,0.03667457313938171,0.025916453481251156
2319,-0.9781219363212585,-0.06480507780668229,0.02338213726599726
2320,-1.4723716974258423,-0.20556173976859826,0.019932138122684382
2321,-1.9455664157867432,-0.3795622073704127,0.015941819771300363
2322,-1.6832324266433716,-0.5099292292977086,0.013252748600009688
2323,-1.069838523864746,-0.5659201587544123,0.012191081837591947
2324,-0.0926012396812439,-0.5185882668470955,0.0130847575463833
2325,0.014019310474395752,-0.46532750911494636,0.01413959222030087
2326,-1.0552093386650085,-0.5243156920699525,0.012974399961004364
2327,-0.9192383885383606,-0.5638079617167933,0.01223006710512146
2328,-0.3692682385444641,-0.5443539893995604,0.012593082623896227
2329,-0.46295976638793945,-0.5362145670983983,0.01274707022774215
2330,-0.10676765441894531,-0.49326987583045306,0.013579804150805104
2331,-0.2030320167541504,-0.4642460899228228,0.014161535931391696
2332,-0.5323338508605957,-0.47105486601660007,0.014023719179897521
2333,-0.26212233304977417,-0.4501616127199175,0.01444920394885179
2334,-0.09173965454101562,-0.4143194169020273,0.015196647925530271
2335,-0.6158899664878845,-0.434476471860613,0.014773610966556452
2336,-0.3850438594818115,-0.42953321062273286,0.014876721695457945
2337,-0.2949223518371582,-0.4160721247441754,0.015159593544162644
2338,-0.6547911763191223,-0.4399440299016701,0.014660048810122834
2339,-0.10071176290512085,-0.40602080320201517,0.015372780623323852
2340,0.21291178464889526,-0.3441275444169241,0.0167210674885403
2341,-0.27452409267425537,-0.33716719924265726,0.01687634884525879
2342,0.253609299659729,-0.27808954935241864,0.018221600132524066
2343,-0.7280594110488892,-0.3230865355220657,0.017192622223036847
2344,-0.42733240127563477,-0.33351112209742256,0.016958196523010127
2345,-0.7801657915115356,-0.3781765890388339,0.015971927691689727
2346,-0.36481618881225586,-0.3768405490161761,0.01600098687937491
2347,-0.5561948418617249,-0.39477597830073097,0.015613244055909348
2348,-1.4667343497276306,-0.501971815443421,0.013408338167862272
2349,-1.035013198852539,-0.5552759537843327,0.012388400512392782
2350,-1.5984336137771606,-0.6595917197836154,0.01054770899673019
2351,-1.0171773433685303,-0.6953502821421069,0.009964796965156933
2352,-0.6372067928314209,-0.6895359332110383,0.010057905171805777
2353,-0.859527587890625,-0.706535098678997,0.009787512861331615
2354,-0.11207771301269531,-0.6470893601123668,0.01075731794598325
2355,0.91324582695961,-0.4910558414051692,0.013623649031869231
2356,-0.24080026149749756,-0.46603028341440206,0.014125342861215083
2357,0.48754823207855225,-0.3706724318651066,0.01613550645610804
2358,-0.4263046979904175,-0.3762356584776377,0.016014152592330175
2359,0.04850184917449951,-0.333761907712424,0.016952576074438164
2360,-0.3283163905143738,-0.333217355992619,0.016964781376438098
2361,-0.6226781606674194,-0.362163436460099,0.016322044428592333
2362,-0.5707549750804901,-0.38302259032213815,0.015866761668180126
2363,-0.8754949867725372,-0.43226982996717805,0.014819587700681683
2364,-0.4272197484970093,-0.4317648218201612,0.014830121491885851
2365,-1.8351726531982422,-0.5721056049579692,0.012077400851601775
2366,-0.746160626411438,-0.5895111071033161,0.011761402513358325
2367,-1.0953820943832397,-0.6400982058313085,0.010875839591066
2368,-0.5123715400695801,-0.6273255392551356,0.01109480266919737
2369,-0.4540797472000122,-0.6100009600496232,0.011396805633579556
2370,-0.25009864568710327,-0.5740107286133713,0.012042532875122934
2371,-0.039815425872802734,-0.5205911983393144,0.013046095705940211
2372,-0.2286219596862793,-0.49139427447401096,0.013616941257177185
2373,-0.2634049654006958,-0.4685953435666795,0.014073407991037274
2374,0.2588515281677246,-0.3958506563932391,0.015590174067942157
2375,-0.24215251207351685,-0.38048084196126686,0.01592187553234762
2376,0.15053224563598633,-0.32737953320154156,0.017095894768362294
2377,-0.23327797651290894,-0.3179693775326783,0.017308258272339675
2378,0.0570223331451416,-0.28047020646489634,0.018166494712343214
2379,-1.0373340547084808,-0.3561565912892548,0.01645439565098767
2380,-0.6360000669956207,-0.3841409388598914,0.015842544387546797
2381,-1.613662838935852,-0.5070931288674875,0.013308069648438734
2382,-0.8570168018341064,-0.5420854961641494,0.01263587534581543
2383,-0.390829861164093,-0.5269599326641438,0.012923654489872727
2384,-0.31927990913391113,-0.5061919303111205,0.01332567923125416
2385,-1.05423903465271,-0.5609966407452794,0.012282086875726688
2386,-1.65171617269516,-0.6700685939402675,0.010374374948406711
2387,-1.198924958705902,-0.7229542304168309,0.009531602834096875
2388,-0.9239037334918976,-0.7430491807243376,0.009225403217370922
2389,-1.2588777542114258,-0.7946320380730463,0.008474373072831507
2390,-0.5294343829154968,-0.7681122725572913,0.008854239261880845
2391,-0.05868786573410034,-0.6971698318749723,0.00993579289496371
2392,-0.5700340270996094,-0.684456251397436,0.010139780239407963
2393,0.2571413218975067,-0.5902964940679417,0.011747279607154241
2394,-0.2642959952354431,-0.5576964441846919,0.012343342754488687
2395,0.2452295422554016,-0.4774038455406825,0.013895949253027704
2396,0.13800084590911865,-0.41586337639570237,0.015164004061051695
2397,-0.0058473944664001465,-0.37486177820277217,0.016044076974165124
2398,0.0033211708068847656,-0.3370434833018065,0.01687911527603181
2399,0.09089487791061401,-0.29424964718056446,0.017848962994913162
2400,0.0333632230758667,-0.26148836015492133,0.018607822039009955
2401,-0.11313521862030029,-0.24665304600145924,0.01895575233574928
2402,0.02311033010482788,-0.2196767083908305,0.01959475239355911
2403,0.5086665749549866,-0.1468423800562488,0.021355100852788397
2404,0.44296950101852417,-0.08786119194877151,0.02280910490534139
2405,0.48063749074935913,-0.03101132367895846,0.024224965342942426
2406,-0.6420214176177979,-0.09211233307284239,0.022703682510372844
2407,0.8568708300590515,0.002785983240346984,0.025069649400809458
2408,0.5411516427993774,0.05662254919625002,0.026414052848370673
2409,0.12278199195861816,0.06323849347248683,0.026578858223365566
2410,0.21080565452575684,0.07799520957781383,0.026945935965352302
2411,0.18035811185836792,0.08823149980586924,0.02720008139312602
2412,0.09018754959106445,0.08842710478438875,0.027204933562076525
2413,-0.6673699021339417,0.012847404092555734,0.025321167432326704
2414,-0.844390332698822,-0.07287636958658203,0.023181309288661436
2415,-0.1454572081565857,-0.0801344534435824,0.023000915893096364
2416,-0.8882332444190979,-0.16094433254113394,0.021010776739116915
2417,-0.21515482664108276,-0.16636538195112882,0.020878816748035954
2418,-1.7054517269134521,-0.3202740164473611,0.017256133315887715
2419,-0.5152900218963623,-0.3397756169922612,0.016818073493963605
2420,-0.6965165734291077,-0.37544971263594584,0.01603126760762377
2421,-0.018939197063446045,-0.3397986610786959,0.016817559102142665
2422,-0.68670654296875,-0.3744894492677013,0.016052191720859726
2423,-0.43341490626335144,-0.38038199496726627,0.015924020935699026
2424,-0.47840842604637146,-0.3901846380751768,0.0157120152027142
2425,-0.3352169990539551,-0.3846878741730546,0.015830707995008166
2426,-0.5740774571895599,-0.4036268324747051,0.015423801580459563
2427,-0.22418105602264404,-0.385682254829499,0.015809200468286908
2428,-1.0222201347351074,-0.44933604282005984,0.014466173030360486
2429,-0.25910449028015137,-0.430312887566069,0.01486043099394355
2430,-0.31449413299560547,-0.41873101210902264,0.015103479006042655
2431,0.16604703664779663,-0.3602532072333407,0.01636407383816647
2432,0.3807166814804077,-0.28615621836196586,0.018035170677224266
2433,0.2715846002101898,-0.23038213650475028,0.019340226636334636
2434,0.20392292737960815,-0.18695163011631444,0.020379909702993384
2435,0.6248686462640762,-0.1057696024782754,0.022365576567346952
2436,0.0747101902961731,-0.08772162320083056,0.022812567369048978
2437,0.2705102264881134,-0.05189843823193617,0.023703702671707967
2438,-0.3301653265953064,-0.07972512706827319,0.023011083952473213
2439,-0.7890305519104004,-0.15065566955248588,0.021261847339059257
2440,0.10814166069030762,-0.12477593652820655,0.021896690074995867
2441,-0.0826309323310852,-0.12056143610849442,0.022000482755405698
2442,0.6604144126176834,-0.04246385123587665,0.023939041341795024
2443,-1.888649046421051,-0.22708237075439405,0.019418550946570055
2444,-2.4778157770633698,-0.45215571138529154,0.01440826525587289
2445,-2.966483473777771,-0.7035884876245394,0.00983398516705991
2446,-1.6873250603675842,-0.8019621448988439,0.008371692782083853
2447,-1.7171918153762817,-0.8934851119465876,0.007172229236272064
2448,-1.2084821462631226,-0.9249848153782412,0.006793823137276438
2449,-0.9224989414215088,-0.9247362279825679,0.006796742430985912
2450,-1.4972845017910004,-0.9819910553634111,0.0061518368812775726
2451,-0.3027113080024719,-0.9140630806273172,0.006923082602140711
2452,-0.49355122447013855,-0.8720118950115994,0.00744012796509739
2453,0.05146700143814087,-0.7796640053666253,0.008687154712564135
2454,-0.9858613610267639,-0.8002837409326392,0.008395115819591724
2455,-0.8911559283733368,-0.8093709596767089,0.008268922398739718
2456,-0.17321717739105225,-0.7457555814481432,0.00918475092355942
2457,-0.9674200415611267,-0.7679220274594416,0.00885701196374295
2458,0.1641852855682373,-0.6747112961566738,0.010298239346172298
2459,-1.1489253640174866,-0.7221327029427551,0.009544284746193918
2460,-0.11148536205291748,-0.6610679688537714,0.01052315743016277
2461,0.026387572288513184,-0.592322414739543,0.011710903576968515
2462,0.18440192937850952,-0.5146499803277378,0.01316099219510501
2463,0.5827889442443848,-0.40490608787052557,0.015396526067669565
2464,0.4901730418205261,-0.3153981749014204,0.017366499492080915
2465,0.43518805503845215,-0.2403395519074332,0.01910458887910176
2466,-0.3963566720485687,-0.25594126392154676,0.018737616042581128
2467,-0.05513828992843628,-0.23586096652223573,0.019210438310500177
2468,-0.18515413999557495,-0.23079028386956965,0.019330546815120683
2469,-0.6149219870567322,-0.2692034541882859,0.01842791268682593
2470,-0.3192976117134094,-0.27421286994079824,0.0183114863217826
2471,-0.49224573373794556,-0.296016156320513,0.017808434170031025
2472,-0.5209270715713501,-0.3185072478455967,0.017296086408471828
2473,-0.6556802988052368,-0.35222455294156074,0.016541327149111218
2474,-1.9163880050182343,-0.5086408981492281,0.013277860586455451
2475,-0.45858919620513916,-0.5036357279548191,0.013375708531242932
2476,-0.9403784871101379,-0.547310003870351,0.012537464976611663
2477,-0.4109431505203247,-0.5336733185353484,0.012795400391717976
2478,-0.0791856050491333,-0.4882245471867269,0.01367984644336933
2479,-1.1215087473392487,-0.5515529672019791,0.012457919415846367
2480,0.09377345442771912,-0.48702032503900927,0.013703792398611145
2481,0.005072653293609619,-0.4378110272057474,0.014704290876630258
2482,-0.14958566427230835,-0.40898849091240347,0.015309662958091311
2483,-0.8425567746162415,-0.4523453192827872,0.014404376216195608
2484,-0.9889324903488159,-0.5060040363893901,0.013329352580818271
2485,-0.7455815076828003,-0.5299617835187311,0.01286620307033497
2486,-0.8107940554618835,-0.5580450107130464,0.012336863223416922
2487,-0.7796686291694641,-0.5802073725586882,0.011929596598794633
2488,-0.17602261900901794,-0.5397888972037211,0.012679296173292649
2489,-0.2528192698955536,-0.5110919344729044,0.013230111384147368
2490,-0.4839155077934265,-0.5083742918049565,0.013283061035362656
2491,-0.5499239265918732,-0.5125292552836481,0.013202161794233747
2492,-0.4870240092277527,-0.5099787306780585,0.013251784331422831
2493,0.15056335926055908,-0.44392452168419677,0.014577695436782043
2494,0.022751033306121826,-0.3972569661851649,0.015560013166077635
2495,-0.10351741313934326,-0.36788301088058273,0.016196534559750207
2496,0.6724254786968231,-0.26385216192284217,0.018552623850904528
2497,0.406242698431015,-0.19684267588745646,0.020141522149146926
2498,0.7345450520515442,-0.10370390309355643,0.02241665664468595
2499,0.834616094827652,-0.0098719033014356,0.024753210434327863
2500,-0.10222655534744263,-0.019107368506036303,0.02452237391168104
2501,-0.4645369052886963,-0.06365032218430229,0.023410887390276674
2502,0.38505077362060547,-0.018780212603811526,0.024530549874727817
2503,0.13270407915115356,-0.003631783428315022,0.024909205813479038
2504,0.6063682585954666,0.05736822077406313,0.026432634210501765
2505,0.36153803765773773,0.08778520246243057,0.02718900993499586
2506,0.1448836624622345,0.09349504846241097,0.027330589353364187
2507,0.2584834396839142,0.10999388758456127,0.027738810779065655
2508,0.5163731575012207,0.1506318145762272,0.02873756961822739
2509,-0.3093706965446472,0.10463156346413977,0.027606285023137757
2510,0.06944483518600464,0.10111289063632625,0.027519242686825623
2511,0.40541836619377136,0.13154343819207076,0.028269748120813756
2512,0.4595927894115448,0.16434837331401816,0.029072112073691883
2513,0.1848343014717102,0.16639696612978738,0.02912195139521198
2514,0.4451302997767925,0.1942702994944879,0.02979656644518335
2515,-0.16095894575119019,0.1587473749699201,0.028935679123704657
2516,-0.06044721603393555,0.13682791586953455,0.028399509262148872
2517,-0.46329182386398315,0.0768159418961828,0.026916630216637545
2518,-0.4117313623428345,0.027961211472281075,0.025698848169629748
2519,-0.1354924738407135,0.011615842940981622,0.02529038301339427
2520,-0.26431241631507874,-0.01597698298462441,0.024600609408150814
2521,-0.2577008605003357,-0.04014937073619554,0.023996804714569775
2522,-0.695371150970459,-0.10567154875962187,0.02236800071490823
2523,-1.4876534044742584,-0.2438697343310855,0.019021311773341106
2524,-0.9278215765953064,-0.31226491855750754,0.017437595651079222
2525,-0.8231584429740906,-0.36335427099916584,0.01629587151924738
2526,-0.7004514932632446,-0.39706399322557373,0.015564149932761185
2527,-0.8340851366519928,-0.4407661075682156,0.01464301834670542
2528,-0.11576798558235168,-0.4082662953696292,0.015325009497500245
2529,-0.8570603728294373,-0.45314570311561,0.014387966465899838
2530,-1.4293105006217957,-0.5507621828662286,0.012472719157779371
2531,-0.12434005737304688,-0.5081199703169104,0.013288023066011765
2532,-0.03510004281997681,-0.460817977567217,0.014231233723244932
2533,-0.9455095529556274,-0.509287135106058,0.013265260421670245
2534,-1.2000513970851898,-0.5783635613039713,0.011963124629674436
2535,-0.844066321849823,-0.6049338373585564,0.011486223261250263
2536,-1.8081281185150146,-0.7252532654742022,0.009496181132558937
2537,-0.6330792307853699,-0.716035862005319,0.009638804543094643
2538,-0.9498803615570068,-0.7394203119604877,0.009280130003485132
2539,-0.7524799704551697,-0.7407262778099559,0.009260405979657597
2540,-1.343644380569458,-0.8010180880859061,0.008384861176184677
2541,-1.0968369543552399,-0.8305999747128394,0.00798004918835249
2542,-0.9010320901870728,-0.8376431862602628,0.007886032008913876
2543,-0.40715479850769043,-0.7945943474850056,0.00847490362427676
2544,-0.6108604073524475,-0.7762209534717497,0.008736693035869766
2545,-0.5644284784793854,-0.7550417059725133,0.009046321591767742
2546,-0.05111747980117798,-0.6846492833553798,0.010136659858550147
2547,-0.05787843465805054,-0.6219721984856469,0.01118750763455334
2548,0.055177927017211914,-0.5542571859353611,0.01240739796488384
2549,0.4592398628592491,-0.45290748105590006,0.014392849413540904
2550,0.6024906188249588,-0.34736767106781424,0.016649025100254553
2551,0.4942423477768898,-0.26320666918334384,0.0185676903847076
2552,0.0398980975151062,-0.23289619251349886,0.019280630595044118
2553,0.12361907958984375,-0.19724466530316462,0.020131852724975793
2554,0.04863232374191284,-0.17265696639865688,0.020725961976087157
2555,-0.02839893102645874,-0.15823116286143707,0.021076907364593608
2556,-0.6242477893829346,-0.20483282551358684,0.01994961472360897
2557,-0.1942049264907837,-0.20377003561130652,0.01997510561705109
2558,0.18980884552001953,-0.16441214749817393,0.020926335888216283
2559,-0.45698463916778564,-0.1936693966651351,0.02021790479215993
2560,-0.04336249828338623,-0.17863870682696023,0.02058093933615315
2561,0.17799615859985352,-0.14297522028427886,0.021449777701946726
2562,-0.3419603705406189,-0.16287373530991286,0.020963784368958804
2563,0.1460515260696411,-0.1319812091719575,0.021719495434055713
2564,0.35375264286994934,-0.08340782396776683,0.02291962645752056
2565,-0.21832925081253052,-0.0968999666522432,0.022585054566586018
2566,0.1746620535850525,-0.06974376462851364,0.02325922745381026
2567,-0.4021707773208618,-0.10298646589774846,0.022434402369764427
2568,-0.03181052207946777,-0.09586887151592038,0.022610593947421646
2569,0.20297951996326447,-0.0659840323680019,0.02335278909028556
2570,0.04054403305053711,-0.05533122582614801,0.02361812928618508
2571,0.3087674379348755,-0.01892135945004567,0.024527022457201644
2572,0.6001861989498138,0.04298939638994027,0.0260740733305046
2573,0.5825413465499878,0.09694459140594501,0.027416050637497913
2574,0.789480946958065,0.166198226961157,0.0291171178246558
2575,-0.18758755922317505,0.1308196483427238,0.02825196122270908
2576,0.7057929784059525,0.18831698134904667,0.02965304999121184
2577,0.5153812766075134,0.22102341087489336,0.030437331958942573
2578,0.6229932904243469,0.2612203988298387,0.03138591645434716
2579,0.4278287887573242,0.2778812378225873,0.03177357465590276
2580,-0.07041844725608826,0.24305126931471976,0.030959393060721974
2581,0.03949373960494995,0.2226955163437428,0.03047714267677168
2582,-0.022303014993667603,0.19819566321000176,0.029891016478222315
2583,-1.0920678973197937,0.06916930715702223,0.0267264801701673
2584,-0.26443129777908325,0.03580924666341169,0.02589484871047161
2585,-0.16931629180908203,0.015296692816162322,0.025382387496070764
2586,-0.30390745401382446,-0.016623721866836347,0.024584445231884734
2587,-0.7301071882247925,-0.08797206850263194,0.022806354306625927
2588,-1.3349409103393555,-0.21266895268630426,0.019762007223497247
2589,-0.9317940175533295,-0.28458145917300676,0.018071499975070418
2590,-1.0623859167099,-0.36236190492669607,0.016317680859500885
2591,-0.41924014687538147,-0.36804972912156464,0.016192883651337597
2592,-0.5919433832168579,-0.390439094531094,0.015706532354117408
2593,-0.8540896773338318,-0.43680415281136775,0.014725202187562035
2594,-0.6394207179546356,-0.4570658093256945,0.014307756242819448
2595,-0.6758640110492706,-0.4789456294980521,0.013865029927167677
2596,-0.01955348253250122,-0.433006414801497,0.014804231298246363
2597,0.2982305884361267,-0.3598827144777347,0.01637223195833614
2598,-0.7117166519165039,-0.3950661082216116,0.015607014034400771
2599,-0.07115942239761353,-0.3626754396392118,0.016310788645691764
2600,-0.40801870822906494,-0.3672097664981971,0.016211282078738506
2601,-0.6902475357055664,-0.39951354341893397,0.015511683644402561
2602,-1.5651589035987854,-0.5160780794369191,0.013133315069121479
2603,-0.22413170337677002,-0.48688344183090415,0.013706515971779097
2604,-3.666272759437561,-0.8048223735915698,0.00833189707993694
2605,-1.1803488731384277,-0.8423750235462556,0.007823375418416226
2606,-2.741936445236206,-1.0323311657152505,0.005628959862868513
2607,-0.35713958740234375,-0.9648120078839599,0.006339610086435833
2608,-1.0177112817764282,-0.9701019352732068,0.006281273045502485
2609,-1.4828162789344788,-1.021373369639334,0.0057393668556611375
2610,-0.6315208971500397,-0.9823881223904045,0.006147553862108864
2611,-1.0602867007255554,-0.9901779802239197,0.00606404487085246
2612,-0.6520132422447205,-0.9563615064259997,0.006433762238742211
2613,-1.1451374292373657,-0.9752390987071362,0.006225061249435446
2614,-1.7822344303131104,-1.0559386318677335,0.005397388123998924
2615,-1.0861835479736328,-1.0589631234783234,0.005368332762902293
2616,-1.9759713411331177,-1.1506639452438028,0.0045506522696915986
2617,-1.1204610466957092,-1.1476436553889935,0.004575700835054969
2618,-1.4423537254333496,-1.1771146623934292,0.004336509488169135
2619,-0.1595916748046875,-1.075362363634555,0.00521317597565001
2620,-1.1107029914855957,-1.0788964264196592,0.005180262630450784
2621,-0.2903088331222534,-1.0000376670899187,0.00595975063216867
2622,-0.6001380681991577,-0.9600477072008426,0.006392546337600807
2623,-0.39138221740722656,-0.903181158221481,0.0070539173840575625
2624,-0.4464900493621826,-0.8575120473355512,0.0076256601264244
2625,-0.40269947052001953,-0.812030789653998,0.008232274508974
2626,-0.03417670726776123,-0.7342453814153743,0.009358605948715215
2627,-0.404799222946167,-0.7013007655684537,0.00987018061273567
2628,-0.1647968888282776,-0.6476503778944361,0.010747847717130034
2629,-0.6703201532363892,-0.6499173554286314,0.010709641808188237
2630,-0.46489739418029785,-0.6314153593037981,0.011024349234099078
2631,-0.5610222816467285,-0.6243760515380912,0.011145811525258634
2632,-0.04380536079406738,-0.5663189824636887,0.012183730121966583
2633,0.25331997871398926,-0.48435508634592095,0.013756883339407638
2634,-0.6516316533088684,-0.5010827430422157,0.01342579370275906
2635,0.5257503390312195,-0.39839943483487217,0.015535534388931842
2636,0.4738280773162842,-0.3111766836197566,0.017462320209281474
2637,-0.1341676115989685,-0.2934757764176778,0.017866730746101688
2638,-0.12144941091537476,-0.2762731398674475,0.018263692732494907
2639,0.16470377147197723,-0.23217544873350504,0.01929770894723693
2640,0.09543335437774658,-0.19941456842237987,0.02007968424097904
2641,0.6122832782566547,-0.11824478375447645,0.022057581106340048
2642,0.21464090794324875,-0.08495621458470393,0.02288118972989689
2643,0.2533297762274742,-0.051127615503486115,0.023722922193077988
2644,-0.9109795689582825,-0.13711281084896573,0.021593500331776934
2645,-0.6852196156978607,-0.19192349133385522,0.02025996938586348
2646,0.07334503531455994,-0.16539663866901372,0.02090238095449466
2647,-1.0380076169967651,-0.25265773650178885,0.01881461642153613
2648,-0.5023152232170105,-0.27762348517331104,0.018232396535997192
2649,-0.3325812816619873,-0.2831192648221787,0.0181052608370906
2650,-0.5501219630241394,-0.30981953464237477,0.017493177196621284
2651,-0.5570603013038635,-0.3345436113085236,0.016935062852179116
2652,-1.0661615133285522,-0.4077054015105264,0.01533693432251147
2653,0.16850394010543823,-0.35008446734892995,0.01658873869494154
2654,-0.9618269205093384,-0.41125871266497077,0.01526147709101717
2655,-0.8964914083480835,-0.45978198223328204,0.014252337393723972
2656,0.10984259843826294,-0.40281952416612754,0.015441028289221979
2657,-0.057158589363098145,-0.3682534306858246,0.01618842343926626
2658,-0.15467047691345215,-0.3468951353085874,0.01665952198761125
2659,0.05307340621948242,-0.3068982811557804,0.017559681896287836
2660,0.33334881067276,-0.24287357197292636,0.019044797117934536
2661,0.7400455810129642,-0.1445816566743373,0.02141043570706424
2662,0.714025005698204,-0.058720990437083204,0.02353366024055455
2663,0.5615630000829697,0.0033074086149220694,0.025082684913877846
2664,0.12370190024375916,0.015346857777805775,0.025383641325743514
2665,0.3286915570497513,0.046681327705000324,0.02616618621884615
2666,-0.22772669792175293,0.019240525142325004,0.02548095378067773
2667,0.16874974966049194,0.034191447594141694,0.02585445324816192
2668,-0.08531039953231812,0.022241262881495714,0.02555593990542987
2669,-0.447471559047699,-0.024730019311423743,0.02438187552166715
2670,-0.5494708716869354,-0.0772041045489749,0.02307372304077637
2671,-0.4589133858680725,-0.11537503268088464,0.022128354760875907
2672,-1.005944848060608,-0.20443201421885696,0.01995922685376615
2673,-0.91106778383255,-0.27509559118022625,0.018291002717895292
2674,-0.26227304339408875,-0.27381333640161254,0.01832076070638499
2675,-0.06963565945625305,-0.2533955687070766,0.018797302928150073
2676,-0.12991589307785034,-0.24104760114415397,0.01908787479647514
2677,0.17317451536655426,-0.19962538949308314,0.020074618079461846
2678,-0.4533204436302185,-0.2249948949067967,0.019468159680841042
2679,-0.22086083889007568,-0.2245814893051246,0.01947798969028263
2680,-0.3065454661846161,-0.23277788699307372,0.019283433512346338
2681,-0.6545568704605103,-0.27495578533981735,0.01829424627553765
2682,-0.5384424030780792,-0.3013044471136435,0.01768735234776601
2683,-0.6028834879398346,-0.3314623511962626,0.017004146203585372
2684,-1.1181379556655884,-0.4101299116431951,0.015285425470173683
2685,-0.11733049154281616,-0.38084996963315726,0.015913865241674173
2686,-0.8998829126358032,-0.43275326393342184,0.014809507975844098
2687,-0.5158696174621582,-0.44106489928629544,0.014636831340258283
2688,-0.29681944847106934,-0.42664035420477286,0.014937255361252125
2689,-0.5897307395935059,-0.4429493927436462,0.014597844932047556
2690,-1.0877597332000732,-0.5074304267892888,0.013301482601431047
2691,0.018861711025238037,-0.45480121300783616,0.014354060003557155
2692,-1.3087459206581116,-0.5401956837728636,0.01267159805663794
2693,-0.4241034984588623,-0.5285864652414636,0.012892504096046248
2694,-1.6106199026107788,-0.6367898089783951,0.010932254818201316
2695,-1.3595914840698242,-0.709069976487538,0.009747667295190424
2696,-0.2666802406311035,-0.6648310029018946,0.010460763945603632
2697,-1.0551303625106812,-0.7038609388627732,0.009829681236204752
2698,-0.6133739352226257,-0.6948122384987585,0.009973385686199007
2699,0.002155601978302002,-0.6251154544510524,0.011133008497421016
2700,-0.5707718729972839,-0.6196810963056756,0.011227351242534135
2701,0.6374801099300385,-0.49396497568210423,0.013566057242928524
2702,0.5791334360837936,-0.3866551345055145,0.015788173200495633
2703,0.23682045936584473,-0.3243075751183786,0.01716508389382021
2704,-0.1100691556930542,-0.3028837331758462,0.017651264978035472
2705,-0.7486956119537354,-0.34746492105363513,0.016646865204602228
2706,-0.08720582723617554,-0.32143901167188915,0.017229812418116656
2707,0.5215827636420727,-0.237136834140493,0.019180261186331093
2708,0.026967495679855347,-0.21072640115845814,0.01980845798094709
2709,-0.07248756289482117,-0.19690251733209446,0.02014008263160373
2710,0.09061186015605927,-0.1681510795832791,0.020835400276134813
2711,-0.9706011414527893,-0.2483960857702301,0.01891474079990431
2712,-0.5210747718811035,-0.2756639543813174,0.018277818945914504
2713,-0.1505548357963562,-0.2631530425228213,0.018568942317213167
2714,-0.06633225083351135,-0.2434709633538903,0.019030711785541884
2715,0.1124519407749176,-0.2078786729410095,0.019876621220213414
2716,0.3171268105506897,-0.15537812459183958,0.021146507888089833
2717,0.507732629776001,-0.08906704915505555,0.022779193176254
2718,-0.18021348118782043,-0.09818169235833205,0.02255331437012527
2719,-0.6268337666988373,-0.15104689979238256,0.021252285821585434
2720,-0.11320739984512329,-0.14726294979765664,0.021344810736458508
2721,0.3257845342159271,-0.09995820139629827,0.02250933472339882
2722,-0.06398582458496094,-0.09636096371516453,0.02259840459603562
2723,-0.7496770620346069,-0.16169257354710875,0.020992549191034233
2724,-0.14642426371574402,-0.16016574256397229,0.021029748225515763
2725,-0.5449379086494446,-0.1986429591725195,0.020098230073773832
2726,-1.0375546216964722,-0.28253412542491474,0.01811877886107351
2727,-0.37511080503463745,-0.291791793385887,0.0179054213958165
2728,-0.9295668005943298,-0.35556929410673127,0.016467365132351027
2729,-0.6749139428138733,-0.3875037589774455,0.015769843819240775
2730,-0.5245705246925354,-0.40121043554895447,0.015475395468692555
2731,-0.13500288128852844,-0.3745896801229119,0.01605000702027337
2732,-0.32036352157592773,-0.36916706426821344,0.016168426567008808
2733,0.08425751328468323,-0.3238246065129238,0.01717597385772141
2734,0.12426671385765076,-0.27901547447586633,0.01820015912169717
2735,0.3228070065379143,-0.21883322637448832,0.019614857355226792
2736,0.38137803226709366,-0.15881210051033012,0.021062742856698607
2737,0.2984556257724762,-0.11308532788204949,0.022184856874702494
2738,-0.2802239656448364,-0.12979919165832818,0.021773121851751745
2739,0.10249030590057373,-0.106570241902438,0.022345784519293116
2740,0.19490286707878113,-0.07642293100431609,0.023093137600892478
2741,0.10429331660270691,-0.0583513062436138,0.023542870749593374
2742,0.008853733539581299,-0.0516308022652943,0.02371037567404139
2743,0.6288612931966782,0.016418407280902936,0.025410423304222746
2744,-0.5855258703231812,-0.04377602047950546,0.023906298033704587
2745,-0.3633451461791992,-0.07573293304947483,0.023110288092928498
2746,0.9869080185890198,0.030531162114374608,0.02576304197725887
2747,-0.27679985761642456,-0.00020193985870530298,0.024994951503600996
2748,0.6829879507422447,0.06811704920138968,0.026700297288313114
2749,-0.05150604248046875,0.056154740033203844,0.026402394727895375
2750,-0.4679607152938843,0.0037431945004950465,0.02509357942544992
2751,-0.698216438293457,-0.06645276877890015,0.0233411219141713
2752,-1.1675939559936523,-0.17656688750037536,0.020631134782500924
2753,-1.5782432556152344,-0.3167345243118612,0.017336217911816675
2754,-0.7676066160202026,-0.3618217334826953,0.016329558590145395
2755,-0.26274943351745605,-0.35191450348617137,0.016548191754447467
2756,0.3115542531013489,-0.28556762782741935,0.01804874559105898
2757,-1.027717411518097,-0.35978260619648705,0.016374436665592407
2758,0.05443122982978821,-0.3183612225938595,0.017299390522812288
2759,-0.19564133882522583,-0.3060892342169962,0.01757812100594255
2760,0.2641100734472275,-0.24906930345057382,0.018898910134677788
2761,-0.5203787088394165,-0.2762002439894581,0.018265382848352135
2762,-0.4009184241294861,-0.28867206200346085,0.01797719696911234
2763,-0.13380566239356995,-0.2731854220424718,0.018335340502766487
2764,-0.34500765800476074,-0.2803676456387007,0.018168867229027864
2765,-0.15396586060523987,-0.2677274671353546,0.01846227561855496
2766,0.1782492846250534,-0.22312979195931382,0.019512522531741898
2767,0.19886183738708496,-0.18093062902467397,0.02052545413202049
2768,-0.28149503469467163,-0.19098706959167372,0.020282542353739982
2769,-0.19300413131713867,-0.19118877576422022,0.02027767943863012
2770,0.0066024065017700195,-0.1714096575376212,0.020756239734748664
2771,0.42058102786540985,-0.11221058899731809,0.022206450174961742
2772,0.3137994557619095,-0.06960958452139535,0.0232625657234775
2773,0.276007816195488,-0.035047844449707016,0.024124162471478926
2774,-0.3592289388179779,-0.06746595388653409,0.02331590551681967
2775,0.1677464246749878,-0.04394471603038191,0.02390208874767427
2776,-0.4715505838394165,-0.08670530281128536,0.02283778309432884
2777,-0.7960010766983032,-0.15763488019998712,0.021091448702803637
2778,0.11036062240600586,-0.13083532993938782,0.02174765337163385
2779,0.3958281874656677,-0.07816897819888227,0.023049746197720836
2780,-0.6526667475700378,-0.1356187551359978,0.021630165666406857
2781,-0.6430891156196594,-0.18636579118436397,0.02039405701156234
2782,-0.14512869715690613,-0.1822420817816182,0.020493725572052344
2783,-0.4984200596809387,-0.21385987957155023,0.019733548163875195
2784,-1.0267623662948608,-0.29515012824388126,0.01782829822454329
2785,-0.28096216917037964,-0.2937313323365311,0.01786086241965763
2786,0.29910019040107727,-0.2344481800627703,0.01924387468037671
2787,-0.03426539897918701,-0.21442990195441197,0.01971993163542137
2788,-0.23580193519592285,-0.21656710527856307,0.019668907995299592
2789,-0.3516579270362854,-0.23007618745433528,0.019347483845972773
2790,-0.6873370409011841,-0.27580227279902014,0.01827461111654499
2791,-0.372469425201416,-0.28546898803925974,0.018051020997425362
2792,-0.7854400873184204,-0.3354660979671758,0.0169144068983988
2793,-0.9549030661582947,-0.3974097947862877,0.015556737402866394
2794,-0.34112659096717834,-0.3917814744043768,0.015677624875540305
2795,-1.0773806273937225,-0.4603413897033113,0.01424093968588481
2796,-0.2634163498878479,-0.44064888572176497,0.01464544604899555
2797,-0.6477438509464264,-0.4613583822442311,0.014220232917976389
2798,0.1874309480190277,-0.39647944921790523,0.01557668449572562
2799,-0.34798121452331543,-0.39162962574844623,0.01568089341050009
2800,0.2508421391248703,-0.3273824492611146,0.01709582915415228
2801,0.04473823308944702,-0.29017038102605847,0.017942709404560626
2802,-0.48216381669044495,-0.30936972459249706,0.017503409914438946
2803,-0.8097295165061951,-0.3594057037838668,0.016382738638353305
2804,-0.40255486965179443,-0.3637206203706596,0.016287824024062182
2805,-0.5174501538276672,-0.3790935737163604,0.015951999272928393
2806,0.25085021555423737,-0.3160991947893006,0.017350611344743628
2807,-0.35096609592437744,-0.31958588490280826,0.01727168929749031
2808,0.44635137915611267,-0.2429921584969162,0.019042000758033317
2809,-0.34455811977386475,-0.25314875462461106,0.018803093803127183
2810,0.9994933307170868,-0.1278845460904413,0.021820202100049996
2811,-0.471075177192688,-0.16220360920066595,0.020980102602772915
2812,0.007820487022399902,-0.14520119957835936,0.021395267797388498
2813,-0.5555621385574341,-0.18623729347626683,0.020397160486051034
2814,-0.27921032905578613,-0.19553459703421874,0.02017299702582595
2815,0.48387423157691956,-0.12759371417310494,0.021827355537003053
2816,-0.4090842008590698,-0.1557427628417014,0.021137609018790984
2817,0.1673486828804016,-0.12343361826949112,0.021929736428386457
2818,-0.7179909646511078,-0.1828893529076528,0.02047807137516595
2819,0.13296636939048767,-0.15130378067783876,0.021246008360720218
2820,-0.019774198532104492,-0.13815082246326535,0.021568035465737295
2821,0.07818076014518738,-0.11651766420242007,0.022100169585800546
2822,-0.2200993001461029,-0.12687582779678835,0.021845015261870184
2823,-0.7399379014968872,-0.1881820351667982,0.020350206877012847
2824,0.04122474789619446,-0.16524135686049896,0.020906158805573415
2825,-0.5358160138130188,-0.20229882255575093,0.020010410458375878
2826,-0.32595980167388916,-0.21466492046756475,0.01971431853570222
2827,-0.17937129735946655,-0.21113555815675494,0.019798670993852262
2828,-0.7377681136131287,-0.26379881370239233,0.018553868868984042
2829,-0.8451696634292603,-0.3219358986750791,0.017218591975115383
2830,-1.4072347581386566,-0.4304657846214368,0.014857237544725605
2831,-0.9574370980262756,-0.4831629159619207,0.013780672362858596
2832,-0.30837583541870117,-0.46568420790759874,0.014132358754548924
2833,-0.5113022327423096,-0.47024601039106984,0.014040048369659476
2834,-0.408835768699646,-0.4641049862219274,0.014164400668071862
2835,-0.269392728805542,-0.4446337604802889,0.014563050425981836
2836,0.11081045866012573,-0.3890893385662475,0.01573562777625832
2837,0.11498913168907166,-0.3386814915407156,0.016842505567265544
2838,-0.002309069037437439,-0.30504424929038776,0.017601950523048703
2839,0.019556939601898193,-0.2725841304011592,0.018349306711507914
2840,-0.3125128746032715,-0.27657700482137043,0.018256648235003704
2841,-2.010929524898529,-0.4500122568290863,0.014452272991837878
2842,0.18555724620819092,-0.38645530652535864,0.015792490939727333
2843,-0.23423385620117188,-0.37123316149294,0.01612325312139557
2844,-0.06908658146858215,-0.3410185034905042,0.01679034077441665
2845,-0.7010291218757629,-0.37701956532903014,0.015997091608261807
2846,-0.10434088110923767,-0.34975169690705094,0.016596117050546713
2847,-0.1313256025314331,-0.32790908746948916,0.017083981260972807
2848,-0.44403326511383057,-0.3395215052339233,0.01682374631007684
2849,-0.1368752121925354,-0.3192568759297845,0.01727912925230039
2850,-1.2612689137458801,-0.4134580797113941,0.01521487633065276
2851,-0.6396942138671875,-0.4360816931269734,0.014740217290181795
2852,-0.6561383008956909,-0.45808735390384514,0.014286898234194198
2853,0.14902925491333008,-0.39737569302212766,0.015557468315108056
2854,0.646187424659729,-0.293019381253942,0.017877213069628233
2855,0.356040358543396,-0.22811340727420826,0.01939406545613543
2856,0.10206294059753418,-0.19509577248703402,0.020183559550036537
2857,-0.20345383882522583,-0.1959315791208532,0.02016344319309027
2858,0.1899000108242035,-0.15734842012634753,0.02109843546993764
2859,-0.026052236557006836,-0.14421880176941346,0.02141932052718444
2860,-0.22206968069076538,-0.15200388966154865,0.021228902087397198
2861,-0.15020602941513062,-0.15182410363690685,0.02123329458631597
2862,0.43804866075515747,-0.09283682719770045,0.022685724167908324
2863,0.5185921788215637,-0.03169392659577405,0.024207917034441855
2864,-0.050234198570251465,-0.03354795379322179,0.02416161565570853
2865,-0.6354101896286011,-0.09373417737675971,0.022663484510549618
2866,0.20469391345977783,-0.06389136829310596,0.023404885677976883
2867,-0.3657197952270508,-0.09407421098650043,0.0226550581922996
2868,-1.2286792397499084,-0.2075347138628412,0.019884859634149845
2869,-0.8988880813121796,-0.27667005060777505,0.01825449138655306
2870,-0.07333818078041077,-0.25633686362503866,0.01872834754545575
2871,-0.5754892230033875,-0.28825209956287356,0.017986868672642212
2872,-1.2025794088840485,-0.379684830494991,0.015939156763696203
2873,-0.27107053995132446,-0.3688234014406244,0.01617594686788059
2874,-0.8299886882305145,-0.4149399301196134,0.015183523684803494
2875,-0.5470839738845825,-0.4281543344961103,0.014905557349595845
2876,-0.5282819271087646,-0.4381670937573757,0.014696900042273822
2877,0.39270007610321045,-0.3550803767713171,0.016478166025382504
2878,-0.49597489833831787,-0.3691698289280172,0.016168366075945264
2879,0.050076186656951904,-0.3272452273695203,0.017098916912846127
2880,-0.12504053115844727,-0.307024757748413,0.017556800151294988
2881,-0.46588754653930664,-0.3229110366275023,0.017196582009944148
2882,-0.2600350081920624,-0.3166234337839583,0.017338734271029166
2883,-0.7454781234264374,-0.35950890274820624,0.0163804652757383
2884,-2.077600210905075,-0.5313180335638931,0.012840301060337001
2885,-0.44885122776031494,-0.5230713529835352,0.012998324739477977
2886,-0.12007945775985718,-0.48277216346116747,0.013788475130800025
2887,-0.15098312497138977,-0.4495932596121897,0.01446088483035668
2888,-0.38232892751693726,-0.44286682640266445,0.01459955178613093
2889,-0.1491081714630127,-0.4134909609086993,0.015214180242882748
2890,-0.4054955840110779,-0.4126914232189372,0.015231111358659084
2891,-0.28115126490592957,-0.39953740738763643,0.015511172986965744
2892,0.06712231040000916,-0.3528714356088719,0.01652700957423059
2893,0.17947742342948914,-0.29963654970503584,0.01772550073879565
2894,-0.10370376706123352,-0.2800432714406556,0.01817637178010426
2895,0.42590658366680145,-0.20944828592990994,0.019839041046214378
2896,0.23808437585830688,-0.16469501975108827,0.020919452167020458
2897,0.41384559869766235,-0.10684095790621323,0.02233909309793587
2898,0.38081133365631104,-0.05807572874996081,0.02354973689251728
2899,0.25201499462127686,-0.02706665641283705,0.024323498784085087
2900,0.28061026334762573,0.0037010355632092207,0.025092525466619692
2901,-0.3105858564376831,-0.027727653636880005,0.0243069862515604
2902,-0.6383204758167267,-0.08878693585486466,0.02278614092089768
2903,0.1941317319869995,-0.06049506907067825,0.023489465501381035
2904,-0.51347416639328,-0.10579297880293842,0.022364998650096498
2905,-0.9656989574432373,-0.19178357666696827,0.020263341598476634
2906,-0.39236438274383545,-0.21184165727465498,0.01978178510658619
2907,-0.07018709182739258,-0.19767620072992875,0.02012147428793278
2908,-1.3402581214904785,-0.3119343928059837,0.01744510343506878
2909,-0.5124061703681946,-0.33198157056220473,0.01699249547939941
2910,0.5545919090509415,-0.24332422260089012,0.01903417127653524
2911,0.12903258204460144,-0.20608854213634098,0.019919510612485373
2912,0.026679307222366333,-0.18281175720047024,0.020479947827598786
2913,0.25107596814632416,-0.1394229846657908,0.021536836236580308
2914,-0.17845556139945984,-0.14332624233915772,0.02144117955191017
2915,0.542307049036026,-0.07476291320163937,0.023134401791568168
2916,0.057415544986724854,-0.06154506738280296,0.02346331304421593
2917,0.49093443155288696,-0.006297117489233978,0.024842574143602286
2918,-0.6701576113700867,-0.07268316687731922,0.023186113862092978
2919,0.294887512922287,-0.03592609889735861,0.024102233738692705
2920,-0.11417591571807861,-0.04375108057943061,0.02390692033857694
2921,0.3400377631187439,-0.00537219620961317,0.024865696386779976
2922,0.6814680248498917,0.0633118258963373,0.02658068421339896
2923,0.3344529867172241,0.09042594197842597,0.02725450697407309
2924,-0.7919927835464478,0.0021840694259386284,0.025054601648828972
2925,0.2180050015449524,0.02376616263784,0.025594042225770847
2926,0.4366164803504944,0.06505119440910542,0.026623989783142496
2927,0.10979032516479492,0.06952510748467437,0.02673533253862876
2928,-0.3345288634300232,0.02911971039320462,0.025727787060617863
2929,0.4208180904388428,0.06828954839776843,0.026704589769938558
2930,-0.5603061616420746,0.005429977393784147,0.02513574810068528
2931,0.04974988102912903,0.009861967757318634,0.025246541201249875
2932,0.1672993302345276,0.025605704005039528,0.025640002733198913
2933,-0.14644920825958252,0.008400212778577328,0.025210000380028505
2934,-0.01699689030647278,0.005860502470072319,0.025146510884426317
2935,-0.16099661588668823,-0.010825209365603734,0.024729380336646643
2936,-0.2695457339286804,-0.036697261821911395,0.024082980064394
2937,-0.6768120527267456,-0.1007087409123948,0.022490758864249533
2938,-0.23576903343200684,-0.114214770164356,0.02215698240921409
2939,-0.39287590980529785,-0.14208088412845016,0.021471687991368688
2940,-1.0267664194107056,-0.23054943765667568,0.01933625862440686
2941,-0.06834125518798828,-0.21432861940980696,0.01972235080404059
2942,-0.16167694330215454,-0.20906345179904173,0.019848252620902035
2943,0.2555124759674072,-0.16260585902239685,0.020970306998786683
2944,-0.6469695568084717,-0.21104222880100432,0.01980090327444833
2945,-1.0774610042572021,-0.2976841063466241,0.017770204360639193
2946,-0.1707175374031067,-0.2849874494522724,0.018062130840905556
2947,-0.07922753691673279,-0.2644114581987184,0.018539573295628622
2948,-0.045780718326568604,-0.24254838421150343,0.01905246610166547
2949,-0.020059913396835327,-0.22029953713003664,0.01957991155555007
2950,0.22875656187534332,-0.17539392722949868,0.020659569073776085
2951,-0.07047012448310852,-0.16490154695485967,0.020914426710714532
2952,-0.6184526681900024,-0.21025665907837396,0.0198196962068016
2953,0.07723072171211243,-0.18150792099932533,0.020511485608953533
2954,-0.607138991355896,-0.22407102803498238,0.0194901299782007
2955,-0.5733734369277954,-0.2590012689242637,0.018665971282135974
2956,0.13171052932739258,-0.21993008909909806,0.01958871432471036
2957,-0.19222372770309448,-0.2171594529594977,0.019654774483880172
2958,-1.2261346578598022,-0.3180569734495281,0.017306275724960896
2959,-0.504409909248352,-0.33669226702941046,0.016886970087425856
2960,-0.5526157021522522,-0.35828461054169464,0.016407445537039936
2961,0.3214765191078186,-0.2903084975767433,0.01793953177243581
2962,-0.5761168003082275,-0.3188893278498917,0.01728744248880429
2963,-0.5479859709739685,-0.34179899216229936,0.016772937172504315
2964,-0.6391685605049133,-0.3715359489965607,0.016116638490608914
2965,-0.4451548457145691,-0.3788978386683615,0.01595625198603737
2966,-1.3092279434204102,-0.4719308491435663,0.014006047896403417
2967,-0.4812126159667969,-0.47285902582588935,0.013987338557974635
2968,0.1942199468612671,-0.4061511285571737,0.01537000578835627
2969,0.1901448369026184,-0.34652153201119457,0.016667823537157806
2970,-0.26514244079589844,-0.33838362288966495,0.01684916006674091
2971,0.35761454701423645,-0.26878380589927486,0.018437679947465403
2972,0.408619225025177,-0.2010435028068297,0.02004055088987783
2973,0.14101403951644897,-0.16683774857450184,0.020867329387657965
2974,0.742306612432003,-0.07592331247385138,0.02310555586935672
2975,0.23435485363006592,-0.04489549586345966,0.023878366092679314
2976,0.08164328336715698,-0.032241617940397996,0.02419423873431083
2977,0.25033336877822876,-0.003984119268535327,0.0249003975452895
2978,0.09055459499359131,0.005469752157677334,0.025136742440249278
2979,-0.22028212249279022,-0.017105435307369417,0.024572405820605978
2980,-0.0373707115650177,-0.019131962933134246,0.024521759275718317
2981,-0.9174665808677673,-0.10896542472659754,0.022286595062446023
2982,-0.08133208751678467,-0.10620209100561626,0.02235488490414242
2983,-0.5271631479263306,-0.14829819669768768,0.02131948665894215
2984,-1.1447582244873047,-0.24794419947664936,0.018925369784804604
2985,-1.2435568273067474,-0.34750546225965917,0.01664596483692882
2986,-0.9906083941459656,-0.4118157554482898,0.015249666756790115
2987,-0.43094193935394287,-0.4137283738388551,0.015209154794773022
2988,-0.07490164041519165,-0.37984570049648875,0.01593566350724114
2989,-0.1533406376838684,-0.3571951942152267,0.016431472581148236
2990,-0.1560690551996231,-0.33708258031366634,0.016878240997830855
2991,-0.09656500816345215,-0.31303082309864494,0.017420204152258104
2992,0.06456425786018372,-0.2752713150027621,0.01828692619231197
2993,-0.2436302900314331,-0.2721072125056292,0.01836038726790783
2994,0.09266200661659241,-0.23563029059340704,0.01921589621890337
2995,0.10185030102729797,-0.20188223143133655,0.02002041120924906
2996,0.13982746005058289,-0.16771126228314462,0.020846091365517655
2997,-0.1556345522403717,-0.16650359127886732,0.02087545548617087
2998,-0.5928167700767517,-0.20913490915865574,0.01984654207266792
2999,-7.87117263674736,-0.975338681917526,0.006223975866946283
3000,-8.822705417871475,-1.760075355512921,0.001437214403456888
3001,-8.96018397808075,-2.4800862177697036,0.0003481448392768139
3002,-8.50556430220604,-3.082634026213337,0.00010483747367979187
3003,-8.085594475269318,-3.582930071118935,3.8595895097383954e-05
3004,-10.73242861032486,-4.297879925039528,9.242695494853302e-06
3005,-7.724688827991486,-4.640560815334723,4.657894358000488e-06
3006,-6.869719386100769,-4.863476672411328,2.982510178141564e-06
3007,-8.394134283065796,-5.216542433476774,1.4720617597642708e-06
3008,-7.0043675899505615,-5.395324949124153,1.0295355675260248e-06
3009,-8.675334930419922,-5.72332594725373,5.342537876070448e-07
3010,-7.1675639152526855,-5.867749744053625,4.002246725342482e-07
3011,-6.198636770248413,-5.900838446673103,3.7459639939213734e-07
3012,-5.008002996444702,-5.811554901650263,4.4783049589469756e-07
3013,-6.015883922576904,-5.831987803742928,4.2989859611889324e-07
3014,-5.091718435287476,-5.757960866897383,4.984991376771545e-07
3015,-5.098848938941956,-5.69204967410184,5.687396886930047e-07
3016,-3.4600296020507812,-5.468847666896734,8.887539756045073e-07
3017,-3.525474190711975,-5.274510319278258,1.3109229446600377e-06
3018,-2.166363000869751,-4.963695587437408,2.440830357190728e-06
3019,-2.532198905944824,-4.720545919288149,3.969368663827742e-06
3020,-2.559341609477997,-4.504425488307135,6.115368279694543e-06
3021,-2.980472147464752,-4.352030154222897,8.294163535317931e-06
3022,-3.0662587881088257,-4.223453017611489,1.0725860653018615e-05
3023,-1.6962648630142212,-3.970734202151762,1.7777867051648496e-05
3024,-2.284387469291687,-3.802099528865755,2.49053090698804e-05
3025,-2.416075587272644,-3.663497134706444,3.285574725301907e-05
3026,-1.5441731214523315,-3.4515647333810326,5.018141231046656e-05
3027,-1.5036747455596924,-3.256775734598899,7.40503088297551e-05
3028,-1.2937662601470947,-3.0604747871537183,0.00010957779451968978
3029,-1.3943670988082886,-2.8938640183191753,0.00015277862793586154
3030,-1.842213749885559,-2.7886989914758136,0.00018840709904639213
3031,-2.515601396560669,-2.761389231984299,0.00019894194428847814
3032,-2.1890804767608643,-2.704158356461956,0.00022296000364576313
3033,-1.9045459628105164,-2.624197117096812,0.00026142354323481373
3034,-2.3621776700019836,-2.5979951723873294,0.00027541099070232407
3035,-1.611708402633667,-2.499366495411963,0.00033506396699650574
3036,-1.806273639202118,-2.4300572097909785,0.0003845001355880401
3037,-1.873950481414795,-2.37444653695336,0.00042934518691418024
3038,-2.895270496606827,-2.4265289329187065,0.0003872018913120357
3039,-1.7009214162826538,-2.353968181255101,0.00044713430583636526
3040,-1.8429875373840332,-2.3028701168679944,0.0004947701752195353
3041,-1.9424841403961182,-2.266831519220807,0.0005313554874892575
3042,-2.24798047542572,-2.2649464148412983,0.0005333411804156981
3043,-2.174583315849304,-2.255910104942099,0.0005429620573153555
3044,-1.5530648231506348,-2.1856255767629524,0.0006238880029959321
3045,-1.572854995727539,-2.124348518659411,0.0007040852580455121
3046,-1.6515229940414429,-2.077065966197614,0.0007728375719125343
3047,-1.9453506767749786,-2.0638944372553505,0.0007931397645250725
3048,-1.6437492966651917,-2.0218799231963347,0.0008614688590235786
3049,-1.6045145988464355,-1.9801433907613448,0.0009350623176981034
3050,-1.8347174525260925,-1.9656007969378195,0.0009621271363073956
3051,-1.880111277103424,-1.9570518449543801,0.0009783942655983886
3052,-2.088516891002655,-1.9701983495592075,0.0009534887599232158
3053,-1.2194569110870361,-1.8951242057119904,0.00110454775489756
3054,-1.0853649377822876,-1.81414827891902,0.001293706927978502
3055,-1.3815024495124817,-1.7708836959783663,0.0014073450618314655
3056,-1.3482312560081482,-1.7286184519813443,0.0015276885375356385
3057,-1.411788821220398,-1.69693548890525,0.001624378091250319
3058,-1.7254366874694824,-1.6997856087616732,0.0016154433948326824
3059,-1.3895044326782227,-1.668757491153328,0.0017153194892093175
3060,-1.3528447151184082,-1.6371662135498362,0.0018231155938786305
3061,-0.9758237600326538,-1.5710319681981177,0.002070256128023261
3062,-1.215919852256775,-1.5355207566039835,0.002215884738785816
3063,-1.4116450548171997,-1.523133186425305,0.002268946940008837
3064,-1.3427113890647888,-1.5050910066892533,0.0023483998861349984
3065,-1.2659461498260498,-1.481176521002933,0.0024577954541173965
3066,-1.9090694189071655,-1.5239658107933562,0.002265342766396657
3067,-1.6716485619544983,-1.5387340859094705,0.00220231490674026
3068,-1.6367828845977783,-1.5485389657783013,0.0021613974223976345
3069,-2.3588370084762573,-1.629568770048097,0.001849996363962694
3070,-1.615853190422058,-1.628197212085493,0.0018548895645072825
3071,-2.477454960346222,-1.7131229869115658,0.001574260299020506
3072,-1.223496437072754,-1.6641603319276845,0.0017306150137599311
3073,-2.535544902086258,-1.7512987889435419,0.0014619206050723902
3074,-1.9826095700263977,-1.7744298670518275,0.0013976770288659244
3075,-2.613230884075165,-1.858309968754161,0.001186939299812736
3076,-1.6105091571807861,-1.8335298875968236,0.0012457437318068934
3077,-1.6207629442214966,-1.812253193259291,0.0012984920215469025
3078,-1.2831707298755646,-1.7593449469209184,0.0014392549665045973
3079,-1.9035311937332153,-1.773763571602148,0.0013994886355133743
3080,-1.515163004398346,-1.7479035148817679,0.0014715884588555504
3081,-1.176262527704239,-1.690739416164015,0.0016439668982617603
3082,-0.8675172328948975,-1.6084171978371031,0.0019268553138467922
3083,-1.2934640645980835,-1.5769218845132014,0.00204700449344354
3084,-1.1525577306747437,-1.5344854691293557,0.002220273697265637
3085,-1.2044111788272858,-1.5014780400991485,0.002364625293513486
3086,-1.5751009583473206,-1.5088403319239656,0.0023316740528587284
3087,-2.2281960546970367,-1.5807759042012726,0.0020319255019043045
3088,-1.1355754733085632,-1.5362558611120016,0.0022127733888623203
3089,-0.8294432759284973,-1.4655746025936511,0.002531752639290684
3090,-1.1805338263511658,-1.4370705249694025,0.0026723383800184687
3091,-1.3693432807922363,-1.430297800551686,0.0027068097174245444
3092,-0.959261417388916,-1.3831941622354091,0.0029583872257954815
3093,-1.0548009276390076,-1.3503548387757691,0.0031465746296852706
3094,-0.9335232973098755,-1.3086716846291797,0.0034015268562350184
3095,-0.838335394859314,-1.2616380556521931,0.0037121231013735284
3096,-2.1313007473945618,-1.3486043248264301,0.003156913416210394
3097,-2.172699958086014,-1.4310138881523884,0.0027031452979974753
3098,-1.313435435295105,-1.41925604286666,0.0027639094502539033
3099,-2.115650713443756,-1.4888955099243697,0.0024219672842487236
3100,-1.4278285503387451,-1.4827888139658074,0.0024502706064189125
3101,-2.1836522817611694,-1.5528751607453435,0.002143534100647836
3102,-1.4348888397216797,-1.541076528642977,0.002192472807042258
3103,-0.7215197086334229,-1.4591208466420216,0.002562957141201529
3104,-1.2595964670181274,-1.4391684086796321,0.0026617450057817463
3105,-0.679577648639679,-1.363209332675637,0.003071616640371751
3106,-1.8593882024288177,-1.412827219650955,0.002797674987983281
3107,-1.1387192606925964,-1.3854164237551192,0.0029460407903713353
3108,-1.5213435292243958,-1.3990091343020468,0.002871567946012361
3109,-1.2814481854438782,-1.38725303941623,0.0029358733965418023
3110,-1.990718126296997,-1.4475995481043067,0.002619569989758073
3111,-1.657575011253357,-1.4685970944192117,0.0025172625802224423
3112,-1.666249394416809,-1.4883623244189714,0.00242442607864429
3113,-1.2686802744865417,-1.4663941194257286,0.002527816028399299
3114,-1.5937033891677856,-1.4791250463999344,0.0024674017216243355
3115,-1.0064074099063873,-1.4318532827505797,0.0026988558371887498
3116,-1.3668115735054016,-1.425349111826062,0.0027322618184121334
3117,-1.1032232642173767,-1.3931365270651934,0.0029035238711257517
3118,-1.2289801836013794,-1.376720892718812,0.002994628255547532
3119,-1.2387527823448181,-1.3629240816814125,0.0030732617635725154
3120,-0.5078630447387695,-1.2774179779871484,0.003605113627626231
3121,-1.1743348240852356,-1.2671096625969571,0.0036746912373792763
3122,-1.294338881969452,-1.2698325845342067,0.003656193196808231
3123,-1.3996576964855194,-1.2828150957293378,0.0035691713622901314
3124,-1.8343745470046997,-1.3379710408568741,0.0032203986540999627
3125,-0.7869654893875122,-1.282870485709938,0.0035688042115421107
3126,-1.0127706229686737,-1.2558604994358116,0.0037520284222667282
3127,-0.8553400039672852,-1.215808449888959,0.004039665276194761
3128,-1.0245539844036102,-1.196683003340424,0.004183998626120938
3129,-1.3402385711669922,-1.2110385601230809,0.004075231182286248
3130,-0.7834683060646057,-1.1682815347172333,0.004406987705894524
3131,-0.8338046669960022,-1.13483384794511,0.004683320936426904
3132,-1.0383318960666656,-1.1251836527572658,0.004765889329457938
3133,-1.6141806840896606,-1.1740833558905055,0.004360580115208876
3134,-0.7476206421852112,-1.1314370845199762,0.004712236796444962
3135,-1.5478116273880005,-1.1730745388067787,0.004368617569443177
3136,-2.1425270438194275,-1.2700197893080436,0.0036549245861944475
3137,-2.424859642982483,-1.3855037746754875,0.0029455564742354883
3138,-1.4090021848678589,-1.3878536156947245,0.002932555786742992
3139,-1.110265851020813,-1.3600948392273333,0.0030896234450258388
3140,-1.311358630657196,-1.3552212183703196,0.0031179988279402176
3141,-2.9211480021476746,-1.511813896748055,0.0023184895279907895
3142,-1.275810718536377,-1.488213578926887,0.002425112443633459
3143,-1.719010353088379,-1.5112932563430364,0.002320792868548222
3144,-0.8476163148880005,-1.4449255621975328,0.0026328772279856968
3145,-1.4276978969573975,-1.4432027956735194,0.002641484459953108
3146,-0.7735922038555145,-1.376241736491719,0.002997327304188198
3147,-1.8895514607429504,-1.4275727089168422,0.0027207976329119508
3148,-1.0193843841552734,-1.3867538764406853,0.0029386334723801
3149,-1.666575163602829,-1.4147360051568996,0.002787609341792352
3150,-1.2409741282463074,-1.3973598174658401,0.0028805092375328942
3151,-1.7157549560070038,-1.4291993313199565,0.0027124399931928024
3152,-2.0799229741096497,-1.4942716955989257,0.0023973068175378934
3153,-1.563845932483673,-1.5012291192874003,0.0023657470820517435
3154,-1.7446340918540955,-1.52556961654407,0.0022584157507233534
3155,-1.2684110403060913,-1.4998537589202723,0.002371954414687535
3156,-0.7232564687728882,-1.422194029905534,0.0027486065773569403
3157,-0.30937403440475464,-1.310912030355456,0.0033873499937700315
3158,-0.5686097145080566,-1.2366817987707162,0.0038873357554028293
3159,-1.172598123550415,-1.230273431248686,0.0039335345280338465
3160,-0.7920334339141846,-1.186449431515236,0.004263138815895526
3161,-0.1777348518371582,-1.0855779735474285,0.005118538174346778
3162,-0.4879418611526489,-1.0258143623079505,0.005694395557145061
3163,-0.9665449857711792,-1.0198874246542733,0.00575448301561449
3164,-1.800504446029663,-1.0979491267918122,0.005005971624134042
3165,-0.9611779451370239,-1.0842720086263333,0.005130551285075448
3166,-1.3703935146331787,-1.1128841592270178,0.0048730116755231565
3167,-1.6482856273651123,-1.1664243060408273,0.004421937317378774
3168,-0.927823543548584,-1.1425642297916028,0.004618106381503358
3169,-0.9955137968063354,-1.127859186493076,0.00474286749333767
3170,-1.4241538643836975,-1.157488654282138,0.004494505981022683
3171,-1.3183401823043823,-1.1735738070843627,0.004364638122859609
3172,-1.0704545974731445,-1.1632618861232409,0.004447498355488341
3173,-1.8989226818084717,-1.2368279656917638,0.003886287836318664
3174,-2.4811736941337585,-1.3612625385359634,0.00308286073037053
3175,-1.0095974206924438,-1.3260960267516113,0.00329270159626855
3176,-2.162415027618408,-1.409727926838291,0.002814091424196857
3177,-0.7392768859863281,-1.3426828227530947,0.0031921219317935547
3178,-0.74920654296875,-1.2833351947746603,0.003565725275130389
3179,-1.4504039287567139,-1.3000420681728657,0.003456650283376397
3180,-1.9536612033843994,-1.3654039816940189,0.003058986977422856
3181,-1.1596314311027527,-1.3448267266348923,0.0031793324890464474
3182,-1.5945996046066284,-1.369804014432066,0.00303381198601395
3183,-1.712926208972931,-1.4041162338861526,0.0028440463351744015
3184,-1.995556116104126,-1.4632602221079498,0.0025429013004428422
3185,-0.499833345413208,-1.3669175344384756,0.0030503051571422646
3186,-1.292632520198822,-1.3594890330145104,0.003093137420910398
3187,-0.4223390817642212,-1.2657740378894815,0.0036837962054933867
3188,-0.4392017126083374,-1.183116805361367,0.004289202932098723
3189,-0.4270848035812378,-1.107513605183354,0.004920456684365077
3190,-0.9046931266784668,-1.0872315573328655,0.005103363198519721
3191,-0.975832998752594,-1.0760917014748383,0.0052063684280313745
3192,-2.1423126459121704,-1.1827137959185716,0.00429236459525742
3193,-1.6282614469528198,-1.2272685610219964,0.003955369534385252
3194,-1.088486671447754,-1.213390372064572,0.004057659757881522
3195,-1.9451476335525513,-1.28656609821337,0.0035443865907240713
3196,-1.6552339792251587,-1.323432886314549,0.003309122443912619
3197,-2.528557002544403,-1.4439452979375345,0.00263777154042006
3198,-2.691970080137253,-1.5687477761575062,0.0020793412728127357
3199,-1.9304435849189758,-1.604917357033653,0.0019398648922274069
3200,-2.440605580806732,-1.688486179410961,0.001651146907427997
3201,-2.355538785457611,-1.755191440015626,0.0014509122895636204
3202,-1.753600001335144,-1.7550322961475777,0.0014513607635313682
3203,-1.6510878205299377,-1.7446378485858136,0.0014809457367679175
3204,-2.5402449667453766,-1.8241985604017699,0.001268615498724048
3205,-2.2676205933094025,-1.8685407636925333,0.0011634588086538577
3206,-1.5398727655410767,-1.8356739638773878,0.0012405454844077466
3207,-1.2079117894172668,-1.7728977464313758,0.001401846155718615
3208,-1.3046989440917969,-1.7260778661974179,0.001535231790022345
3209,-0.31944531202316284,-1.5854146107799925,0.002013917440446679
3210,-0.5761803686618805,-1.4844911865681814,0.002442349060637623
3211,-0.22445297241210938,-1.3584873651525742,0.0030989557803873594
3212,-0.7967439889907837,-1.3023130275363952,0.0034420644038872443
3213,-1.212207317352295,-1.2933024565179851,0.00350027483308447
3214,-0.6805886626243591,-1.2320310771286227,0.0039208136810746155
3215,-1.0354275703430176,-1.2123707264500623,0.004065269482652046
3216,-1.1608964204788208,-1.207223295852938,0.004103884228592245
3217,-0.7808797359466553,-1.16458893986231,0.00443675592057886
3218,-1.6275943517684937,-1.2108894810529283,0.004076347351620663
3219,-0.5166404843330383,-1.1414645813809392,0.004627333152467986
3220,-0.7537083625793457,-1.1026889595007798,0.004963429434025193
3221,-0.28451699018478394,-1.0208717625691803,0.0057444657155428895
3222,-1.5864821076393127,-1.0774327970761937,0.005193871313537197
3223,-1.7047626972198486,-1.140165787090559,0.004638252208418165
3224,-1.0606366991996765,-1.1322128783014707,0.004705618581847266
3225,-1.3036711513996124,-1.1493587056112848,0.0045614620091249435
3226,-1.5494318008422852,-1.1893660151343848,0.004240446457395635
3227,-1.3946539759635925,-1.2098948112173056,0.004083801672734296
3228,-0.8684625029563904,-1.1757515803912142,0.004347318367844548
3229,-1.4470838904380798,-1.2028848113959008,0.004136689533574868
3230,-2.38155734539032,-1.3207520647953426,0.003325729133118195
3231,-1.5347702503204346,-1.3421538833478517,0.0031952846808127482
3232,-0.8991618752479553,-1.297854682537862,0.0034707534658815
3233,-2.245956987142563,-1.3926649129983322,0.0029061045953177812
3234,-1.152361512184143,-1.3686345729169134,0.003040484027748235
3235,-1.6790668964385986,-1.399677805269082,0.0028679503712619597
3236,-0.9215541481971741,-1.3518654395618912,0.0031376782019386026
3237,-0.874104917049408,-1.304089387310643,0.00343069498061049
3238,-1.288394570350647,-1.3025199056146433,0.0034407385071655
3239,-1.8046584129333496,-1.3527337563465138,0.003132575024957155
3240,-1.4599041938781738,-1.36345080009968,0.003070224672653552
3241,-1.9963935017585754,-1.4267450702655695,0.0027250593780782026
3242,-2.090213894844055,-1.493091952723418,0.002402697773319735
3243,-1.4567411541938782,-1.489456872870464,0.0024193811068069517
3244,-0.8330358862876892,-1.4238147742121867,0.0027401989147274016
3245,-1.9408195614814758,-1.4755152529391156,0.0024843914783672753
3246,-0.4486713409423828,-1.3728308617394425,0.003016606392043434
3247,-0.874869704246521,-1.3230347459901504,0.0033115838941317993
3248,-1.1608211994171143,-1.3068133913328468,0.0034133278108729945
3249,-1.043697714805603,-1.2805018236801224,0.003584535982390156
3250,-0.8572923541069031,-1.2381808767228004,0.003876600640670812
3251,-1.4208728075027466,-1.256450069800795,0.0037479382949141115
3252,-0.834905743598938,-1.2142956371806093,0.0040509145524043845
3253,-1.141828179359436,-1.207048891398492,0.00410519839967584
3254,-2.114975154399872,-1.29784151769863,0.0034708385072540152
3255,-1.7722771763801575,-1.3452850835667827,0.003176604368213976
3256,-0.4529726803302765,-1.256053843243132,0.0037506866534293215
3257,-1.3544613122940063,-1.2658945901482195,0.0036829735476260617
3258,-1.4908065795898438,-1.2883857890923818,0.0035324203232898334
3259,-0.9708142876625061,-1.2566286389493944,0.0037467002852839986
3260,-0.5956937670707703,-1.1905351517615321,0.00423138084804227
3261,-1.618094027042389,-1.233291039289618,0.0039117179598933145
3262,-1.7236522436141968,-1.2823271597220758,0.0035724071375607285
3263,-1.400903344154358,-1.294184778165304,0.0034945348589850186
3264,-0.774643063545227,-1.2422306067032962,0.003847735575150528
3265,-0.34354984760284424,-1.152362530793251,0.004536619438024285
3266,-1.5683060884475708,-1.193956886558683,0.0042049493484011295
3267,-0.5207745432853699,-1.1266386522313516,0.004753357300320383
3268,-0.19253301620483398,-1.0332280886287,0.005620005369129203
3269,-0.7372056245803833,-1.0036258422238684,0.005922182084558171
3270,-0.2167331874370575,-0.9249365767451873,0.006794389546499239
3271,-0.7323891520500183,-0.9056818342756704,0.007023669740480267
3272,-1.3485176861286163,-0.949965419460965,0.0065058151115997415
3273,-0.7786048352718353,-0.932829361042052,0.006702242208969016
3274,-0.3556222915649414,-0.8751086540943409,0.007400989560723327
3275,-0.7252532243728638,-0.8601231111221932,0.0075919725697774
3276,-0.038361310958862305,-0.7779469311058601,0.008711832042495432
3277,-0.7016251683235168,-0.7703147548276258,0.008822189061703132
3278,-0.9137462377548218,-0.7846579031203453,0.0086156975419569
3279,-1.323978304862976,-0.8385899432946085,0.007873462980132868
3280,-0.6900705099105835,-0.8237379999562059,0.0080725183625474
3281,-1.9743902683258057,-0.9388032267931659,0.006633202160098934
3282,-0.7632153630256653,-0.9212444404164158,0.006837860142198732
3283,-2.1497817039489746,-1.0440981667696718,0.005512468985027303
3284,-1.2168208360671997,-1.0613704336994245,0.005345304904747568
3285,-1.2164642214775085,-1.076879812477233,0.005199021131714827
3286,-0.9526650309562683,-1.0644583343251366,0.005315893992500746
3287,-1.0352136492729187,-1.0615338658199147,0.005343744701360788
3288,-0.8611168265342712,-1.0414921618913504,0.005538084424394702
3289,-1.0271203517913818,-1.0400549808813535,0.0055522555735641
3290,-1.041300892829895,-1.0401795720762077,0.005551025802060156
3291,-1.2896127998828888,-1.0651228948568758,0.005309583014417213
3292,-1.5634368658065796,-1.1149542919518463,0.004854832751971733
3293,-0.9360596835613251,-1.0970648311127942,0.005013944369523308
3294,-1.260171115398407,-1.1133754595413554,0.004868691821653669
3295,-0.6612138748168945,-1.0681593010689094,0.005280831814962644
3296,-1.9348022043704987,-1.1548235913990683,0.004516356542315413
3297,-0.8104735612869263,-1.1203885883878542,0.00480739905454509
3298,-1.2133653461933136,-1.1296862641684002,0.004727203515236574
3299,-1.1871769428253174,-1.135435332034092,0.00467821725163247
3300,-1.372669756412506,-1.1591587744719334,0.004480861450645608
3301,-0.6597413420677185,-1.109217031231512,0.004905363739066063
3302,-1.954447865486145,-1.1937401146569753,0.004206619364277576
3303,-0.8256843090057373,-1.1569345340918513,0.0044990412928198045
3304,-1.9780809879302979,-1.239049179475696,0.003870395024308549
3305,-1.3715279698371887,-1.2522970585118451,0.003776837112443203
3306,-0.6835156083106995,-1.1954189134917306,0.0041937015755832835
3307,-1.6161861419677734,-1.2374956363393348,0.00388150437311539
3308,-1.1517735719680786,-1.2289234299022092,0.003943330693620799
3309,-1.0999025106430054,-1.2160213379762888,0.004038084529073568
3310,-1.8733962774276733,-1.2817588319214273,0.003576179449206149
3311,-1.1534217596054077,-1.2689251246898254,0.0036623484330756207
3312,-0.0994330644607544,-1.1519759186669183,0.004539809998444052
3313,-0.6079449653625488,-1.0975728233364812,0.005009362970599136
3314,-0.1931995153427124,-1.0071354925371043,0.005885634194923922
3315,-2.4286482334136963,-1.1492867666247635,0.004562058464916756
3316,-1.4091830253601074,-1.1752763924982979,0.0043510922087114275
3317,-0.5232924222946167,-1.1100779954779298,0.0048977510049057075
3318,0.24167156219482422,-0.9749030397106545,0.006228725239589883
3319,-2.0767648220062256,-1.0850892179402116,0.005123031144022808
3320,-0.17205274105072021,-0.9937855702512625,0.006025703056012895
3321,-1.2973048686981201,-1.0241375000959483,0.005711339949441328
3322,-1.1506829261779785,-1.0367920427041513,0.0055845472227558654
3323,-1.2315646409988403,-1.0562693025336203,0.005394204754899124
3324,-1.6423484683036804,-1.1148772191106262,0.004855508483016715
3325,-0.5762984454631805,-1.0610193417458817,0.005348657957248411
3326,-0.4957914352416992,-1.0044965510954635,0.0059130966391519124
3327,-1.5176761150360107,-1.0558145074895182,0.005398583496568639
3328,-1.4697134494781494,-1.0972044016883813,0.005012685261968339
3329,-1.3021745085716248,-1.1177014123767057,0.004830802306266691
3330,-1.739136517047882,-1.1798449228438233,0.004314932369750781
3331,-1.0216801166534424,-1.1640284422247853,0.004441290261551294
3332,-0.9694061279296875,-1.1445662107952757,0.00460135087164495
3333,-0.9459451586008072,-1.124704105575829,0.004770026180706657
3334,-1.400796890258789,-1.1523133840441249,0.004537024915125964
3335,-1.6195551753044128,-1.1990375631701538,0.004165979777531722
3336,-0.6856898069381714,-1.1477027875469556,0.004575209238764934
3337,-1.873254120349884,-1.2202579208272484,0.004006743977788082
3338,-1.230488121509552,-1.2212809408954788,0.003999209436507879
3339,-0.9908256530761719,-1.1982354121135481,0.004172110498952766
3340,-0.5847777128219604,-1.1368896421843893,0.004665897811080127
3341,-1.2120472192764282,-1.1444053998935932,0.004602694752431896
3342,-0.5600738525390625,-1.0859722451581402,0.005114916309288048
3343,-0.5678048431873322,-1.0341555049610593,0.0056107595271608565
3344,-1.3452601432800293,-1.0652659687929562,0.005308225181293441
3345,-0.4410022497177124,-1.0028395968854318,0.005930396572193435
3346,-0.09298628568649292,-0.9118542657655379,0.006949473667070865
3347,-1.4035170674324036,-0.9610205459322243,0.006381706545100194
3348,-1.012409269809723,-0.9661594183199742,0.0063247071025993975
3349,-0.931137204170227,-0.9626571969049995,0.0063635056749034085
3350,-1.4256538152694702,-1.0089568587414466,0.005866744465935328
3351,-0.8059247136116028,-0.9886536442284621,0.006080308765776671
3352,-0.9783759117126465,-0.9876258709768806,0.006091295787658622
3353,-0.31616878509521484,-0.920480162388714,0.00684688781199595
3354,-0.37416642904281616,-0.8658487890541242,0.00751852848360347
3355,-1.1491273641586304,-0.8941766465645747,0.007163736661807698
3356,-1.4709608554840088,-0.951855067456518,0.006484456814510165
3357,-0.10301733016967773,-0.8669712937278341,0.007504198700565976
3358,0.04951000213623047,-0.7753231641414277,0.008749646894164876
3359,-1.042842984199524,-0.8020751461472373,0.008370117665791169
3360,-0.6875414848327637,-0.7906217800157899,0.008530971784539078
3361,-1.1594852805137634,-0.8275081300655872,0.008021606983325956
3362,-0.4839720129966736,-0.7931545183586959,0.008495191173747633
3363,-1.1121717691421509,-0.8250562434370414,0.008054687361691914
3364,-0.7328890264034271,-0.81583952173368,0.008180023945602397
3365,-0.7119463384151459,-0.8054502034018266,0.00832318207296341
3366,-1.303138256072998,-0.8552190086689437,0.007655345576781889
3367,-0.7209750413894653,-0.8417946119409959,0.007831039061033631
3368,-1.2721738815307617,-0.8848325388999725,0.007279199236299931
3369,-0.12306547164916992,-0.8086558321748922,0.008278797915117795
3370,-0.29983919858932495,-0.7577741688163355,0.009005899248099615
3371,-0.9837082028388977,-0.7803675722185918,0.008677059194296432
3372,-0.5746021270751953,-0.7597910277042521,0.008976153605888345
3373,-0.8739152550697327,-0.7712034504408002,0.00880928272935228
3374,-0.3475198745727539,-0.7288350928539955,0.009441196144845863
3375,-0.2627733647823334,-0.6822289200468293,0.010175837082221839
3376,-0.3153160810470581,-0.6455376361468522,0.010783543271965188
3377,-0.46356290578842163,-0.6273401631110092,0.011094550178395397
3378,-0.40208953619003296,-0.6048151004189115,0.011488324459729657
3379,-0.8000084459781647,-0.6243344349748368,0.011146532443072985
3380,-0.5788154006004333,-0.6197825315373964,0.011225585093583184
3381,-0.7547821998596191,-0.6332824983696187,0.010992291751185997
3382,-1.056692898273468,-0.6756235383600037,0.01028332824012262
3383,-0.29378074407577515,-0.6374392589315808,0.010921163707812346
3384,-1.258545458316803,-0.6995498788701031,0.009897950257755271
3385,-0.7063435614109039,-0.7002292471241832,0.009887168270441008
3386,-1.0913123488426208,-0.7393375572960269,0.00928138094070593
3387,-0.8580813407897949,-0.7512119356454037,0.009103214512146957
3388,-0.6288931369781494,-0.7389800557786782,0.009286786506173931
3389,-0.8505591154098511,-0.7501379617417955,0.009119218720188251
3390,-0.8582943081855774,-0.7609535963861737,0.008959042362319241
3391,-1.2753314971923828,-0.8123913864667945,0.008227316155290232
3392,-0.4486543536186218,-0.7760176831819773,0.008739624620469441
3393,-0.5256102085113525,-0.7509769357149148,0.009106714580846581
3394,-0.867440938949585,-0.7626233360383818,0.008934510959472123
3395,-0.4367106854915619,-0.7300320709836998,0.00942287575315931
3396,-1.738630622625351,-0.8308919261478649,0.007976134065543523
3397,-0.3553194999694824,-0.7833346835300267,0.008634585913966056
3398,-1.0234718322753906,-0.807348398404563,0.008296877293003406
3399,-0.4798969030380249,-0.7746032488679092,0.008760045204600492
3400,-0.504784345626831,-0.7476213585438014,0.00915680639543906
3401,-0.7711895704269409,-0.7499781797321154,0.009121601636381982
3402,-0.8456224203109741,-0.7595426037900014,0.008979813337130759
3403,-0.4488534927368164,-0.7284736926846829,0.009446732936411472
3404,-0.2102288007736206,-0.6766492034935767,0.010266582288175782
3405,-1.3900952339172363,-0.7479938065359426,0.009151235989581983
3406,-1.595963954925537,-0.832790821374902,0.007950707499346702
3407,-1.847247451543808,-0.9342364843917926,0.006685925583105279
3408,-1.8753926306962967,-1.028352099022243,0.005668835509057565
3409,-0.7244420051574707,-0.9979610896357658,0.005981586615648446
3410,-1.6033474802970886,-1.058499728701898,0.005372775511069624
3411,-1.387489676475525,-1.0913987234792606,0.005065297777924431
3412,-0.8995499014854431,-1.072213841279879,0.005242654218001212
3413,-0.27102893590927124,-0.9920953507428182,0.006043640757866443
3414,-0.8300467133522034,-0.9758904870037567,0.006217964546008822
3415,0.300781786441803,-0.8482232596592008,0.00774649700725317
3416,0.0016565322875976562,-0.7632352804645209,0.008925533593006359
3417,-0.0687028169631958,-0.6937820341143884,0.009989846212194002
3418,-0.4695025682449341,-0.671354087527443,0.01035325264648911
3419,-0.5342167019844055,-0.6576403489731393,0.010580226695429906
3420,-0.5362590849399567,-0.645502222569821,0.01078414232927287
3421,-0.6286611557006836,-0.6438181158829074,0.010812658591963656
3422,-1.1644695401191711,-0.6958832583065337,0.009956294613916368
3423,-0.7591499090194702,-0.7022099233778274,0.009855784257309354
3424,-1.5748570561408997,-0.7894746366541346,0.00854721710109122
3425,-1.0078997611999512,-0.8113171491087162,0.008242094430705692
3426,-1.4427014589309692,-0.8744555800909415,0.007409229259513261
3427,-1.0417377948760986,-0.8911838015694572,0.007200551460189261
3428,-1.3874029517173767,-0.9408057165842492,0.0066101945314801765
3429,-0.4605392813682556,-0.8927790730626498,0.007180908579950603
3430,-1.6944077610969543,-0.9729419418660803,0.006250143639900764
3431,-1.3017755150794983,-1.0058252991874221,0.005899255029174226
3432,-1.0680018067359924,-1.0120429499422792,0.00583485803084466
3433,-1.9701057076454163,-1.107849225712593,0.004917479701334201
3434,-1.3223120868206024,-1.1292955118233938,0.004730549629895416
3435,-1.0726457834243774,-1.1236305389834922,0.0047792990333859284
3436,-1.4606924951076508,-1.157336734595908,0.004495748989122681
3437,-1.4587348699569702,-1.1874765481320142,0.004255134843576176
3438,-1.154302954673767,-1.1841591887861895,0.004281035080299634
3439,-1.5706787109375,-1.2228111410013205,0.0039879636603806215
3440,-1.0352863073349,-1.2040586576346783,0.0041277900644740425
3441,-1.0784389972686768,-1.191496691598078,0.004223938151846822
3442,-1.7102371752262115,-1.2433707399608913,0.0038396447110301355
3443,-0.363614022731781,-1.1553950682379803,0.004511663021600332
3444,-2.2866252660751343,-1.2685180880216955,0.0036651124333744777
3445,-1.8622489869594574,-1.3278911779154716,0.00328167551324419
3446,-1.2191900610923767,-1.317021066233162,0.003348970118809684
3447,-1.081395834684372,-1.293458543078283,0.0034992587721901463
3448,-0.5282571315765381,-1.2169384019281084,0.004031281548967896
3449,-0.6423078775405884,-1.1594753494893566,0.004478279313314168
3450,-0.6130374670028687,-1.1048315612407078,0.004944304373958557
3451,-0.4051729738712311,-1.0348657025037602,0.0056036882264473035
3452,-0.6959084868431091,-1.000969980937695,0.0059499694444753335
3453,-1.6277600824832916,-1.0636489910922546,0.00532358881955076
3454,-1.3945570588111877,-1.096739797864148,0.00501687768015073
3455,-1.4570172429084778,-1.132767542368581,0.004700891909140081
3456,-1.7618769705295563,-1.1956784851846787,0.004191707478849985
3457,-2.0487975478172302,-1.2809903914479337,0.003581285867688031
3458,-1.526402473449707,-1.305531599648111,0.00342148983412751
3459,-0.9096849262714386,-1.2659469323104438,0.003682616413347314
3460,-2.13070085644722,-1.3524223247241212,0.0031344044456240866
3461,-1.167949914932251,-1.3339750837449342,0.0032445621158308196
3462,-0.7394213080406189,-1.2745197061745026,0.0036245522502761107
3463,-1.0462490320205688,-1.2516926387591094,0.003781059998844782
3464,-0.7681505084037781,-1.2033384257235762,0.004133248406755784
3465,-0.8412087559700012,-1.1671254587482185,0.004416288072444922
3466,-1.0610225200653076,-1.1565151648799274,0.004502476448428948
3467,-0.425691157579422,-1.0834327641498769,0.005138284372578593
3468,-0.6047295331954956,-1.0355624410544388,0.005596758502773124
3469,-0.5909631848335266,-0.9911025154323476,0.006054198826674313
3470,-0.5651065707206726,-0.9485029209611802,0.006522386471333783
3471,-0.47942882776260376,-0.9015955116413226,0.007073153374900765
3472,-1.0252896845340729,-0.9139649289305977,0.006924253537055102
3473,-0.5502398014068604,-0.8775924161782239,0.007369721589232538
3474,-0.8383156955242157,-0.8736647441128231,0.007419217214702851
3475,-0.40891891717910767,-0.8271901614194516,0.008025890744566519
3476,-1.5062472224235535,-0.8950958675198618,0.007152460890658823
3477,-0.37012675404548645,-0.8425989561724243,0.00782042028879809
3478,-1.1919463872909546,-0.8775336992842773,0.007370459510961335
3479,-0.31012552976608276,-0.8207928823324578,0.008112470139838634
3480,-0.30098623037338257,-0.7688122171365503,0.008844043876461745
3481,-0.6151860952377319,-0.7534496049466686,0.009069939239990282
3482,-0.8543022871017456,-0.7635348731621763,0.008921141073788927
3483,-1.231400728225708,-0.8103214586685294,0.008255811155832548
3484,-0.7312743067741394,-0.8024167434790904,0.008365357604795077
3485,-1.0455902218818665,-0.8267340913193679,0.008032038276545332
3486,-1.3583420813083649,-0.8798948903182676,0.007340833512331651
3487,-0.7507779896259308,-0.8669832002490339,0.007504046823705922
3488,-1.1082644760608673,-0.8911113278302172,0.007201444903499721
3489,-1.1326559782028198,-0.9152657928674774,0.006908747918182304
3490,-1.5602811574935913,-0.9797673293300888,0.006175870849788763
3491,-1.0736637711524963,-0.9891569735123296,0.006074934344965135
3492,-0.9741587340831757,-0.9876571495694142,0.0060909611635484445
3493,-1.6899611353874207,-1.0578875481512149,0.005378649685200365
3494,-0.9929843544960022,-1.0513972287856936,0.005441275563109733
3495,-1.2155417203903198,-1.0678116779461564,0.0052841164247330406
3496,-0.7476751804351807,-1.0357980281950587,0.005594417060766061
3497,-2.168564021587372,-1.14907462753429,0.004563817747112258
3498,-1.8952767848968506,-1.2236948432705461,0.00398148230180979
3499,-1.3720976114273071,-1.2385351200862222,0.003874067822014545
3500,-1.6684197634458542,-1.2815235844221855,0.0035777419949546835
3501,-1.3638249039649963,-1.2897537163764665,0.0035234494377014303
3502,-1.6851671934127808,-1.3292950640800978,0.003273076568624898
3503,-2.1063809394836426,-1.4070036516204523,0.002828596221003848
3504,-1.5997323393821716,-1.4262765203966243,0.002727474861648776
3505,-1.289507120847702,-1.4125995804417322,0.0027988776829988233
3506,-1.1174465417861938,-1.3830842765761784,0.0029589989847095197
3507,-1.123915433883667,-1.3571673923069272,0.0031066386792249373
3508,-0.6497577428817749,-1.2864264273644122,0.0035453066103816157
3509,-0.709270715713501,-1.2287108561993212,0.003944875247327828
3510,-0.813081681728363,-1.1871479387522255,0.004257694101456742
3511,-0.5160176753997803,-1.120034912416981,0.004810473502310083
3512,-0.9162979125976562,-1.0996612124350487,0.0049905676046477845
3513,-0.9445526003837585,-1.0841503512299198,0.005131671639073081
3514,0.017726898193359375,-0.9739626262875918,0.006238988227549982
3515,-1.3770690858364105,-1.0142732722424737,0.005811907385036167
3516,-0.3215186595916748,-0.9449978109773939,0.006562248431061829
3517,-0.2581905722618103,-0.8763170871058356,0.0073857629806535225
3518,-0.7350767850875854,-0.8621930569040105,0.00756535333748292
3519,-0.3694879412651062,-0.8129225453401201,0.008220016871984806
3520,-0.8655951917171478,-0.8181898099778229,0.008147914524124857
3521,-0.10089349746704102,-0.7464601787267446,0.009174190114800402
3522,-0.4165533483028412,-0.7134694956843544,0.009678803646554712
3523,-0.27551233768463135,-0.669673779884382,0.01038086862960689
3524,-0.149064838886261,-0.61761288578457,0.011263405122425506
3525,-1.126528799533844,-0.6685044771594973,0.010400118262774363
3526,-1.1110200434923172,-0.7127560337927793,0.0096899459689772
3527,-1.3520870357751846,-0.7766891339910198,0.00872994383809166
3528,-0.4594581723213196,-0.7449660378240498,0.00919659613558813
3529,-2.012547343969345,-0.8717241684385792,0.007443773056725667
3530,-1.7027584910392761,-0.9548276006986489,0.006450979671459019
3531,-0.3944207429885864,-0.8987869149276426,0.00710733288480777
3532,-0.2057057023048401,-0.8294787936653624,0.0079950989037674
3533,-1.4038669764995575,-0.8869176119487818,0.007253301474634751
3534,-0.5185550153255463,-0.8500813522864582,0.0077222008062959565
3535,-0.8596355468034744,-0.8510367717381598,0.0077097321191005284
3536,-0.758718729019165,-0.8418049674662604,0.007830902275135774
3537,-1.0665268898010254,-0.864277159699737,0.00753862957822776
3538,-0.37908512353897095,-0.8157579560836603,0.008181140113378635
3539,-1.6000888049602509,-0.8941910409713193,0.00716355997647676
3540,-0.7982855439186096,-0.8846004912660483,0.0072820861350926126
3541,-1.131274938583374,-0.909267935997781,0.006980482473620839
3542,-0.25227540731430054,-0.843568683129433,0.00780763376896001
3543,-0.2528652548789978,-0.7844983403043895,0.008617973494391909
3544,-0.4214268624782562,-0.7481911925217761,0.00914828491194646
3545,-0.7329760789871216,-0.7466696811683107,0.009171051817920488
3546,0.06087136268615723,-0.665915576782864,0.010442831612749141
3547,-1.0477545261383057,-0.7040994717184081,0.00982591428455697
3548,-0.78639817237854,-0.7123293417844213,0.009696614385342306
3549,-1.7593134641647339,-0.8170277540224525,0.008163777721592231
3550,-1.6764751970767975,-0.9029724983278871,0.007056446204225352
3551,-0.48691630363464355,-0.8613668788585628,0.007575968671073151
3552,-0.8569482266902924,-0.8609250136417357,0.007581651095268162
3553,-1.0768276453018188,-0.882515276807744,0.007308070865909433
3554,-1.0874617993831635,-0.903009929065286,0.0070559925126412295
3555,-1.4181485772132874,-0.9545237938800861,0.006454394425788374
3556,-1.151031732559204,-0.9741745877479979,0.0062366737693946295
3557,-1.3603738844394684,-1.0127945174171449,0.005827115415892936
3558,-1.2570709586143494,-1.0372221615368653,0.005580281177701426
3559,-1.2855910509824753,-1.0620590504814262,0.005338733744155361
3560,-1.2214496731758118,-1.0779981127508647,0.005188611321143209
3561,-1.4632565379142761,-1.1165239552672057,0.004841089082095777
3562,-0.966426283121109,-1.101514188052596,0.004973943469424469
3563,-2.5680321753025055,-1.248165986777587,0.003805786134706097
3564,-1.1501524448394775,-1.2383646325837758,0.003875286608090311
3565,-1.0497470498085022,-1.2195028743062486,0.004012313203425385
3566,-2.1683508157730103,-1.3143876684529248,0.003365464634001013
3567,-1.139245867729187,-1.2968734883805508,0.0034770970063421227
3568,-1.66583251953125,-1.3337693914956208,0.003245810487426597
3569,-2.2799704670906067,-1.4283894990551194,0.0027165979088573846
3570,-1.472573697566986,-1.432807918906306,0.002693985271642806
3571,-1.8100879192352295,-1.4705359189391984,0.002508009088471704
3572,-2.1915230751037598,-1.5426346345556545,0.0021859494639945606
3573,-2.616738021373749,-1.6500449732374638,0.0017784051854289756
3574,-1.6574785709381104,-1.6507883330075284,0.0017758569973330045
3575,-1.9717873334884644,-1.6828882330556219,0.0016691162670726734
3576,-1.245330423116684,-1.639132452061728,0.0018162202232624117
3577,-1.7166797518730164,-1.646887182042857,0.001789269190624345
3578,-1.425614058971405,-1.6247598697357117,0.0018672074332324623
3579,-1.9268642961978912,-1.6549703123819295,0.001761586867096915
3580,-2.5662811994552612,-1.7461014010892626,0.0014767450343936503
3581,-1.8353528380393982,-1.755026544784276,0.001451376973627327
3582,-1.7521182298660278,-1.7547357132924513,0.0014521969050783278
3583,-2.045760452747345,-1.7838381872379407,0.0013723384228471536
3584,-2.2580658197402954,-1.8312609504881763,0.0012512678154387154
3585,-2.2496069073677063,-1.8730955461761292,0.0011531516590980555
3586,-2.0238981544971466,-1.8881758070082308,0.001119658455365007
3587,-0.8618025481700897,-1.7855384811244168,0.0013678070391055122
3588,-2.4696659445762634,-1.8539512274696015,0.0011970828440564503
3589,-0.6546522378921509,-1.7340213285118564,0.0015117660141829613
3590,-0.6273877024650574,-1.6233579659071764,0.0018722537590423515
3591,-1.0537850260734558,-1.5664006719238044,0.0020887163679123018
3592,-0.6061789989471436,-1.4703785046261384,0.0025087591816199653
3593,-0.25908464193344116,-1.3492491183568687,0.0031531014927047977
3594,-0.9143176078796387,-1.3057559673091457,0.0034200598309771543
3595,-0.7078849673271179,-1.2459688673109428,0.003821265552275032
3596,-0.7007235884666443,-1.1914443394265128,0.004224343072160659
3597,-0.2396274209022522,-1.0962626475740869,0.0050211865554983665
3598,-0.1284271478652954,-0.9994790976032077,0.005965617412197329
3599,-0.4685945510864258,-0.9463906429515295,0.006546383705882935
3600,-0.3159744143486023,-0.8833490200912368,0.00729767203295926
3601,-0.6305687427520752,-0.8580709923573206,0.007618438404538629
3602,-0.8664324879646301,-0.8589071419180516,0.007607645598541957
3603,-0.558474063873291,-0.8288638341135756,0.008003363316449885
3604,-1.396610751748085,-0.8856385258770265,0.007269179348294923
3605,-0.7727394104003906,-0.874348614329363,0.007410579546237792
3606,-0.956944078207016,-0.8826081607171282,0.007306911767099224
3607,-0.7384399175643921,-0.8681913364018546,0.007488649269908396
3608,-0.27972176671028137,-0.8093443794326973,0.008269289288166325
3609,-0.9459037482738495,-0.8230003163168126,0.008082510418583483
3610,-0.430366188287735,-0.7837369035139049,0.008628840938626642
3611,-0.4385598301887512,-0.7492191961813894,0.009132927378016345
3612,-0.7537423372268677,-0.7496715102859373,0.009126176520085266
3613,-0.4358822703361511,-0.7182925862909586,0.009603735561042926
3614,-0.24131396412849426,-0.6705947240747122,0.010365726114852546
3615,-1.7673556804656982,-0.7802708197138107,0.008678446951288775
3616,-0.36320602893829346,-0.738564340636259,0.009293075340382652
3617,-0.6574756503105164,-0.7304554716036847,0.009416401918157418
3618,-0.4458809494972229,-0.7019980193930385,0.009859138303399836
3619,-1.3656314015388489,-0.7683613576076195,0.008850610034849824
3620,-1.2694363594055176,-0.8184688577874092,0.008144108947401104
3621,-2.125849485397339,-0.9492069205484022,0.0065144050794867904
3622,-0.56733238697052,-0.911019467190614,0.006959469841252276
3623,-0.6399596929550171,-0.8839134897670543,0.007290638672055164
3624,-0.5691590011119843,-0.8524380409015473,0.00769147466104311
3625,-0.24382919073104858,-0.7915771558844974,0.008517460916662362
3626,-0.5203347504138947,-0.7644529153374371,0.008907691611211231
3627,-0.0003464818000793457,-0.6880422719837014,0.010081928768855598
3628,-0.26916706562042236,-0.6461547513473735,0.01077310800321963
3629,-0.28311920166015625,-0.6098511963786518,0.011399441408021217
3630,-0.3315798044204712,-0.5820240571828338,0.011896625000677532
3631,-1.5860759615898132,-0.6824292476235316,0.010172590204461348
3632,0.044583261013031006,-0.6097279967598753,0.01140160998888978
3633,0.010237455368041992,-0.5477314515470836,0.012529548730418467
3634,-0.068672776222229,-0.49982558401459815,0.013450500571292837
3635,-0.6760769486427307,-0.5174507204774114,0.013106748083699746
3636,-0.01569366455078125,-0.4672750148847483,0.014100126227329805
3637,-0.8101035952568054,-0.5015578729219541,0.013416463487571693
3638,-0.5803114175796509,-0.5094332273877238,0.013262413010230154
3639,-1.4297776222229004,-0.6014676668712414,0.011547672429200231
3640,0.3124513328075409,-0.5100757669033632,0.013249894231795381
3641,-0.3042096495628357,-0.48948915516931046,0.013654727812618676
3642,-0.444078266620636,-0.48494806631444304,0.013745060283226319
3643,-0.17757242918014526,-0.45421050260101326,0.014366152853143377
3644,-0.40848979353904724,-0.44963843169481665,0.014459956241831102
3645,-0.5745957642793655,-0.46213416495327153,0.014204449575972828
3646,-0.8391473889350891,-0.49983548735145333,0.01345030582937776
3647,-0.26329830288887024,-0.47618176890519504,0.013920487196716647
3648,-0.6064162850379944,-0.4892052205184749,0.013660365036883091
3649,-0.004767328500747681,-0.4407614313167022,0.01464311518886912
3650,0.28697434067726135,-0.3679878541173059,0.016194238581849884
3651,-0.1923728585243225,-0.3504263545580075,0.01658115991824002
3652,0.900335967540741,-0.22535012234813273,0.019459714475230327
3653,-0.14649879932403564,-0.217464990045723,0.01964748571843147
3654,0.20575571060180664,-0.17514291998097006,0.020665655367655023
3655,-0.5409539937973022,-0.21172402736260326,0.01978459780203149
3656,-0.08894813060760498,-0.19944643768710346,0.02007891837573263
3657,-0.21212995052337646,-0.20071478897073078,0.02004844584672096
3658,-0.17497074604034424,-0.19814038467769213,0.020110312604442456
3659,-0.32746726274490356,-0.21107307248441326,0.01980016553603456
3660,0.02495536208152771,-0.18747022902781918,0.020367388715938572
3661,-0.6002402305603027,-0.22874722918106755,0.019379018801227957
3662,-0.9440163373947144,-0.30027414000243224,0.01771091329847979
3663,0.22183960676193237,-0.24806276532599578,0.01892258072749954
3664,-0.45117634534835815,-0.268374123328232,0.018447217333307866
3665,-0.06994271278381348,-0.24853098227379017,0.018911568302253143
3666,-0.5917772054672241,-0.2828556045931335,0.018111351436384437
3667,-0.09498262405395508,-0.2640683065392157,0.018547579910412133
3668,-2.140360653400421,-0.45169754122533623,0.014417665343957123
3669,-2.0197243690490723,-0.6085002240077098,0.011423237336796734
3670,-2.5389166474342346,-0.8015418663503622,0.008377553092798404
3671,-1.8264828324317932,-0.9040359629585053,0.007043565621027795
3672,-1.5546840727329254,-0.9691007739359473,0.006292278418665029
3673,-3.0135304927825928,-1.173543745820612,0.004364877635115858
3674,-2.634692370891571,-1.3196586083277078,0.0033325248869250073
3675,-1.8290054202079773,-1.3705932895157347,0.0030293166600071347
3676,-1.1599479615688324,-1.3495287567210446,0.003151449647254086
3677,-1.6008875966072083,-1.374664640709661,0.0030062270509618287
3678,-1.3824817538261414,-1.3754463520213092,0.0030018126698444347
3679,-0.3351774215698242,-1.2714194589761607,0.003645452435853864
3680,-0.31351494789123535,-1.1756290078676683,0.004348291529153429
3681,-0.9905537366867065,-1.157121480749572,0.004497510728291015
3682,-0.27803489565849304,-1.069212822240464,0.00527088833483599
3683,-0.975696325302124,-1.05986117254663,0.005359732012983841
3684,-0.29640743136405945,-0.983515798428373,0.006135404005055967
3685,-0.654015839099884,-0.9505658024955241,0.00649902263082965
3686,-0.9885265529155731,-0.954361877537529,0.006456214976062891
3687,-1.1827988624572754,-0.9772055760295036,0.006203658150979758
3688,-0.444922536611557,-0.923977272087709,0.006805661793562106
3689,-0.4128095507621765,-0.8728604999551557,0.007429385909974677
3690,-1.064399093389511,-0.8920143592985912,0.007190319074346608
3691,-0.9376198947429657,-0.8965749128430287,0.007134348982527187
3692,-0.6451550126075745,-0.8714329228194833,0.007447464230187462
3693,-1.2646584212779999,-0.910755472665335,0.0069626335129832975
3694,-1.1457463502883911,-0.9342545604276407,0.006685716196926539
3695,-0.8865552246570587,-0.9294846268505824,0.006741161953320073
3696,-0.4276938736438751,-0.8793055515299117,0.007348218734026081
3697,-1.3874685168266296,-0.9301218480595834,0.00673373248571317
3698,-0.30830109119415283,-0.8679397723730404,0.007491853276877174
3699,0.19362902641296387,-0.7617828924944401,0.008946851973300049
3700,-0.8800450563430786,-0.7736091088793039,0.008774420357531265
3701,-0.11046695709228516,-0.7072948937006021,0.009775556779218202
3702,-0.9577659368515015,-0.732341998015692,0.009387598270391248
3703,-1.5644948482513428,-0.815557283039257,0.008183886702396578
3704,0.1727617383003235,-0.716725380905299,0.009628079245975514
3705,-0.59041827917099,-0.7040946707318682,0.009825990091802784
3706,-0.35014426708221436,-0.6686996303669027,0.010396903726337132
3707,-0.782355010509491,-0.6800651683811616,0.01021095599809038
3708,-0.5287584066390991,-0.6649344922069554,0.010459051877648342
3709,-0.8788770437240601,-0.6863287473586659,0.0101095413739867
3710,-0.5439382791519165,-0.672089700537991,0.010341179886656759
3711,-2.4249187111854553,-0.8473726016027374,0.007757640928148447
3712,-1.328968495130539,-0.8955321909555176,0.007147113836025372
3713,-2.3415051698684692,-1.0401294888468129,0.0055515201175570916
3714,-2.2821894884109497,-1.1643354888032265,0.0044388057834782195
3715,-2.3535605669021606,-1.28325799661312,0.003566236582720992
3716,-1.7362840175628662,-1.3285605987080946,0.0032775726264912663
3717,-0.42309290170669556,-1.2380138290079548,0.003877795547931528
3718,-1.1623690128326416,-1.2304493473904237,0.003932259648460925
3719,-1.3232168555259705,-1.2397260982039784,0.0038655635120557158
3720,-1.9268285632133484,-1.3084363447049154,0.0034030192708489025
3721,-0.8732000589370728,-1.2649127161281313,0.003689678854289165
3722,-1.4492019414901733,-1.2833416386643355,0.0035656825982923954
3723,-1.5412350296974182,-1.3091309777676439,0.003398615983523551
3724,-0.8123762607574463,-1.2594555060666242,0.003727151784470596
3725,-1.3159000277519226,-1.2650999582351539,0.0036883992945856586
3726,-0.6082064807415009,-1.1994106104857885,0.004163131423251667
3727,-1.430633932352066,-1.2225329426724163,0.003990006050506803
3728,-0.2824646234512329,-1.128526110750298,0.0047371444130718246
3729,-0.458121657371521,-1.0614856654124203,0.005344204804464948
3730,-0.6027218103408813,-1.0156092799052663,0.005798197067356181
3731,-0.8280534148216248,-0.9968536933969021,0.005993259539653989
3732,-0.2659509778022766,-0.9237634218374395,0.0068081767735379195
3733,-0.0696074366569519,-0.8383478233193908,0.007876675783855498
3734,-0.29643821716308594,-0.7841568627037604,0.00862284581989722
3735,-0.19435301423072815,-0.7251764778564572,0.00949736258659007
3736,-0.8521003127098083,-0.7378688613417923,0.009303603723634006
3737,-0.25429803133010864,-0.689511778340624,0.010058293330526815
3738,-0.1291683316230774,-0.6334774336688694,0.010988948710019363
3739,-0.27759993076324463,-0.597889683378307,0.011611344724267282
3740,-0.2323838472366333,-0.5613390997641396,0.012275742151511315
3741,-1.3766343593597412,-0.6428686257236997,0.010828759956904827
3742,-1.7213833332061768,-0.7507200964719475,0.009110541118663234
3743,-2.120059847831726,-0.8876540716079253,0.007244172537898579
3744,-0.8133273124694824,-0.880221395694081,0.007336744599038202
3745,-1.0161066055297852,-0.8938099166776514,0.0071682393421289466
3746,-2.309698700904846,-1.035398795100371,0.005598385443258418
3747,-1.4383262395858765,-1.0756915395489215,0.005210102515800042
3748,-1.450844943523407,-1.1132068799463701,0.0048701737054867925
3749,-2.7427263855934143,-1.2761588305110747,0.003613546852286049
3750,-0.8389747142791748,-1.2324404188878848,0.003917856505181477
3751,-1.4229665994644165,-1.2514930369455382,0.003782455504497621
3752,-0.2989025115966797,-1.1562339844106524,0.004504780989611274
3753,-0.6034095883369446,-1.1009515448032816,0.004978986058706579
3754,-0.5274587720632553,-1.043602267529279,0.005517335362267693
3755,-0.8950705230236053,-1.0287490930787118,0.005664846053132142
3756,-1.0175344049930573,-1.0276276242701463,0.005676122186145567
3757,-0.42185594141483307,-0.9670504559846149,0.006314868278278223
3758,-0.6855959296226501,-0.9389050033484184,0.006632031162905047
3759,-1.0228211283683777,-0.9472966158504144,0.006536081929258419
3760,-0.3909255862236023,-0.8916595128877332,0.007194689264579403
3761,-0.6600600481033325,-0.8684995664092932,0.007484725084351572
3762,-0.21173903346061707,-0.8028235131144256,0.00835969220824612
3763,-0.6484396159648895,-0.787385123399472,0.008576870913736125
3764,-0.21260732412338257,-0.729907343471863,0.009424783499943698
3765,-1.0749007165431976,-0.7644066807789965,0.008908368574849923
3766,0.011678516864776611,-0.6867981610146192,0.010101971393594198
3767,-0.44208261370658875,-0.6623266062838162,0.010502258095286647
3768,-3.147744297981262,-0.9108683754535607,0.006961280354995042
3769,-1.4103893041610718,-0.9608204683243118,0.006383934614367536
3770,-0.6056580543518066,-0.9253042269270613,0.006790073669225534
3771,-1.4076624810695648,-0.9735400523413117,0.006243604611762818
3772,-1.5893386006355286,-1.0351199071707333,0.005601159052421494
3773,-0.8000229001045227,-1.0116102064641124,0.0058393201844701625
3774,-1.3018990457057953,-1.0406390903882807,0.005546492208885521
3775,-0.8471884727478027,-1.021294028624233,0.005740173098552002
3776,-0.2584843933582306,-0.9450130650976327,0.006562074505956242
3777,-0.5468993484973907,-0.9052016934376085,0.007029468992463064
3778,0.023238420486450195,-0.8123576820452026,0.008227779503250843
3779,-0.045521825551986694,-0.735674096395881,0.009336889089451076
3780,-0.767277181148529,-0.7388344048711458,0.009288989502572459
3781,-0.11610335111618042,-0.6765612994956492,0.010268016696947407
3782,-0.7040482759475708,-0.6793099971408414,0.010223234045783985
3783,-0.7495129704475403,-0.6863302944715113,0.010109516417579303
3784,-1.868428111076355,-0.8045400761319956,0.008335818075246484
3785,-0.6637321710586548,-0.7904592856246615,0.008533271463530327
3786,-0.5180536508560181,-0.7632187221477971,0.008925776414384528
3787,-0.8794519603252411,-0.7748420459655414,0.008756594989342293
3788,-0.7422911524772644,-0.7715869566167137,0.008803717739416423
3789,-0.3625491261482239,-0.7306831735698648,0.009412921746530018
3790,-1.584169626235962,-0.8160318188364745,0.00817739298165054
3791,-1.430439054965973,-0.8774725424494243,0.007371228161503009
3792,-1.49226775765419,-0.9389520639699008,0.006631489762877462
3793,-1.7207367718219757,-1.0171305347551083,0.00578261993749533
3794,-0.8272542059421539,-0.9981429018738128,0.005979672034333087
3795,-0.7047243118286133,-0.9688010428692928,0.006295576453631661
3796,-0.7528770118951797,-0.9472086397718815,0.006537081697115856
3797,-1.0111727714538574,-0.9536050529400791,0.006464730339292063
3798,-0.8355153203010559,-0.9417960796761768,0.006598840764669204
3799,-1.0609230399131775,-0.9537087756998769,0.006463562744067901
3800,-0.5513340532779694,-0.9134713034576862,0.006930144934505337
3801,-0.8208457827568054,-0.9042087513875982,0.007041474681184812
3802,-0.27480243146419525,-0.8412681193952578,0.007837996053381532
3803,0.11767643690109253,-0.7453736637656228,0.009190479207163144
3804,-1.6247714757919312,-0.8333134449682535,0.007943721015302555
3805,0.14228421449661255,-0.7357536790217669,0.009335680553977018
3806,-1.111276388168335,-0.7733059499364238,0.00877880769486793
3807,-1.1226308941841125,-0.8082384443611926,0.008284566178525138
3808,-0.9194574952125549,-0.8193603494463289,0.00813196062352352
3809,-0.8697243332862854,-0.8243967478303245,0.008063603938158649
3810,-0.8388416469097137,-0.8258412377382635,0.008044084392182361
3811,-1.2673806250095367,-0.8699951764653908,0.007465707994602146
3812,-1.4403701424598694,-0.9270326730648387,0.0067698142500031535
3813,-0.634559839963913,-0.8977853897547462,0.0071195543376864736
3814,-0.8827077448368073,-0.8962776252629523,0.0071379863970222005
3815,-0.8950303494930267,-0.8961528976859597,0.007139512941507092
3816,-0.6152637004852295,-0.8680639779658866,0.007490271210137372
3817,-1.2263879179954529,-0.9038963719688433,0.0070452552125072065
3818,-0.9967964589595795,-0.9131863806679169,0.006933547389139379
3819,-1.620907485485077,-0.983958491149633,0.00613063997390835
3820,-1.320360779762268,-1.0175987200108965,0.005777833205889028
3821,-0.7343542575836182,-0.9892742737681687,0.006073682431258159
3822,-1.3310438394546509,-1.0234512303368168,0.00571828723822472
3823,-2.240596294403076,-1.1451657367434427,0.0045963437999628175
3824,-0.8056983947753906,-1.1112190025466373,0.004887678331142484
3825,-0.4862927496433258,-1.0487263772563062,0.0054672323300551185
3826,-0.5570592880249023,-0.9995596683331659,0.005964770851782489
3827,-1.4659366011619568,-1.046197361616045,0.005491910718006334
3828,-0.3081532120704651,-0.972392946661487,0.006256150866068278
3829,-1.841061532497406,-1.059259805245079,0.005365490055200031
3830,-0.7074020206928253,-1.0240740267898536,0.005711982197694041
3831,-0.9408823251724243,-1.0157548566281107,0.005796704835436751
3832,-0.6580436527729034,-0.97998373624259,0.0061735283915742315
3833,-1.6662864089012146,-1.0486140035084524,0.005468326816037879
3834,-1.1515722870826721,-1.0589098318658743,0.005368843526062457
3835,-0.9820181727409363,-1.0512206659533805,0.005442988150488375
3836,-1.8001890182495117,-1.1261175011829936,0.004757842623353787
3837,-0.34867870807647705,-1.048373621872342,0.005470668705079534
3838,-1.3878768384456635,-1.082323943529674,0.005148517252309925
3839,-2.0027559995651245,-1.174367149133219,0.00435832148737725
3840,-0.3100787401199341,-1.0879383082318905,0.005096889501604687
3841,-2.9698928594589233,-1.2761337633545937,0.003613714925781684
3842,-1.7372214198112488,-1.322242529000259,0.00331648673207411
3843,-1.1811664998531342,-1.3081349260855466,0.003404931611867672
3844,-1.0763672888278961,-1.2849581623597814,0.0035549915095048723
3845,-0.6636515855789185,-1.2228275046816952,0.003987843556330544
3846,-1.281619131565094,-1.228706667370035,0.0039449056887838774
3847,-1.7072513103485107,-1.2765611316678827,0.0036108504376979136
3848,-1.000938057899475,-1.248998824291042,0.0037999335783662665
3849,-2.010660767555237,-1.3251650186174615,0.0032984335368964456
3850,-2.0428656339645386,-1.3969350801521694,0.002882816056320195
3851,-1.1366745829582214,-1.3709090304327747,0.00302752009927665
3852,-0.5836390256881714,-1.2921820299583144,0.003507576372000148
3853,-0.45682772994041443,-1.2086465999565246,0.004093173671097872
3854,-0.5514959916472435,-1.1429315391255965,0.004615028099174317
3855,-1.0259235501289368,-1.1312307402259307,0.004713998501317166
3856,-0.042998939752578735,-1.0224075601785956,0.005728866690962621
3857,-0.4852633774280548,-0.9686931419035415,0.006296764083965895
3858,-1.4012037217617035,-1.0119441998893577,0.005835876012917039
3859,-0.8261606097221375,-0.9933658408726357,0.0060301532028074895
3860,-0.05654147267341614,-0.8996834040527137,0.007096408020650133
3861,-0.6734471023082733,-0.8770597738782697,0.007376417783064013
3862,-1.3745743930339813,-0.926811235793841,0.006772406904776565
3863,-1.1335054636001587,-0.9474806585744727,0.006533990871773746
3864,-0.6932578384876251,-0.922058376565788,0.00682825692644755
3865,-1.6128301620483398,-0.9911355551140433,0.006053847218439456
3866,-1.268314242362976,-1.0188534238389366,0.005765022081952071
3867,-1.46042799949646,-1.063010881404689,0.005329662559924337
3868,-1.1026972979307175,-1.0669795230572918,0.005291986581100091
3869,-1.18068265914917,-1.0783498366664797,0.005185341075451079
3870,-0.9554274380207062,-1.0660575968019024,0.005300717820714317
3871,-1.0375314950942993,-1.063204986631142,0.005327814356208393
3872,-0.4145565629005432,-0.998340144258082,0.005977595564142366
3873,-1.7088517546653748,-1.0693913052988113,0.005269205389897132
3874,-2.6089001893997192,-1.223342193708902,0.003984067593310529
3875,-1.1956092715263367,-1.2205689014906456,0.004004452235835864
3876,-0.2021024227142334,-1.1187222536130044,0.004821899597695169
3877,-0.54288250207901,-1.0611382784596048,0.005347521862203035
3878,0.3342719078063965,-0.9215972598330048,0.0068336960117234575
3879,-1.824446201324463,-1.0118821539821505,0.005836515702772015
3880,-0.0985373854637146,-0.920547677130307,0.006846089922689963
3881,0.5741712749004364,-0.7710757819272327,0.008811135917883765
3882,-0.8248776793479919,-0.7764559716693086,0.008733304546017664
3883,-0.9777784943580627,-0.796588223938184,0.00844687310957351
3884,-0.2486305832862854,-0.7417924598729941,0.009244327443761703
3885,-0.635197103023529,-0.7311329241880477,0.009406050710849281
3886,-0.49263811111450195,-0.7072834428806931,0.009775736886448706
3887,-0.9880885481834412,-0.7353639534109679,0.009341600046424009
3888,-0.7621521353721619,-0.7380427716070873,0.009300970153165292
3889,-0.18125927448272705,-0.6823644218946513,0.01017364080521878
3890,0.13588109612464905,-0.6005398700927213,0.01156415962090957
3891,-0.15331590175628662,-0.5558174732590778,0.012378310482661243
3892,-0.17215892672538757,-0.5174516186057088,0.013106730712089565
3893,-0.024187564849853516,-0.46812521323012324,0.014082918040645499
3894,-0.12049537897109985,-0.4333622298042209,0.0147968165308988
3895,-0.005684971809387207,-0.39059450400473755,0.01570318421031042
3896,0.18832480907440186,-0.33270257269682363,0.016976323393556165
3897,-0.058698058128356934,-0.30530212123997696,0.017596068718270134
3898,-0.21881568431854248,-0.2966534775478335,0.01779382227512789
3899,0.11183780431747437,-0.2558043493613027,0.01874082423898464
3900,0.11056765913963318,-0.2191671485112091,0.019606897221157365
3901,-0.2359967827796936,-0.22085011193805756,0.019566795729611994
3902,-0.7364197969436646,-0.2724070804386182,0.018353419905277318
3903,-0.40111228823661804,-0.2852776012184182,0.018055436232933857
3904,-1.5331501960754395,-0.4100648607041203,0.015286806216568267
3905,-0.27492964267730713,-0.396551338901439,0.015575142644341495
3906,-0.45461270213127136,-0.4023574752244222,0.015450892485461352
3907,-1.2911202311515808,-0.49123375081713805,0.013620122593233794
3908,-0.47969967126846313,-0.4900803428622706,0.013642995063119804
3909,-1.340649425983429,-0.5751372511743864,0.01202194738238003
3910,-1.073995053768158,-0.6250230314337636,0.011134608261214369
3911,-0.4322051405906677,-0.605741242349454,0.011471942374176938
3912,-0.7167366743087769,-0.6168407855453863,0.011276885716248108
3913,-0.7376572489738464,-0.6289224318882324,0.011067255500182466
3914,-0.4896112382411957,-0.6149913125235287,0.011309223338407559
3915,-0.481434166431427,-0.6016355979143185,0.011544690009085201
3916,-0.5944201052188873,-0.6009140486447754,0.011557508390485033
3917,-0.632222056388855,-0.6040448494191833,0.011501961562554994
3918,-0.5559275448322296,-0.599233118960488,0.011587408830704136
3919,-0.9311517477035522,-0.6324249818347945,0.011007006396133173
3920,-0.8118252158164978,-0.6503650052329648,0.01070210915138668
3921,-0.10823345184326172,-0.5961518498939945,0.011642358705134637
3922,-0.7851259112358093,-0.615049256028176,0.011308209214086946
3923,-0.3779255151748657,-0.5913368819428448,0.011728589349292485
3924,-0.15547645092010498,-0.5477508388405709,0.012529184649993745
3925,0.15920424461364746,-0.47705533049514903,0.013902944336291943
3926,-0.41241371631622314,-0.4705911690772564,0.014033078883289871
3927,-0.8667809963226318,-0.510210151801794,0.01324727692862556
3928,-0.6786564588546753,-0.5270547825070822,0.012921836636008778
3929,-1.1344125270843506,-0.587790556964809,0.011792382685913658
3930,-1.001018226146698,-0.6291133238829979,0.011063965798947833
3931,-1.1324313879013062,-0.6794451302848287,0.010221036160829578
3932,0.08191144466400146,-0.6033094727899457,0.011514991811687157
3933,-0.6797226965427399,-0.6109507951652251,0.011380098956884301
3934,-0.5452740788459778,-0.6043831235333004,0.011495971105750931
3935,-0.3939632177352905,-0.5833411329534994,0.01187276018871501
3936,-1.2158225774765015,-0.6465892774057996,0.010765764668484832
3937,-1.4867531061172485,-0.7306056602769445,0.009414106340189354
3938,-0.4967693090438843,-0.7072220251536385,0.009776702954178405
3939,-1.4886642694473267,-0.7853662495830073,0.008605599662869107
3940,-1.8329969644546509,-0.8901293210701716,0.007213559998222214
3941,-0.40764129161834717,-0.8418805181249892,0.007829904387076715
3942,-0.21562892198562622,-0.779255358511053,0.008693022665344689
3943,-1.8386859893798828,-0.8851984215979359,0.0072746492277114445
3944,-0.7162910103797913,-0.8683076804761215,0.007487167853120123
3945,-0.43811389803886414,-0.8252883022323958,0.008051551753177425
3946,-1.150278091430664,-0.8577872811522227,0.007622103329256795
3947,-0.6863008141517639,-0.8406386344521768,0.00784632057484183
3948,-1.080997347831726,-0.8646745057901317,0.007533543362092637
3949,-0.7546504735946655,-0.8536721025705851,0.007675425097119318
3950,-0.2773360013961792,-0.7960384924531445,0.008454594017034373
3951,-0.8970553278923035,-0.8061401759970604,0.008313612867743486
3952,-0.8696268796920776,-0.8124888463665622,0.008225976453555276
3953,-0.16572833061218262,-0.7478127947911242,0.009153942908552929
3954,-0.5556777119636536,-0.7285992865083771,0.00944480850771355
3955,-0.5290107131004333,-0.7086404291675827,0.009754410658480914
3956,-0.03216516971588135,-0.6409929032224125,0.010860619249395048
3957,-0.48221802711486816,-0.6251154156116581,0.01113300916966344
3958,-0.7353253364562988,-0.6361364076961221,0.010943421591850584
3959,-0.0035550594329833984,-0.5728782728698083,0.012063251030873134
3960,-0.751041054725647,-0.5906945510553923,0.011740126195468234
3961,-0.4933333396911621,-0.5809584299189693,0.01191595781156189
3962,-0.46343469619750977,-0.5692060565468233,0.01213060091092621
3963,-0.8085578083992004,-0.5931412317320611,0.011696223670894977
3964,-0.7162482738494873,-0.6054519359438038,0.011477058015591728
3965,-0.8674213886260986,-0.6316488812120332,0.011020336159241771
3966,-0.32134974002838135,-0.600618967093668,0.011562753405006801
3967,-1.311549425125122,-0.6717120128968134,0.010347377133794317
3968,-0.16998636722564697,-0.6215394483296968,0.011195025696914815
3969,0.28232353925704956,-0.5311531495710221,0.012843448233993766
3970,-1.3186099529266357,-0.6098988299065835,0.011398603032391806
3971,-1.0571010112762451,-0.6546190480435496,0.010630718307264232
3972,-0.16813665628433228,-0.6059708088676279,0.011467884218937529
3973,-0.3718966245651245,-0.5825633904373776,0.011886848540964643
3974,-0.22525572776794434,-0.5468326241704343,0.01254643583835634
3975,-0.9740136861801147,-0.5895507303714024,0.011760689722305581
3976,-0.3009564280509949,-0.5606913001393616,0.012287745773215435
3977,-0.6938738226890564,-0.5740095523943312,0.012042554381315318
3978,-1.1336620450019836,-0.6299748016550963,0.011049128392584139
3979,-1.5091228783130646,-0.7178896093208931,0.009609990590920624
3980,-0.835860013961792,-0.729686649784983,0.009428159806248594
3981,-1.1168948113918304,-0.7684074659456677,0.008849938353744752
3982,-1.215294986963272,-0.8130962180474282,0.008217631358322352
3983,-0.2999633699655533,-0.7617829332392407,0.008946851374683259
3984,-0.3773505687713623,-0.7233396967924529,0.009525656834932639
3985,-0.883305013179779,-0.7393362284311855,0.009281401029173311
3986,-0.4989143908023834,-0.7152940446683053,0.009650353482041697
3987,-0.8819288611412048,-0.7319575263155952,0.00939346291642337
3988,-0.4274248480796814,-0.7015042584920038,0.009866956960975191
3989,-0.4496421217918396,-0.6763180448219874,0.010271986877381963
3990,-0.7186101377010345,-0.6805472541098921,0.010203123680193375
3991,-0.3231108486652374,-0.6448036135654267,0.010795964956259133
3992,-0.6360152959823608,-0.6439247818071201,0.010810850844781082
3993,-1.3347647488117218,-0.7130087785075803,0.009685997674057666
3994,-1.0997757613658905,-0.7516854767934112,0.009096164808176752
3995,-1.3572120666503906,-0.8122381357791092,0.00822942312183925
3996,-0.7899041771888733,-0.8100047399200856,0.008260178140447537
3997,-1.1944440007209778,-0.8484486660001749,0.007743546296524767
3998,-1.7444280982017517,-0.9380466092203326,0.006641912967223844
3999,-11.224732995033264,-1.9667152478016257,0.000960026167037471
4000,-11.09559440612793,-2.879603163634256,0.00015718497645582068
4001,-11.723375856876373,-3.7639804329584674,2.68772372426052e-05
4002,-10.16103732585907,-4.403686122248528,7.480176778421527e-06
4003,-8.619747459888458,-4.825292256012521,3.2191887490904874e-06
4004,-8.625146329402924,-5.205277663351561,1.5056020406374118e-06
4005,-8.540715456008911,-5.538821442617296,7.726879068302252e-07
4006,-8.189595371484756,-5.803898835504042,4.547404413172711e-07
4007,-8.255342602729797,-6.049043212226618,2.7850654745193246e-07
4008,-6.00699770450592,-6.044838661454548,2.8085839875416833e-07
4009,-7.872287631034851,-6.2275835584125785,1.948758226987567e-07
4010,-6.808531284332275,-6.285678331004548,1.7349927685434896e-07
4011,-4.931649088859558,-6.150275406790049,2.2746086476552716e-07
4012,-4.268865883350372,-5.9621344544460815,3.313774396978741e-07
4013,-4.948147892951965,-5.86073579829667,4.058784981596312e-07
4014,-4.076166450977325,-5.682278863564735,5.799629585525724e-07
4015,-3.8932533264160156,-5.503376309849863,8.294512640757365e-07
4016,-3.4446463882923126,-5.297503317694108,1.2520054285862125e-06
4017,-3.212801605463028,-5.0890331464709995,1.8996582424177032e-06
4018,-2.851961851119995,-4.865326016935899,2.971499830479687e-06
4019,-1.809751570224762,-4.559768572264786,5.4746680324686315e-06
4020,-1.4583486318588257,-4.2496265782241895,1.017894659942358e-05
4021,-1.531703621149063,-3.977834282516677,1.752729030253098e-05
4022,-1.0397766828536987,-3.684028522550379,3.153475734148106e-05
4023,-1.5192604064941406,-3.4675517109447553,4.8603828968763746e-05
4024,-1.1418496668338776,-3.234981506533668,7.73443235064671e-05
4025,-1.3811557590961456,-3.049598931789916,0.00011198201396554744
4026,-1.2872550189495087,-2.873364540505875,0.00015915221676388077
4027,-0.9809709191322327,-2.684125178368511,0.00023203227559556662
4028,-1.065111756324768,-2.522223836164137,0.0003201873436095518
4029,-1.5201956033706665,-2.42202101288479,0.0003906812256558018
4030,-1.1046082377433777,-2.290279735370649,0.0005072590498689686
4031,-1.4461922645568848,-2.2058709882892726,0.0005994276673416048
4032,-1.6377167701721191,-2.1490555664775575,0.0006705944188362289
4033,-1.8394274413585663,-2.118092753965658,0.0007128234033945928
4034,-1.136888861656189,-2.0199723647347114,0.0008647047934035776
4035,-1.8709785640239716,-2.0050729846636375,0.0008903939173331915
4036,-1.9302620887756348,-1.9975918950748373,0.0009035737519027146
4037,-1.7288846373558044,-1.9707211693029338,0.0009525112587502159
4038,-2.1932737231254578,-1.9929764246851862,0.0009118003955628363
4039,-1.6232622265815735,-1.9560050048748248,0.0009804046479811891
4040,-1.3719525337219238,-1.8975997577595347,0.0010992124686069397
4041,-2.1489760279655457,-1.922737384780136,0.0010464434801141195
4042,-1.4037935137748718,-1.8708429976796095,0.0011582378251016252
4043,-1.4900712966918945,-1.832765827580838,0.0012476012968647312
4044,-1.5991371273994446,-1.8094029575626986,0.001305721324391508
4045,-0.8822763562202454,-1.7166902974284532,0.001563418469070291
4046,-0.6467328667640686,-1.6096945543620147,0.001922128028335253
4047,-2.28286474943161,-1.6770115738689744,0.0016881833894644806
4048,-1.3135150969028473,-1.6406619261723616,0.0018108738951777934
4049,-1.6181358695030212,-1.6384093205054275,0.0018187532392799006
4050,-0.9915807247161865,-1.5737264609265034,0.0020595878783423896
4051,-0.8534541130065918,-1.5016992261345121,0.002363628918932138
4052,-0.8314034938812256,-1.4346696529091836,0.002684510518872369
4053,-0.6620796918869019,-1.3574106568069553,0.003105221423179536
4054,-1.4410439133644104,-1.3657739824627009,0.003056862502157001
4055,-2.3406327962875366,-1.4632598638451844,0.0025429030298310487
4056,-1.8876245617866516,-1.5056963336393312,0.002345691806960988
4057,-1.013537973165512,-1.4564804975919494,0.0025758280623296337
4058,-0.2234952449798584,-1.3331819723307403,0.0032493780680183646
4059,-1.1053035259246826,-1.3103941276901345,0.0033906223943023965
4060,-2.750389575958252,-1.4543936725169464,0.0025860439406823555
4061,-1.3141264915466309,-1.4403669544199147,0.0026557106871885785
4062,-0.6547051668167114,-1.3618007756595945,0.0030797481960589818
4063,-1.0451285243034363,-1.3301335505239786,0.0032679507536143397
4064,-1.1867966949939728,-1.3157998649709781,0.003356609867726645
4065,-1.6008516550064087,-1.3443050439745212,0.00318244017910855
4066,-0.893218994140625,-1.2991964389911317,0.0034620961815626686
4067,-1.533288836479187,-1.3226056787399374,0.0033142384503207357
4068,-1.451798141002655,-1.3355249249662093,0.0032351702963699987
4069,-1.137786626815796,-1.315751095151168,0.0033569153038889264
4070,-0.5025582909584045,-1.2344318147318916,0.0039034993132480893
4071,-1.0241879224777222,-1.2134074255064746,0.004057532596694051
4072,-0.8768109679222107,-1.1797477797480482,0.004315698416198973
4073,-0.6601955890655518,-1.1277925606797985,0.004743439569676293
4074,-0.824377179145813,-1.0974510225263998,0.005010461109078407
4075,-1.3027247190475464,-1.1179783921785145,0.004828385328329717
4076,-0.8808915615081787,-1.094269709111481,0.005039219219542802
4077,-1.3208752870559692,-1.1169302669059298,0.004837537159453311
4078,-0.2132192850112915,-1.0265591687164661,0.005686883482450886
4079,-1.2353986501693726,-1.0474431168617568,0.005479742333032307
4080,-1.3648467063903809,-1.0791834758146193,0.005177597374756891
4081,-0.9040908813476562,-1.061674216367923,0.005342405165999754
4082,-0.3948584794998169,-0.9949926426811123,0.006012920960687639
4083,-0.1573779582977295,-0.9112311742427741,0.006956933645702799
4084,-1.4354494214057922,-0.963652998959076,0.006352453267529733
4085,-2.770032286643982,-1.1442909277275666,0.004603651599877028
4086,-0.8343967795372009,-1.11330151290853,0.004869341793375658
4087,-0.39290523529052734,-1.04126188514673,0.005540352908117707
4088,-1.567245364189148,-1.0938602330509717,0.005042931387267413
4089,-1.3329303860664368,-1.1177672483525183,0.0048302277112666075
4090,-1.1104960441589355,-1.11704012793316,0.00483657716859286
4091,-0.6192004680633545,-1.0672561619461796,0.005289369105643656
4092,-1.0659228563308716,-1.0671228313846488,0.005290630497506905
4093,-1.3959867656230927,-1.1000092248084932,0.004987441617512175
4094,-0.6187827885150909,-1.051886581179153,0.005436531516922378
4095,-1.6261037588119507,-1.1093082989424328,0.004904556241179459
4096,-1.472508728504181,-1.1456283418986075,0.004592483599820525
4097,-1.5530873239040375,-1.1863742400991504,0.004263725293149477
4098,-2.2389474511146545,-1.2916315612007008,0.0035111687954071076
4099,-1.8122519552707672,-1.3436936006077074,0.003186086181951882
4100,-1.5162070989608765,-1.3609449504430242,0.00308469866708228
4101,-1.766935110092163,-1.401543966407938,0.002857876887498421
4102,-2.0112999081611633,-1.4625195605832606,0.0025464789634257684
4103,-1.1001369953155518,-1.4262813040564897,0.0027274501905784824
4104,-1.388737440109253,-1.422526917661766,0.0027468777312300756
4105,-1.8215009570121765,-1.4624243215968071,0.0025469393476574816
4106,-0.39160865545272827,-1.3553427549823993,0.0031172882642571346
4107,-0.9388408660888672,-1.3136925660930463,0.0033698310256600854
4108,-1.2258633375167847,-1.3049096432354201,0.0034254567586736967
4109,-1.613747000694275,-1.3357933789813057,0.003233546076199842
4110,-1.2417126595973969,-1.3263853070429148,0.003290922469577059
4111,-1.7842234373092651,-1.3721691200695498,0.003020360132378939
4112,-2.017110764980316,-1.4366632845606266,0.002674399367310089
4113,-1.2706283330917358,-1.4200597894137377,0.0027597150833808958
4114,-1.3135154843330383,-1.4094053589056679,0.0028158052079837836
4115,-1.454245239496231,-1.4138893469647242,0.0027920698334099638
4116,-0.7711353600025177,-1.3496139482685037,0.0031509465746196925
4117,-0.3115156888961792,-1.2458041223312712,0.0038224285584975252
4118,-0.007244765758514404,-1.1219481866739955,0.004793862654970744
4119,-0.5375621318817139,-1.0635095811947675,0.005324915248631721
4120,-1.4146083891391754,-1.0986194619892082,0.0049999354404805995
4121,-0.9759587645530701,-1.0863533922455946,0.005111417167796886
4122,-2.021924614906311,-1.1799105145116662,0.004314415199706771
4123,-0.9008272886276245,-1.152002191923262,0.004539593111464952
4124,-1.8631250858306885,-1.2231144813140045,0.003985737778857915
4125,-2.112991154193878,-1.3121021486019917,0.003379841252056066
4126,-1.5404534339904785,-1.3349372771408403,0.003238728377292716
4127,-0.7905722856521606,-1.2805007779919724,0.0035845429415723665
4128,-0.682912290096283,-1.2207419292024033,0.0040031776430363595
4129,-0.3235785961151123,-1.1310255958936744,0.004715750546187546
4130,-1.0057232081890106,-1.1184953571232081,0.004823877083759745
4131,-1.170289009809494,-1.1236747223918366,0.004778917084559224
4132,-0.31176304817199707,-1.0424835549698528,0.005528327376778614
4133,-1.304878830909729,-1.0687230825638403,0.005275508603352704
4134,-0.4859102666378021,-1.0104418009712364,0.005851382772818357
4135,-1.1253505945205688,-1.0219326803261697,0.005733686080890178
4136,-0.5720650553703308,-0.9769459178305858,0.006206480641620731
4137,-0.35683193802833557,-0.9149345198503608,0.006912693750474441
4138,-1.4184092283248901,-0.9652819906978136,0.006334408452695438
4139,-0.6720027327537537,-0.9359540649034076,0.006666054518107549
4140,-1.1592406034469604,-0.9582827187577629,0.0064122527204816225
4141,-0.20393145084381104,-0.8828475919663678,0.007303924605875128
4142,-0.3926069736480713,-0.833823530134538,0.007936906948842583
4143,-0.6298860609531403,-0.8134297832163983,0.00821305117200291
4144,-0.6529932618141174,-0.7973861310761702,0.008435676602819296
4145,-0.35142266750335693,-0.7527897847188889,0.009079741245751831
4146,-0.7614228129386902,-0.753653087540869,0.009066918052265938
4147,-1.3935225009918213,-0.8176400288859642,0.008155416476342164
4148,-1.2444135248661041,-0.8603173784839782,0.007589471050888793
4149,-0.682472288608551,-0.8425328694964355,0.007821292307831233
4150,-1.0968306064605713,-0.8679626431928491,0.0074915619395028695
4151,-1.307525396347046,-0.9119189185082688,0.006948699994766133
4152,-1.3370827436447144,-0.9544353010219133,0.006455389365027435
4153,-1.5408868789672852,-1.0130804588164506,0.00582417200311394
4154,-0.06337690353393555,-0.9181101032881992,0.006874946782547123
4155,-0.9504341781139374,-0.921342510770773,0.006836702458348475
4156,-0.2495853304862976,-0.8541667927423254,0.007668999116299487
4157,-0.47387340664863586,-0.8161374541329565,0.008175947993964967
4158,-0.5341145992279053,-0.7879351686424514,0.0085690569167817
4159,-0.0786893367767334,-0.7170105854558797,0.00962364561701987
4160,-0.3249182105064392,-0.6778013479609357,0.010247795446862598
4161,0.19739186763763428,-0.5902820264010787,0.011747539659906228
4162,-0.7700040340423584,-0.6082542271652067,0.011427574068125555
4163,-0.44758403301239014,-0.5921872077499251,0.011713328823371874
4164,-0.04239082336425781,-0.5372075693113584,0.01272821770111205
4165,-0.055567383766174316,-0.48904355075684,0.013663575469058296
4166,-0.26994699239730835,-0.46713389492088686,0.014102983759241192
4167,-0.7959959506988525,-0.5000201004986834,0.013446675872380177
4168,-1.18171226978302,-0.5681893174271171,0.012149293414404332
4169,-1.1861029863357544,-0.6299806843179808,0.011049027123302952
4170,-1.4839963912963867,-0.7153822550158213,0.009648979633179641
4171,-1.026143491268158,-0.746458378641055,0.009174217083264302
4172,-2.1271471977233887,-0.8845272605492883,0.007282997393741228
4173,-1.292508065700531,-0.9253253410644126,0.00678982587871723
4174,-0.3156317472457886,-0.8643559816825501,0.007537620395409058
4175,-1.1858909726142883,-0.896509480775724,0.007135149433457612
4176,-1.6218907237052917,-0.9690476050686808,0.006292863344464439
4177,-0.5053988099098206,-0.9226827255527948,0.006820898249505842
4178,-2.0609441995620728,-1.0365088729537226,0.005587357339854046
4179,-0.6296243667602539,-0.9958204223343758,0.006004168859911384
4180,-0.7739331424236298,-0.9736316943433012,0.006242603225498321
4181,-0.38904815912246704,-0.9151733408212178,0.006909848935207652
4182,0.14205873012542725,-0.8094501337265533,0.008267829629768091
4183,-0.7817206978797913,-0.806677190141877,0.00830617113461174
4184,-0.7300875186920166,-0.799018222996891,0.008412811378066428
4185,-1.1554519534111023,-0.834661596038312,0.007925721788612781
4186,-0.15554368495941162,-0.766749804930422,0.008874111399131477
4187,-0.4980636239051819,-0.7398811868278979,0.009273165701562017
4188,-0.40371179580688477,-0.7062642477257967,0.009791777627387819
4189,-0.253805935382843,-0.6610184164915013,0.010523980857523266
4190,-1.6372101306915283,-0.7586375879115039,0.0089931557062483
4191,-1.22590571641922,-0.8053644007622756,0.008324372682740456
4192,-1.6456652283668518,-0.8893944835227332,0.007222636827446738
4193,-1.577102780342102,-0.9581653132046701,0.006413565408723071
4194,-0.553559422492981,-0.9177047241335012,0.006879755707761923
4195,-1.5389735102653503,-0.9798316027466861,0.00617517505389744
4196,-2.18646502494812,-1.1004949449668295,0.004983081594534111
4197,-0.5434840619564056,-1.0447938566657873,0.005505648352846425
4198,-0.7454167604446411,-1.0148561470436728,0.0058059223745432174
4199,-1.4812395572662354,-1.0614944880659292,0.005344120584099259
4200,-1.6384630799293518,-1.1191913472522714,0.004817813570686484
4201,-1.393971711397171,-1.1466693836667614,0.004583807302152326
4202,-2.925937607884407,-1.324596206088526,0.0033019401090207106
4203,-1.2574675679206848,-1.3178833422717418,0.003343585505573711
4204,-1.4799983501434326,-1.3340948430589108,0.003243835487624877
4205,-0.7419854402542114,-1.2748839027784409,0.0036221042969760094
4206,-0.5468157529830933,-1.2020770877989062,0.004142823393281457
4207,-0.5779720544815063,-1.1396665844671663,0.004642455190781361
4208,-1.2589901089668274,-1.1515989369171324,0.004542923027910042
4209,-0.7103363275527954,-1.1074726759806985,0.004920819839737227
4210,-0.8712358474731445,-1.083848993129943,0.0051344478062919155
4211,-0.5115675926208496,-1.0266208530790337,0.0056862617249946405
4212,-0.11537575721740723,-0.9354963434928711,0.006671345107880352
4213,-1.0935282707214355,-0.9512995362157276,0.006490729668330194
4214,-0.09650266170501709,-0.8658198487646566,0.007518898230086684
4215,-0.9128139019012451,-0.8705192540783154,0.007459053636602868
4216,-0.7310274839401245,-0.8565700770644963,0.007637843339828813
4217,-0.1406923532485962,-0.7849823046829063,0.008611071850355596
4218,-0.817287027835846,-0.7882127769982002,0.008565115329673557
4219,-0.6426947116851807,-0.7736609704668982,0.008773669985933132
4220,-0.11034470796585083,-0.7073293442167934,0.009775014930366359
4221,-0.27612587809562683,-0.6642089976046768,0.0104710583879196
4222,-1.586404800415039,-0.756428577885713,0.009025787437927415
4223,-0.6218603849411011,-0.7429717585912519,0.009226568205156117
4224,-0.7591019868850708,-0.7445847814206337,0.009202320210463875
4225,-0.847100019454956,-0.754836305224066,0.00904936586672075
4226,-0.9800688624382019,-0.7773595609454795,0.00872028625497169
4227,-4.053535103797913,-1.1049771152307226,0.004943007528300267
4228,-0.8677445650100708,-1.0812538602086574,0.005158409741372537
4229,-0.10153824090957642,-0.9832822982787494,0.0061379180959399635
4230,-0.23928624391555786,-0.9088826928424302,0.006985111253061805
4231,-1.2136131525039673,-0.9393557388085839,0.0066268472997344525
4232,-0.7860881090164185,-0.9240289758293674,0.006805053850635523
4233,-1.3830554485321045,-0.9699316230996411,0.0062831440560839604
4234,-0.7799497842788696,-0.9509334392175639,0.0064948663222818975
4235,0.20147383213043213,-0.8356927120827643,0.007911977661985927
4236,-1.2540741562843323,-0.8775308565029211,0.00737049523902969
4237,-0.5773258805274963,-0.8475103589053786,0.00775583537117775
4238,-0.9251991510391235,-0.8552792381187531,0.007654564643138952
4239,-1.8266213834285736,-0.9524134526497352,0.006478156934400234
4240,-1.1758033633232117,-0.9747524437170828,0.0062303677604184406
4241,-1.303633213043213,-1.0076405206496957,0.005880391179295479
4242,-0.9829347133636475,-1.005169939921091,0.005906078415842804
4243,-0.8049031496047974,-0.9851432608894616,0.006117905744604834
4244,-1.2985994815826416,-1.0164888829587795,0.005789185792136086
4245,-1.1673661470413208,-1.0315766093670335,0.005636502675802912
4246,-1.3415884971618652,-1.0625777981465168,0.005333788266330461
4247,-1.0531842708587646,-1.0616384454177414,0.00534274654345282
4248,-1.6593292355537415,-1.1214075244313415,0.0047985514235798455
4249,-1.511337161064148,-1.1604004880946222,0.004470741127595227
4250,-0.9901947975158691,-1.1433799190367469,0.0046112728930839475
4251,-1.4786466360092163,-1.1769065907339937,0.004338157866963271
4252,-0.9706907272338867,-1.1562850043839832,0.004504362753531529
4253,-0.39416658878326416,-1.0800731628239113,0.005169344328527017
4254,-0.34382718801498413,-1.0064485653430186,0.005892772121781059
4255,-0.7030514478683472,-0.9761088535955514,0.006215587053661282
4256,-0.596393495798111,-0.9381373178158074,0.006640868144044871
4257,-0.7895191013813019,-0.9232754961723569,0.006813917940857133
4258,-0.8055273294448853,-0.9115006794996098,0.006953706163770806
4259,-0.8681725859642029,-0.9071678701460691,0.007005746416184975
4260,-0.23160851001739502,-0.8396119341332017,0.007859913443676942
4261,-1.312983214855194,-0.8869490622054008,0.007252911431358321
4262,-1.884660243988037,-0.9867201803836644,0.006100991900042197
4263,-0.6789138913154602,-0.955939551476844,0.006438494592796862
4264,-0.2451472282409668,-0.8848603191532562,0.007278853686511457
4265,-0.8951282501220703,-0.8858871122501377,0.007266091276730943
4266,-0.6771915256977081,-0.8650175535948947,0.007529154460328019
4267,-0.4036608934402466,-0.8188818875794299,0.008138478789349127
4268,-0.669559895992279,-0.8039496884207148,0.008344023088363331
4269,-0.534696638584137,-0.777024383437057,0.008725113474645918
4270,0.2729387879371643,-0.6720280662996349,0.010342191018067643
4271,-1.0291556119918823,-0.7077408208688596,0.009768544850083135
4272,0.45799869298934937,-0.5911668694830388,0.011731642162182844
4273,-0.6262032985687256,-0.5946705123916074,0.01166884068403392
4274,0.12439578771591187,-0.5227638823808555,0.013004240852419642
4275,-0.25373339653015137,-0.49586083379578505,0.013528607511049482
4276,-0.4321339726448059,-0.48948814768068716,0.013654747812679377
4277,0.1303027868270874,-0.4275090542299097,0.01491906276834177
4278,-1.5465121269226074,-0.5394093614991794,0.01268648137263003
4279,0.23051315546035767,-0.4624171098032257,0.01419869567785257
4280,-0.2152959406375885,-0.437704992886662,0.014706492238317182
4281,-1.078757107257843,-0.5018102043237801,0.013411510077886421
4282,-0.834199458360672,-0.5350491297274693,0.012769219919514907
4283,-1.1995760202407837,-0.6015018187788008,0.011547065854816428
4284,-1.2036828696727753,-0.6617199238681983,0.010512328087175367
4285,-1.5846407413482666,-0.7540120056162052,0.009061590961381618
4286,-0.8903214931488037,-0.7676429543694651,0.0088610805101122
4287,-0.9460341930389404,-0.7854820782364126,0.008603949352060115
4288,-1.713432252407074,-0.8782770956534787,0.007361121423165393
4289,-2.0562543869018555,-0.9960748247783164,0.0060014812777934735
4290,-2.4604727625846863,-1.1425146185589534,0.0046185222960607245
4291,-0.8098332285881042,-1.1092464795618684,0.0049051031798178005
4292,-0.6056493520736694,-1.0588867668130484,0.005369064601858673
4293,-0.697867751121521,-1.0227848652438956,0.0057250400680372866
4294,-1.49451744556427,-1.069958123275933,0.005263863916586902
4295,-0.49528610706329346,-1.0124909216546691,0.005830241971762536
4296,-0.9016355276107788,-1.0014053822502802,0.005945406275169434
4297,-0.7116803526878357,-0.9724328792940358,0.0062557137476172
4298,0.08070844411849976,-0.8671187469527822,0.007502317999383026
4299,-0.8244883418083191,-0.862855706438336,0.007556847971991758
4300,-0.05474853515625,-0.7820449893101274,0.008653027242514938
4301,0.11332345008850098,-0.6925081453702646,0.01001022848345909
4302,-0.0968010425567627,-0.6329374350889144,0.010998211201491533
4303,-0.46898651123046875,-0.6165423427030698,0.011282099484894847
4304,0.3222482204437256,-0.5226632863883903,0.01300617682223137
4305,-0.5661448240280151,-0.5270114401523528,0.012922667297442264
4306,-0.44753551483154297,-0.5190638476202718,0.013075570895268021
4307,0.09747815132141113,-0.4574096477261035,0.01430073367610221
4308,-0.037442684173583984,-0.41541295137085155,0.015173523285497937
4309,0.15356677770614624,-0.3585149784631518,0.01640236708209823
4310,-0.7108457684516907,-0.39374805746200564,0.01563532773936237
4311,-0.2165256142616272,-0.3760258131419678,0.01601872130797978
4312,-1.0573335587978363,-0.4441565877075547,0.014572902571579864
4313,-0.4696695804595947,-0.44670788698275865,0.014520271743978942
4314,-0.6032629609107971,-0.4623633943755625,0.014199787913654841
4315,-0.6324930489063263,-0.4793763598286389,0.013856399533232817
4316,-1.303939938545227,-0.5618327177002977,0.012266600803284004
4317,-1.3128676414489746,-0.6369362100751654,0.010929753916427197
4318,-0.7206054925918579,-0.6453031383268347,0.010787510494361163
4319,-1.2137519717216492,-0.7021480216663161,0.009856763957289908
4320,-1.4490355253219604,-0.7768367720318805,0.008727816370049745
4321,-1.0497360229492188,-0.8041266971236143,0.008341562402273933
4322,-0.8799797892570496,-0.8117120063369578,0.008236659907823723
4323,-0.9606741666793823,-0.8266082223712002,0.008033735579400549
4324,-1.5506422221660614,-0.8990116223506863,0.0071045932209999225
4325,-0.132146954536438,-0.8223251555692616,0.008091664338635242
4326,-0.9000656604766846,-0.8300992060600039,0.007986768213769854
4327,-0.8327147960662842,-0.830360765060632,0.00798325819430579
4328,-1.2962912321090698,-0.8769538117654757,0.007377750501769149
4329,-0.18899419903755188,-0.8081578504926834,0.008285680349734587
4330,-1.3106011748313904,-0.858402182926554,0.007614161979523002
4331,-1.5017237067222595,-0.9227343353061245,0.0068202902676053586
4332,0.14176076650619507,-0.8162848251248925,0.008173932445933408
4333,-0.6661041080951691,-0.8012667534219202,0.008381391006687434
4334,-0.040102481842041016,-0.7251503262639324,0.009497764980591204
4335,-0.8259247541427612,-0.7352277690518152,0.00934366921473593
4336,-1.0559683740139008,-0.7673018295480237,0.00886605568679051
4337,-0.34096312522888184,-0.7246679591161095,0.00950518949423194
4338,0.11672243475914001,-0.6405289197285845,0.010868510485017817
4339,0.1349562406539917,-0.5629804036903269,0.012245364483954559
4340,-0.16950541734695435,-0.5236329050559897,0.012987524293531009
4341,-0.5158992409706116,-0.5228595386474519,0.01300240012097454
4342,-1.5587446093559265,-0.6264480457182994,0.011109960708481952
4343,-0.09190374612808228,-0.5729936157592777,0.012061139733673606
4344,-0.5734288692474365,-0.5730371411080936,0.01206034308819219
4345,-0.9060078859329224,-0.6063342155905764,0.01146146216918664
4346,-0.5158441364765167,-0.5972852076791705,0.011622125867539315
4347,-1.6761520206928253,-0.705171888980536,0.009808991960947961
4348,-1.075203776359558,-0.7421750777184382,0.00923856264880152
4349,-1.2034152746200562,-0.7882990974085999,0.00856389001342619
4350,-0.07145684957504272,-0.7166148726252441,0.009629797563377377
4351,-1.7412732690572739,-0.8190807122684471,0.008135769656484155
4352,-0.6795654296875,-0.8051291840103524,0.008327637283197934
4353,-0.27332788705825806,-0.7519490543151429,0.009092242715177055
4354,-1.7897449135780334,-0.8557286402414319,0.007648739765783854
4355,-0.9007727801799774,-0.8602330542352864,0.007590556784226885
4356,-0.21883732080459595,-0.7960934808922173,0.008453821458591212
4357,-0.321794331073761,-0.7486635659103718,0.009141225552441368
4358,0.3154463768005371,-0.642252571639281,0.010839216220213263
4359,-1.0104244351387024,-0.6790697579892231,0.010227142303692302
4360,-0.03884768486022949,-0.6150475506763238,0.011308239060150523
4361,-0.6404394656419754,-0.617586742172889,0.011263861393524638
4362,-1.7140504121780396,-0.7272331091734041,0.00946575810783469
4363,-1.2351462841033936,-0.778024426666403,0.00871071710635317
4364,-1.3058436512947083,-0.8308063491292336,0.007977281507956832
4365,-0.5095043778419495,-0.7986761520005051,0.00841759961375854
4366,-1.384194403886795,-0.8572279771891341,0.007629332541087833
4367,-0.8120645880699158,-0.8527116382772122,0.0076879140285371714
4368,-0.7817167937755585,-0.8456121538270469,0.007780744980187117
4369,-0.5673068165779114,-0.8177816201021334,0.008153483883957181
4370,-0.9083379805088043,-0.8268372561428005,0.008030647347848252
4371,-1.9609835743904114,-0.9402518879675614,0.006616550975797445
4372,-1.1540590077638626,-0.9616325999471915,0.006374894817459862
4373,-1.3683188557624817,-1.0023012255287207,0.005936027022867378
4374,-1.6198489665985107,-1.0640559996356997,0.005319717962106432
4375,-0.32190731167793274,-0.9898411308399231,0.006067635652788696
4376,-0.5031751990318298,-0.9411745376591139,0.00660596434185813
4377,-1.1098996102809906,-0.9580470449213014,0.006414887974691941
4378,-0.35925471782684326,-0.8981678122118557,0.007114885629956422
4379,-0.22939610481262207,-0.8312906414719324,0.007970789733349934
4380,-0.799625352025032,-0.8281241125272424,0.008013313560077378
4381,-0.3539664149284363,-0.7807083427673618,0.008672172792311006
4382,-0.5014635920524597,-0.7527838676958716,0.009079829183781349
4383,-0.31403589248657227,-0.7089090701749418,0.00975019291198674
4384,-0.5077014565467834,-0.6887883088121259,0.010069924379959364
4385,-0.20663532614707947,-0.6405730105456213,0.010867760428961495
4386,-0.6401367783546448,-0.6405293873265236,0.010868502530224998
4387,-0.2949238419532776,-0.605968832789199,0.01146791914670197
4388,-0.7502982318401337,-0.6204017726942925,0.011214807399851813
4389,-0.21648788452148438,-0.5800103838770118,0.011933175578420966
4390,-0.8223857879638672,-0.6042479242856973,0.011498365070873658
4391,-0.5757860243320465,-0.6014017342903323,0.011548843525380333
4392,0.01352730393409729,-0.5399088304678893,0.01267702620941501
4393,-1.0637962520122528,-0.5922975726223256,0.0117113491509835
4394,-0.11513566970825195,-0.5445813823309182,0.012588798402458693
4395,-0.45251426100730896,-0.5353746701985573,0.012763030323503162
4396,-0.729665219783783,-0.5548037251570799,0.01239720395995053
4397,-0.9702837467193604,-0.5963517273133079,0.011638788688743098
4398,-0.3233296573162079,-0.5690495203135979,0.01213347751832352
4399,-0.2826901525259018,-0.5404135835348283,0.012667475744600655
4400,-0.494839608669281,-0.5358561860482736,0.012753878738258112
4401,-0.5964829921722412,-0.5419188666606704,0.012639022426112768
4402,0.038983941078186035,-0.48382858588678473,0.01376738618888384
4403,-0.39228200912475586,-0.47467392821058185,0.01395079961144189
4404,-0.19475865364074707,-0.4466824007535984,0.014520796944615572
4405,-0.6218845844268799,-0.46420261912092653,0.014162418453461676
4406,-0.6034563779830933,-0.4781279950071432,0.01388142169506218
4407,-0.8336567878723145,-0.5136808742936603,0.013179795191633337
4408,-0.3982135057449341,-0.5021341374387877,0.013405152784089406
4409,-0.18369293212890625,-0.4702900169077995,0.014039159667348648
4410,-0.4025954008102417,-0.4635205552980437,0.01417626971995659
4411,-0.021733224391937256,-0.41934182220743305,0.01509060480530712
4412,0.029146432876586914,-0.3744929966990311,0.016052114395933178
4413,-0.6862713098526001,-0.4056708280143879,0.015380233532196861
4414,-1.1159099340438843,-0.4766947386173375,0.013910184093378606
4415,-0.6393943727016449,-0.49296470202576825,0.013585842296123357
4416,-0.8828459680080414,-0.5319528286239955,0.012828189313230532
4417,-0.8328894376754761,-0.5620464895291435,0.012262643372428684
4418,-0.4177645444869995,-0.5476182950249291,0.012531673874832106
4419,-0.5228570699691772,-0.5451421725193539,0.012578236907490584
4420,-0.7105873227119446,-0.561686687538613,0.012269304668382334
4421,-0.31584495306015015,-0.5371025140907667,0.012730211345896214
4422,-0.3087979555130005,-0.51427205823299,0.013168322744799968
4423,-0.5784250497817993,-0.520687357387871,0.013044241444063232
4424,-0.2140514850616455,-0.49002377015524845,0.013644117536198784
4425,-0.7279977202415466,-0.5138211651638782,0.01317707214265439
4426,-0.3544993996620178,-0.4978889886136922,0.013488616538804425
4427,-0.685894250869751,-0.516689514839298,0.013121476670963528
4428,-0.5953956842422485,-0.524560131779593,0.012969703507067207
4429,-1.2617967128753662,-0.5982837898891704,0.01160431938433216
4430,-0.12262219190597534,-0.550717630090851,0.012473553324176358
4431,-1.2243710160255432,-0.6180829686843202,0.011255203242665969
4432,-0.5497568845748901,-0.6112503602733772,0.01137483348219933
4433,-0.10209012031555176,-0.5603343362775948,0.012294363636204226
4434,-0.1906369924545288,-0.5233646018952882,0.012992683896341034
4435,-0.2534324526786804,-0.4963713869736274,0.013518533448352603
4436,-0.8969659209251404,-0.5364308403687787,0.01274296263278717
4437,-0.4854414463043213,-0.5313319009623331,0.012840036393547494
4438,-0.8528079390525818,-0.5634795047713579,0.01223613707237985
4439,-1.1452892422676086,-0.6216604785209829,0.011192922707049552
4440,-1.0014333724975586,-0.6596377679186406,0.010546942534350446
4441,-0.5554357767105103,-0.6492175687978275,0.010721424926856373
4442,-0.4150681495666504,-0.6258026268747099,0.011121119270740547
4443,-0.22822493314743042,-0.586044857501982,0.011823873309845453
4444,-1.6010645031929016,-0.687546822071074,0.010089906902407218
4445,-0.3478328585624695,-0.6535754257202135,0.010648200016085997
4446,-1.311753511428833,-0.7193932342910755,0.009586667059942952
4447,-1.6517215371131897,-0.8126260645732868,0.008224090523792636
4448,-1.125380039215088,-0.843901462037467,0.007803249777428824
4449,-0.5691149830818176,-0.8164228141419021,0.008172045574732263
4450,-1.4017030596733093,-0.8749508386950429,0.007402979990772451
4451,-0.28953415155410767,-0.8164091699809494,0.008172232130302113
4452,-0.7259232103824615,-0.8073605740211005,0.008296708781069285
4453,-2.4199967980384827,-0.9686241964228387,0.006297523044534528
4454,-1.703820526599884,-1.0421438294405432,0.005531669175632427
4455,-0.5330095291137695,-0.9912303994078658,0.006052837983446872
4456,-0.8361047506332397,-0.9757178345304033,0.006219844872727665
4457,-0.7253521978855133,-0.9506812708659143,0.00649771696216732
4458,-0.6639000475406647,-0.9220031485333893,0.006828908174494733
4459,-0.7646229267120361,-0.906265126351254,0.007016629989183278
4460,-0.8224294781684875,-0.8978815615329774,0.0071183800084745515
4461,-1.9024395942687988,-0.9983373648065594,0.005977624820503006
4462,-0.9383845031261444,-0.9923420786385179,0.006041019454100627
4463,-0.9474348574876785,-0.9878513565234339,0.006088883856309817
4464,-0.2427477240562439,-0.9133409932767149,0.006931700882121245
4465,-0.015534698963165283,-0.82356036384536,0.008074923563132592
4466,-1.3662657141685486,-0.8778308988776788,0.0073667250975347105
4467,-0.7903422117233276,-0.8690820301622437,0.00747731415794883
4468,-0.8908531665802002,-0.8712591438040393,0.00744966738077434
4469,-0.032594233751297,-0.7873926527987651,0.008576763912215865
4470,-1.1290619373321533,-0.8215595812521039,0.008102054217004925
4471,-0.6095459461212158,-0.8003582177390152,0.008394075347195952
4472,-0.8446097075939178,-0.8047833667245055,0.008332438781365612
4473,-0.17128658294677734,-0.7414336883467326,0.009249735479261216
4474,-0.6548053026199341,-0.7327708497740528,0.009381059982580056
4475,-1.2249517440795898,-0.7819889392046065,0.008653829408295472
4476,-0.6947909593582153,-0.7732691412199675,0.008779340510701577
4477,-0.24383744597434998,-0.7203259716954057,0.009572220584726811
4478,-0.9060527682304382,-0.7388986513489089,0.009288017713225908
4479,-1.22220116853714,-0.787228903067732,0.008579091225148957
4480,0.0024473369121551514,-0.7082612790697433,0.00976036578368159
4481,-0.0022810399532318115,-0.6376632551580922,0.01091734024873943
4482,-0.24495327472686768,-0.5983922571149698,0.011602386368880077
4483,-0.7491530776023865,-0.6134683391637115,0.011335901417451518
4484,-0.8688252568244934,-0.6390040309297897,0.01089447431411365
4485,-0.2442532777786255,-0.5995289556146733,0.011582142562537142
4486,-0.8617180585861206,-0.6257478659118181,0.011122066394043532
4487,-0.8729751706123352,-0.6504705963818698,0.010700332918538733
4488,-0.5172198712825775,-0.6371455238719406,0.010926179022068975
4489,-1.036231279373169,-0.6770540994220634,0.010259977155073569
4490,-0.5454658269882202,-0.663895272178679,0.010476253496773176
4491,-0.8662547767162323,-0.6841312226324344,0.010145035979966872
4492,-0.6404693126678467,-0.6797650316359756,0.0102158344965448
4493,-0.37050747871398926,-0.648839276343777,0.010727798599082447
4494,-0.2341550588607788,-0.6073708545954772,0.011443156782688008
4495,-0.4035574197769165,-0.5869895111136212,0.011806825526717421
4496,-0.6096628904342651,-0.5892568490456855,0.011765977125229655
4497,-0.4160691499710083,-0.5719380791382178,0.012080470233479312
4498,-0.8116819262504578,-0.5959124638494417,0.01164663538983909
4499,-1.1839057505130768,-0.6547117925158052,0.010629165759480934
4500,-1.2437889575958252,-0.7136195090238072,0.0096764620879558
4501,-0.7833608686923981,-0.7205936449906662,0.009568077861882174
4502,-1.2989360243082047,-0.77842788292242,0.00870491436091216
4503,-0.5903119444847107,-0.7596162890786491,0.008978727698684026
4504,-0.49042171239852905,-0.7326968314106371,0.009382188218835553
4505,-1.5384360551834106,-0.8132707537879145,0.008215234550628272
4506,-0.3263780474662781,-0.7645814831557508,0.008905809340713527
4507,-0.4958484470844269,-0.7377081795486184,0.009306037482971066
4508,-0.7501352429389954,-0.7389508858876561,0.009287227673768697
4509,-0.5214910507202148,-0.717204902370912,0.009620625766705554
4510,-0.7237950265407562,-0.7178639147878965,0.009610389528094058
4511,-1.0540735721588135,-0.7514848805249882,0.00909915060746069
4512,-1.2388878464698792,-0.8002251771194773,0.00839593405306114
4513,-1.2420785427093506,-0.8444105136784646,0.007796547471262351
4514,-1.1821407079696655,-0.8781835331075848,0.0073622961596215095
4515,-1.5861996412277222,-0.9489851439195984,0.0065169185116172885
4516,-0.923286110162735,-0.946415240543912,0.0065461038257389435
4517,-0.6424830257892609,-0.9160220190684469,0.0068997475041252315
4518,-0.6382309794425964,-0.888242915105862,0.007236880274695493
4519,-1.0532143115997314,-0.904740054755249,0.007035048547060456
4520,-1.0399331450462341,-0.9182593637843475,0.006873176849413365
4521,-0.7188700437545776,-0.8983204317813704,0.007113023125620861
4522,-0.33998745679855347,-0.8424871342830889,0.007821895834041517
4523,-0.9439080357551575,-0.8526292244302958,0.007688986431283504
4524,-0.7552184462547302,-0.8428881466127391,0.007816605329084632
4525,-0.3871200680732727,-0.7973113387587925,0.008436725611638793
4526,-0.33059483766555786,-0.750639688649469,0.009111739337169166
4527,-0.5576439499855042,-0.7313401147830725,0.00940288666680577
4528,-0.6797807961702347,-0.7261841829217888,0.009481866989693366
4529,-0.8085291385650635,-0.7344186784861162,0.009355969715175706
4530,-0.2262229323387146,-0.683599103871376,0.010153644765198337
4531,-0.40325531363487244,-0.6555647248477257,0.010614895384642636
4532,-0.4200790822505951,-0.6320161605880126,0.011014026582017632
4533,-0.9886408448219299,-0.6676786290114043,0.010413729630452794
4534,-0.8538629859685898,-0.6862970647071228,0.010110052455522335
4535,-0.6990861296653748,-0.687575971202948,0.010089437389034698
4536,-1.0743035525083542,-0.7262487293334886,0.009480875112329494
4537,-0.7130250930786133,-0.7249263657080011,0.009501211591404969
4538,-0.7590062320232391,-0.7283343523395249,0.00944886835001843
4539,-2.294214189052582,-0.8849223360108306,0.007278082327525907
4540,-1.128608763217926,-0.9092909787315401,0.006980205691676059
4541,-1.415360540151596,-0.9598979348735457,0.0063942165611201324
4542,-0.3754873275756836,-0.9014568741437594,0.007074837312283377
4543,-0.6329897046089172,-0.8746101571902752,0.007407278308161263
4544,-0.2197352647781372,-0.8091226679490614,0.00827235009965202
4545,-0.6910073757171631,-0.7973111387258716,0.008436728417364453
4546,-0.8886826634407043,-0.8064482911973548,0.008309342474676613
4547,-0.21546486020088196,-0.7473499480977076,0.009160867320447845
4548,-1.731786459684372,-0.845793599256374,0.007778361105106182
4549,-0.8194301724433899,-0.8431572565750756,0.00781305663025383
4550,-1.3411307334899902,-0.892954604266567,0.00717874995679344
4551,-0.5350287556648254,-0.8571620194063929,0.0076301854404561865
4552,-0.2379368394613266,-0.7952395014118864,0.008465825763281701
4553,-1.0618740320205688,-0.8219029544727546,0.008097392847967745
4554,-0.3782278597354889,-0.7775354449990282,0.008717754019238643
4555,-1.1075960397720337,-0.8105415044763287,0.008252778208570719
4556,-0.3294995427131653,-0.7624373083000123,0.008937241429403659
4557,-1.284012794494629,-0.814594856919474,0.008197069627080585
4558,-0.2218175232410431,-0.7553171235516309,0.009042240839302888
4559,-0.8621648550033569,-0.7660018966968035,0.008885034802264663
4560,-0.2837359607219696,-0.7177753030993201,0.009611765423272682
4561,0.19433322548866272,-0.6265644502405219,0.011107949057377267
4562,-0.9002788662910461,-0.6539358918455742,0.010642159481537863
4563,-0.9106526374816895,-0.6796075664091857,0.010218394668850495
4564,-1.4485548734664917,-0.7565022971149162,0.009024696962114862
4565,-0.5326284170150757,-0.7341149091049322,0.009360591099742875
4566,-1.0204947590827942,-0.7627528941027184,0.008932609723300186
4567,-0.8199372291564941,-0.768471327608096,0.008849008117986336
4568,-0.6226514279842377,-0.7538893376457102,0.009063411335071412
4569,-1.2641903460025787,-0.804919438481397,0.008330549229585878
4570,-0.9823785126209259,-0.8226653458953499,0.008087050947308334
4571,-1.0158135294914246,-0.8419801642549574,0.00782858839962011
4572,-0.4675438702106476,-0.8045365348505263,0.008335867271558817
4573,-0.8528038263320923,-0.809363263998683,0.0082690286215123
4574,-0.9077341854572296,-0.8192003561445377,0.008134139770709132
4575,-0.39295440912246704,-0.7765757614423306,0.008731577817028593
4576,-0.3315197825431824,-0.7320701635524158,0.009391744481378824
4577,-0.7700718641281128,-0.7358703336099855,0.009333909264417036
4578,-0.8054921627044678,-0.7428325165194337,0.009228663697526207
4579,-1.5383320450782776,-0.8223824693753181,0.008090886945540105
4580,-0.933858335018158,-0.833530055939602,0.007940826798330237
4581,-0.8863305449485779,-0.8388101048404997,0.007870542478168164
4582,-0.3729829490184784,-0.7922273892582976,0.008508275084102386
4583,-0.7116077542304993,-0.7841654257555177,0.008622723612537136
4584,-0.9056435823440552,-0.7963132414143714,0.00845073450106081
4585,-0.7043166756629944,-0.7871135848392337,0.008580730499929605
4586,-0.6604905724525452,-0.7744512836005648,0.008762241403797163
4587,-1.030076026916504,-0.8000137579321587,0.00839888845898369
4588,-0.4418759346008301,-0.7641999755990259,0.008911395632504008
4589,-1.1341502666473389,-0.8011950047038572,0.00838239215521516
4590,-0.3032325506210327,-0.7513987592955748,0.00910043272305152
4591,-1.2846150994300842,-0.8047203933090257,0.008333313373741685
4592,-0.7555891871452332,-0.7998072726926464,0.00840177471796844
4593,-0.4916907548904419,-0.7689956209124259,0.008841373943404817
4594,-0.4477722644805908,-0.7368732852692423,0.009318691075129367
4595,-0.6995203495025635,-0.7331379916925745,0.009375465307890574
4596,-0.308562308549881,-0.6906804233783053,0.010039526536154874
4597,-0.48174090683460236,-0.669786471723935,0.010379014831287448
4598,-0.1348811388015747,-0.616295938431699,0.011286405431719089
4599,-1.1179380416870117,-0.6664601487572303,0.010433836201662928
4600,-0.07099476456642151,-0.6069136103381494,0.011451228449674618
4601,-0.6462786495685577,-0.6108501142611903,0.011381869017395942
4602,-0.2150597870349884,-0.5712710815385701,0.012092696129676244
4603,-0.2937641143798828,-0.5435203848227014,0.012608796512079648
4604,-0.19677293300628662,-0.5088456396410599,0.013273867761808545
4605,-0.3051184415817261,-0.48847291983512653,0.013674910799575899
4606,-0.6810325384140015,-0.507728881693014,0.013295655848297332
4607,-0.7326988279819489,-0.5302258763219075,0.012861156682276297
4608,-0.9610205888748169,-0.5733053475771984,0.012055434890951088
4609,-0.9777259528636932,-0.6137474081058478,0.011331009611753463
4610,-0.8993982970714569,-0.6423124970024087,0.010838198788714297
4611,-0.32040226459503174,-0.610121473761671,0.011394684957389942
4612,-0.3946402072906494,-0.5885733471145689,0.011778280799626681
4613,-0.39701202511787415,-0.5694172149148995,0.012126721267556003
4614,-1.154384434223175,-0.627913936845727,0.011084646827499638
4615,-0.8147222101688385,-0.6465947641780382,0.010765671967223773
4616,-1.1456848680973053,-0.6965037745699649,0.00994640263987518
4617,-0.4897918999195099,-0.6758325871049194,0.010279913476433788
4618,-0.6672564595937729,-0.6749749743538047,0.010293927734758979
4619,-0.7260176837444305,-0.6800792452928672,0.010210727230935654
4620,-0.504400372505188,-0.6625113580140993,0.010499192908618876
4621,-0.10595190525054932,-0.6068554127377443,0.011452256090593195
4622,-0.26624399423599243,-0.5727942708875692,0.012064788806168155
4623,-1.0643033385276794,-0.6219451776515802,0.011187976955677366
4624,-0.8264544308185577,-0.6423961029682779,0.010836779415968481
4625,-0.13203775882720947,-0.591360268554171,0.011728169452895182
4626,-1.4844105243682861,-0.6806652941355825,0.01020120659646849
4627,-0.9341955184936523,-0.7060183165713895,0.00979565122874694
4628,-1.5217466354370117,-0.7875911484579516,0.008573943439831309
4629,-1.2106226086616516,-0.8298942944783216,0.007989518920104636
4630,-1.7075486779212952,-0.9176597328226189,0.0068802896042088075
4631,-2.26556134223938,-1.052449893764295,0.005431074957433529
4632,-1.4796497821807861,-1.0951698826059442,0.00503106708826933
4633,-0.4390813112258911,-1.0295610254679388,0.005656694441805391
4634,-0.6287115812301636,-0.9894760810441613,0.006071529117389653
4635,-1.1505438089370728,-1.0055828538334524,0.005901778494841453
4636,-1.1458455324172974,-1.0196091216918368,0.005757317972448741
4637,-0.2997688055038452,-0.9476250900730376,0.0065323502673940315
4638,-0.006260663270950317,-0.8534886473928289,0.00767780928358733
4639,-0.6552786827087402,-0.8336676509244201,0.007938988786621337
4640,-0.3925371468067169,-0.7895546005126497,0.008546083893942881
4641,-0.25734278559684753,-0.7363334190210695,0.00932688030476651
4642,-0.24573907256126404,-0.687273984375089,0.01009430236844428
4643,-1.2773544788360596,-0.7462820338211861,0.009176859338162603
4644,-0.18829774856567383,-0.6904836052956348,0.010042685320621948
4645,-0.14679306745529175,-0.6361145515116006,0.010943795260791634
4646,-0.7724389433860779,-0.6497469906990483,0.01071250956885727
4647,-0.3318606913089752,-0.617958360760041,0.011257376955318817
4648,-1.4321255683898926,-0.6993750815230262,0.009900725829914565
4649,-0.8112496733665466,-0.7105625407073782,0.00972426334545923
4650,-0.6798351407051086,-0.7074898007071513,0.009772491518383684
4651,-0.11357027292251587,-0.6480978479286879,0.010740298565888927
4652,-0.5953339338302612,-0.6428214565188451,0.010829560300005522
4653,-0.46009498834609985,-0.6245488097015706,0.011142819215651122
4654,-0.4959712028503418,-0.6116910490164477,0.011367090593132942
4655,-0.5405609011650085,-0.6045780342313037,0.011492520448852258
4656,0.02756977081298828,-0.5413632537268745,0.012649519864483061
4657,0.17862124741077423,-0.4693648036131097,0.014057851370792457
4658,-0.14394599199295044,-0.4368229224510938,0.014724812211115629
4659,-0.8747456073760986,-0.48061519094359423,0.013831595978167108
4660,-0.15038692951202393,-0.44759236480043724,0.014502052059074148
4661,-0.4232669472694397,-0.4451598230473375,0.014552193405279254
4662,0.20038455724716187,-0.38060538501788754,0.0159191726335921
4663,-1.1113396286964417,-0.4536788093857429,0.014377042718113953
4664,-0.6821796596050262,-0.4765288944076712,0.013913514596122731
4665,-0.22106009721755981,-0.45098201468866006,0.014432352800710799
4666,-0.14619895815849304,-0.4205037090356434,0.01506613262694178
4667,-0.7829820513725281,-0.4567515432693318,0.01431417662990337
4668,-0.24758362770080566,-0.4358347517124792,0.014745351592603593
4669,-0.08887755870819092,-0.4011390324120504,0.015476921486373314
4670,-1.0759394764900208,-0.46861907681984744,0.014072928005602862
4671,-2.0629995465278625,-0.6280571237906489,0.011082176402712978
4672,-0.3952498435974121,-0.6047763957713252,0.01148900944510646
4673,-1.6447275578975677,-0.7087715119839495,0.00975235244525591
4674,-1.1534869074821472,-0.7532430515337694,0.009073006822772393
4675,-1.1523274779319763,-0.79315149417359,0.008495233825885367
4676,-0.30384543538093567,-0.7442208882943246,0.009207786171185567
4677,-0.724975049495697,-0.7422963044144619,0.009236736740492012
4678,-0.8083128333091736,-0.7488979573039332,0.009137724272494324
4679,-1.4762406945228577,-0.8216322310258255,0.008101067799418783
4680,-0.3524295687675476,-0.7747119647999977,0.008758474310019247
4681,-0.7876920402050018,-0.7760099723404981,0.00873973584226412
4682,-0.7614180147647858,-0.7745507765829268,0.008760803484072368
4683,-1.0293893814086914,-0.8000346370655033,0.008398596653676552
4684,-1.0288917124271393,-0.8229203446016669,0.00808359424926799
4685,-1.275905281305313,-0.8682188382720315,0.007488299064984565
4686,-1.2730653882026672,-0.908703493265095,0.006987265250505183
4687,-0.7883783429861069,-0.8966709782371962,0.007133173920157234
4688,-0.6093969643115997,-0.8679435768446365,0.007491804813395116
4689,-0.9610602855682373,-0.8772552477169966,0.007373959769702757
4690,-1.8598660826683044,-0.9755163312121274,0.00622204002565644
4691,-0.5147385895252228,-0.9294385570434369,0.006741699356966871
4692,-0.7101011872291565,-0.9075048200620088,0.007001687735926788
4693,-0.9420437514781952,-0.9109587132036275,0.006960197801366474
4694,-1.5826922059059143,-0.9781320624738561,0.006193596199580304
4695,-2.1717770099639893,-1.0974965572228694,0.005010050549808236
4696,-1.1219013929367065,-1.0999370407942533,0.0049880898602184115
4697,0.09539380669593811,-0.9804039560452341,0.006168981977086962
4698,-0.8440197110176086,-0.9667655315424716,0.006318012984836733
4699,-0.2817460000514984,-0.8982635783933742,0.007113716892658474
4700,-0.035937994718551636,-0.8120310200258919,0.008232271340500447
4701,-1.119443118572235,-0.8427722298805262,0.007818134304255054
4702,-0.49476444721221924,-0.8079714516136955,0.008288257683999883
4703,-0.9951480627059937,-0.8266891127229254,0.008032644765359075
4704,-0.48946811258792877,-0.7929670127094258,0.008497836015438453
4705,-1.0433119535446167,-0.8180015067929449,0.008150483359948994
4706,-1.1085160076618195,-0.8470529568798324,0.007761831768405895
4707,-1.5648506581783295,-0.9188327270096821,0.0068663814615063145
4708,-1.5193796753883362,-0.9788874218475475,0.006185403117325307
4709,-0.7065102756023407,-0.9516497072230268,0.006486775065237187
4710,-1.0120518207550049,-0.9576899185762245,0.006418883044946831
4711,-1.1911306381225586,-0.9810339905308579,0.006162170939741929
4712,-0.509793758392334,-0.9339099673170056,0.00668970879218163
4713,-0.7305423021316528,-0.9135732007984703,0.00692892844999623
4714,-0.3509232997894287,-0.8573082106975661,0.007628295147847946
4715,-0.8451713025569916,-0.8560945198835087,0.007644000138723243
4716,-1.475018322467804,-0.9179869001419382,0.006876408015866472
4717,-0.804658830165863,-0.9066540931443307,0.007011938831448048
4718,-0.49725228548049927,-0.8657139123779476,0.007520251820580821
4719,-0.8377969861030579,-0.8629222197504586,0.007555994681855359
4720,-0.3562473654747009,-0.8122547343228829,0.008229194895896698
4721,-0.5775482654571533,-0.7887840874363099,0.008557008176618114
4722,-1.1699498891830444,-0.8269006676109834,0.008029792493879173
4723,-0.012560606002807617,-0.7454666614501657,0.009189084104275866
4724,-0.21924760937690735,-0.6928447562428398,0.010004839667105955
4725,-0.5678069591522217,-0.680340976533778,0.01020647446986176
4726,-0.2403469681739807,-0.6363415756977984,0.010939914340900981
4727,0.059746161103248596,-0.5667328020176936,0.012176105157740676
4728,-0.9334335923194885,-0.6034028810478731,0.01151333612331704
4729,-1.22039195895195,-0.6651017888382807,0.010456284653608927
4730,-0.30545517802238464,-0.6291371277566912,0.011063555628463999
4731,-0.753263920545578,-0.6415498070355798,0.010851153131523093
4732,-0.45810630917549133,-0.623205457249571,0.011166102249638217
4733,-0.7143444716930389,-0.6323193586939179,0.011008819825067299
4734,-0.8999404907226562,-0.6590814718967917,0.010556204706320212
4735,-0.2890351414680481,-0.6220768388539173,0.011185690282698836
4736,-0.7582844793796539,-0.635697602906491,0.010950925470655935
4737,-0.32313525676727295,-0.6044413682925692,0.01149493987698226
4738,-0.006602376699447632,-0.5446574691332571,0.012587365096669828
4739,-0.37914901971817017,-0.5281066241917484,0.012901688632004965
4740,-0.3363666534423828,-0.5089326271168119,0.01327217158281737
4741,0.011167868971824646,-0.45692257750794824,0.014310682223673186
4742,-1.3742295503616333,-0.5486532747933167,0.012512245299440545
4743,-0.2666035592556,-0.520448303239545,0.01304885150716583
4744,-1.3271915316581726,-0.6011226260814078,0.01155380197286177
4745,-0.8066579699516296,-0.62167616046843,0.011192650242085725
4746,-0.740922212600708,-0.6336007656816578,0.010986834005997606
4747,-0.7351532578468323,-0.6437560148981752,0.01081371116459691
4748,-0.1823299527168274,-0.5976134086800405,0.011616271363645549
4749,-0.3893391788005829,-0.5767859856920948,0.011991862640347113
4750,-1.6204814910888672,-0.681155536231772,0.010193247459253948
4751,-0.6323202550411224,-0.676272008112707,0.010272738374542312
4752,-1.1510723233222961,-0.723752039633666,0.00951929939395866
4753,-1.5186021327972412,-0.8032370489500235,0.00835393571750931
4754,-0.07995790243148804,-0.73090913429817,0.009409469164493554
4755,-1.1765187978744507,-0.775470100655798,0.008747525768294484
4756,-0.6124441623687744,-0.7591675068270958,0.008985341398578414
4757,-1.7515747547149658,-0.8584082316158828,0.007614083895473325
4758,0.08452337980270386,-0.7641150704740242,0.008912639244039455
4759,-1.0223798751831055,-0.7899415509449322,0.008540601914124615
4760,-1.0384600162506104,-0.8147933974755,0.008194348701768673
4761,-1.752969205379486,-0.9086109782658985,0.00698837750808929
4762,-0.6422488689422607,-0.8819747673335347,0.007314818910470512
4763,-1.61625337600708,-0.9554026282008893,0.006444520640418796
4764,-0.91888427734375,-0.9517507931151754,0.006485633848480575
4765,-0.8689132034778595,-0.9434670341514438,0.006579722020007896
4766,-1.2350145876407623,-0.9726217895003757,0.006253646216272848
4767,-0.5458286702632904,-0.9299424775766671,0.006735823096444477
4768,-0.32838985323905945,-0.8697872151429064,0.007468349893011112
4769,-0.6177217364311218,-0.8445806672717279,0.007794308231630656
4770,-0.36654627323150635,-0.7967772278677057,0.008444219871907448
4771,-0.034182846546173096,-0.7205177897355525,0.009569251718596938
4772,0.02384209632873535,-0.6460818011291237,0.010774341191899255
4773,-1.1978150606155396,-0.7012551270777653,0.00987090370807911
4774,0.105767160654068,-0.6205528983045819,0.011212178223976806
4775,-0.25601568818092346,-0.5840991772922162,0.011859039726378019
4776,-0.918212890625,-0.6175105486254946,0.011265191235355557
4777,-0.5091636776924133,-0.6066758615321866,0.011455426976292517
4778,-0.3982917070388794,-0.5858374460828558,0.011827618654224171
4779,-0.31854891777038574,-0.5591085932516089,0.0123171063435827
4780,-1.0019410848617554,-0.6033918424126236,0.011513531777623497
4781,-0.20481079816818237,-0.5635337379881794,0.012235134688492386
4782,-2.071467936038971,-0.7143271577932586,0.00966542220243022
4783,-0.945641815662384,-0.7374586235801711,0.009309818344429005
4784,-0.919294536113739,-0.7556422148335279,0.009037425937365506
4785,-2.1842711716890335,-0.8985051105190784,0.007110769928658846
4786,-1.2424363195896149,-0.9328982314261322,0.006701442823720174
4787,-1.5035401582717896,-0.9899624241106978,0.00606634246713621
4788,-1.5443460047245026,-1.0454007821720783,0.0054997040190061545
4789,-1.9927617013454437,-1.1401368740894149,0.004638495545071868
4790,-0.6797504127025604,-1.0940982279507294,0.005040773512802949
4791,-1.5436275601387024,-1.1390511611695266,0.004647641385581193
4792,-2.5406269431114197,-1.279208739363716,0.0035931511466043248
4793,-3.1762055158615112,-1.4689084170134954,0.0025157745446556298
4794,-1.9524917602539062,-1.5172667513375364,0.0022944961419723454
4795,-1.0038180947303772,-1.4659218856768206,0.0025300837307295305
4796,-0.23982787132263184,-1.3433124842414017,0.003188360726706101
4797,-0.6969857215881348,-1.278679807976075,0.0035966806499444955
4798,-0.4299201965332031,-1.1938038468317878,0.004206128307588316
4799,-0.022414863109588623,-1.0766649484595678,0.005201023328120669
4800,-0.3193333148956299,-1.000931785103174,0.0059503698956612635
4801,0.5096394717693329,-0.8498746594159233,0.0077249004160384206
4802,0.3028319478034973,-0.7346039986939813,0.009353151215571944
4803,0.4910528212785721,-0.612038316696726,0.011360991730637381
4804,-0.2760164737701416,-0.5784361324040677,0.01196180376987454
4805,0.1504589319229126,-0.5055466259713697,0.01333829770535893
4806,0.42924390733242035,-0.4120675726409907,0.01524432945160429
4807,-0.6674365401268005,-0.43760446938957165,0.014708579368202038
4808,0.4381440058350563,-0.3500296218671089,0.016589954643208876
4809,-0.8927223682403564,-0.4042988965044336,0.015409468898573461
4810,0.054421842098236084,-0.35842682264416664,0.01640431037985501
4811,-0.7579005360603333,-0.3983741939857833,0.015536074976242334
4812,-0.205915629863739,-0.37912833757357883,0.015951244025558985
4813,-0.891945481300354,-0.43041005194625637,0.01485840154656021
4814,-0.0032812952995300293,-0.38769717628158373,0.01576566781844908
4815,-0.29201775789260864,-0.37812923444268626,0.015972957186679595
4816,-0.14890944957733154,-0.35520725595615077,0.016475362734070218
4817,-0.9610724747180939,-0.41579377783234506,0.015165474727827869
4818,-1.2936623692512512,-0.5035806369742356,0.013376788068527877
4819,-1.7403420209884644,-0.6272567753756584,0.01109598997933689
4820,-0.6525436043739319,-0.6297854582754857,0.011052388269490801
4821,-0.6629534065723419,-0.6331022531051713,0.010995383515607984
4822,-0.09853920340538025,-0.5796459481351922,0.011939798755214469
4823,-0.46116745471954346,-0.5677980987936273,0.012156491083177474
4824,-0.32100653648376465,-0.543118942562641,0.012616368546135688
4825,-0.4760338068008423,-0.5364104289864612,0.012743350261091838
4826,-0.008503258228302002,-0.48361971191064523,0.0137715542707334
4827,-1.0544164180755615,-0.5406993825271369,0.012662070231983803
4828,-0.8156916499137878,-0.568198609265802,0.012149122497668384
4829,-0.9304777979850769,-0.6044265281377295,0.011495202617115112
4830,-0.5917925834655762,-0.6031631336705141,0.011517586050334946
4831,-0.8579199910163879,-0.6286388194051016,0.011072144375122273
4832,-1.70926895737648,-0.7367018332022394,0.009321291230220631
4833,-0.6283160448074341,-0.7258632543627589,0.009486799842435584
4834,-0.7123435735702515,-0.7245112862835081,0.009507601931381414
4835,-0.38862764835357666,-0.690922922490515,0.010035635628043847
4836,-0.12004441022872925,-0.6338350712643365,0.010982817306478071
4837,-0.6309889256954193,-0.6335504567074448,0.010987696590118232
4838,-0.5782226324081421,-0.6280176742775145,0.011082856991486466
4839,-0.17000293731689453,-0.5822162005814525,0.011893141395429706
4840,-0.015890002250671387,-0.5255835807483744,0.01295005183834707
4841,0.0038820505142211914,-0.47263701762211485,0.013991812205739954
4842,0.191017746925354,-0.406271541167368,0.015367442259168397
4843,-0.32978135347366333,-0.39862252239799756,0.01553075693605594
4844,-1.342309832572937,-0.49299125341549155,0.013585316885533811
4845,-0.017711520195007324,-0.44546328009344316,0.014545932747621813
4846,-0.5344072580337524,-0.45435767788747405,0.014363139355286223
4847,-0.9891801476478577,-0.5078399248635124,0.013293488361309736
4848,0.03763207793235779,-0.45329272458392533,0.01438495339166329
4849,-0.930198609828949,-0.5009833131084277,0.013427746746690089
4850,-1.1877679228782654,-0.5696617740854115,0.012122229000697664
4851,-0.6475842595100403,-0.5774540226278744,0.011979687535743681
4852,-0.6106137037277222,-0.5807699907378592,0.011919378756011385
4853,-0.18175989389419556,-0.5408689810534928,0.012658863219391293
4854,-1.1870152354240417,-0.6054836064905477,0.011476497925182856
4855,-0.8129618614912033,-0.6262314319906132,0.011113704823110837
4856,-0.4630987197160721,-0.6099181607631591,0.011398262811347367
4857,-0.9242420494556427,-0.6413505496324075,0.010854539375898822
4858,-1.0652616918087006,-0.6837416638500368,0.010151337851159943
4859,-0.5015484392642975,-0.6655223413914628,0.01044933074675989
4860,-0.7037883996963501,-0.6693489472219516,0.010386213544753276
4861,-0.5838922262191772,-0.6608032751216741,0.010527556478038195
4862,-0.1640189290046692,-0.6111248405099736,0.011377039541711743
4863,-0.4694518446922302,-0.5969575409281993,0.011627972893134325
4864,-0.43579959869384766,-0.5808417467047642,0.011918076011201643
4865,-0.6083453297615051,-0.5835921050104382,0.011868216430792904
4866,-0.25291305780410767,-0.5505242002898052,0.012477175362960226
4867,-0.38706979155540466,-0.5341787594163652,0.012785778207059242
4868,-0.6810919642448425,-0.5488700798992129,0.012508177990700378
4869,-0.2352581024169922,-0.5175088821509908,0.013105623150436552
4870,-0.5498340725898743,-0.5207414011948791,0.013043199377044228
4871,-0.7830987572669983,-0.546977136802091,0.012543719723958263
4872,-0.49499404430389404,-0.5417788275522714,0.012641667702852914
4873,-0.27190864086151123,-0.5147918088831953,0.013158241825523713
4874,-0.9362781047821045,-0.5569404384730862,0.012357404064818514
4875,-0.6326687633991241,-0.5645132709656899,0.012217039694078072
4876,-0.8661133646965027,-0.5946732803387712,0.011668791162189537
4877,-0.8035950660705566,-0.6155654589119497,0.011299177497878593
4878,-1.2815398573875427,-0.682162898759509,0.01017690731385227
4879,-0.25154513120651245,-0.6391011220042093,0.010892819840236712
4880,-0.8166524767875671,-0.6568562574825452,0.010593313457168392
4881,-0.3891296982765198,-0.6300836015619427,0.011047255523819355
4882,-0.4918789565563202,-0.6162631370613804,0.011286978727753035
4883,-0.8623430728912354,-0.6408711306443658,0.010862689905322652
4884,-0.6171691715717316,-0.6385009347371025,0.010903050193972193
4885,-0.976435124874115,-0.6722943537508037,0.010337823002745114
4886,0.42037440836429596,-0.5630274775392938,0.0122444939789566
4887,-0.3479689955711365,-0.541521629342478,0.012646527017204104
4888,-0.5371680855751038,-0.5410862749657406,0.012654755098611574
4889,0.15071731805801392,-0.47190591566336515,0.014006550693540402
4890,0.02201026678085327,-0.42251429741894336,0.015023838097032647
4891,0.11270654201507568,-0.36899221347554145,0.016172252561793814
4892,-0.048524439334869385,-0.33694543606147426,0.016881307883074927
4893,0.1842660903930664,-0.2848242834160202,0.01806589600872359
4894,0.1500493288040161,-0.24133692219401653,0.019081046745738378
4895,-0.2519582509994507,-0.24239905507455994,0.01905598816545133
4896,-1.2923481464385986,-0.3473939642109638,0.016648441122875876
4897,-0.6768524944782257,-0.38033981723769,0.01592493642004315
4898,-0.4208897352218628,-0.3843948090361073,0.015837049716117192
4899,-0.31669580936431885,-0.3776249090689284,0.015983923468487825
4900,-1.5682295560836792,-0.4966853737704035,0.01351234031244563
4901,-0.6181433796882629,-0.5088311743621894,0.01327414983540054
4902,-0.3536480963230133,-0.4933128665582718,0.013578953674842754
4903,-0.4444684684276581,-0.4884284267452104,0.013675794881484394
4904,-0.62489153444767,-0.5020747375154564,0.013406318384109961
4905,-0.6711525619029999,-0.5189825199542107,0.013077141582074764
4906,-0.4219531714916229,-0.5092795851079519,0.013265407585512742
4907,-0.6776760816574097,-0.5261192347628977,0.01293977424779169
4908,-0.25050386786460876,-0.4985576980730688,0.013475447338978534
4909,-0.38452954590320587,-0.48715488285608255,0.013701115422235406
4910,-0.39128628373146057,-0.4775680229436204,0.013892654780798187
4911,-1.6120789051055908,-0.5910191111598174,0.011734295818253469
4912,-0.05696308612823486,-0.5376135086566591,0.012720516076629544
4913,-1.394403338432312,-0.6232924916342244,0.011164592716953027
4914,-0.7634964287281036,-0.6373128853436123,0.01092332124233581
4915,-0.13999992609024048,-0.5875815894182752,0.011796149188730613
4916,-1.2918946146965027,-0.658012891946098,0.010574012968955842
4917,-1.4147728085517883,-0.7336888836066671,0.009367075382949985
4918,-1.3886991143226624,-0.7991899066782666,0.00841040900610449
4919,-0.3775590658187866,-0.7570268225923187,0.009016940997848636
4920,-1.1288470029830933,-0.7942088406313962,0.008480331728429104
4921,-0.8665036112070084,-0.8014383176889573,0.008378997465186852
4922,-1.073231816291809,-0.8286176675492425,0.008006673474877908
4923,-1.5731549859046936,-0.9030713993847876,0.0070552474942712625
4924,-0.7258909046649933,-0.8853533499128082,0.007272723296479116
4925,-0.2778271436691284,-0.8246007292884402,0.00806084519696121
4926,-0.37652072310447693,-0.7797927286700438,0.008685306961965475
4927,-0.48792320489883423,-0.7506057762929228,0.00911224472786782
4928,-0.5976988673210144,-0.735315085395732,0.009342342500400506
4929,-0.3472062945365906,-0.6965042063098179,0.00994639575985707
4930,-0.9425123929977417,-0.7211050249786103,0.009560167147545373
4931,-0.35384947061538696,-0.684379469542288,0.010141021624839661
4932,-0.4316701889038086,-0.6591085414784401,0.010555753867564195
4933,-0.11520618200302124,-0.6047183055308982,0.011490037565740192
4934,-0.2122085690498352,-0.565467331882792,0.012199432663346273
4935,-0.5598450303077698,-0.5649051017252897,0.012209806444342226
4936,-0.9863738119602203,-0.6070519727487829,0.011448785535747245
4937,-0.3879931569099426,-0.5851460911648989,0.011840108750212948
4938,-1.303683340549469,-0.6569998161033559,0.01059091652865659
4939,-0.29516345262527466,-0.6208161797555478,0.011207598887329416
4940,-0.361230731010437,-0.5948576348810367,0.011665493170781175
4941,-0.7473469376564026,-0.6101065651585733,0.011394947288556802
4942,-0.39885467290878296,-0.5889813759335942,0.01177093482846418
4943,-0.4550773799419403,-0.5755909763344289,0.01201366303965254
4944,-0.5549677610397339,-0.5735286548049594,0.01205134939284559
4945,-0.4014013111591339,-0.5563159204403769,0.01236902788578839
4946,-1.3037628829479218,-0.6310606166911314,0.011030447492247734
4947,-0.1433110237121582,-0.5822856573932341,0.01189188229969881
4948,-0.2060905396938324,-0.544666145623294,0.012587201657812323
4949,-0.14728963375091553,-0.5049284944360561,0.013350391960088867
4950,-0.4117131978273392,-0.49560696477518446,0.013533618526312657
4951,-0.3680450916290283,-0.48285077746056887,0.013786905101981535
4952,0.28480252623558044,-0.40608544709095395,0.015371404216860982
4953,-0.5753693282604218,-0.42301383520790076,0.01501334038186998
4954,-0.8032619953155518,-0.4610386512186659,0.014226740937608867
4955,-0.15417706966400146,-0.43035249306319945,0.01485960374481232
4956,0.2875616103410721,-0.3585610827227723,0.0164013508114907
4957,-0.7647827863693237,-0.39918325308742747,0.0155187523714761
4958,0.45979128777980804,-0.31328579900070397,0.01741441617061301
4959,-1.2021596729755402,-0.40217318639818755,0.015454827804672798
4960,-0.3090480864048004,-0.3928606763988488,0.015654405773141228
4961,-0.3372691571712494,-0.3873015244760889,0.015774210826714496
4962,-1.560659110546112,-0.5046372830830912,0.013356092166335001
4963,0.13119995594024658,-0.44105355918075745,0.014637066129054986
4964,-0.7439367771148682,-0.4713418809741685,0.014017927703951286
4965,-0.35901451110839844,-0.4601091439875915,0.014245670935368339
4966,-0.7664209604263306,-0.4907403256314654,0.013629904444897574
4967,-0.34815651178359985,-0.4764819442466789,0.013914457543710105
4968,0.2464091181755066,-0.4041928380044604,0.015411730249905164
4969,-1.5887473225593567,-0.52264828645995,0.01300646551185495
4970,-0.17009451985359192,-0.4873929097993142,0.013696380764501552
4971,-0.3139859437942505,-0.47005221319880786,0.014043962471026926
4972,-0.3573395013809204,-0.45878094201701913,0.014272746879241995
4973,-0.5331441462039948,-0.4662172624357167,0.014121553165814602
4974,-0.18668752908706665,-0.43826428910085174,0.014694882945960495
4975,-0.41862449049949646,-0.4363003092407162,0.014735672783889773
4976,-2.1949477791786194,-0.6121650562345065,0.011358766452532329
4977,-1.1596782207489014,-0.666916372685946,0.010426304544329702
4978,-2.336325705051422,-0.8338573059224935,0.007936455916212106
4979,-0.7279059290885925,-0.8232621682391035,0.008078962445323674
4980,-0.9219487011432648,-0.8331308215295197,0.007946161777369846
4981,-0.4061077833175659,-0.7904285177083243,0.008533706957568546
4982,-2.038301020860672,-0.9152157680235591,0.006909343648791704
4983,-2.2377477884292603,-1.0474689700641293,0.005479490052710038
4984,-1.6244912147521973,-1.105171194532936,0.004941278806684685
4985,-2.0955450534820557,-1.204208580427848,0.004126654686249202
4986,-0.4711320698261261,-1.1309009293676757,0.004716815551503943
4987,-0.5312987565994263,-1.0709407120908507,0.005254615698977928
4988,-1.3961032629013062,-1.1034569671718963,0.0049565665700762
4989,-1.5073961913585663,-1.1438508895905632,0.0046073314454439475
4990,-1.328048586845398,-1.1622706593160468,0.004455537594891981
4991,-1.777085304260254,-1.2237521238104674,0.003981062520020287
4992,-0.36457359790802,-1.1378342712202227,0.00465791147020399
4993,-0.21113449335098267,-1.0451642934332988,0.005502019561655079
4994,-0.5625834465026855,-0.9969062087402375,0.0059927055378892246
4995,-0.23131710290908813,-0.9203472981571226,0.0068484582301396035
4996,-1.2640007138252258,-0.9547126397239328,0.006452271638799064
4997,-0.10791608691215515,-0.8700329844427551,0.007465227772519552
4998,0.046949148178100586,-0.7783347711806696,0.008706253277965547
