step,task_id,gap,gap_ema,mu,best_mem
6,0,0.0,0.0,0.01,0.546875
7,0,0.08749998807907104,0.008749998807907102,0.010087497755075454,0.5625
8,0,0.14999998807907106,0.022874997735023495,0.010228710086707518,0.5625
9,0,0.0,0.020587497961521147,0.010205845898180403,0.59375
10,0,0.046875,0.023216248165369033,0.01023212077923589,0.59375
11,0,0.0,0.02089462334883213,0.010208915831180634,0.59375
12,0,0.0,0.01880516101394892,0.010188029446121903,0.59375
13,0,0.03125,0.020049644912554027,0.010200469587705074,0.59375
14,0,0.078125,0.02585718042129862,0.01025851419312037,0.59375
15,0,0.0,0.02327146237916876,0.010232672623171568,0.65625
16,0,0.09375,0.03031931614125188,0.010303100291018582,0.65625
17,0,0.171875,0.04447488452712669,0.010444455837084133,0.65625
18,0,0.0625,0.04627739607441402,0.010462443884995233,0.65625
19,0,0.14375002384185792,0.05602465885115841,0.010559661163196185,0.65625
20,0,0.15625,0.06604719296604257,0.010659513225266076,0.65625
21,0,0.09375,0.06881747366943831,0.010687090427806387,0.65625
22,0,0.171875,0.07912322630249448,0.010789585221524385,0.65625
23,0,0.1875,0.08996090367224502,0.010897190032613304,0.65625
24,0,0.171875,0.09815231330502051,0.010978383274515627,0.65625
25,0,0.0,0.08833708197451846,0.010881080192310684,0.671875
26,0,0.03125,0.08262837377706662,0.010824408389348743,0.671875
27,0,0.09375,0.08374053639935995,0.01083545341028331,0.671875
28,0,0.32187498807907106,0.10755398156733105,0.011071411685113176,0.671875
29,0,0.140625,0.11086108341059794,0.01110409137529232,0.671875
30,0,0.046875,0.10446247506953815,0.01104084147296836,0.671875
31,0,0.0625,0.10026622756258433,0.010999315705603172,0.671875
32,0,0.0625,0.0964896048063259,0.010961912685409875,0.671875
33,0,0.0625,0.0930906443256933,0.010928226694342518,0.671875
34,0,0.3156250238418579,0.11534408227730976,0.011148352674172147,0.671875
35,0,0.203125,0.12412217404957879,0.01123488656100945,0.671875
36,0,0.3031249761581421,0.1420224542604351,0.011410752138332026,0.671875
37,0,0.15625,0.1434452088343916,0.011424693716687181,0.671875
38,0,0.09375,0.13847568795095244,0.011375973104096463,0.671875
39,0,0.2718749761581421,0.1518156167716714,0.011506599223310965,0.671875
40,0,0.2625,0.16288405509450427,0.011614586760175112,0.6875
41,0,0.0,0.14659564958505383,0.01145554471352351,0.78125
42,0,0.06874997615814209,0.13881108224236266,0.011379263394774701,0.78125
43,0,0.0,0.1249299740181264,0.01124284058048086,0.859375
44,0,0.090625,0.12149947661631376,0.011209051225421906,0.859375
45,0,0.0,0.10934952895468239,0.011089157610992837,0.953125
46,0,0.11562497615814209,0.10997707367502836,0.011095358190185848,0.953125
47,0,0.09375,0.10835436630752553,0.011079322974394684,0.953125
48,0,0.046875,0.10220642967677297,0.011018520224363886,0.953125
49,0,0.03125,0.09511078670909567,0.010948250279778533,0.953125
50,0,0.028124999999999997,0.0884122080381861,0.0108818256159582,0.953125
51,0,0.03125,0.0826959872343675,0.010825079924834351,0.953125
52,0,0.109375,0.08536388851093075,0.010851571424138614,0.953125
53,0,0.121875,0.08901499965983767,0.010887806339474636,0.953125
54,0,0.059375,0.08605099969385391,0.010858392308278978,0.953125
55,0,0.215625,0.09900839972446852,0.010986861479032566,0.953125
56,0,0.078125,0.09692005975202167,0.010966177229062062,0.953125
57,0,0.125,0.09972805377681951,0.010993987425452005,0.953125
58,0,0.109375,0.10069274839913757,0.011003538140009806,0.953125
59,0,0.078125,0.09843597355922382,0.010981192646095046,0.953125
60,0,0.09375,0.09796737620330143,0.010976551573181682,0.953125
61,0,0.1875,0.1069206385829713,0.011065150534140946,0.953125
62,0,0.140625,0.11029107472467416,0.011098460419734871,0.953125
63,0,0.2406249761581421,0.12332446486802096,0.011227030343208018,0.953125
64,0,0.521874976158142,0.16317951599703306,0.011617464208429571,0.953125
65,0,0.23437501192092897,0.17029906558942265,0.011686716176588488,0.953125
66,0,0.171875,0.17045665903048038,0.011688247234773916,0.953125
67,0,0.11562497615814209,0.16497349074324655,0.01163492953129741,0.953125
68,0,0.09375,0.1578511416689219,0.011565530201766263,0.953125
69,0,0.184375,0.1605035275020297,0.01159139319090972,0.953125
70,0,0.278125,0.17226567475182672,0.011705816405269522,0.953125
71,0,0.059375,0.16097660727664403,0.011596003832216633,0.953125
72,0,0.046875,0.14956644654897966,0.011484610633041029,0.953125
73,0,0.1468749761581421,0.1492972995098959,0.011481978379391846,0.953125
74,0,0.09375,0.1437425695589063,0.01142760684357437,0.953125
75,0,0.09375,0.13874331260301567,0.011378598584444143,0.953125
76,0,0.109375,0.1358064813427141,0.011349776840393953,0.953125
77,0,0.153125,0.1375383332084427,0.011366775842684633,0.953125
78,0,0.2718749761581421,0.15097199750341264,0.011498353472731695,0.953125
79,0,0.0625,0.14212479775307138,0.01141175519014977,0.953125
80,0,0.434375,0.17134981797776425,0.011696922947489361,0.953125
81,0,0.09375,0.16358983617998782,0.01162145979728131,0.953125
82,0,0.184375,0.16566835256198903,0.011641691643999624,0.953125
83,0,0.078125,0.15691401730579013,0.011556387297846075,0.953125
84,0,0.028124999999999997,0.14403511557521112,0.011430472561300207,0.953125
85,0,0.0625,0.13588160401769,0.011350514373082312,0.953125
86,0,0.078125,0.130105943615921,0.011293767553286593,0.953125
87,0,0.11562497615814209,0.12865784687014312,0.011279526315113187,0.953125
88,0,0.125,0.1282920621831288,0.011275928185814924,0.953125
89,0,0.09375,0.12483785596481592,0.011241933618606745,0.953125
90,0,0.0,0.11235407036833434,0.011118836805523438,0.96875
91,0,0.0625,0.10736866333150091,0.01106957973950868,0.96875
92,0,0.1375,0.11038179699835082,0.011099356686849152,0.96875
93,0,0.0625,0.10559361729851574,0.011052029030927737,0.96875
94,0,0.09375,0.10440925556866416,0.011040315040583846,0.96875
95,0,0.2249999761581421,0.11646832762761195,0.011159445435099771,0.96875
96,0,0.16875,0.12169649486485075,0.011210992561415101,0.96875
97,0,0.075,0.11702684537836566,0.011164955172932485,0.96875
98,0,0.078125,0.1131366608405291,0.01112656406772931,0.96875
99,0,0.015625,0.1033854947564762,0.011030187154411243,0.96875
100,0,0.1375,0.10679694528082857,0.011063927618583517,0.96875
101,0,0.10625,0.10674225075274571,0.011063386861259735,0.96875
102,0,0.09375,0.10544302567747113,0.011050539758089261,0.96875
103,0,0.1312499761581421,0.10802372072553823,0.0110760549202288,0.96875
104,0,0.2,0.11722134865298442,0.011166873765742347,0.96875
105,0,0.29375,0.13487421378768596,0.011340622865196834,0.96875
106,0,0.046875,0.12607429240891738,0.011254105399933007,0.96875
107,0,0.1312499761581421,0.12659186078383985,0.011259199350449346,0.96875
108,0,0.04375,0.11830767470545588,0.01117758775039672,0.96875
109,0,0.109375,0.1174144072349103,0.011168778021891701,0.96875
110,0,0.0625,0.11192296651141928,0.011114579527274286,0.96875
111,0,0.1375,0.11448066986027736,0.011139831566642276,0.96875
112,0,0.109375,0.11397010287424962,0.011134791937613218,0.96875
113,0,0.078125,0.11038559258682466,0.011099394183989069,0.96875
114,0,0.09375,0.10872203332814219,0.01108295666930925,0.96875
115,0,0.015625,0.09941232999532797,0.010990861283491636,0.96875
116,0,0.015625,0.09103359699579516,0.010907829591362203,0.96875
117,0,0.109375,0.09286773729621565,0.010926016784136043,0.96875
118,0,0.075,0.09108096356659408,0.010908299351312272,0.96875
119,0,0.0,0.08197286720993467,0.010817897524210392,0.96875
120,0,0.0625,0.0800255804889412,0.010798551865290263,0.96875
121,0,0.078125,0.07983552244004709,0.01079666337588047,0.96875
122,0,0.1624999761581421,0.08810196781185659,0.010878747254365858,0.96875
123,0,0.03125,0.08241677103067094,0.010822306706816488,0.96875
124,0,0.1312499761581421,0.08730009154341806,0.010870789853295286,0.96875
125,0,0.109375,0.08950758238907626,0.010892693127288251,0.96875
126,0,0.325,0.11305682415016863,0.011125775826184249,0.96875
127,0,0.0625,0.10800114173515177,0.011075831744190924,0.96875
128,0,0.078125,0.1050135275616366,0.011046291986393644,0.96875
129,0,0.1937499761581421,0.11388717242128715,0.011133973304773231,0.96875
130,0,0.046875,0.10718595517915844,0.011067773524535727,0.96875
131,0,0.109375,0.1074048596612426,0.011069937560557555,0.96875
132,0,0.2,0.11666437369511834,0.011161379497046145,0.96875
133,0,0.0625,0.1112479363256065,0.011107912582982412,0.96875
134,0,0.10625,0.11074814269304585,0.011102975721883804,0.96875
135,0,0.0625,0.10592332842374128,0.011055289537690003,0.96875
136,0,0.10625,0.10595599558136715,0.011055612570220244,0.96875
137,0,0.125,0.10786039602323043,0.011074440556120628,0.96875
138,0,0.03125,0.1001993564209074,0.010998653667728687,0.96875
139,0,0.046875,0.09486692077881666,0.01094583349253884,0.96875
140,0,0.09375,0.09475522870093499,0.01094472655205508,0.96875
141,0,0.109375,0.09621720583084149,0.01095921382942911,0.96875
142,0,0.09375,0.09597048524775734,0.010956769266338385,0.96875
143,0,0.078125,0.0941859367229816,0.010939084139201057,0.96875
144,0,0.09375,0.09414234305068343,0.010938652045143939,0.96875
145,0,0.1875,0.10347810874561508,0.01103110345656854,0.96875
146,0,0.109375,0.10406779787105358,0.011036937298196792,0.96875
147,0,0.125,0.10616101808394822,0.011057639905316765,0.96875
148,0,0.140625,0.10960741627555338,0.011091705820318709,0.96875
149,0,0.265625,0.12520917464799805,0.011245589364523917,0.96875
150,0,0.203125,0.13300075718319826,0.011322220409396034,0.96875
151,0,0.43124998807907106,0.16282568027278552,0.011614018224276322,0.96875
152,0,0.40625001192092897,0.18716811343759987,0.01185012693414018,0.96875
153,0,0.631249976158142,0.23157629970965407,0.01227523586729302,0.96875
154,0,0.140625,0.22248116973868867,0.01218881639211461,0.96875
155,0,0.078125,0.2080455527648198,0.012050950168581626,0.96875
156,0,0.1375,0.20099099748833782,0.01198327524845751,0.96875
157,0,0.015625,0.18245439773950403,0.011804563869781076,0.96875
158,0,0.21875001192092897,0.18608395915764653,0.011839654397560295,0.96875
159,0,0.34375,0.20185056324188186,0.011991531396552721,0.96875
160,0,0.375,0.21916550691769365,0.012157225459542962,0.96875
161,0,0.359375,0.23318645622592427,0.01229049829845355,0.96875
162,0,0.631249976158142,0.27299280821914607,0.012664074456168548,0.96875
163,0,0.328125,0.27850602739723146,0.012715218118841973,0.96875
164,0,0.171875,0.26784292465750836,0.012616165337448266,0.96875
165,0,0.325,0.2735586321917575,0.012669330321230656,0.96875
166,0,0.09375,0.2555777689725818,0.012501546408928069,0.96875
167,0,0.15625,0.24564499207532361,0.012408205450511777,0.96875
168,0,0.078125,0.22889299286779125,0.012249776383550098,0.96875
169,0,0.29375,0.2353786935810121,0.012311260082037511,0.96875
170,0,0.1875,0.23059082422291088,0.012265889170668055,0.96875
171,0,0.140625,0.22159424180061982,0.012180370395139481,0.96875
172,0,0.21875,0.22130981762055785,0.012177661201084773,0.96875
173,0,0.15625,0.21480383585850207,0.012115599603401209,0.96875
174,0,0.203125,0.21363595227265186,0.012104440732371444,0.96875
175,0,0.21875,0.21414735704538668,0.012109327769381348,0.96875
176,0,0.16875,0.209607621340848,0.012065908981789237,0.96875
177,0,0.2625,0.2148968592067632,0.012116488184360202,0.96875
178,0,0.0,0.1934071732860869,0.011910311668891836,0.96875
179,0,0.03125,0.1771914559574782,0.011753600371937884,0.96875
180,0,0.0,0.1594723103617304,0.011581340532426898,0.96875
181,0,0.078125,0.15133757932555736,0.011501927019618519,0.96875
182,0,0.2249999761581421,0.15870381900881583,0.01157384688156835,0.96875
183,0,0.075,0.15033343710793426,0.011492110633157266,0.96875
184,0,0.09375,0.14467509339714082,0.011436740809250275,0.96875
185,0,0.09375,0.13958258405742674,0.011386830838170228,0.96875
186,0,0.1375,0.13937432565168406,0.011384788249482915,0.96875
187,0,0.39999998807907106,0.16543689189442273,0.011639439333934791,0.96875
188,0,0.6250000119209289,0.21139320389707333,0.012082996402846697,0.96875
189,0,0.40625001192092897,0.2308788846994589,0.012268621699444489,0.96875
190,0,0.40625,0.248415996229513,0.012434290987053493,0.96875
191,0,0.25,0.2485743966065617,0.012435781068893497,0.96875
192,0,0.1875,0.2424669569459055,0.012378245357232604,0.96875
193,0,0.09375,0.22759526125131496,0.012237452322213379,0.96875
194,0,0.0625,0.21108573512618348,0.012080054933668254,0.96875
195,0,0.296875,0.21966466161356513,0.012161984205978166,0.96875
196,0,0.21875,0.21957319545220863,0.012161112280015778,0.96875
197,0,0.171875,0.21480337590698775,0.012115595209748973,0.96875
198,0,0.03125,0.19644803831628896,0.011939593519073184,0.96875
199,0,0.09375,0.18617823448466006,0.011840565229165068,0.96875
200,0,0.325,0.20006041103619407,0.011974333771350112,0.96875
201,0,0.2874999761581421,0.20880436754838888,0.012058217996344552,0.96875
202,0,0.15625,0.20354893079355,0.012007835935542981,0.96875
203,0,0.171875,0.20038153771419498,0.011977419667393477,0.96875
204,0,0.109375,0.19128088394277548,0.011889816426220398,0.96875
205,0,0.23125,0.19527779554849795,0.011928328787697133,0.96875
206,0,0.0625,0.18200001599364815,0.011800167659331175,0.96875
207,0,0.046875,0.16848751439428336,0.011669110692803382,0.96875
208,0,0.0625,0.15788876295485504,0.011565897191920119,0.96875
209,0,0.078125,0.14991238665936954,0.011487993612686716,0.96875
210,0,0.2249999761581421,0.15742114560924678,0.011561335346123407,0.96875
211,0,0.2562499761581421,0.16730402866413632,0.011657603278635692,0.96875
212,0,0.203125,0.17088612579772267,0.011692419193999236,0.96875
213,0,0.1937499761581421,0.17317251083376461,0.011714619529889652,0.96875
214,0,0.0625,0.16210525975038817,0.011607000877805092,0.96875
215,0,0.140625,0.15995723377534937,0.011586068141880021,0.96875
216,0,0.2,0.16396151039781443,0.011625078603150573,0.96875
217,0,0.109375,0.158502859358033,0.011571887000684901,0.96875
218,0,0.09375,0.1520275734222297,0.011508670612844853,0.96875
219,0,0.109375,0.14776231608000673,0.01146696226326001,0.96875
220,0,0.1375,0.14673608447200603,0.011456919281605167,0.96875
221,0,0.109375,0.14299997602480544,0.011420331483401085,0.96875
222,0,0.140625,0.1427624784223249,0.011418004340297107,0.96875
223,0,0.109375,0.1394237305800924,0.011385272821372128,0.96875
224,0,0.078125,0.13329385752208314,0.011325100059344053,0.96875
225,0,0.109375,0.13090197176987484,0.011301593785231432,0.96875
226,0,0.0625,0.12406177459288736,0.011234291772590794,0.96875
227,0,0.09375,0.12103059713359862,0.011204430710027587,0.96875
228,0,0.078125,0.11674003742023877,0.011162125922195844,0.96875
229,0,0.125,0.11756603367821489,0.011170273546999978,0.96875
230,0,0.1624999761581421,0.12205942792620761,0.011214568510463657,0.96875
231,0,0.23125,0.13297848513358684,0.011322001582004053,0.96875
232,0,0.03125,0.12280563662022817,0.011221919850806162,0.96875
233,0,0.109375,0.12146257295820535,0.011208687581813166,0.96875
234,0,0.109375,0.12025381566238483,0.011196774864653296,0.96875
235,0,0.0625,0.11447843409614636,0.011139809499469395,0.96875
236,0,0.0,0.10303059068653173,0.011026675650929404,0.96875
237,0,0.0625,0.09897753161787856,0.010986555803266851,0.96875
238,0,0.0625,0.0953297784560907,0.010950420460878933,0.96875
239,0,0.2,0.10579680061048163,0.01105403833345046,0.96875
240,0,0.075,0.10271712054943347,0.011023573891559361,0.96875
241,0,0.046875,0.09713290849449012,0.010968285803695289,0.96875
242,0,0.03125,0.09054461764504111,0.010902979882414301,0.96875
243,0,0.03125,0.084615155880537,0.010844137921399573,0.96875
244,0,0.075,0.0836536402924833,0.010834590508147578,0.96875
245,0,0.04375,0.07966327626323498,0.010794951822634721,0.96875
246,0,0.075,0.07919694863691147,0.01079031784442186,0.96875
247,0,0.015625,0.07283975377322031,0.010727112063220254,0.96875
248,0,0.16875,0.08243077839589828,0.010822445833146826,0.96875
249,0,0.09375,0.08356270055630845,0.0108336874382626,0.96875
250,0,0.09375,0.0845814305006776,0.010843803069813269,0.96875
251,0,0.15625,0.09174828745060984,0.010914917133311518,0.96875
252,0,0.3812499761581421,0.12069845632136306,0.011201157353195742,0.96875
253,0,0.421875,0.15081611068922673,0.01149682956658165,0.96875
254,0,0.390625,0.17479699962030407,0.011730382426594285,0.96875
255,0,0.46875001192092897,0.20419230085036655,0.012014009469238023,0.96875
256,0,0.34375,0.21814807076532988,0.012147522448006454,0.96875
257,0,0.09375,0.20570826368879688,0.012028549737079912,0.96875
258,0,0.10625,0.1957624373199172,0.011932994557294923,0.96875
259,0,0.16875,0.19306119358792548,0.011906977909753945,0.96875
260,0,0.015625,0.17531757422913294,0.011735431845713714,0.96875
261,0,0.015625,0.15934831680621964,0.011580131579471489,0.96875
262,0,0.09375,0.15278848512559767,0.011516105684798272,0.96875
263,0,0.0625,0.14375963661303792,0.011427774035338052,0.96875
264,0,0.046875,0.13407117295173415,0.011332735937539392,0.96875
265,0,0.0625,0.12691405565656075,0.011262370083756364,0.96875
266,0,0.046875,0.11891015009090468,0.01118352853601342,0.96875
267,0,0.015625,0.1085816350818142,0.011081569131596443,0.96875
268,0,0.16875,0.11459847157363279,0.01114099426317136,0.96875
269,0,0.325,0.1356386244162695,0.011348128815617569,0.96875
270,0,0.09375,0.13144976197464256,0.011306978499130892,0.96875
271,0,0.046875,0.1229922857771783,0.011223758432057813,0.96875
272,0,0.109375,0.12163055719946048,0.011210342849352491,0.96875
273,0,0.109375,0.12040500147951444,0.011198265041958469,0.96875
274,0,0.234375,0.131802001331563,0.011310440563900855,0.96875
275,0,0.46875001192092897,0.16549680239049958,0.011640022330657232,0.96875
276,0,0.21875001192092897,0.17082212334354252,0.011691797494836507,0.96875
277,0,0.25,0.17873991100918826,0.011768604668617507,0.96875
278,0,0.1875,0.17961591990826942,0.01177708942858638,0.96875
279,0,0.171875,0.17884182791744246,0.011769591940674534,0.96875
280,0,0.109375,0.1718951451256982,0.011702218698844498,0.96875
281,0,0.015625,0.1562681306131284,0.011550084253991436,0.96875
282,0,0.2,0.16064131755181554,0.011592736166175559,0.96875
283,0,0.04375,0.148952185796634,0.011478602865693759,0.96875
284,0,0.0625,0.1403069672169706,0.0113939346342813,0.96875
285,0,0.125,0.13877627049527358,0.011378921898137937,0.96875
286,0,0.23125,0.14802364344574623,0.011469519201755523,0.96875
287,0,0.23125,0.1563462791011716,0.011550846952415787,0.96875
288,0,0.15625,0.15633665119105444,0.01155075298880827,0.96875
289,0,0.078125,0.148515486071949,0.011474331067081091,0.96875
290,0,0.046875,0.13835143746475412,0.01137475410276925,0.96875
291,0,0.1375,0.1382662937182787,0.011373918747261052,0.96875
292,0,0.109375,0.13537716434645083,0.011345561643584197,0.96875
293,0,0.03125,0.12496444791180576,0.011243179992943964,0.96875
294,0,0.078125,0.12028050312062519,0.011197037916030697,0.96875
295,0,0.015625,0.10981495280856267,0.01109375640450727,0.96875
296,0,0.2,0.11883345752770641,0.011182772346151677,0.96875
297,0,0.16875,0.12382511177493577,0.01123196113139079,0.96875
298,0,0.09375,0.12081760059744219,0.011202331589260569,0.96875
299,0,0.16875,0.12561084053769797,0.011249543507202055,0.96875
300,0,0.0625,0.11929975648392818,0.011187369848904472,0.96875
301,0,0.04375,0.11174478083553537,0.011112819771369133,0.96875
302,0,0.03125,0.10369530275198183,0.011033252256966749,0.96875
303,0,0.015625,0.09488827247678364,0.01094604509896611,0.96875
304,0,0.015625,0.08696194522910528,0.010867433932252089,0.96875
305,0,0.0625,0.08451575070619474,0.010843150944680394,0.96875
306,0,0.075,0.08356417563557526,0.010833702086530336,0.96875
307,0,0.015625,0.07677025807201773,0.010766197931914603,0.96875
308,0,0.04375,0.07346823226481597,0.010733363334494051,0.96875
309,0,0.0625,0.07237140903833436,0.010722453218569383,0.96875
310,0,0.015625,0.06669676813450093,0.010665980445211385,0.96875
311,0,0.21875,0.08190209132105084,0.010817194495851177,0.96875
312,0,0.21875,0.09558688218894575,0.010952968211739534,0.96875
313,0,0.1312499761581421,0.09915319158586537,0.010988295275933695,0.96875
314,0,0.046875,0.09392537242727883,0.010936501411723842,0.96875
315,0,0.04375,0.08890783518455095,0.010886743131315314,0.96875
316,0,0.04375,0.08439205166609585,0.010841922735284067,0.96875
317,0,0.078125,0.08376534649948628,0.010835699779072531,0.96875
318,0,0.046875,0.08007631184953765,0.010799055941790517,0.96875
319,0,0.0,0.07206868066458388,0.01071944166962313,0.984375
320,0,0.03125,0.0679868125981255,0.010678822562064273,0.984375
321,0,0.046875,0.06587563133831295,0.010657805051883044,0.984375
322,0,0.09375,0.06866306820448166,0.01068555364624311,0.984375
323,0,0.09375,0.0711717613840335,0.010710518327615595,0.984375
324,0,0.15625,0.07967958524563015,0.010795113881605017,0.984375
325,0,0.21875,0.09358662672106713,0.010933143557447454,0.984375
326,0,0.1781249761581421,0.10204046166477462,0.011016877733740875,0.984375
327,0,0.09375,0.10121141549829715,0.011008672308923812,0.984375
328,0,0.015625,0.09265277394846744,0.010923885541526304,0.984375
329,0,0.090625,0.0924499965536207,0.010921875038298442,0.984375
330,0,0.121875,0.09539249689825863,0.010951041976244077,0.984375
331,0,0.171875,0.10304074720843276,0.011026776145482335,0.984375
332,0,0.140625,0.10679917248758948,0.011063949638539025,0.984375
333,0,0.1468749761581421,0.11080675285464475,0.011103554689505248,0.984375
334,0,0.109375,0.11066357756918029,0.011102140350671532,0.984375
335,0,0.090625,0.10865971981226226,0.011082340838094352,0.984375
336,0,0.090625,0.10685624783103603,0.011064513927681074,0.984375
337,0,0.046875,0.10085812304793243,0.011005175204618509,0.984375
338,0,0.09375,0.10014731074313918,0.010998138398836383,0.984375
339,0,0.046875,0.09482007966882526,0.01094536926979294,0.984375
340,0,0.015625,0.08690057170194274,0.010866824811738087,0.984375
341,0,0.03125,0.08133551453174846,0.010811566304358946,0.984375
342,0,0.0,0.07320196307857361,0.010730714911514696,0.984375
343,0,0.090625,0.07494426677071625,0.010748042695545745,0.984375
344,0,0.0,0.06744984009364463,0.01067347738639352,0.984375
345,0,0.0625,0.06695485608428017,0.010668549833515456,0.984375
346,0,0.03125,0.06338437047585216,0.010632996227724553,0.984375
347,0,0.03125,0.060170933428266946,0.010600984213245804,0.984375
348,0,0.121875,0.06634134008544025,0.010662441845406856,0.984375
349,0,0.046875,0.06439470607689622,0.010643058454239318,0.984375
350,0,0.090625,0.0670177354692066,0.01066917581428245,0.984375
351,0,0.078125,0.06812846192228594,0.010680232514537225,0.984375
352,0,0.125,0.07381561573005735,0.010736818397947502,0.984375
353,0,0.109375,0.07737155415705162,0.010772175317015234,0.984375
354,0,0.015625,0.07119689874134645,0.010710768431716944,0.984375
355,0,0.046875,0.06876470886721181,0.010686565268871415,0.984375
356,0,0.015625,0.06345073798049063,0.010633657240751816,0.984375
357,0,0.09375,0.06648066418244156,0.010663828959617464,0.984375
358,0,0.03125,0.0629575977641974,0.010628745486143492,0.984375
359,0,0.03125,0.05978683798777766,0.010597157043521415,0.984375
360,0,0.03125,0.0569331541889999,0.010568717197682341,0.984375
361,0,0.090625,0.06030233877009991,0.010602293510192007,0.984375
362,0,0.09375,0.06364710489308992,0.010635613000963573,0.984375
363,0,0.03125,0.06040739440378093,0.010603340248930185,0.984375
364,0,0.125,0.06686665496340283,0.010667671759358652,0.984375
365,0,0.125,0.07267998946706254,0.010725522848321132,0.984375
366,0,0.109375,0.07634949052035629,0.010762014823334312,0.984375
367,0,0.015625,0.07027704146832066,0.010701615733591512,0.984375
368,0,0.03125,0.06637433732148859,0.010662770369034043,0.984375
369,0,0.121875,0.07192440358933973,0.010718006351710458,0.984375
370,0,0.078125,0.07254446323040575,0.010724174706583066,0.984375
371,0,0.21875,0.08716501690736517,0.01086944933354704,0.984375
372,0,0.140625,0.09251101521662865,0.010922480035831605,0.984375
373,0,0.109375,0.09419741369496579,0.010939197896668204,0.984375
374,0,0.0,0.0847776723254692,0.010845751483283523,0.984375
375,0,0.015625,0.07786240509292228,0.010777054373835889,0.984375
376,0,0.03125,0.07320116458363006,0.010730706969199977,0.984375
377,0,0.15625,0.08150604812526706,0.010813260384809429,0.984375
378,0,0.203125,0.09366794331274035,0.010933949636547556,0.984375
379,0,0.278125,0.11211364898146631,0.011116462623685009,0.984375
380,0,0.109375,0.11183978408331968,0.011113758029028045,0.984375
381,0,0.090625,0.10971830567498772,0.011092801485006474,0.984375
382,0,0.059375,0.10468397510748895,0.011043032426572246,0.984375
383,0,0.046875,0.09890307759674005,0.010985818504194082,0.984375
384,0,0.0625,0.09526276983706605,0.010949756423342876,0.984375
385,0,0.0,0.08573649285335945,0.010855270329731681,0.984375
386,0,0.0625,0.0834128435680235,0.010832199265379929,0.984375
387,0,0.1875,0.09382155921122115,0.010935472374343832,0.984375
388,0,0.35312498807907106,0.11975190209800614,0.011191827319814995,0.984375
389,0,0.375,0.1452767118882055,0.011442632296665707,0.984375
390,0,0.40625,0.17137404069938497,0.01169715819869082,0.984375
391,0,0.48437501192092897,0.20267413782153937,0.011999439197616233,0.984375
392,0,0.1781249761581421,0.20021922165519965,0.011975859925394045,0.984375
393,0,0.046875,0.1848847994896797,0.011828066085008221,0.984375
394,0,0.0625,0.17264631954071175,0.011709511852644341,0.984375
395,0,0.15625,0.1710066875866406,0.011693590255683301,0.984375
396,0,0.21875,0.17578101882797653,0.011739926353189906,0.984375
397,0,0.15625,0.17382791694517888,0.011720980191137485,0.984375
398,0,0.046875,0.161132625250661,0.01159752423274687,0.984375
399,0,0.03125,0.1481443627255949,0.011470700304427857,0.984375
400,0,0.0625,0.1395799264530354,0.011386804773253701,0.984375
401,0,0.109375,0.13655943380773186,0.011357168432203859,0.984375
402,0,0.184375,0.1413409904269587,0.011404072485268882,0.984375
403,0,0.1875,0.14595689138426282,0.011449291878991835,0.984375
404,0,0.203125,0.15167370224583654,0.011505212260751557,0.984375
405,0,0.203125,0.1568188320212529,0.011555458488369384,0.984375
406,0,0.171875,0.1583244488191276,0.011570146928704282,0.984375
407,0,0.171875,0.15967950393721483,0.011583360590356606,0.984375
408,0,0.125,0.15621155354349336,0.011549532072571827,0.984375
409,0,0.078125,0.14840289818914404,0.01147322964266369,0.984375
410,0,0.125,0.14606260837022966,0.011450326827698625,0.984375
411,0,0.125,0.14395634753320669,0.011429700990112406,0.984375
412,0,0.125,0.14206071277988602,0.011411127107209358,0.984375
413,0,0.234375,0.15129214150189743,0.01150148288814635,0.984375
414,0,0.265625,0.16272542735170767,0.011613041795704828,0.984375
415,0,0.1875,0.1652028846165369,0.01163716206940359,0.984375
416,0,0.278125,0.1764950961548832,0.011746850089297399,0.984375
417,0,0.109375,0.1697830865393949,0.01168170274684028,0.984375
418,0,0.153125,0.1681172778854554,0.011665511250764784,0.984375
419,0,0.046875,0.1559930500969099,0.011547399429695578,0.984375
420,0,0.109375,0.1513312450872189,0.011501865106044071,0.984375
421,0,0.171875,0.153385620578497,0.011521939254360123,0.984375
422,0,0.15625,0.1536720585206473,0.011524737164138116,0.984375
423,0,0.03125,0.14142985266858257,0.011404943578338298,0.984375
424,0,0.046875,0.13197436740172433,0.011312134586681396,0.984375
425,0,0.0625,0.1250269306615519,0.011243795158975108,0.984375
426,0,0.015625,0.11408673759539671,0.01113594324991295,0.984375
427,0,0.0625,0.10892806383585704,0.011084992765769805,0.984375
428,0,0.046875,0.10272275745227134,0.011023629669975266,0.984375
429,0,0.125,0.10495048170704421,0.011045668425534694,0.984375
430,0,0.046875,0.0991429335363398,0.010988193697267423,0.984375
431,0,0.0625,0.09547864018270583,0.010951895610597931,0.984375
432,0,0.03125,0.08905577616443525,0.010888210889051364,0.984375
433,0,0.215625,0.10171269854799173,0.011013633886601393,0.984375
434,0,0.015625,0.09310392869319255,0.01092835839326763,0.984375
435,0,0.015625,0.08535603582387329,0.01085149346667227,0.984375
436,0,0.078125,0.08463293224148596,0.010844314418056125,0.984375
437,0,0.015625,0.07773213901733736,0.010775759565622321,0.984375
438,0,0.03125,0.07308392511560363,0.010729540824333236,0.984375
439,0,0.0625,0.07202553260404326,0.01071901242101321,0.984375
440,0,0.121875,0.07701047934363894,0.01076858599821838,0.984375
441,0,0.0,0.06930943140927505,0.01069198661431601,0.984375
442,0,0.0625,0.06862848826834755,0.010685209471266974,0.984375
443,0,0.03125,0.0648906394415128,0.010647997121935924,0.984375
444,0,0.03125,0.06152657549736151,0.010614490561919668,0.984375
445,0,0.03125,0.058498917947625365,0.01058432278992815,0.984375
446,0,0.059375,0.058586526152862826,0.010585195876274522,0.984375
447,0,0.015625,0.05429037353757655,0.010542370970579818,0.984375
448,0,0.090625,0.0579238361838189,0.010578591415524849,0.984375
449,0,0.046875,0.05681895256543701,0.010567578867787144,0.984375
450,0,0.109375,0.0620745573088933,0.010619949503950546,0.984375
451,0,0.078125,0.06367960157800397,0.010635936654265384,0.984375
452,0,0.03125,0.060436641420203566,0.010603631653931815,0.984375
453,0,0.309375,0.0853304772781832,0.010851239733762896,0.984375
454,0,0.046875,0.08148492955036488,0.010813050595466734,0.984375
455,0,0.046875,0.07802393659532839,0.010778659915203248,0.984375
456,0,0.0625,0.07647154293579556,0.010763228249021125,0.984375
457,0,0.090625,0.077886888642216,0.010777297730516031,0.984375
458,0,0.015625,0.0716606997779944,0.010715382858789228,0.984375
459,0,0.015625,0.06605712980019496,0.010659612161332512,0.984375
460,0,0.246875,0.08413891682017546,0.010839409276367524,0.984375
461,0,0.125,0.08822502513815791,0.010879968311972058,0.984375
462,0,0.059375,0.08534002262434212,0.010851334495483032,0.984375
463,0,0.03125,0.07993102036190791,0.010797612286886096,0.984375
464,0,0.015625,0.07350041832571712,0.010733683463310858,0.984375
465,0,0.015625,0.0677128764931454,0.010676095773354606,0.984375
466,0,0.0,0.060941588843830864,0.010608662575568348,0.984375
467,0,0.015625,0.05640992995944778,0.01056350172379295,0.984375
468,0,0.0625,0.057018936963503006,0.010569572246702187,0.984375
469,0,0.015625,0.05287954326715271,0.010528303102613174,0.984375
470,0,0.0,0.04759158894043744,0.010475556904589354,0.984375
471,0,0.0,0.0428324300463937,0.010428062555519485,0.984375
472,0,0.0625,0.044799187041754326,0.010447692409161576,0.984375
473,0,0.015625,0.041881768337578895,0.010418572974810929,0.984375
474,0,0.0,0.037693591503821004,0.010376757498726737,0.984375
475,0,0.03125,0.037049232353438905,0.01037032289833662,0.984375
476,0,0.046875,0.03803180911809501,0.010380134830833752,0.984375
477,0,0.0,0.034228628206285514,0.010342152670590807,1.0
478,0,0.2874999761581421,0.05955576300147117,0.010594854501980944,1.0
479,0,0.203125,0.07391268670132406,0.010737783830755854,1.0
480,0,0.140625,0.08058391803119165,0.010804099388441497,1.0
481,0,0.140625,0.08658802622807248,0.01086372275726489,1.0
482,0,0.109375,0.08886672360526524,0.010886335246694214,1.0
483,0,0.109375,0.09091755124473871,0.010906678685695611,1.0
484,0,0.234375,0.10526329612026483,0.011048762264536062,1.0
485,0,0.34375,0.12911196650823833,0.011283992903748746,1.0
486,0,0.25,0.1412007698574145,0.01140269789587668,1.0
487,0,0.1624999761581421,0.14333069048748726,0.01142357175930441,1.0
488,0,0.125,0.1414976214387385,0.011405607883063678,1.0
489,0,0.078125,0.13516035929486467,0.011343432784335687,1.0
490,0,0.140625,0.1357068233653782,0.011348798404124462,1.0
491,0,0.234375,0.14557364102884038,0.011445539666911872,1.0
492,0,0.21875,0.15289127692595636,0.01151710995966625,1.0
493,0,0.21875,0.15947714923336073,0.011581387711080532,1.0
494,0,0.3499999761581421,0.17852943192583887,0.011766565638977796,1.0
495,0,0.1875,0.17942648873325498,0.011775254878352896,1.0
496,0,0.0625,0.16773383985992948,0.011661782995535315,1.0
497,0,0.0625,0.15721045587393653,0.011559279742450928,1.0
498,0,0.0625,0.1477394102865429,0.011466738133849299,1.0
499,0,0.2625,0.1592154692578886,0.011578836246390485,1.0
500,0,0.0625,0.14954392233209976,0.011484390354627875,1.0
501,0,0.075,0.1420895300988898,0.011411409540916533,1.0
502,0,0.046875,0.13256807708900084,0.011317969009522281,1.0
503,0,0.09375,0.12868626938010075,0.0112798058858979,1.0
504,0,0.171875,0.13300514244209066,0.011322263495299715,1.0
505,0,0.234375,0.14314212819788158,0.01142172430005292,1.0
506,0,0.31250001192092897,0.16007791657018633,0.01158724458819368,1.0
507,0,0.1875,0.1628201249131677,0.011613964117833268,1.0
508,0,0.3125,0.1777881124218509,0.011759382852195795,1.0
509,0,0.25,0.18500930117966582,0.011829269468219562,1.0
510,0,0.28125001192092897,0.19463337225379213,0.011922123410194963,1.0
511,0,0.7,0.2451700350284129,0.012403730817703676,1.0
512,0,0.2249999761581421,0.2431530291413858,0.012384716976300277,1.0
513,0,0.0625,0.22508772622724724,0.01221361897064898,1.0
514,0,0.1375,0.21632895360452253,0.01213016346412711,1.0
515,0,0.046875,0.1993835582440703,0.01196782821186422,1.0
516,0,0.015625,0.18100770241966327,0.011790564380774356,1.0
517,0,0.109375,0.17384443217769693,0.011721140451570479,1.0
518,0,0.0625,0.16270998895992725,0.011612891428333659,1.0
519,0,0.078125,0.15425149006393452,0.0115303962713642,1.0
520,0,0.1375,0.1525763410575411,0.01151403294041837,1.0
521,0,0.2625,0.163568706951787,0.011621254059447202,1.0
522,0,0.0625,0.1534618362566083,0.011522683748673369,1.0
523,0,0.03125,0.14124065263094748,0.01140308887424401,1.0
524,0,0.109375,0.13805408736785274,0.011371836680274035,1.0
525,0,0.09375,0.13362367863106747,0.011328340215742454,1.0
526,0,0.015625,0.12182381076796073,0.011212247030183017,1.0
527,0,0.03125,0.11276642969116465,0.011122908591697156,1.0
528,0,0.015625,0.10305228672204819,0.011026890323907761,1.0
529,0,0.0625,0.09899705804984338,0.010986749166721288,1.0
530,0,0.03125,0.09222235224485904,0.0109196178943147,1.0
531,0,0.015625,0.08456261702037314,0.01084361627424032,1.0
532,0,0.03125,0.07923135531833583,0.010790659761257,1.0
533,0,0.046875,0.07599571978650226,0.01075849756360933,1.0
534,0,0.078125,0.07620864780785203,0.010760614559456077,1.0
535,0,0.0625,0.07483778302706681,0.010746983808166959,1.0
536,0,0.1375,0.08110400472436013,0.010809266411273341,1.0
537,0,0.078125,0.08080610425192412,0.010806306845150186,1.0
538,0,0.046875,0.07741299382673171,0.01077258724153383,1.0
539,0,0.09375,0.07904669444405854,0.0107888246696847,1.0
540,0,0.0625,0.0773920249996527,0.01077237880453591,1.0
541,0,0.2249999761581421,0.09215282011550163,0.010918928448925534,1.0
542,0,0.078125,0.09075003810395148,0.010905017299759815,1.0
543,0,0.125,0.09417503429355632,0.01093897607625855,1.0
544,0,0.109375,0.0956950308642007,0.01095403986593842,1.0
545,0,0.015625,0.08768802777778062,0.010874639669161202,1.0
546,0,0.03125,0.08204422500000257,0.010818606324448322,1.0
547,0,0.046875,0.07852730250000231,0.0107836628580949,1.0
548,0,0.078125,0.07848707225000208,0.010783263024984748,1.0
549,0,0.109375,0.08157586502500187,0.010813953932230674,1.0
550,0,0.15625,0.08904327852250168,0.010888086898456597,1.0
551,0,0.2249999761581421,0.10263894828606573,0.011022800352873266,1.0
552,0,0.1875,0.11112505345745916,0.011106698821289469,1.0
553,0,0.078125,0.10782504811171324,0.011074091156321075,1.0
554,0,0.03125,0.10016754330054192,0.010998338708276099,1.0
555,0,0.0625,0.09640078897048773,0.0109610327374524,1.0
556,0,0.140625,0.10082321007343896,0.011004829601188178,1.0
557,0,0.2562499761581421,0.11636588668190927,0.011158434784919161,1.0
558,0,0.171875,0.12191679801371834,0.011213163227435928,1.0
559,0,0.10625,0.12035011821234651,0.011197724086083905,1.0
560,0,0.046875,0.11300260639111186,0.011125240516729529,1.0
561,0,0.046875,0.10638984575200067,0.01105990253048577,1.0
562,0,0.046875,0.1004383611768006,0.011001019822603526,1.0
563,0,0.0625,0.09664452505912055,0.01096344753065391,1.0
564,0,0.0625,0.0932300725532085,0.010929608945516525,1.0
565,0,0.31250001192092897,0.11515706648998056,0.011146507138716793,1.0
566,0,0.078125,0.11145385984098251,0.011109946495204935,1.0
567,0,0.03125,0.10343347385688426,0.011030661851115946,1.0
568,0,0.0,0.09309012647119583,0.010928221560415887,1.0
569,0,0.046875,0.08846861382407624,0.010882385284826199,1.0
570,0,0.046875,0.08430925244166862,0.010841100606400218,1.0
571,0,0.075,0.08337832719750175,0.010831856491140875,1.0
572,0,0.075,0.08254049447775157,0.010823535562743831,1.0
573,0,0.046875,0.07897394502997641,0.010788101698187528,1.0
574,0,0.015625,0.07263905052697876,0.010725115612668808,1.0
575,0,0.0625,0.0716251454742809,0.010715029134424514,1.0
576,0,0.09375,0.0738376309268528,0.010737037354352236,1.0
577,0,0.075,0.07395386783416752,0.010738193399247739,1.0
578,0,0.03125,0.06968348105075077,0.010695709103007447,1.0
579,0,0.10625,0.07334013294567569,0.010732089218800535,1.0
580,0,0.1875,0.08475611965110813,0.010845537497803141,1.0
581,0,0.0625,0.08253050768599732,0.010823436372059738,1.0
582,0,0.1375,0.08802745691739759,0.01087800789428854,1.0
583,0,0.03125,0.08234971122565783,0.010821640639600102,1.0
584,0,0.015625,0.07567724010309204,0.01075533101311627,1.0
585,0,0.10625,0.07873451609278284,0.01078572223499586,1.0
586,0,0.15625,0.08648606448350456,0.010862710737429691,1.0
587,0,0.125,0.0903374580351541,0.010900925139136982,1.0
588,0,0.03125,0.0844287122316387,0.01084228674119068,1.0
589,0,0.0625,0.08223584100847484,0.010820509614153774,1.0
590,0,0.109375,0.08494975690762736,0.010847459995088472,1.0
591,0,0.3812499761581421,0.11457977883267882,0.011140809768916307,1.0
592,0,0.40625001192092897,0.14374680214150382,0.01142764830674901,1.0
593,0,0.25,0.15437212192735345,0.011531574314901774,1.0
594,0,0.171875,0.1561224097346181,0.011548662026338384,1.0
595,0,0.140625,0.1545726687611563,0.011533532680392351,1.0
596,0,0.03125,0.14224040188504067,0.011412888172460675,1.0
597,0,0.046875,0.1327038616965366,0.011319303245351133,1.0
598,0,0.109375,0.13037097552688295,0.011296373421027543,1.0
599,0,0.03125,0.12045887797419466,0.011198796067678722,1.0
600,0,0.03125,0.1115379901767752,0.011110777426102262,1.0
601,0,0.0625,0.10663419115909767,0.011062318472338906,1.0
602,0,0.10625,0.1065957720431879,0.011061938615305801,1.0
603,0,0.0625,0.10218619483886912,0.01101831997470076,1.0
604,0,0.046875,0.0966550753549822,0.010963552054194959,1.0
605,0,0.03125,0.09011456781948399,0.01089871428386463,1.0
606,0,0.078125,0.08891561103753559,0.010886820278366236,1.0
607,0,0.4749999761581421,0.12752404754959623,0.011268372332767744,1.0
608,0,0.328125,0.1475841427946366,0.01146521882736002,1.0
609,0,0.15625,0.14845072851517296,0.011473697561505777,1.0
610,0,0.03125,0.13673065566365566,0.011358849074233433,1.0
611,0,0.075,0.1305575900972901,0.011298208160176917,1.0
612,0,0.29375,0.14687683108756108,0.011458296844433054,1.0
613,0,0.28125001192092897,0.16031414917089787,0.011589547312664065,1.0
614,0,0.40625001192092897,0.18490773544590097,0.011828287778844274,1.0
615,0,0.3499999761581421,0.2014169595171251,0.011987366975746039,1.0
616,0,0.2249999761581421,0.2037752611812268,0.01201000789773234,1.0
617,0,0.075,0.19089773506310412,0.011886121508088033,1.0
618,0,0.1375,0.18555796155679372,0.011834571945071806,1.0
619,0,0.2,0.18700216540111433,0.01184852420809196,1.0
620,0,0.109375,0.1792394488610029,0.011773443365676085,1.0
621,0,0.09375,0.17069050397490262,0.011690518944503767,1.0
622,0,0.0625,0.15987145357741236,0.011585231907496283,1.0
623,0,0.03125,0.14700930821967112,0.011459593417717748,1.0
624,0,0.0625,0.13855837739770402,0.011376784333722736,1.0
625,0,0.046875,0.12939003965793364,0.01128672769334127,1.0
626,0,0.0625,0.12270103569214028,0.011220889446199358,1.0
627,0,0.015625,0.11199343212292624,0.011115275424067667,1.0
628,0,0.075,0.1082940889106336,0.01107872721849409,1.0
629,0,0.078125,0.10527718001957025,0.011048899576235907,1.0
630,0,0.078125,0.10256196201761322,0.011022038537883434,1.0
631,0,0.0625,0.0985557658158519,0.010982379021843236,1.0
632,0,0.0625,0.09495018923426671,0.010946658721387772,1.0
633,0,0.046875,0.09014267031084004,0.010898993038271377,1.0
634,0,0.015625,0.08269090327975603,0.010825029431360766,1.0
635,0,0.140625,0.08848431295178043,0.010882541053547412,1.0
636,0,0.078125,0.08744838165660239,0.010872261490945064,1.0
637,0,0.10625,0.08932854349094214,0.010890916977566303,1.0
638,0,0.2,0.10039568914184793,0.011000597376361268,1.0
639,0,0.015625,0.09191862022766313,0.010916606176640586,1.0
640,0,0.03125,0.08585175820489682,0.010856414540447508,1.0
641,0,0.075,0.08476658238440714,0.010845641377028209,1.0
642,0,0.046875,0.08097742414596643,0.010808008882529875,1.0
643,0,0.015625,0.07444218173136978,0.010743049753112202,1.0
644,0,0.078125,0.0748104635582328,0.010746712137309145,1.0
645,0,0.078125,0.07514191720240952,0.010750008110895035,1.0
646,0,0.03125,0.07075272548216857,0.010706348999159612,1.0
647,0,0.03125,0.06680245293395172,0.010667032598359081,1.0
648,0,0.03125,0.06324720764055655,0.010631630083417241,1.0
649,0,0.046875,0.0616099868765009,0.010615321521847585,1.0
650,0,0.0625,0.061698988188850806,0.01061620816034031,1.0
651,0,0.125,0.06802908936996573,0.010679243380460796,1.0
652,0,0.046875,0.06591368043296915,0.01065818389546841,1.0
653,0,0.1375,0.07307231238967224,0.010729425315039967,1.0
654,0,0.03125,0.06889008115070502,0.010687813071262445,1.0
655,0,0.03125,0.06512607303563452,0.010650341536204398,1.0
656,0,0.078125,0.06642596573207106,0.010663284383527451,1.0
657,0,0.234375,0.08322086915886395,0.010830292786149203,1.0
658,0,0.203125,0.09521128224297756,0.01094924618928021,1.0
659,0,0.140625,0.0997526540186798,0.010994230996744007,1.0
660,0,0.125,0.10227738861681182,0.011019222447524925,1.0
661,0,0.046875,0.09673714975513063,0.010964365171709692,1.0
662,0,0.140625,0.10112593477961757,0.01100782619142148,1.0
663,0,0.2,0.1110133413016558,0.011105595368400752,1.0
664,0,0.203125,0.12022450717149022,0.011196485976498588,1.0
665,0,0.140625,0.12226455645434119,0.011216589485283708,1.0
666,0,0.0625,0.11628810080890706,0.011157667357915164,1.0
667,0,0.09375,0.11403429072801635,0.011135425545726354,1.0
668,0,0.078125,0.11044336165521472,0.01109996488868777,1.0
669,0,0.015625,0.10096152548969324,0.011006198770846895,1.0
670,0,0.0625,0.09711537294072392,0.010968112091956576,1.0
671,0,0.140625,0.10146633564665153,0.011011195509392103,1.0
672,0,0.15625,0.10694470208198638,0.011065388438407436,1.0
673,0,0.03125,0.09937523187378774,0.010990493943242233,1.0
674,0,0.09375,0.09881270868640897,0.010984923589515872,1.0
675,0,0.046875,0.09361893781776807,0.010933463853937593,1.0
676,0,0.075,0.09175704403599126,0.010915003966105327,1.0
677,0,0.15625,0.09820633963239214,0.010978918363377587,1.0
678,0,0.16875,0.10526070566915294,0.011048736644942292,1.0
679,0,0.10625,0.10535963510223764,0.011049715048379564,1.0
680,0,0.0,0.09482367159201388,0.010945404867994281,1.0
681,0,0.078125,0.0931538044328125,0.0109288528498368,1.0
682,0,0.234375,0.10727592398953126,0.011068662946386065,1.0
683,0,0.34375,0.13092333159057812,0.01130180376418836,1.0
684,0,0.28125,0.1459559984315203,0.011449283137023264,1.0
685,0,0.0625,0.13761039858836827,0.011367483027154955,1.0
686,0,0.03125,0.12697435872953144,0.011262963500201562,1.0
687,0,0.078125,0.1220894228565783,0.011214864033908516,1.0
688,0,0.1375,0.12363048057092046,0.011230044313141,1.0
689,0,0.203125,0.13157993251382843,0.011308257947110519,1.0
690,0,0.109375,0.12935943926244559,0.011286426754611594,1.0
691,0,0.125,0.128923495336201,0.01128213921926137,1.0
692,0,0.15625,0.1316561458025809,0.01130900702832725,1.0
693,0,0.109375,0.1294280312223228,0.01128710131701619,1.0
694,0,0.015625,0.11804772810009051,0.01117502425306096,1.0
695,0,0.1375,0.11999295529008146,0.011194203542964748,1.0
696,0,0.046875,0.1126811597610733,0.011122066636224153,1.0
697,0,0.078125,0.10922554378496598,0.011087932450675535,1.0
698,0,0.109375,0.10924048940646938,0.011088080137691119,1.0
699,0,0.09375,0.10769144046582244,0.011072770474854846,1.0
700,0,0.09375,0.10629729641924018,0.011058987425114932,1.0
701,0,0.2625,0.12191756677731616,0.011213170801927262,1.0
702,0,0.03125,0.11285081009958454,0.011123741748159372,1.0
703,0,0.078125,0.10937822908962609,0.011089441206861148,1.0
704,0,0.03125,0.10156540618066348,0.011012176074781577,1.0
705,0,0.03125,0.09453386556259714,0.010942532631669501,1.0
706,0,0.046875,0.08976797900633743,0.010895276282322959,1.0
707,0,0.046875,0.08547868110570368,0.01085271101448212,1.0
708,0,0.03125,0.08005581299513331,0.010798852261745052,1.0
709,0,0.015625,0.07361273169561998,0.010734800542067801,1.0
710,0,0.0625,0.072501458526058,0.01072374691349901,1.0
711,0,0.03125,0.0683763126734522,0.010682699511948142,1.0
712,0,0.109375,0.07247618140610698,0.010723495465879347,1.0
713,0,0.046875,0.06991606326549628,0.010698023630423237,1.0
714,0,0.078125,0.07073695693894665,0.010706192100290857,1.0
715,0,0.075,0.07116326124505197,0.010710433755292572,1.0
716,0,0.075,0.07154693512054677,0.010714251025172023,1.0
717,0,0.0625,0.07064224160849208,0.010705249664207944,1.0
718,0,0.1375,0.07732801744764288,0.010771742544363373,1.0
719,0,0.046875,0.07428271570287859,0.010741463878534696,1.0
720,0,0.046875,0.07154194413259073,0.010714201369892271,1.0
721,0,0.03125,0.06751274971933166,0.010674103626593143,1.0
722,0,0.09375,0.0701364747473985,0.010700216972198978,1.0
723,0,0.03125,0.06624782727265865,0.010661510815129586,1.0
724,0,0.046875,0.0643105445453928,0.01064222031467298,1.0
725,0,0.015625,0.05944199009085352,0.010593720791082709,1.0
726,0,0.0,0.05349779108176817,0.01053446812305636,1.0
727,0,0.109375,0.059085511973591354,0.01059016850088657,1.0
728,0,0.0625,0.05942696077623222,0.01059357102759279,1.0
729,0,0.03125,0.056609264698608996,0.010565488719279677,1.0
730,0,0.015625,0.0525108382287481,0.010524626271486785,1.0
731,0,0.03125,0.0503847544058733,0.010503421616826405,1.0
732,0,0.109375,0.05628377896528596,0.010562244210644216,1.0
733,0,0.2249999761581421,0.07315539868457158,0.01073025175227829,1.0
734,0,0.1875,0.08458985881611442,0.010843886752809008,1.0
735,0,0.171875,0.09331837293450297,0.010930484311463066,1.0
736,0,0.15625,0.09961153564105267,0.010992833742857895,1.0
737,0,0.03125,0.09277538207694741,0.01092510114364066,1.0
738,0,0.015625,0.08506034386925267,0.010848557912183003,1.0
739,0,0.015625,0.0781168094823274,0.010779583006407373,1.0
740,0,0.046875,0.07499262853409465,0.01074852360527047,1.0
741,0,0.078125,0.07530586568068519,0.010751638353315917,1.0
742,0,0.29375,0.09715027911261667,0.010968457880957213,1.0
743,0,0.171875,0.104622751201355,0.011042426844295145,1.0
744,0,0.171875,0.1113479760812195,0.01110890069000073,1.0
745,0,0.09375,0.10958817847309756,0.011091515734697804,1.0
746,0,0.0625,0.10487936062578779,0.011044964986030636,1.0
747,0,0.03125,0.09751642456320901,0.010972084865517087,1.0
748,0,0.0625,0.0940147821068881,0.010937387659555929,1.0
749,0,0.125,0.0971133038961993,0.010968091595426567,1.0
750,0,0.078125,0.09521447350657937,0.010949277814351994,1.0
751,0,0.015625,0.08725552615592143,0.010870347576986048,1.0
752,0,0.03125,0.08165497354032929,0.010814739771216938,1.0
753,0,0.078125,0.08130197618629637,0.01081123312896683,1.0
754,0,0.075,0.08067177856766672,0.010804972306787055,1.0
755,0,0.109375,0.08354210071090006,0.010833482871218056,1.0
756,0,0.0625,0.08143789063981005,0.010812583314087573,1.0
757,0,0.03125,0.07641910157582905,0.010762706888135461,1.0
758,0,0.015625,0.07033969141824614,0.010702239146314177,1.0
759,0,0.015625,0.06486822227642153,0.010647773891258146,1.0
760,0,0.0625,0.06463140004877937,0.010645415570168968,1.0
761,0,0.046875,0.06285576004390143,0.010627731128306887,1.0
762,0,0.046875,0.06125768403951129,0.01061181175644865,1.0
763,0,0.1375,0.06888191563556016,0.010687731802365114,1.0
764,0,0.015625,0.06355622407200415,0.010634707859147153,1.0
765,0,0.015625,0.05876310166480374,0.010586955566289738,1.0
766,0,0.109375,0.06382429149832336,0.010637377688715434,1.0
767,0,0.015625,0.059004362348491025,0.010589359827196632,1.0
768,0,0.078125,0.060916426113641925,0.01060841188008655,1.0
769,0,0.078125,0.06263728350227774,0.010625554942068875,1.0
770,0,0.015625,0.05793605515204996,0.010578713196069069,1.0
771,0,0.03125,0.05526744963684496,0.010552112469950579,1.0
772,0,0.10625,0.060365704673160464,0.010602924868166715,1.0
773,0,0.03125,0.057454134205844415,0.010573909992984852,1.0
774,0,0.078125,0.059521220785259975,0.01059451030139453,1.0
775,0,0.046875,0.05825659870673398,0.01058190783695406,1.0
776,0,0.075,0.05993093883606058,0.010598592901052318,1.0
777,0,0.046875,0.05862534495245452,0.01058558273402529,1.0
778,0,0.046875,0.05745031045720907,0.010573871881433968,1.0
779,0,0.03125,0.05483027941148816,0.010547753988955657,1.0
780,0,0.015625,0.05090975147033935,0.010508658143416125,1.0
781,0,0.0625,0.052068776323305414,0.010520217717467814,1.0
782,0,0.0,0.046861898690974874,0.010468276253005414,1.0
783,0,0.075,0.049675708821877385,0.010496348879289082,1.0
784,0,0.015625,0.04627063793968965,0.010462376448152564,1.0
785,0,0.015625,0.04320607414572069,0.010431792090124892,1.0
786,0,0.046875,0.04357296673114862,0.01043545411729341,1.0
787,0,0.16875,0.056090670058033754,0.010560319205225821,1.0
788,0,0.09375,0.05985660305223038,0.010597852203470705,1.0
789,0,0.078125,0.06168344274700734,0.010616053296053394,1.0
790,0,0.140625,0.0695775984723066,0.01069465539429988,1.0
791,0,0.1375,0.07636983862507594,0.010762217122521345,1.0
792,0,0.03125,0.07185785476256835,0.01071734429109267,1.0
793,0,0.0,0.06467206928631151,0.010645820567358131,1.0
794,0,0.015625,0.05976736235768037,0.01059696298148899,1.0
795,0,0.015625,0.05535312612191234,0.01055296661909808,1.0
796,0,0.10625,0.0604428135097211,0.010603693149910928,1.0
797,0,0.109375,0.06533603215874899,0.010652432218760045,1.0
798,0,0.015625,0.06036492894287409,0.010602917139062713,1.0
799,0,0.078125,0.062140936048586684,0.010620610737442296,1.0
800,0,0.03125,0.05905184244372802,0.01058983297762724,1.0
801,0,0.0,0.05314665819935522,0.01053096675899386,1.0
802,0,0.015625,0.0493944923794197,0.010493543603892432,1.0
803,0,0.015625,0.04601754314147773,0.010459850881632711,1.0
804,0,0.03125,0.044540788827329966,0.010445113576278513,1.0
805,0,0.03125,0.04321170994459697,0.010431848343023646,1.0
806,0,0.015625,0.04045303895013728,0.010404309869483899,1.0
807,0,0.046875,0.041095235055123545,0.010410721165432442,1.0
808,0,0.078125,0.044798211549611194,0.010447682673791361,1.0
809,0,0.0625,0.04656839039465008,0.010465347566001197,1.0
810,0,0.0625,0.04816155135518507,0.010481243484037514,1.0
811,0,0.03125,0.04647039621966656,0.010464369741843242,1.0
812,0,0.078125,0.0496358565976999,0.010495951338069359,1.0
813,0,0.015625,0.046234770937929916,0.010462018544349303,1.0
814,0,0.0,0.04161129384413693,0.010415872938177678,1.0
815,0,0.015625,0.039012664459723234,0.01038992884232844,1.0
816,0,0.03125,0.03823639801375091,0.010382177747513288,1.0
817,0,0.03125,0.037537758212375816,0.010375201368683187,1.0
818,0,0.03125,0.03690898239113824,0.010368922314823122,1.0
819,0,0.03125,0.03634308415202442,0.010363270917132584,1.0
820,0,0.0625,0.03895877573682198,0.010389390773317722,1.0
821,0,0.109375,0.04600039816313978,0.01045967979426703,1.0
822,0,0.046875,0.0460878583468258,0.010460552544510988,1.0
823,0,0.046875,0.04616657251214322,0.010461338013719552,1.0
824,0,0.046875,0.046237415260928894,0.01046204493113005,1.0
825,0,0.0625,0.04786367373483601,0.010478271564024371,1.0
826,0,0.21875,0.06495230636135241,0.01064861119928406,1.0
827,0,0.125,0.07095707572521717,0.010708382276588569,1.0
828,0,0.15625,0.07948636815269546,0.010793193896505092,1.0
829,0,0.2874999761581421,0.10028772895324012,0.010999528571854902,1.0
830,0,0.125,0.1027589560579161,0.01102398786175034,1.0
831,0,0.109375,0.1034205604521245,0.011030534088642619,1.0
832,0,0.09375,0.10245350440691205,0.011020965278962043,1.0
833,0,0.046875,0.09689565396622084,0.01096593544891027,1.0
834,0,0.03125,0.09033108856959876,0.010900861961433105,1.0
835,0,0.046875,0.08598547971263888,0.01085774193256689,1.0
836,0,0.078125,0.085199431741375,0.010849938759568386,1.0
837,0,0.09375,0.08605448856723749,0.010858426939929219,1.0
838,0,0.078125,0.08526153971051374,0.010850555349349934,1.0
839,0,0.203125,0.09704788573946237,0.010967443540754337,1.0
840,0,0.0625,0.09359309716551614,0.0109332076984348,1.0
841,0,0.03125,0.08735878744896454,0.0108713723586092,1.0
842,0,0.0625,0.08487290870406808,0.01084669702723466,1.0
843,0,0.03125,0.07951061783366127,0.010793434867166623,1.0
844,0,0.046875,0.07624705605029514,0.010760996418715396,1.0
845,0,0.0625,0.07487235044526563,0.010747327552651792,1.0
846,0,0.015625,0.06894761540073907,0.010688385689626597,1.0
847,0,0.046875,0.06674035386066517,0.010666414368055684,1.0
848,0,0.03125,0.06319131847459865,0.0106310734195281,1.0
849,0,0.09375,0.06624718662713878,0.010661504436708547,1.0
850,0,0.03125,0.0627474679644249,0.01062665246739386,1.0
851,0,0.09375,0.06584772116798242,0.010657527157363575,1.0
852,0,0.015625,0.06082544905118418,0.010607505472099946,1.0
853,0,0.10625,0.06536790414606576,0.010652749581285297,1.0
854,0,0.078125,0.06664361373145919,0.01066545125686514,1.0
855,0,0.078125,0.06779175235831326,0.010676880922358505,1.0
856,0,0.03125,0.06413757712248194,0.010640497755314612,1.0
857,0,0.03125,0.06084881941023375,0.010607738312846575,1.0
858,0,0.10625,0.06538893746921037,0.010652959018037094,1.0
859,0,0.125,0.07135004372228934,0.01071229212817063,1.0
860,0,0.125,0.07671503935006041,0.010765648984039337,1.0
861,0,0.2874999761581421,0.09779353303086857,0.010974829690848708,1.0
862,0,0.125,0.10051417972778172,0.01100177040508801,1.0
863,0,0.109375,0.10140026175500355,0.011010541522270554,1.0
864,0,0.075,0.0987602355795032,0.010984403946043844,1.0
865,0,0.03125,0.09200921202155288,0.01091750447589531,1.0
866,0,0.015625,0.08437079081939759,0.010841711633480116,1.0
867,0,0.078125,0.08374621173745783,0.010835509767508952,1.0
868,0,0.03125,0.07849659056371205,0.010783357624101852,1.0
869,0,0.046875,0.07533443150734084,0.010751922397116968,1.0
870,0,0.015625,0.06936348835660676,0.010692524593283941,1.0
871,0,0.03125,0.06555213952094609,0.010654584063013957,1.0
872,0,0.03125,0.062121925568851474,0.010620421364624783,1.0
873,0,0.109375,0.06684723301196632,0.010667478405396166,1.0
874,0,0.109375,0.07110000971076968,0.010709804429529549,1.0
875,0,0.078125,0.07180250873969272,0.010716793676689738,1.0
876,0,0.0625,0.07087225786572346,0.01070753834913146,1.0
877,0,0.015625,0.06534753207915112,0.010652546728363561,1.0
878,0,0.03125,0.061937778871236,0.010618586964935459,1.0
879,0,0.10625,0.0663690009841124,0.010662717240047881,1.0
880,0,0.171875,0.07691960088570116,0.01076768257574386,1.0
881,0,0.28125001192092897,0.09735264198922394,0.010970462490579536,1.0
882,0,0.1624999761581421,0.10386737540611576,0.011034954582572355,1.0
883,0,0.109375,0.10441813786550419,0.011040402902179699,1.0
884,0,0.046875,0.09866382407895377,0.010983449164747028,1.0
885,0,0.015625,0.09035994167105839,0.010901148150123732,1.0
886,0,0.078125,0.08913644750395255,0.010889011232398198,1.0
887,0,0.015625,0.08178530275355729,0.010816034398330133,1.0
888,0,0.0625,0.07985677247820155,0.010796874527222965,1.0
889,0,0.015625,0.0734335952303814,0.01073301882612989,1.0
890,0,0.1375,0.07984023570734326,0.010796710209397715,1.0
891,0,0.03125,0.07498121213660894,0.010748410080845186,1.0
892,0,0.075,0.07498309092294804,0.010748428763471811,1.0
893,0,0.015625,0.06904728183065323,0.010689377624175368,1.0
894,0,0.0,0.06214255364758791,0.010620626851127619,1.0
895,0,0.03125,0.059053298282829125,0.010589847485367935,1.0
896,0,0.03125,0.05627296845454621,0.010562136447211623,1.0
897,0,0.03125,0.05377067160909159,0.010537189093577051,1.0
898,0,0.0625,0.05464360444818243,0.01054589282120508,1.0
899,0,0.2562499761581421,0.0748042416191784,0.010746650264812122,1.0
900,0,0.1875,0.08607381745726056,0.010858618804171332,1.0
901,0,0.10625,0.08809143571153451,0.010878642746551266,1.0
902,0,0.1937499761581421,0.09865728975619527,0.01098338445345943,1.0
903,0,0.09375,0.09816656078057574,0.010978524385257904,1.0
904,0,0.03125,0.09147490470251818,0.01091220612223121,1.0
905,0,0.0,0.08232741423226636,0.010821419174515675,1.0
906,0,0.09375,0.08346967280903972,0.010832763619379461,1.0
907,0,0.109375,0.08606020552813576,0.010858483688229326,1.0
908,0,0.25000001192092897,0.10245418616741507,0.011020972025501927,1.0
909,0,0.109375,0.10314626755067356,0.011027820212903603,1.0
910,0,0.109375,0.10376914079560622,0.011033982748803451,1.0
911,0,0.1375,0.10714222671604559,0.011067341223544674,1.0
912,0,0.046875,0.10111550404444103,0.01100772294342517,1.0
913,0,0.03125,0.09412895363999693,0.010938519330567963,1.0
914,0,0.109375,0.09565355827599724,0.010953628913232698,1.0
915,0,0.09375,0.09546320244839751,0.01095174263185127,1.0
916,0,0.109375,0.09685438220355777,0.010965526580438483,1.0
917,0,0.03125,0.090293943983202,0.010900493528813806,1.0
918,0,0.03125,0.0843895495848818,0.01084189789182269,1.0
919,0,0.109375,0.08688809462639363,0.010866700978357728,1.0
920,0,0.0625,0.08444928516375427,0.010842491010617438,1.0
921,0,0.28125,0.10412935664737885,0.01103754626303263,1.0
922,0,0.15625,0.10934142098264096,0.011089077493021451,1.0
923,0,0.109375,0.10934477888437687,0.01108911067374938,1.0
924,0,0.09375,0.10778530099593918,0.011073698268998936,1.0
925,0,0.0625,0.10325677089634527,0.011028913560205444,1.0
926,0,0.0625,0.09918109380671075,0.010988571572093387,1.0
927,0,0.03125,0.09238798442603968,0.010921260183631357,1.0
928,0,0.015625,0.08471168598343572,0.010845096336181715,1.0
929,0,0.015625,0.07780301738509214,0.010776464079944195,1.0
930,0,0.03125,0.07314771564658293,0.010730175331567069,1.0
931,0,0.075,0.07333294408192463,0.010732017715415872,1.0
932,0,0.0,0.06599964967373217,0.010659039858791148,1.0
933,0,0.075,0.06689968470635896,0.01066800058364463,1.0
934,0,0.015625,0.061772216235723064,0.010616937656955516,1.0
935,0,0.046875,0.06028249461215075,0.010602095788237882,1.0
936,0,0.03125,0.057379245150935676,0.010573163565869919,1.0
937,0,0.015625,0.053203820635842114,0.010531536770072061,1.0
938,0,0.0,0.0478834385722579,0.010478468760103972,1.0
939,0,0.078125,0.05090759471503211,0.010508636631663092,1.0
940,0,0.2,0.0658168352435289,0.010657219632822727,1.0
941,0,0.125,0.07173515171917601,0.010716123564007949,1.0
942,0,0.140625,0.0786241365472584,0.010784625244416465,1.0
943,0,0.109375,0.08169922289253256,0.010815179325878055,1.0
944,0,0.078125,0.08134180060327931,0.010811628751016664,1.0
945,0,0.046875,0.07789512054295138,0.010777379552106366,1.0
946,0,0.03125,0.07323060848865624,0.010730999835513759,1.0
947,0,0.015625,0.06747004763979061,0.010673678545023903,1.0
948,0,0.125,0.07322304287581155,0.010730924583620361,1.0
949,0,0.1624999761581421,0.0821507362040446,0.01081966428977071,1.0
950,0,0.2874999761581421,0.10268566019945435,0.011023262583169111,1.0
951,0,0.3187499761581421,0.12429209179532313,0.011236559791822937,1.0
952,0,0.45,0.15686288261579082,0.011555888333543252,1.0
953,0,0.203125,0.16148909435421172,0.011600997751931484,1.0
954,0,0.09375,0.15471518491879055,0.011534924295699881,1.0
955,0,0.078125,0.1470561664269115,0.01146005201392017,1.0
956,0,0.0,0.13235054978422034,0.011315831460639095,1.0
957,0,0.075,0.1266154948057983,0.011259431942606339,1.0
958,0,0.03125,0.11707894532521848,0.011165469098690444,1.0
959,0,0.015625,0.10693355079269663,0.01106527819111347,1.0
960,0,0.0,0.09624019571342697,0.010959441612473813,1.0
961,0,0.078125,0.09442867614208428,0.010941490071820822,1.0
962,0,0.10625,0.09561080852787585,0.010953205301721527,1.0
963,0,0.0625,0.09229972767508826,0.010920385099538871,1.0
964,0,0.075,0.09056975490757943,0.010903229204850024,1.0
965,0,0.109375,0.09245027941682149,0.010921877842891146,1.0
966,0,0.09375,0.09258025147513933,0.010923166502237368,1.0
967,0,0.03125,0.0864472263276254,0.010862325245186176,1.0
968,0,0.046875,0.08249000369486285,0.010823034077169686,1.0
969,0,0.046875,0.07892850332537657,0.010787650101928307,1.0
970,0,0.078125,0.07884815299283891,0.010786851578426798,1.0
971,0,0.075,0.07846333769355501,0.010783027135099123,1.0
972,0,0.015625,0.07217950392419951,0.010720544157253448,1.0
973,0,0.046875,0.06964905353177957,0.010695366493327594,1.0
974,0,0.03125,0.06580914817860162,0.01065714309416806,1.0
975,0,0.03125,0.06235323336074146,0.010622725505874975,1.0
976,0,0.125,0.06861791002466731,0.010685104185415118,1.0
977,0,0.15625,0.07738111902220059,0.0107722703952869,1.0
978,0,0.234375,0.09308050711998053,0.010928126195617335,1.0
979,0,0.29375,0.11314745640798247,0.011126670653158439,1.0
980,0,0.109375,0.11277021076718423,0.011122945925676662,1.0
981,0,0.046875,0.1061806896904658,0.011057834420507047,1.0
982,0,0.03125,0.09868762072141923,0.010983684829074872,1.0
983,0,0.015625,0.09038135864927731,0.010901360580291659,1.0
984,0,0.1375,0.09509322278434958,0.010948076219551708,1.0
985,0,0.0625,0.09183390050591461,0.010915766090771913,1.0
986,0,0.046875,0.08733801045532315,0.01087116616587542,1.0
987,0,0.03125,0.08172920940979084,0.01081547719766637,1.0
988,0,0.03125,0.07668128846881175,0.010765313452898571,1.0
989,0,0.046875,0.07370065962193058,0.01073567506816971,1.0
990,0,0.0625,0.07258059365973751,0.01072453411515133,1.0
991,0,0.0625,0.07157253429376376,0.010714505710485054,1.0
992,0,0.046875,0.06910278086438738,0.010689929974854405,1.0
993,0,0.265625,0.08875500277794865,0.010885226804127996,1.0
994,0,0.3125,0.11112950250015377,0.011106742766783913,1.0
995,0,0.4375,0.14376655225013837,0.01142784178186278,1.0
996,0,0.66875,0.1962648970251245,0.011937830941746346,1.0
997,0,0.2249999761581421,0.19913840493842627,0.01196547149705058,1.0
998,0,0.0625,0.18547456444458366,0.011833766030205514,1.0
999,1,0.0,0.1669271080001253,0.011653937407685675,0.96875
1000,1,0.0,0.15023439720011278,0.011491142269958947,0.984375
1001,1,0.0,0.1352109574801015,0.011343929630790908,0.984375
1002,1,0.0,0.12168986173209136,0.011210927202785905,0.984375
1003,1,0.0,0.10952087555888222,0.011090850719184918,1.0
1004,1,0.015625,0.10013128800299399,0.010997979767495223,1.0
1005,1,0.03125,0.0932431592026946,0.010929738680940907,1.0
1006,1,0.078125,0.09173134328242515,0.010914749109720387,1.0
1007,1,0.03125,0.08568320895418263,0.010854741385979654,1.0
1008,1,0.046875,0.08180238805876437,0.010816204113414354,1.0
1009,1,0.03125,0.07674714925288793,0.010765968199941236,1.0
1010,1,0.015625,0.07063493432759914,0.010705176954808953,1.0
1011,1,0.046875,0.06825894089483922,0.010681531255253878,1.0
1012,1,0.09375,0.0708080468053553,0.010706899450099228,1.0
1013,1,0.046875,0.06841474212481977,0.010683082014343526,1.0
1014,1,0.0625,0.06782326791233778,0.010677194633288279,1.0
1015,1,0.140625,0.075103441121104,0.010749625513304478,1.0
1016,1,0.0625,0.07384309700899361,0.010737091718221008,1.0
1017,1,0.15625,0.08208378730809425,0.01081899929512155,1.0
1018,1,0.125,0.08637540857728482,0.010861612403671941,1.0
1019,1,0.09375,0.08711286771955633,0.010868931781499667,1.0
1020,1,0.0625,0.0846515809476007,0.0108444995754213,1.0
1021,1,0.0625,0.08243642285284064,0.010822501895889475,1.0
1022,1,0.078125,0.08200528056755658,0.010818219488620771,1.0
1023,1,0.09375,0.08317975251080093,0.01082988445279941,1.0
1024,1,0.0625,0.08111177725972082,0.010809343627545613,1.0
1025,1,0.078125,0.08081309953374874,0.010806376343144465,1.0
1026,1,0.078125,0.08054428958037387,0.01080370566495875,1.0
1027,1,0.03125,0.07561486062233648,0.010754710774292077,1.0
1028,1,0.078125,0.07586587456010284,0.010757206568874725,1.0
1029,1,0.046875,0.07296678710409256,0.010728375668700604,1.0
1030,1,0.078125,0.0734826083936833,0.01073350632245244,1.0
1031,1,0.03125,0.06925934755431497,0.010691488172282087,1.0
1032,1,0.0625,0.06858341279888347,0.01068476083153443,1.0
1033,1,0.109375,0.07266257151899512,0.0107253495854734,1.0
1034,1,0.078125,0.07320881436709561,0.010730783058545166,1.0
1035,1,0.09375,0.07526293293038605,0.010751211449965157,1.0
1036,1,0.109375,0.07867413963734746,0.010785122194993115,1.0
1037,1,0.125,0.0833067256736127,0.01083114542638758,1.0
1038,1,0.078125,0.08278855310625144,0.01082599927504366,1.0
1039,1,0.046875,0.0791971977956263,0.010790320320446448,1.0
1040,1,0.09375,0.08065247801606366,0.010804780551611073,1.0
1041,1,0.15625,0.0882122302144573,0.010879841353359647,1.0
1042,1,0.421875,0.12157850719301157,0.011209829971018038,1.0
1043,1,0.265625,0.1359831564737104,0.011351511361924107,1.0
1044,1,0.25,0.14738484082633935,0.011463268538216505,1.0
1045,1,0.140625,0.14670885674370543,0.011456652782660228,1.0
1046,1,0.015625,0.1336004710693349,0.011328112234368146,1.0
1047,1,0.09375,0.12961542396240142,0.011288944155907584,1.0
1048,1,0.046875,0.12134138156616127,0.011207493355566811,1.0
1049,1,0.109375,0.12014474340954515,0.011195699750187558,1.0
1050,1,0.0625,0.11438026906859064,0.011138840591619521,1.0
1051,1,0.171875,0.12012974216173157,0.011195551882169441,1.0
1052,1,0.109375,0.11905426794555841,0.011184949503151596,1.0
1053,1,0.109375,0.11808634115100258,0.011175405050607745,1.0
1054,1,0.203125,0.12659020703590232,0.011259183075182042,1.0
1055,1,0.1875,0.13268118633231207,0.011319080437827967,1.0
1056,1,0.3125,0.15066306769908086,0.01149533339168044,1.0
1057,1,0.375,0.17309676092917275,0.011713884291162643,1.0
1058,1,0.3125,0.18703708483625547,0.011848861468149473,1.0
1059,1,0.4124999761581421,0.20958337396844412,0.012065676855632314,1.0
1060,1,0.21875,0.2105000365715997,0.012074450676012306,1.0
1061,1,0.203125,0.20976253291443975,0.01206739193410533,1.0
1062,1,0.140625,0.20284877962299577,0.012001115739521053,1.0
1063,1,0.078125,0.1903764016606962,0.011881093142058874,1.0
1064,1,0.09375,0.18071376149462656,0.011787719062862544,1.0
1065,1,0.03125,0.1657673853451639,0.011642655265326585,1.0
1066,1,0.09375,0.1585656468106475,0.011572499355462363,1.0
1067,1,0.03125,0.14583408212958274,0.011448089560483885,1.0
1068,1,0.0625,0.13750067391662446,0.011366406282907124,1.0
1069,1,0.046875,0.12843810652496201,0.011277364826539623,1.0
1070,1,0.140625,0.1296567958724658,0.011289350999404322,1.0
1071,1,0.0625,0.12294111628521923,0.011223254397047269,1.0
1072,1,0.09375,0.1200220046566973,0.011194489892843076,1.0
1073,1,0.0625,0.11426980419102756,0.011137750255961183,1.0
1074,1,0.078125,0.1106553237719248,0.01110205881522458,1.0
1075,1,0.078125,0.10740229139473233,0.011069912171891991,1.0
1076,1,0.171875,0.11384956225525909,0.011133602037803872,1.0
1077,1,0.25,0.1274646060297332,0.011267787475924065,1.0
1078,1,0.265625,0.1412806454267599,0.011403480926786686,1.0
1079,1,0.203125,0.1474650808840839,0.01146405374893429,1.0
1080,1,0.1875,0.1514685727956755,0.011503207379814718,1.0
1081,1,0.125,0.14882171551610796,0.011477326662555529,1.0
1082,1,0.3125,0.16518954396449717,0.011637032238294128,1.0
1083,1,0.4375,0.19242058956804745,0.01190080407599285,1.0
1084,1,0.359375,0.20911603061124268,0.012061202406817509,1.0
1085,1,0.4375,0.23195442755011839,0.012278821091706103,1.0
1086,1,0.390625,0.24782148479510654,0.012428697357808095,1.0
1087,1,0.296875,0.2527268363155959,0.012474802119429118,1.0
1088,1,0.25,0.2524541526840363,0.012472242119476963,1.0
1089,1,0.1875,0.24595873741563268,0.012411160725377252,1.0
1090,1,0.1875,0.2401128636740694,0.01235602351157127,1.0
1091,1,0.15625,0.23172657730666246,0.012276660800354127,1.0
1092,1,0.046875,0.21324141957599624,0.012100669818055763,1.0
1093,1,0.09375,0.2012922776183966,0.011986169371795238,1.0
1094,1,0.125,0.19366304985655697,0.011912776937241243,1.0
1095,1,0.140625,0.18835924487090128,0.011861627987818575,1.0
1096,1,0.0625,0.17577332038381116,0.011739851699231911,1.0
1097,1,0.03125,0.16132098834543004,0.01159935973660196,1.0
1098,1,0.0625,0.15143888951088705,0.011502917253003652,1.0
1099,1,0.125,0.14879500055979833,0.011477065342484518,1.0
1100,1,0.109375,0.1448530005038185,0.011438483111749642,1.0
1101,1,0.140625,0.14443020045343666,0.011434342346864763,1.0
1102,1,0.203125,0.150299680408093,0.01149178058006842,1.0
1103,1,0.109375,0.14620721236728368,0.011451742421273541,1.0
1104,1,0.109375,0.1425239911305553,0.011415667341897721,1.0
1105,1,0.1875,0.14702159201749976,0.011459713638524292,1.0
1106,1,0.15625,0.1479444328157498,0.011468744191866019,1.0
1107,1,0.265625,0.1597124895341748,0.011583682175055897,1.0
1108,1,0.234375,0.16717874058075732,0.011656384797266163,1.0
1109,1,0.140625,0.1645233665226816,0.011630548284922212,1.0
1110,1,0.21875,0.16994602987041343,0.011683286054353696,1.0
1111,1,0.234375,0.1763889268833721,0.011745820774892739,1.0
1112,1,0.15625,0.1743750341950349,0.011726288819557704,1.0
1113,1,0.203125,0.17725003077553142,0.01175416810186037,1.0
1114,1,0.203125,0.17983752769797828,0.01177923543715696,1.0
1115,1,0.140625,0.17591627492818046,0.011741237936647232,1.0
1116,1,0.109375,0.16926214743536241,0.011676640240794582,1.0
1117,1,0.046875,0.1570234326918262,0.011557454929379018,1.0
1118,1,0.078125,0.14913358942264357,0.011480377194676778,1.0
1119,1,0.09375,0.1435952304803792,0.011426163451046285,1.0
1120,1,0.0625,0.13548570743234128,0.011346627406755351,1.0
1121,1,0.09375,0.13131213668910716,0.011305625731003539,1.0
1122,1,0.078125,0.12599342302019645,0.011253309416953359,1.0
1123,1,0.09375,0.1227690807181768,0.011221559748295602,1.0
1124,1,0.125,0.12299217264635912,0.011223757317691905,1.0
1125,1,0.125,0.1231929553817232,0.0112257350275643,1.0
1126,1,0.125,0.12337365984355088,0.01122751488322551,1.0
1127,1,0.078125,0.11884879385919579,0.011182923563715516,1.0
1128,1,0.1875,0.1257139144732762,0.011250558139944791,1.0
1129,1,0.1875,0.1318925230259486,0.011311330225410378,1.0
1130,1,0.21875,0.14057827072335374,0.01139659485294594,1.0
1131,1,0.3125,0.15777044365101836,0.011564742989798331,1.0
1132,1,0.25,0.16699339928591653,0.011654582179432708,1.0
1133,1,0.234375,0.17373155935732487,0.011720045138684366,1.0
1134,1,0.265625,0.18292090342159237,0.011809076631094307,1.0
1135,1,0.09375,0.17400381307943313,0.01172268700435591,1.0
1136,1,0.125,0.16910343177148984,0.011675097660036672,1.0
1137,1,0.203125,0.17250558859434084,0.01170814563796595,1.0
1138,1,0.28125,0.18338002973490675,0.011813517264135508,1.0
1139,1,0.171875,0.18222952676141607,0.01180238829988029,1.0
1140,1,0.21875,0.18588157408527448,0.01183769896781183,1.0
1141,1,0.171875,0.18448091667674701,0.011824161939431371,1.0
1142,1,0.140625,0.18009532500907233,0.011781731685367445,1.0
1143,1,0.1875,0.1808357925081651,0.011788900346848506,1.0
1144,1,0.125,0.17525221325734858,0.011734797913724835,1.0
1145,1,0.09375,0.1671019919316137,0.01165563835812777,1.0
1146,1,0.09375,0.15976679273845235,0.01158421158303432,1.0
1147,1,0.046875,0.14847761346460714,0.011473960571126351,1.0
1148,1,0.125,0.14612985211814644,0.011450985114384749,1.0
1149,1,0.078125,0.1393293669063318,0.011384347280746374,1.0
1150,1,0.109375,0.13633393021569862,0.011354954864220983,1.0
1151,1,0.109375,0.13363803719412876,0.011328481267553196,1.0
1152,1,0.078125,0.12808673347471589,0.011273908273205131,1.0
1153,1,0.109375,0.1262155601272443,0.011255495834164249,1.0
1154,1,0.140625,0.12765650411451987,0.0112696755673212,1.0
1155,1,0.15625,0.13051585370306787,0.011297797828031591,1.0
1156,1,0.140625,0.13152676833276108,0.011307735400922066,1.0
1157,1,0.390625,0.15743659149948497,0.01156148603931257,1.0
1158,1,0.3125,0.17294293234953648,0.011712391151609464,1.0
1159,1,0.359375,0.1915861391145828,0.011892759789032422,1.0
1160,1,0.203125,0.1927400252031245,0.011903882831413512,1.0
1161,1,0.140625,0.18752852268281206,0.01185360742736972,1.0
1162,1,0.15625,0.18440067041453087,0.011823386167934607,1.0
1163,1,0.34375,0.20033560337307776,0.011976978281166863,1.0
1164,1,0.4124999761581421,0.22155204065158418,0.012179968442440637,1.0
1165,1,0.21875,0.22127183658642577,0.012177299399148727,1.0
1166,1,0.25,0.22414465292778318,0.012204648483821743,1.0
1167,1,0.125,0.21423018763500484,0.012110119207934898,1.0
1168,1,0.21875,0.21468216887150438,0.012114437358864787,1.0
1169,1,0.203125,0.21352645198435394,0.012103394199449564,1.0
1170,1,0.21875,0.21404880678591856,0.012108386094823278,1.0
1171,1,0.296875,0.2223314261073267,0.012187390650015222,1.0
1172,1,0.40625001192092897,0.24072328468868692,0.012361788056611265,1.0
1173,1,0.524999988079071,0.2691509550277253,0.012628346207898074,1.0
1174,1,0.359375,0.27817335952495276,0.012712136418249342,1.0
1175,1,0.375,0.2878560235724575,0.012801603055433064,1.0
1176,1,0.203125,0.27938292121521174,0.012723338639453002,1.0
1177,1,0.3125,0.2826946290936906,0.012753971826040272,1.0
1178,1,0.21875,0.2763001661843215,0.012694773546013264,1.0
1179,1,0.234375,0.27210764956588934,0.01265584915515797,1.0
1180,1,0.140625,0.2589593846093004,0.012533219526162487,1.0
1181,1,0.234375,0.2565009461483704,0.012510198480383778,1.0
1182,1,0.15625,0.24647585153353335,0.012416030624490988,1.0
1183,1,0.203125,0.24214076638018,0.012375167707979284,1.0
1184,1,0.109375,0.228864189742162,0.012249502929205989,1.0
1185,1,0.125,0.21847777076794578,0.012150667172476613,1.0
1186,1,0.109375,0.20756749369115118,0.012046370219747075,1.0
1187,1,0.109375,0.19774824432203605,0.011952103276789224,1.0
1188,1,0.03125,0.18109841988983244,0.011791442456093761,1.0
1189,1,0.171875,0.1801760779008492,0.011782513567480807,1.0
1190,1,0.171875,0.17934597011076428,0.011774475056667313,1.0
1191,1,0.171875,0.17859887309968786,0.011767238371579438,1.0
1192,1,0.34375001192092897,0.19511398698181195,0.011926751563651361,1.0
1193,1,0.296875,0.20529008828363077,0.012024539722862826,1.0
1194,1,0.3125,0.2160110794552677,0.012127128755708433,1.0
1195,1,0.21875,0.21628497150974094,0.012129743596545289,1.0
1196,1,0.15625,0.21028147435876685,0.012072359013955898,1.0
1197,1,0.171875,0.20644082692289015,0.01203557287369862,1.0
1198,1,0.09375,0.19517174423060113,0.011927307688312922,1.0
1199,1,0.109375,0.186592069807541,0.011844563083473052,1.0
1200,1,0.125,0.1804328628267869,0.011784999713211994,1.0
1201,1,0.1875,0.1811395765441082,0.011791840811433803,1.0
1202,1,0.125,0.17552561888969737,0.011737449562137832,1.0
1203,1,0.0625,0.16422305700072765,0.011627624889564401,1.0
1204,1,0.109375,0.1587382513006549,0.01157418267380886,1.0
1205,1,0.125,0.15536442617058938,0.011541263114882912,1.0
1206,1,0.171875,0.15701548355353043,0.011557377366095372,1.0
1207,1,0.140625,0.1553764351981774,0.011541380352206906,1.0
1208,1,0.140625,0.15390129167835967,0.011526976124758441,1.0
1209,1,0.1875,0.1572611625105237,0.011559774476329823,1.0
1210,1,0.28125,0.16966004625947131,0.01168050711662588,1.0
1211,1,0.25000001192092897,0.17769404282561707,0.01175847125971529,1.0
1212,1,0.25,0.18492463854305535,0.011828451159220448,1.0
1213,1,0.296875,0.1961196746887498,0.011936433212786556,1.0
1214,1,0.265625,0.20307020721987482,0.012003241251384673,1.0
1215,1,0.4375,0.22651318649788732,0.012227170796935598,1.0
1216,1,0.359375,0.23979936784809858,0.012353062351426067,1.0
1217,1,0.28125,0.2439444310632887,0.012392179525192192,1.0
1218,1,0.203125,0.2398624879569598,0.01235365859466974,1.0
1219,1,0.21875,0.23775123916126384,0.012333705791842819,1.0
1220,1,0.203125,0.23428861524513744,0.012300939013892244,1.0
1221,1,0.125,0.22335975372062372,0.012197179699157821,1.0
1222,1,0.21875,0.22289877834856137,0.012192792041753463,1.0
1223,1,0.28125,0.2287339005137052,0.012248265930455509,1.0
1224,1,0.21875,0.2277355104623347,0.0122387845610487,1.0
1225,1,0.25,0.22996195941610123,0.012259922548328075,1.0
1226,1,0.28125,0.2350907634744911,0.012308534409709858,1.0
1227,1,0.21875,0.23345668712704198,0.012293058675458584,1.0
1228,1,0.1875,0.22886101841433779,0.01224947282068169,1.0
1229,1,0.234375,0.229412416572904,0.012254707137971088,1.0
1230,1,0.140625,0.22053367491561363,0.012170266588738899,1.0
1231,1,0.1875,0.21723030742405225,0.012138766350228643,1.0
1232,1,0.171875,0.21269477668164702,0.012095444012869572,1.0
1233,1,0.171875,0.20861279901348231,0.012056383392118819,1.0
1234,1,0.1875,0.20650151911213407,0.012036154640248906,1.0
1235,1,0.140625,0.19991386720092066,0.011972925414956715,1.0
1236,1,0.1875,0.19867248048082858,0.01196099183283024,1.0
1237,1,0.15625,0.19443023243274574,0.011920166986814243,1.0
1238,1,0.140625,0.18904970918947117,0.011868292481927561,1.0
1239,1,0.109375,0.18108223827052405,0.011791285832558852,1.0
1240,1,0.265625,0.18953651444347164,0.011872990186651127,1.0
1241,1,0.125,0.18308286299912446,0.011810643175502135,1.0
1242,1,0.125,0.17727457669921204,0.011754406007032528,1.0
1243,1,0.125,0.17204711902929082,0.01170369436451903,1.0
1244,1,0.171875,0.17202990712636174,0.011703527240882722,1.0
1245,1,0.21875,0.17670191641372557,0.011748855108522494,1.0
1246,1,0.265625,0.18559422477235302,0.011834922369951505,1.0
1247,1,0.4375,0.2107848022951177,0.012077175627669553,1.0
1248,1,0.28125,0.21783132206560593,0.012144500835406127,1.0
1249,1,0.328125,0.22886068985904534,0.012249469701381716,1.0
1250,1,0.359375,0.2419121208731408,0.012373010124345442,1.0
1251,1,0.484375,0.2661584087858267,0.012600466211767723,1.0
1252,1,0.6437500238418579,0.3039175702914298,0.012948936207247639,1.0
1253,1,0.640625,0.3375883132622868,0.013253226432526344,1.0
1254,1,0.6125000238418579,0.3650794843202439,0.013496803123735952,1.0
1255,1,0.421875,0.3707590358882195,0.013546554550074875,1.0
1256,1,0.375,0.37118313229939753,0.013550261525853662,1.0
1257,1,0.125,0.3465648190694578,0.013333255366789695,1.0
1258,1,0.09375,0.32128333716251206,0.013106668603227305,1.0
1259,1,0.109375,0.30009250344626087,0.012913972634929919,1.0
1260,1,0.078125,0.2778957531016348,0.012709564358941494,1.0
1261,1,0.203125,0.27041867779147133,0.012640143729544478,1.0
1262,1,0.0625,0.2496268100123242,0.0124456782622331,1.0
1263,1,0.140625,0.2387266290110918,0.012342926373426133,1.0
1264,1,0.203125,0.2351664661099826,0.01230925107909761,1.0
1265,1,0.140625,0.22571231949898435,0.012219558023945776,1.0
1266,1,0.15625,0.2187660875490859,0.012153416812555513,1.0
1267,1,0.34375,0.2312644787941773,0.012272278868723863,1.0
1268,1,0.171875,0.22532553091475957,0.012215880371551609,1.0
1269,1,0.125,0.2152929778232836,0.012120271610917442,1.0
1270,1,0.171875,0.21095118004095526,0.0120787675637796,1.0
1271,1,0.1875,0.20860606203685972,0.012056318871137037,1.0
1272,1,0.40625,0.22837045583317375,0.012244814912183988,1.0
1273,1,0.28125,0.23365841024985637,0.012294969749861478,1.0
1274,1,0.28125,0.23841756922487073,0.012340005216446496,1.0
1275,1,0.1875,0.23332581230238364,0.012291818705535423,1.0
1276,1,0.1875,0.22874323107214528,0.012248354519536977,1.0
1277,1,0.140625,0.21993140796493077,0.01216452684086586,1.0
1278,1,0.140625,0.21200076716843771,0.0120888076853482,1.0
1279,1,0.140625,0.20486319045159396,0.012020445366149862,1.0
1280,1,0.171875,0.20156437140643457,0.01198878283094464,1.0
1281,1,0.265625,0.20797043426579112,0.0120502305703261,1.0
1282,1,0.203125,0.20748589083921198,0.012045588350436879,1.0
1283,1,0.3125,0.2179873017552908,0.012145988849269738,1.0
1284,1,0.28125,0.2243135715797617,0.012206255507992224,1.0
1285,1,0.4375,0.2456322144217855,0.012408085083946764,1.0
1286,1,0.49374998807907106,0.27044399178751405,0.012640379223167195,1.0
1287,1,0.421875,0.28558709260876264,0.012780681361825402,1.0
1288,1,0.28125,0.28515338334788637,0.012776679138987106,1.0
1289,1,0.25,0.28163804501309775,0.012744204498259476,1.0
1290,1,0.28125,0.281599240511788,0.012743845671769598,1.0
1291,1,0.25,0.27843931646060915,0.012714600180317497,1.0
1292,1,0.171875,0.26778288481454826,0.0126156060234302,1.0
1293,1,0.1875,0.25975459633309345,0.012540659839660967,1.0
1294,1,0.140625,0.24784163669978412,0.012428886989182972,1.0
1295,1,0.15625,0.23868247302980572,0.012342509047856566,1.0
1296,1,0.140625,0.22887672572682516,0.01224962194517852,1.0
1297,1,0.296875,0.23567655315414265,0.012314079369301567,1.0
1298,1,0.359375,0.24804639783872837,0.01243081370605159,1.0
1299,1,0.4375,0.26699175805485553,0.01260823447304952,1.0
1300,1,0.375,0.27779258224937,0.012708608369044857,1.0
1301,1,0.40625,0.290638324024433,0.012827222202001798,1.0
1302,1,0.328125,0.29438699162198967,0.012861675822051425,1.0
1303,1,0.203125,0.28526079245979075,0.012777670388682794,1.0
1304,1,0.1875,0.2754847132138117,0.012687209521822047,1.0
1305,1,0.28125,0.27606124189243053,0.01269255766261651,1.0
1306,1,0.21875,0.2703301177031875,0.01263931983896036,1.0
1307,1,0.09375,0.25267210593286876,0.012474288329062624,1.0
1308,1,0.109375,0.23834239533958188,0.012339294627491318,1.0
1309,1,0.15625,0.23013315580562368,0.012261547015083593,1.0
1310,1,0.203125,0.2274323402250613,0.012235904616954734,1.0
1311,1,0.234375,0.22812660620255518,0.012242499169719895,1.0
1312,1,0.171875,0.22250144558229965,0.01218900943570518,1.0
1313,1,0.109375,0.21118880102406967,0.012081040978719126,1.0
1314,1,0.140625,0.20413242092166273,0.012013434951724185,1.0
1315,1,0.125,0.19621917882949647,0.011937390923937502,1.0
1316,1,0.1875,0.1953472609465468,0.011928997602343403,1.0
1317,1,0.15625,0.19143753485189213,0.011891326944179988,1.0
1318,1,0.296875,0.2019812813667029,0.01199278669972715,1.0
1319,1,0.37500001192092897,0.21928315442212548,0.012158347157416528,1.0
1320,1,0.234375,0.22079233897991293,0.01217273125871737,1.0
1321,1,0.21875,0.22058810508192164,0.012170785247355714,1.0
1322,1,0.25,0.22352929457372947,0.012198793200049594,1.0
1323,1,0.21875,0.22305136511635654,0.012194244491963269,1.0
1324,1,0.203125,0.22105872860472087,0.012175269251829705,1.0
1325,1,0.125,0.21145285574424877,0.012083567032042483,1.0
1326,1,0.15625,0.2059325701698239,0.012030700401563482,1.0
1327,1,0.234375,0.2087768131528415,0.012057954123654652,1.0
1328,1,0.234375,0.21133663183755735,0.012082455221778768,1.0
1329,1,0.1875,0.2089529686538016,0.012059641012553258,1.0
1330,1,0.1875,0.20680767178842144,0.012039089055370778,1.0
1331,1,0.203125,0.20643940460957927,0.01203555923990518,1.0
1332,1,0.234375,0.20923296414862136,0.01206232203533977,1.0
1333,1,0.15625,0.20393466773375923,0.012011537511887193,1.0
1334,1,0.125,0.1960412009603833,0.011935677889898015,1.0
1335,1,0.125,0.18893708086434496,0.011867205488914177,1.0
1336,1,0.25,0.19504337277791048,0.011926071626978956,1.0
1337,1,0.1875,0.19428903550011942,0.011918807040517523,1.0
1338,1,0.171875,0.19204763195010746,0.011897208996798985,1.0
1339,1,0.265625,0.1994053687550967,0.011968037870286014,1.0
1340,1,0.171875,0.19665233187958703,0.011941559521067895,1.0
1341,1,0.21875,0.19886209869162833,0.011962815029648894,1.0
1342,1,0.203125,0.19928838882246547,0.01196691335342845,1.0
1343,1,0.15625,0.19498454994021894,0.011925505213998863,1.0
1344,1,0.171875,0.19267359494619704,0.011903242600186976,1.0
1345,1,0.328125,0.20621873545157735,0.012033443887637949,1.0
1346,1,0.125,0.19809686190641962,0.011955456376352211,1.0
1347,1,0.21875,0.20016217571577766,0.011975311730684241,1.0
1348,1,0.140625,0.1942084581441999,0.011918030922096009,1.0
1349,1,0.265625,0.2013501123297799,0.011986724897492458,1.0
1350,1,0.25,0.2062151010968019,0.012033409046831638,1.0
1351,1,0.2874999761581421,0.21434358860293592,0.012111202698732946,1.0
1352,1,0.31250001192092897,0.22415923093473522,0.012204787177841759,1.0
1353,1,0.09375,0.2111183078412617,0.012080366565703698,1.0
1354,1,0.15625,0.20563147705713553,0.01202781345710275,1.0
1355,1,0.140625,0.19913082935142198,0.011965398667580604,1.0
1356,1,0.09375,0.1885927464162798,0.011863881981584124,1.0
1357,1,0.125,0.18223347177465182,0.011802426468407092,1.0
1358,1,0.1875,0.18276012459718663,0.011807521416651008,1.0
1359,1,0.109375,0.17542161213746796,0.01173644087323203,1.0
1360,1,0.203125,0.17819195092372114,0.011763295953671907,1.0
1361,1,0.21875,0.18224775583134903,0.011802564668097934,1.0
1362,1,0.25,0.18902298024821412,0.011868034521008706,1.0
1363,1,0.21875,0.19199568222339272,0.011896708193391304,1.0
1364,1,0.375,0.21029611400105347,0.012072499122707676,1.0
1365,1,0.25,0.21426650260094812,0.01211046618532244,1.0
1366,1,0.28125,0.2209648523408533,0.012174374891266236,1.0
1367,1,0.203125,0.21918086710676798,0.012157371912897522,1.0
1368,1,0.171875,0.21445028039609118,0.012112222039281292,1.0
1369,1,0.1875,0.21175525235648204,0.012086459537853412,1.0
1370,1,0.171875,0.20776722712083384,0.012048283834811832,1.0
1371,1,0.28125,0.21511550440875044,0.012118576597099034,1.0
1372,1,0.3125,0.2248539539678754,0.0122113956839985,1.0
1373,1,0.359375,0.23830605857108783,0.012338951141454292,1.0
1374,1,0.234375,0.23791295271397905,0.01233523479749753,1.0
1375,1,0.25,0.23912165744258115,0.01234665946892588,1.0
1376,1,0.21875,0.23708449169832305,0.012327400459894212,1.0
1377,1,0.21875,0.23525104252849074,0.012310051726079631,1.0
1378,1,0.21875,0.23360093827564168,0.012294425292773253,1.0
1379,1,0.125,0.2227408444480775,0.012191288590634928,1.0
1380,1,0.109375,0.21140426000326976,0.012083102166559898,1.0
1381,1,0.328125,0.22307633400294277,0.012194482157734936,1.0
1382,1,0.25,0.2257687006026485,0.012220094052473776,1.0
1383,1,0.1875,0.22194183054238364,0.012183680787327076,1.0
1384,1,0.0625,0.20599764748814528,0.012031324330279553,1.0
1385,1,0.15625,0.20102288273933075,0.011983581557347198,1.0
1386,1,0.140625,0.1949830944653977,0.011925491198874252,1.0
1387,1,0.234375,0.19892228501885792,0.01196339369844214,1.0
1388,1,0.125,0.19153005651697214,0.011892219049129666,1.0
1389,1,0.171875,0.18956455086527493,0.011873260714013123,1.0
1390,1,0.234375,0.19404559577874744,0.011916462163952354,1.0
1391,1,0.125,0.1871410362008727,0.01184986542891894,1.0
1392,1,0.15625,0.18405193258078542,0.011820014521498333,1.0
1393,1,0.1624999761581421,0.1818967369385211,0.01179916831885156,1.0
1394,1,0.1875,0.18245706324466898,0.011804589656811689,1.0
1395,1,0.1875,0.18296135692020207,0.011809467923764413,1.0
1396,1,0.25,0.18966522122818186,0.011874232073026387,1.0
1397,1,0.171875,0.18788619910536367,0.01185706106984532,1.0
1398,1,0.234375,0.1925350791948273,0.011901907582496212,1.0
1399,1,0.1875,0.19203157127534456,0.011897054170462058,1.0
1400,1,0.09375,0.1822034141478101,0.011802135655508226,1.0
1401,1,0.125,0.1764830727330291,0.011746733523763464,1.0
1402,1,0.140625,0.1728972654597262,0.011711947870071775,1.0
1403,1,0.171875,0.17279503891375358,0.011710955547452724,1.0
1404,1,0.21875,0.17739053502237823,0.01175552987611419,1.0
1405,1,0.203125,0.17996398152014043,0.011780459916604704,1.0
1406,1,0.140625,0.1760300833681264,0.011742341493483388,1.0
1407,1,0.15625,0.17405207503131376,0.011723155297520318,1.0
1408,1,0.1875,0.17539686752818237,0.011736200887169233,1.0
1409,1,0.265625,0.18441968077536414,0.011823569950460642,1.0
1410,1,0.375,0.20347771269782772,0.01200715245571329,1.0
1411,1,0.34375,0.21750494142804494,0.012141386909853853,1.0
1412,1,0.28125,0.22387944728524042,0.012202125182459653,1.0
1413,1,0.171875,0.21867900255671638,0.012152586330147078,1.0
1414,1,0.09375,0.20618610230104473,0.012033131047518778,1.0
1415,1,0.171875,0.20275499207094025,0.012000215403995153,1.0
1416,1,0.25,0.20747949286384623,0.012045527047792087,1.0
1417,1,0.203125,0.2070440435774616,0.012041354383381877,1.0
1418,1,0.28125001192092897,0.21446464041180832,0.012112359232327246,1.0
1419,1,0.265625,0.21958067637062748,0.012161183595191827,1.0
1420,1,0.28125001192092897,0.22574760992565762,0.012219893539975029,1.0
1421,1,0.3812499761581421,0.24129784654890607,0.012367212445464446,1.0
1422,1,0.31250001192092897,0.24841806308610836,0.012434310430837443,1.0
1423,1,0.28125,0.25170125677749755,0.012465172014314737,1.0
1424,1,0.203125,0.24684363109974777,0.012419493431868763,1.0
1425,1,0.203125,0.242471767989773,0.012378290746468408,1.0
1426,1,0.1875,0.2369745911907957,0.012326360959063405,1.0
1427,1,0.125,0.22577713207171612,0.012220174211297088,1.0
1428,1,0.21875,0.22507441886454452,0.012213492417401873,1.0
1429,1,0.25,0.22756697697809006,0.0122371836374336,1.0
1430,1,0.21875,0.22668527928028107,0.012228806299051254,1.0
1431,1,0.046875,0.20870425135225298,0.012057259226466817,1.0
1432,1,0.140625,0.2018963262170277,0.011991970871799703,1.0
1433,1,0.15625,0.19733169359532493,0.0119480961792022,1.0
1434,1,0.296875,0.20728602423579245,0.012043673238944948,1.0
1435,1,0.43124998807907106,0.22968242062012031,0.012257269760300652,1.0
1436,1,0.693749976158142,0.2760891761739225,0.01269281675150073,1.0
1437,1,0.40625,0.28910525855653024,0.012813110849719382,1.0
1438,1,0.34375,0.2945697327008772,0.012863353494974073,1.0
1439,1,0.43124998807907106,0.3082377582386966,0.012988330720649605,1.0
1440,1,0.265625,0.30397648241482694,0.012949474087829909,1.0
1441,1,0.328125,0.3063913341733443,0.012971506094687866,1.0
1442,1,0.3125,0.30700220075600987,0.012977074363137206,1.0
1443,1,0.203125,0.2966144806804089,0.012882113518347045,1.0
1444,1,0.1875,0.285703032612368,0.012781751080369616,1.0
1445,1,0.21875,0.2790077293511312,0.012719864629807605,1.0
1446,1,0.203125,0.2714194564160181,0.012649451474770118,1.0
1447,1,0.203125,0.2645900107744163,0.012585836894302023,1.0
1448,1,0.3125,0.26938100969697465,0.01263048769861093,1.0
1449,1,0.34375,0.2768179087272772,0.012699574326698484,1.0
1450,1,0.34375,0.28351111785454947,0.012761515761116324,1.0
1451,1,0.3125,0.2864100060690945,0.01278827246544612,1.0
1452,1,0.453125,0.30308150546218504,0.012941300738974593,1.0
1453,1,0.375,0.3102733549159665,0.013006857579516655,1.0
1454,1,0.359375,0.3151835194243699,0.013051453649572003,1.0
1455,1,0.25,0.30866516748193296,0.012992222634149835,1.0
1456,1,0.234375,0.30123615073373966,0.012924434518800232,1.0
1457,1,0.2874999761581421,0.2998625332761799,0.01291186806534397,1.0
1458,1,0.171875,0.2870637799485619,0.012794300830365491,1.0
1459,1,0.171875,0.27554490195370573,0.012687767937327557,1.0
1460,1,0.43750001192092897,0.2917404129504281,0.012837359008571518,1.0
1461,1,0.390625,0.30162887165538527,0.012928025448027212,1.0
1462,1,0.43124998807907106,0.31459098329775387,0.01304607904942959,1.0
1463,1,0.328125,0.3159443849679785,0.013058352231989123,1.0
1464,1,0.296875,0.31403744647118065,0.013041056439351741,1.0
1465,1,0.25,0.3076337018240626,0.012982828593629243,1.0
1466,1,0.203125,0.2971828316416563,0.012887324068705238,1.0
1467,1,0.35625,0.3030895484774907,0.01294137421074019,1.0
1468,1,0.234375,0.29621809362974166,0.012878478494762495,1.0
1469,1,0.234375,0.2900337842667675,0.012821659074105944,1.0
1470,1,0.328125,0.29384290584009076,0.012856679748941667,1.0
1471,1,0.25000001192092897,0.2894586164481746,0.012816364472037475,1.0
1472,1,0.2874999761581421,0.2892627524191714,0.012814561089853824,1.0
1473,1,0.4437499761581421,0.3047114747930684,0.012956183156906682,1.0
1474,1,0.265625,0.30080282731376157,0.012920471374564731,1.0
1475,1,0.234375,0.2941600445823854,0.01285959206757088,1.0
1476,1,0.3125,0.2959940401241469,0.012876423469839523,1.0
1477,1,0.34375,0.3007696361117322,0.01292016776888578,1.0
1478,1,0.4375,0.31444267250055896,0.01304473349230008,1.0
1479,1,0.328125,0.31581090525050304,0.013057142235925136,1.0
1480,1,0.4375,0.32797981472545273,0.013167043841806647,1.0
1481,1,0.265625,0.32174433325290747,0.013110833042124166,1.0
1482,1,0.109375,0.3005073999276167,0.012917768842150009,1.0
1483,1,0.140625,0.28451915993485505,0.01277082485757499,1.0
1484,1,0.15625,0.27169224394136954,0.0126519876809161,1.0
1485,1,0.140625,0.2585855195472326,0.012529720461045871,1.0
1486,1,0.25,0.25772696759250935,0.012521682626827265,1.0
1487,1,0.1875,0.2507042708332584,0.012455805731627466,1.0
1488,1,0.506249976158142,0.2762588413657468,0.012694390302835102,1.0
1489,1,0.39999998807907106,0.2886329560370792,0.012808761007885996,1.0
1490,1,0.724999976158142,0.3322696580491855,0.013205586889193913,1.0
1491,1,0.849999976158142,0.38404268986008117,0.013662131549366172,1.0
1492,1,0.36874998807907106,0.38251341968198016,0.013648882373826403,1.0
1493,1,0.21875,0.3661370777137821,0.01350608243624886,1.0
1494,1,0.36874998807907106,0.36639836875031107,0.013508373941648706,1.0
1495,1,0.46875001192092897,0.37663353306737285,0.01359780318833716,1.0
1496,1,0.4562500238418579,0.38459518214482136,0.013666914545117209,1.0
1497,1,0.359375,0.38207316393033924,0.013645065374968015,1.0
1498,1,0.36874998807907106,0.38074084634521244,0.013633506776626865,1.0
1499,1,0.5187500238418579,0.394541764094877,0.013752690248934604,1.0
1500,1,0.36874998807907106,0.3919625864932964,0.01373050922775592,1.0
1501,1,0.203125,0.3730788278439668,0.013566817916337865,1.0
1502,1,0.375,0.3732709450595701,0.013568494558409009,1.0
1503,1,0.37500001192092897,0.373443851745706,0.013570003350133638,1.0
1504,1,0.203125,0.3564119665711354,0.013420496905416985,1.0
1505,1,0.171875,0.3379582699140219,0.013256534057838006,1.0
1506,1,0.1875,0.3229124429226197,0.01312137988882401,1.0
1507,1,0.1875,0.3093711986303577,0.012998649449169073,1.0
1508,1,0.203125,0.29874657876732197,0.012901651419693414,1.0
1509,1,0.15625,0.28449692089058976,0.012770619539827579,1.0
1510,1,0.1624999761581421,0.272297226417345,0.012657611116248206,1.0
1511,1,0.1875,0.26381750377561053,0.012578626926357585,1.0
1512,1,0.15625,0.25306075339804945,0.012477936518740419,1.0
1513,1,0.15625,0.2433796780582445,0.012386854457495591,1.0
1514,1,0.0625,0.22529171025242006,0.012215558768888909,1.0
1515,1,0.109375,0.21370003922717806,0.012105053211653139,1.0
1516,1,0.140625,0.20639253530446028,0.012035109962871207,1.0
1517,1,0.109375,0.19669078177401425,0.011941929522972395,1.0
1518,1,0.234375,0.20045920359661282,0.011978165945930609,1.0
1519,1,0.203125,0.20072578323695156,0.011980727290844708,1.0
1520,1,0.296875,0.2103407049132564,0.012072925874962389,1.0
1521,1,0.40625,0.22993163442193076,0.012259634784146765,1.0
1522,1,0.46875001192092897,0.2538134721718306,0.01248500020555536,1.0
1523,1,0.46875001192092897,0.2753071261467404,0.012685561809846051,1.0
1524,1,0.203125,0.2680889135320664,0.012618456716002738,1.0
1525,1,0.078125,0.24909252217885974,0.012440654303732302,1.0
1526,1,0.09375,0.23355826996097376,0.0122940210679234,1.0
1527,1,0.125,0.2227024429648764,0.012190923012142434,1.0
1528,1,0.25,0.22543219866838876,0.012216894649901132,1.0
1529,1,0.140625,0.21695147880154989,0.012136105450566315,1.0
1530,1,0.171875,0.2124438309213949,0.012093044616559679,1.0
1531,1,0.125,0.20369944782925542,0.01200928038272078,1.0
1532,1,0.234375,0.2067670030463299,0.01203869927430965,1.0
1533,1,0.09375,0.1954653027416969,0.011930134070685218,1.0
1534,1,0.1875,0.1946687724675272,0.011922464331196704,1.0
1535,1,0.25,0.20020189522077447,0.011975693424758689,1.0
1536,1,0.28125,0.20830670569869703,0.012053451712596759,1.0
1537,1,0.375,0.2249760351288273,0.01221255676326209,1.0
1538,1,0.4375,0.24622843161594457,0.012413700710139126,1.0
1539,1,0.34375,0.2559805884543501,0.012505322149336624,1.0
1540,1,0.3125,0.2616325296089151,0.012558218577176932,1.0
1541,1,0.328125,0.26828177664802355,0.012620253023387295,1.0
1542,1,0.28125,0.2695785989832212,0.01263232677463677,1.0
1543,1,0.21875,0.26449573908489904,0.012584957191224419,1.0
1544,1,0.171875,0.2552336651764091,0.012498320424421115,1.0
1545,1,0.21875,0.2515852986587682,0.012464082870594364,1.0
1546,1,0.3125,0.25767676879289136,0.012521212553711745,1.0
1547,1,0.28125,0.2600340919136022,0.012543274196684247,1.0
1548,1,0.171875,0.251218182722242,0.012460634301369504,1.0
1549,1,0.21875,0.2479713644500178,0.012430107695432185,1.0
1550,1,0.28125,0.25129922800501603,0.01246139566835329,1.0
1551,1,0.234375,0.24960680520451442,0.012445490178794861,1.0
1552,1,0.359375,0.260583624684063,0.012548413354431694,1.0
1553,1,0.3125,0.26577526221565667,0.012596893490245304,1.0
1554,1,0.3125,0.270447735994091,0.01264041405488656,1.0
1555,1,0.3125,0.2746529623946819,0.012679490905400739,1.0
1556,1,0.21875,0.2690626661552137,0.012627524291854582,1.0
1557,1,0.203125,0.2624688995396923,0.012566033241803673,1.0
1558,1,0.21875,0.25809700958572307,0.012525147417907735,1.0
1559,1,0.28125,0.26041230862715076,0.012546811383620767,1.0
1560,1,0.1875,0.2531210777644357,0.012478502713757314,1.0
1561,1,0.28125,0.2559339699879921,0.012504885220299022,1.0
1562,1,0.39999998807907106,0.2703405717971,0.012639417097299682,1.0
1563,1,0.359375,0.27924401461739,0.012722052545928548,1.0
1564,1,0.37500001192092897,0.28881961434774395,0.01281048024351221,1.0
1565,1,0.328125,0.2927501529129696,0.012846640843926862,1.0
1566,1,0.28125,0.29160013762167264,0.012836069134096286,1.0
1567,1,0.4749999761581421,0.3099401214753196,0.01300382622425354,1.0
1568,1,0.296875,0.3086336093277876,0.012991935305161286,1.0
1569,1,0.21875,0.29964524839500883,0.012909879326056266,1.0
1570,1,0.171875,0.286868223555508,0.012792497860658105,1.0
1571,1,0.09375,0.2675564011999572,0.012613496008708695,1.0
1572,1,0.109375,0.2517382610799615,0.012465519566383818,1.0
1573,1,0.0625,0.23281443497196536,0.012286972962255718,1.0
1574,1,0.140625,0.22359549147476884,0.012199423155730136,1.0
1575,1,0.0625,0.20748594232729198,0.01204558884377284,1.0
1576,1,0.109375,0.19767484809456276,0.011951397273553627,1.0
1577,1,0.15625,0.19353236328510648,0.01191151785456,1.0
1578,1,0.15625,0.18980412695659585,0.011875572301357901,1.0
1579,1,0.1937499761581421,0.19019871187675047,0.011879379062676955,1.0
1580,1,0.1875,0.18992884068907542,0.011876775539090723,1.0
1581,1,0.140625,0.1849984566201679,0.011829164651252203,1.0
1582,1,0.3875,0.2052486109581511,0.012024141946832809,1.0
1583,1,0.4124999761581421,0.2259737474781502,0.012222043368599134,1.0
1584,1,0.3812499761581421,0.24150137034614938,0.012369133542331314,1.0
1585,1,0.25,0.24235123331153444,0.012377153544722541,1.0
1586,1,0.234375,0.241553609980381,0.01236962661154162,1.0
1587,1,0.28125001192092897,0.2455232501744358,0.012407058601534524,1.0
1588,1,0.234375,0.2444084251569922,0.012396553458645682,1.0
1589,1,0.140625,0.234030082641293,0.012298490417691712,1.0
1590,1,0.171875,0.22781457437716368,0.012239535558832264,1.0
1591,1,0.25,0.2300331169394473,0.012260597770776536,1.0
1592,1,0.2874999761581421,0.23577980286131678,0.012315056553182626,1.0
1593,1,0.171875,0.2293893225751851,0.012254487937158056,1.0
1594,1,0.234375,0.2298878903176666,0.012259219674519315,1.0
1595,1,0.203125,0.22721160128589996,0.01223380747743624,1.0
1596,1,0.203125,0.22480294115730998,0.012210910497066052,1.0
1597,1,0.28125001192092897,0.23044764823367186,0.012264530876904788,1.0
1598,1,0.1624999761581421,0.2236528810261189,0.012199969282370977,1.0
1599,1,0.21875,0.22316259292350704,0.01219530319124049,1.0
1600,1,0.265625,0.22740883363115633,0.012235681301421704,1.0
1601,1,0.25,0.22966795026804068,0.012257132429361703,1.0
1602,1,0.34375,0.2410761552412366,0.012365119651636178,1.0
1603,1,0.3125,0.24821853971711294,0.012432433340902067,1.0
1604,1,0.296875,0.25308418574540165,0.01247815645307868,1.0
1605,1,0.421875,0.2699632671708615,0.012635906551722274,1.0
1606,1,0.359375,0.2789044404537753,0.012718908123617818,1.0
1607,1,0.359375,0.2869514964083978,0.012793265634791868,1.0
1608,1,0.390625,0.29731884676755804,0.012888570780078053,1.0
1609,1,0.37500001192092897,0.30508696328289514,0.01295960952121379,1.0
1610,1,0.49374998807907106,0.3239532657625127,0.013130770987863643,1.0
1611,1,0.359375,0.32749543918626145,0.01316268525487171,1.0
1612,1,0.599999976158142,0.35474589288344954,0.013405777066358019,1.0
1613,1,0.49374998807907106,0.36864630240301166,0.013528070799557007,1.0
1614,1,0.3125,0.3630316721627105,0.013478816136553525,1.0
1615,1,0.28125,0.35485350494643947,0.013406728329472449,1.0
1616,1,0.28125001192092897,0.3474931556438884,0.01334150474066162,1.0
1617,1,0.325,0.34524384007949954,0.013321508096984482,1.0
1618,1,0.234375,0.3341569560715496,0.01322251026355021,1.0
1619,1,0.1875,0.31949126046439463,0.013090468437405413,1.0
1620,1,0.203125,0.3078546344179552,0.012984841217287857,1.0
1621,1,0.140625,0.29113167097615966,0.01283176069675679,1.0
1622,1,0.28125,0.2901435038785437,0.012822668882835989,1.0
1623,1,0.21875,0.2830041534906893,0.012756832071634541,1.0
1624,1,0.1875,0.2734537381416204,0.012668356093867903,1.0
1625,1,0.125,0.2586083643274584,0.012529934288128129,1.0
1626,1,0.1875,0.2514975278947125,0.012463258436938903,1.0
1627,1,0.140625,0.2404102751052413,0.012358832340454477,1.0
1628,1,0.125,0.22886924759471716,0.012249550948270276,1.0
1629,1,0.171875,0.22316982283524545,0.012195372005896727,1.0
1630,1,0.1875,0.21960284055172088,0.012161394883734362,1.0
1631,1,0.25,0.2226425564965488,0.012190352886344449,1.0
1632,1,0.3187499761581421,0.23225329846270812,0.012281654403349275,1.0
1633,1,0.5312500119209289,0.2621529698085302,0.012563081730087067,1.0
1634,1,0.25,0.2609376728276772,0.012551723603656074,1.0
1635,1,0.234375,0.25828140554490947,0.0125268737194221,1.0
1636,1,0.234375,0.2558907649904185,0.012504480274700634,1.0
1637,1,0.37500001192092897,0.26780168968346957,0.01261578120610436,1.0
1638,1,0.234375,0.2644590207151226,0.012584614539502716,1.0
1639,1,0.2249999761581421,0.2605131162594246,0.01254775404940592,1.0
1640,1,0.25,0.2594618046334821,0.01253792071463299,1.0
1641,1,0.1875,0.25226562417013393,0.012470471980126144,1.0
1642,1,0.37500001192092897,0.26453906294521345,0.012585361476280303,1.0
1643,1,0.506249976158142,0.2887101542665063,0.012809472072009139,1.0
1644,1,0.4124999761581421,0.3010891364556699,0.012923090049500666,1.0
1645,1,0.649999988079071,0.33598022161801,0.013238839923134689,1.0
1646,1,0.21875,0.324257199456209,0.013133512156372675,1.0
1647,1,0.6375,0.3555814795105881,0.013413161605949922,1.0
1648,1,0.39999998807907106,0.3600233303674364,0.01345234583993881,1.0
1649,1,0.4124999761581421,0.365270994946507,0.013498483945269774,1.0
1650,1,0.21875,0.35061889545185626,0.013369242983815378,1.0
1651,1,0.203125,0.33586950590667064,0.013237848872198938,1.0
1652,1,0.203125,0.3225950553160036,0.01311851496016822,1.0
1653,1,0.203125,0.31064804978440325,0.013010265375257275,1.0
1654,1,0.1875,0.2983332448059629,0.012897865636122234,1.0
1655,1,0.125,0.28099992032536664,0.01273830276860442,1.0
1656,1,0.234375,0.27633742829283,0.01269511910461374,1.0
1657,1,0.125,0.261203685463547,0.012554210352527226,1.0
1658,1,0.125,0.24758331691719232,0.012426456034435086,1.0
1659,1,0.15625,0.2384499852254731,0.012340311624343769,1.0
1660,1,0.265625,0.24116748670292576,0.012365981858715614,1.0
1661,1,0.171875,0.2342382380326332,0.01230046190754734,1.0
1662,1,0.21875,0.23268941422936987,0.012285788109874261,1.0
1663,1,0.171875,0.22660797280643288,0.012228071624245858,1.0
1664,1,0.171875,0.22113467552578958,0.012175992772549929,1.0
1665,1,0.125,0.2115212079732106,0.012084220871597155,1.0
1666,1,0.171875,0.20755658717588954,0.012046265721607458,1.0
1667,1,0.15625,0.2024259284583006,0.011997056213844717,1.0
1668,1,0.171875,0.19937083561247054,0.011967705911887578,1.0
1669,1,0.234375,0.2028712520512235,0.012001331463829746,1.0
1670,1,0.125,0.19508412684610116,0.011926464045832103,1.0
1671,1,0.171875,0.19276321416149103,0.011904106314546801,1.0
1672,1,0.171875,0.19067439274534193,0.011883967447216086,1.0
1673,1,0.1937499761581421,0.19098195108662194,0.011886933695954501,1.0
1674,1,0.28125,0.20000875597795972,0.011973837350815385,1.0
1675,1,0.140625,0.19407038038016375,0.011916700905876588,1.0
1676,1,0.15625,0.19028834234214737,0.01188024369469501,1.0
1677,1,0.171875,0.18844700810793263,0.011862475190601738,1.0
1678,1,0.1624999761581421,0.18585230491295357,0.011837416159169466,1.0
1679,1,0.3875,0.20601707442165823,0.012031510582785787,1.0
1680,1,0.25,0.2104153669794924,0.012073640402113008,1.0
1681,1,0.1875,0.20812383028154316,0.012051700005081234,1.0
1682,1,0.40625001192092897,0.22793644844548175,0.01224069314173764,1.0
1683,1,0.296875,0.23483030360093354,0.012306068470448892,1.0
1684,1,0.328125,0.24415977324084018,0.012394209612305173,1.0
1685,1,0.421875,0.2619312959167561,0.012561010499701966,1.0
1686,1,0.40625,0.2763631663250805,0.012695357788030999,1.0
1687,1,0.234375,0.27216434969257247,0.012656376154857006,1.0
1688,1,0.28125001192092897,0.2730729159154081,0.012664818662470403,1.0
1689,1,0.078125,0.2535781243238673,0.012482791930583355,1.0
1690,1,0.203125,0.24853281189148058,0.012435389890114392,1.0
1691,1,0.2874999761581421,0.2524295283181467,0.012472010924776544,1.0
1692,1,0.2874999761581421,0.25593657310214624,0.012504909618113702,1.0
1693,1,0.21875,0.2522179157919316,0.012470024008593688,1.0
1694,1,0.15625,0.24262112421273843,0.012379699778771345,1.0
1695,1,0.1875,0.23710901179146457,0.012327632377475424,1.0
1696,1,0.21875,0.23527311061231812,0.012310260629575328,1.0
1697,1,0.34375,0.2461207995510863,0.012412687069075778,1.0
1698,1,0.265625,0.24807121959597767,0.012431047255397745,1.0
1699,1,0.265625,0.2498265976363799,0.012447556546858697,1.0
1700,1,0.234375,0.24828143787274193,0.0124330250982512,1.0
1701,1,0.28125,0.2515782940854677,0.012464017077717651,1.0
1702,1,0.109375,0.23735796467692094,0.012329986890345392,1.0
1703,1,0.1875,0.23237216820922885,0.012282781187290731,1.0
1704,1,0.1875,0.22788495138830595,0.012240204020679529,1.0
1705,1,0.1875,0.22384645624947536,0.012201811268346996,1.0
1706,1,0.15625,0.21708681062452784,0.012137396980265532,1.0
1707,1,0.171875,0.21256562956207506,0.012094209215287461,1.0
1708,1,0.140625,0.20537156660586756,0.012025321097176538,1.0
1709,1,0.140625,0.1988969099452808,0.011963149728365638,1.0
1710,1,0.171875,0.19619471895075272,0.011937155505009853,1.0
1711,1,0.171875,0.19376274705567745,0.011913737414543222,1.0
1712,1,0.43750001192092897,0.21813647354220259,0.012147411823968111,1.0
1713,1,0.599999976158142,0.2563228238037965,0.01250852941893482,1.0
1714,1,0.37500001192092897,0.26819054261550973,0.012619403301537442,1.0
1715,1,0.25000001192092897,0.26637148954605167,0.012602452815004635,1.0
1716,1,0.575,0.2972343405914465,0.012887796210022345,1.0
1717,1,0.203125,0.2878234065323019,0.01280130248333353,1.0
1718,1,0.234375,0.2824785658790717,0.012751974945242286,1.0
1719,1,0.2874999761581421,0.28298070690697874,0.012756615424089282,1.0
1720,1,0.125,0.2671826362162809,0.012610013313824133,1.0
1721,1,0.125,0.2529643725946528,0.012477031868549789,1.0
1722,1,0.171875,0.24485543533518753,0.012400766369937795,1.0
1723,1,0.140625,0.23443239180166878,0.012302300614488707,1.0
1724,1,0.109375,0.22192665262150188,0.012183536245172766,1.0
1725,1,0.078125,0.2075464873593517,0.012046168952240708,1.0
1726,1,0.125,0.19929183862341654,0.011966946516774355,1.0
1727,1,0.140625,0.19342515476107489,0.011910484921083677,1.0
1728,1,0.15625,0.1897076392849674,0.011874641349954843,1.0
1729,1,0.265625,0.19729937535647066,0.01194778525988231,1.0
1730,1,0.234375,0.2010069378208236,0.011983428381358607,1.0
1731,1,0.5125,0.23215624403874124,0.012280734364755679,1.0
1732,1,0.265625,0.23550311963486711,0.012312437841257906,1.0
1733,1,0.328125,0.2447653076713804,0.012399917021618,1.0
1734,1,0.3125,0.25153877690424237,0.012463645894674347,1.0
1735,1,0.28125,0.2545098992138181,0.012491533284851204,1.0
1736,1,0.28125,0.2571839092924363,0.012516596672279291,1.0
1737,1,0.140625,0.24552801836319266,0.01240710352071482,1.0
1738,1,0.234375,0.2444127165268734,0.012396593907568127,1.0
1739,1,0.296875,0.24965894487418605,0.01244598038751675,1.0
1740,1,0.34375,0.25906805038676745,0.0125342364229252,1.0
1741,1,0.31250001192092897,0.2644112465401836,0.012584168706507356,1.0
1742,1,0.1624999761581421,0.2542201195019795,0.01248881517921887,1.0
1743,1,0.21875,0.2506731075517815,0.012455512891089968,1.0
1744,1,0.3187499761581421,0.25748079441241756,0.012519377290616066,1.0
1745,1,0.125,0.24423271497117582,0.012394897205651328,1.0
1746,1,0.54375,0.27418444347405824,0.012675141551693008,1.0
1747,1,0.328125,0.27957849912665245,0.012725149270313128,1.0
1748,1,0.453125,0.29693314921398717,0.01288503523072887,1.0
1749,1,0.49374998807907106,0.31661483310049554,0.01306442836162114,1.0
1750,1,0.296875,0.314640849790446,0.01304653143837265,1.0
1751,1,0.21875,0.3050517648114014,0.012959288364510095,1.0
1752,1,0.21875,0.2964215883302612,0.012880344724075201,1.0
1753,1,0.15625,0.2824044294972351,0.012751289713641074,1.0
1754,1,0.1875,0.2729139865475116,0.012663342166124128,1.0
1755,1,0.1875,0.2643725878927604,0.012583807932395186,1.0
1756,1,0.203125,0.25824782910348437,0.012526559391203802,1.0
1757,1,0.265625,0.25898554619313596,0.012533464351963619,1.0
1758,1,0.125,0.24558699157382236,0.012407659074986857,1.0
1759,1,0.1875,0.2397782924164401,0.012352863265383086,1.0
1760,1,0.09375,0.2251754631747961,0.012214453331857516,1.0
1761,1,0.1937499761581421,0.2220329144731307,0.012184548176355671,1.0
1762,1,0.1624999761581421,0.21607962064163183,0.012127783145359124,1.0
1763,1,0.171875,0.21165915857746864,0.012085540414271678,1.0
1764,1,0.1875,0.20924324271972178,0.012062420449188893,1.0
1765,1,0.203125,0.20863141844774963,0.012056561712154976,1.0
1766,1,0.15625,0.20339327660297468,0.012006342097473116,1.0
1767,1,0.234375,0.2064914489426772,0.012036058113373873,1.0
1768,1,0.15625,0.20146730404840948,0.01198785053200584,1.0
1769,1,0.171875,0.19850807364356854,0.011959410935971596,1.0
1770,1,0.140625,0.1927197662792117,0.011903687584814963,1.0
1771,1,0.28125,0.20157278965129052,0.01198886368362552,1.0
1772,1,0.21875,0.20329051068616147,0.012005355785452978,1.0
1773,1,0.296875,0.21264895961754532,0.012095005955771954,1.0
1774,1,0.1875,0.2101340636557908,0.012070948171896969,1.0
1775,1,0.1875,0.2078706572902117,0.012049274721726901,1.0
1776,1,0.171875,0.20427109156119053,0.01201476540499198,1.0
1777,1,0.078125,0.19165648240507147,0.011893438012143615,1.0
1778,1,0.109375,0.1834283341645643,0.011813984417761856,1.0
1779,1,0.2249999761581421,0.18758549836392208,0.011854157602320607,1.0
1780,1,0.171875,0.18601444852752988,0.011838982807351494,1.0
1781,1,0.15625,0.1830380036747769,0.011810209285544394,1.0
1782,1,0.171875,0.1819217033072992,0.011799409899823992,1.0
1783,1,0.25,0.18872953297656928,0.0118652022930993,1.0
1784,1,0.3812499761581421,0.20798157729472655,0.012050337316460215,1.0
1785,1,0.506249976158142,0.2378084171810681,0.01233424642463189,1.0
1786,1,0.171875,0.2312150754629613,0.012271810338333649,1.0
1787,1,0.125,0.22059356791666518,0.01217083730138511,1.0
1788,1,0.140625,0.21259671112499867,0.012094506397503119,1.0
1789,1,0.1624999761581421,0.20758703762831304,0.012046557474089899,1.0
1790,1,0.140625,0.20089083386548176,0.011982312991282945,1.0
1791,1,0.09375,0.1901767504789336,0.01187916720473431,1.0
1792,1,0.21875,0.19303407543104023,0.011906716588527102,1.0
1793,1,0.25,0.1987306678879362,0.011961551324613389,1.0
1794,1,0.25,0.20385760109914258,0.012010798017421267,1.0
1795,1,0.203125,0.20378434098922832,0.012010095027291279,1.0
1796,1,0.171875,0.2005934068903055,0.011979455428992553,1.0
1797,1,0.109375,0.19147156620127495,0.011891655082147732,1.0
1798,1,0.125,0.18482440958114743,0.011827482360733778,1.0
1799,1,0.234375,0.1897794686230327,0.01187533439116022,1.0
1800,1,0.265625,0.19736402176072942,0.011948407190104171,1.0
1801,1,0.4437499761581421,0.22200261720047068,0.012184259660337761,1.0
1802,1,0.35625,0.2354273554804236,0.012311720701037886,1.0
1803,1,0.1937499761581421,0.23125961754819546,0.012272232766196562,1.0
1804,1,0.109375,0.2190711557933759,0.012156325837435644,1.0
1805,1,0.15625,0.21278904021403833,0.012096345240350612,1.0
1806,1,0.234375,0.2149476361926345,0.012116973203342332,1.0
1807,1,0.34375,0.22782787257337103,0.012239661870681888,1.0
1808,1,0.4375,0.24879508531603392,0.012437856909107356,1.0
1809,1,0.234375,0.24735307678443053,0.012424289070311604,1.0
1810,1,0.21875,0.2444927691059875,0.01239734843938317,1.0
1811,1,0.15625,0.23566849219538874,0.012314003076185565,1.0
1812,1,0.4437499761581421,0.2564766405916641,0.01250997073859288,1.0
1813,1,0.296875,0.26051647653249765,0.012547785470939463,1.0
1814,1,0.25,0.2594648288792479,0.012537949009139664,1.0
1815,1,0.203125,0.2538308459913231,0.012485163214320274,1.0
1816,1,0.265625,0.2550102613921908,0.012496225709516957,1.0
1817,1,0.359375,0.26544673525297174,0.012593829513171893,1.0
1818,1,0.234375,0.2623395617276746,0.012564824986416373,1.0
1819,1,0.2874999761581421,0.2648556031707213,0.01258831505826314,1.0
1820,1,0.31250001192092897,0.2696200440457421,0.01263271250317192,1.0
1821,1,0.36874998807907106,0.27953303844907496,0.01272472841941667,1.0
1822,1,0.234375,0.2750172346041675,0.012682871761872293,1.0
1823,1,0.296875,0.27720301114375073,0.012703144328397298,1.0
1824,1,0.203125,0.2697952100293757,0.012634342677203363,1.0
1825,1,0.265625,0.2693781890264381,0.012630461443639341,1.0
1826,1,0.3125,0.2736903701237943,0.012670553789970736,1.0
1827,1,0.203125,0.2666338331114149,0.01260489840461503,1.0
1828,1,0.21875,0.2618454498002734,0.012560208325437455,1.0
1829,1,0.140625,0.24972340482024608,0.012446586412195646,1.0
1830,1,0.203125,0.24506356433822146,0.012402727603063253,1.0
1831,1,0.1875,0.2393072079043993,0.012348412718057143,1.0
1832,1,0.203125,0.23568898711395936,0.012314197050221241,1.0
1833,1,0.375,0.24962008840256344,0.012445615066456391,1.0
1834,1,0.359375,0.2605955795623071,0.012548525138884738,1.0
1835,1,0.421875,0.2767235216060764,0.01269869921970781,1.0
1836,1,0.359375,0.28498866944546875,0.012775158923994934,1.0
1837,1,0.234375,0.2799273025009219,0.01272837796034223,1.0
1838,1,0.265625,0.2784970722508297,0.012715135169276843,1.0
1839,1,0.25000001192092897,0.27564736621783964,0.012688718532613124,1.0
1840,1,0.1875,0.2668326295960557,0.01260675138021254,1.0
1841,1,0.537499976158142,0.2938993642522643,0.012857198251140088,1.0
1842,1,0.296875,0.2941969278270379,0.012859930736032109,1.0
1843,1,0.34375001192092897,0.29915223623642695,0.012905366010354571,1.0
1844,1,0.46875001192092897,0.31611201380487713,0.01305987165050754,1.0
1845,1,0.3125,0.3157508124243894,0.013056597461124761,1.0
1846,1,0.3187499761581421,0.3160507287977647,0.013059316170035933,1.0
1847,1,0.296875,0.3141331559179882,0.01304192499620847,1.0
1848,1,0.234375,0.30615734032618935,0.012969372620933155,1.0
1849,1,0.599999976158142,0.33554160390938464,0.013234913302142368,1.0
1850,1,0.43750001192092897,0.3457374447105391,0.01332589885790305,1.0
1851,1,0.234375,0.3346012002394852,0.013226490806548119,1.0
1852,1,0.265625,0.3277035802155367,0.013164558347146162,1.0
1853,1,0.25,0.319933222193983,0.013094465391075498,1.0
1854,1,0.25000001192092897,0.31293990116667764,0.013031092677266468,1.0
1855,1,0.234375,0.30508341105000986,0.012959577110354135,1.0
1856,1,0.28125,0.30270006994500886,0.012937815982414431,1.0
1857,1,0.21875,0.29430506295050796,0.01286092361063596,1.0
1858,1,0.28125,0.2929995566554572,0.012848932617663606,1.0
1859,1,0.265625,0.29026210098991145,0.012823760325637756,1.0
1860,1,0.34375,0.2956108908909203,0.012872908600777246,1.0
1861,1,0.881249976158142,0.3541747994176425,0.01340072757955409,1.0
1862,1,0.818749976158142,0.40063231709169245,0.013804898672604236,1.0
1863,1,0.712499988079071,0.43181908419043025,0.014068404222341666,1.0
1864,1,0.328125,0.42144967577138726,0.013981510027001709,1.0
1865,1,0.39999998807907106,0.41930470700215566,0.01396344523432444,1.0
1866,1,0.31250001192092897,0.408624237494033,0.01387303911531115,1.0
1867,1,0.15625,0.3833868137446297,0.013656451033687381,1.0
1868,1,0.078125,0.35286063237016674,0.01338910054687352,1.0
1869,1,0.140625,0.33163706913315005,0.013199909884512383,1.0
1870,1,0.03125,0.30159836221983505,0.012927746507935094,1.0
1871,1,0.15625,0.28706352599785157,0.01279429848914591,1.0
1872,1,0.09375,0.26773217339806643,0.01261513359668192,1.0
1873,1,0.09375,0.2503339560582598,0.01245232560371288,1.0
1874,1,0.109375,0.2362380604524338,0.012319393066179848,1.0
1875,1,0.1875,0.2313642544071904,0.012273225086742452,1.0
1876,1,0.2562499761581421,0.2338528265822856,0.012296811434121455,1.0
1877,1,0.125,0.22296754392405704,0.012193446622831377,1.0
1878,1,0.21875,0.22254578953165136,0.012189431622533765,1.0
1879,1,0.125,0.2127912105784862,0.012096365990183537,1.0
1880,1,0.140625,0.2055745895206376,0.012027267967756715,1.0
1881,1,0.09375,0.19439213056857382,0.011919800013802374,1.0
1882,1,0.15625,0.19057791751171643,0.011883036920246153,1.0
1883,1,0.171875,0.18870762576054478,0.011864990841550817,1.0
1884,1,0.1375,0.1835868631844903,0.01181551749926189,1.0
1885,1,0.140625,0.17929067686604128,0.011773939529491498,1.0
1886,1,0.203125,0.18167410917943716,0.01179701401976041,1.0
1887,1,0.171875,0.18069419826149344,0.011787529682159754,1.0
1888,1,0.1875,0.18137477843534408,0.01179411721824812,1.0
1889,1,0.234375,0.1866748005918097,0.011845362230689424,1.0
1890,1,0.28125001192092897,0.19613232172472161,0.01193655494049601,1.0
1891,1,0.25,0.20151908955224945,0.011988347918624196,1.0
1892,1,0.234375,0.2048046805970245,0.012019884145860063,1.0
1893,1,0.2874999761581421,0.21307421015313627,0.012099071454102177,1.0
1894,1,0.171875,0.20895428913782263,0.012059653657224716,1.0
1895,1,0.140625,0.20212136022404037,0.01199413182264354,1.0
1896,1,0.109375,0.19284672420163632,0.011904911124574605,1.0
1897,1,0.125,0.18606205178147267,0.011839442737120875,1.0
1898,1,0.203125,0.18776834660332542,0.011855923163433441,1.0
1899,1,0.4437499761581421,0.2133665095588071,0.01210186548657993,1.0
1900,1,0.1875,0.2107798586029264,0.01207712832373346,1.0
1901,1,0.234375,0.21313937274263375,0.012099694360181226,1.0
1902,1,0.15625,0.2074504354683704,0.012045248630322478,1.0
1903,1,0.21875,0.20858039192153335,0.012056073023159083,1.0
1904,1,0.296875,0.21740985272938002,0.012140479607678436,1.0
1905,1,0.21875,0.21754386745644202,0.012141758317363902,1.0
1906,1,0.21875,0.21766448071079783,0.012142909093322581,1.0
1907,1,0.296875,0.22558553263971803,0.012218352582195018,1.0
1908,1,0.25,0.22802697937574623,0.012241552980679667,1.0
1909,1,0.234375,0.22866178143817162,0.012247581182625566,1.0
1910,1,0.28125001192092897,0.23392060448644733,0.012297453448000036,1.0
1911,1,0.5000000119209289,0.2605285452298955,0.012547898323520535,1.0
1912,1,0.234375,0.25791319070690594,0.012523426358961509,1.0
1913,1,0.234375,0.25555937163621534,0.012501373947335255,1.0
1914,1,0.3125,0.2612534344725938,0.012554675380501864,1.0
1915,1,0.359375,0.27106559102533445,0.012646160911600231,1.0
1916,1,0.40625,0.284584031922801,0.012771423761411708,1.0
1917,1,0.53125,0.3092506287305209,0.012997552125733015,1.0
1918,1,0.484375,0.3267630658574688,0.013156092557854484,1.0
1919,1,0.484375,0.34252425927172186,0.013297290827578358,1.0
1920,1,0.46875,0.35514683334454966,0.013409320923292847,1.0
1921,1,0.40625,0.36025715001009473,0.013454405187666179,1.0
1922,1,0.265625,0.35079393500908523,0.01337079458649139,1.0
1923,1,0.234375,0.33915204150817674,0.013267201625178398,1.0
1924,1,0.203125,0.3255493373573591,0.01314516007565944,1.0
1925,1,0.21875,0.31486940362162313,0.013048604703390556,1.0
1926,1,0.34375,0.3177574632594608,0.013074778022640376,1.0
1927,1,0.54375,0.3403567169335147,0.013277958196922707,1.0
1928,1,0.693749976158142,0.3756960428559774,0.013589639039859063,1.0
1929,1,0.328125,0.37093893857037963,0.013548127194061047,1.0
1930,1,0.5000000119209289,0.38384504590543456,0.0136604200503724,1.0
1931,1,0.43750001192092897,0.389210542506984,0.013706794437719367,1.0
1932,1,0.421875,0.3924769882562856,0.013734936517951825,1.0
1933,1,0.515625,0.404791789430657,0.013840415207664726,1.0
1934,1,0.5000000119209289,0.4143126116796842,0.013921283241742593,1.0
1935,1,0.40625,0.4135063505117158,0.013914458218199342,1.0
1936,1,0.40625,0.4127807154605442,0.013908312012321851,1.0
1937,1,0.359375,0.4074401439144898,0.013862969757894203,1.0
1938,1,0.234375,0.3901336295230408,0.013714754230461042,1.0
1939,1,0.375,0.3886202665707367,0.013701701622945017,1.0
1940,1,0.296875,0.37944573991366304,0.013622260273868363,1.0
1941,1,0.34375,0.3758761659222967,0.013591208071326289,1.0
1942,1,0.296875,0.36797604933006706,0.013522201164719833,1.0
1943,1,0.15625,0.34680344439706035,0.013335376324474827,1.0
1944,1,0.171875,0.32931059995735434,0.013179011843189458,1.0
1945,1,0.1937499761581421,0.3157545375774331,0.013056631232285216,1.0
1946,1,0.2874999761581421,0.312929081435504,0.0130309944202852,1.0
1947,1,0.25000001192092897,0.3066361744840465,0.012973738145074392,1.0
1948,1,0.2562499761581421,0.3015975546514561,0.012927739124472915,1.0
1949,1,0.171875,0.2886252991863105,0.012808690479822171,1.0
1950,1,0.25,0.2847627692676795,0.012773073768713533,1.0
1951,1,0.234375,0.27972399234091155,0.012726496099404244,1.0
1952,1,0.375,0.28925159310682036,0.012814458336540453,1.0
1953,1,0.34375001192092897,0.2947014349882312,0.012864562492265813,1.0
1954,1,0.36874998807907106,0.30210629029731517,0.012932389717135473,1.0
1955,1,0.21875,0.29377066126758367,0.012856016245568855,1.0
1956,1,0.265625,0.2909560951408253,0.012830145650077791,1.0
1957,1,0.2625,0.2881104856267428,0.012803947782020014,1.0
1958,1,0.075,0.26679943706406856,0.01260644200704847,1.0
1959,1,0.09375,0.2494944933576617,0.012444434198553872,1.0
1960,1,0.34375001192092897,0.25892004521398837,0.012532851373422072,1.0
1961,1,0.375,0.2705280406925895,0.012641161099309448,1.0
1962,1,0.46249998807907106,0.2897252354312377,0.012818818997753684,1.0
1963,1,0.3125,0.29200271188811394,0.012839770651865916,1.0
1964,1,0.25,0.2878024406993025,0.01280110927637774,1.0
1965,1,0.265625,0.28558469662937225,0.012780659254633276,1.0
1966,1,0.21875,0.278901226966435,0.01271887836427652,1.0
1967,1,0.125,0.2635111042697915,0.012575766440123681,1.0
1968,1,0.1875,0.2559099938428124,0.012504660501209994,1.0
1969,1,0.296875,0.26000649445853113,0.012543016071028194,1.0
1970,1,0.234375,0.257443345012678,0.012519026563424686,1.0
1971,1,0.25,0.2566990105114102,0.012512054229460907,1.0
1972,1,0.265625,0.2575916094602692,0.012520415074903484,1.0
1973,1,0.1875,0.2505824485142423,0.012454660945012939,1.0
1974,1,0.203125,0.24583670366281807,0.012410011300748392,1.0
1975,1,0.171875,0.23844053329653625,0.012340222281733546,1.0
1976,1,0.125,0.22709647996688265,0.012232713680462097,1.0
1977,1,0.078125,0.2121993319701944,0.012090706618422898,1.0
1978,1,0.15625,0.20660439877317496,0.012037140763055376,1.0
1979,1,0.28125,0.21406895889585745,0.012108578656903318,1.0
1980,1,0.296875,0.22234956300627168,0.012187563340397672,1.0
1981,1,0.265625,0.2266771067056445,0.012228728632953224,1.0
1982,1,0.328125,0.23682189603508005,0.012324916594146066,1.0
1983,1,0.171875,0.23032720643157203,0.012263388191484882,1.0
1984,1,0.21875,0.22916948578841484,0.012252401202693608,1.0
1985,1,0.109375,0.21719003720957336,0.012138382065665069,1.0
1986,1,0.125,0.207971033488616,0.012050236310673602,1.0
1987,1,0.109375,0.1981114301397544,0.011955596487671302,1.0
1988,1,0.125,0.19080028712577896,0.011885181678102595,1.0
1989,1,0.21875,0.19359525841320108,0.011912123817300897,1.0
1990,1,0.125,0.18673573257188097,0.011845950794328002,1.0
1991,1,0.234375,0.19149965931469287,0.01189192595911795,1.0
1992,1,0.2562499761581421,0.1979746909990378,0.011954281355042331,1.0
1993,1,0.36874998807907106,0.21505222070704114,0.01211797215602548,1.0
1994,1,0.25,0.21854699863633703,0.012151327420883665,1.0
1995,1,0.171875,0.21387979877270333,0.012106771086153868,1.0
1996,1,0.2562499761581421,0.2181168165112472,0.012147224317466192,1.0
1997,1,0.171875,0.2134926348601225,0.012103070987507555,1.0
1998,1,0.125,0.20464337137411026,0.012018336816293773,1.0
1999,2,0.0,0.18417903423669924,0.01182124340779907,0.96875
2000,2,0.015625,0.1673236308130293,0.01165779391352342,0.96875
2001,2,0.046875,0.15527876773172639,0.01154042686754954,0.96875
2002,2,0.078125,0.14756339095855375,0.011465015763523356,0.96875
2003,2,0.140625,0.1468695518626984,0.01145822560013037,0.96875
2004,2,0.078125,0.13999509667642857,0.011390876394147818,0.96875
2005,2,0.203125,0.14630808700878573,0.011452729893328099,0.96875
2006,2,0.109375,0.14261477830790714,0.011416557007448895,0.96875
2007,2,0.203125,0.14866580047711642,0.011475801505412662,0.96875
2008,2,0.125,0.1462992204294048,0.011452643098646813,0.96875
2009,2,0.28125,0.1597942983864643,0.011584479735180973,0.96875
2010,2,0.34375,0.17818986854781788,0.011763275777360409,0.96875
2011,2,0.28125,0.18849588169303608,0.011862946968821175,0.96875
2012,2,0.15625,0.18527129352373248,0.011831801601668652,0.96875
2013,2,0.125,0.17924416417135924,0.011773489035728548,0.96875
2014,2,0.203125,0.18163224775422332,0.011796608920601161,0.96875
2015,2,0.234375,0.186906522978801,0.011847600448954821,0.96875
2016,2,0.171875,0.18540337068092091,0.011833078023899568,0.96875
2017,2,0.21875,0.18873803361282884,0.011865284341977792,0.96875
2018,2,0.296875,0.19955173025154593,0.011969444756375328,0.96875
2019,2,0.28125,0.20772155722639132,0.012047846292426714,0.96875
2020,2,0.171875,0.2041369015037522,0.012013477941114023,0.96875
2021,2,0.265625,0.21028571135337695,0.012072399564216232,0.96875
2022,2,0.28125,0.21738214021803925,0.012140215177907485,0.96875
2023,2,0.234375,0.21908142619623533,0.012156423765775913,0.96875
2024,2,0.359375,0.23311078357661177,0.012289781260299478,0.96875
2025,2,0.25,0.2347997052189506,0.012305778756656902,0.96875
2026,2,0.203125,0.23163223469705557,0.012275766254561345,0.96875
2027,2,0.140625,0.22253151122735002,0.012189295683529208,0.96875
2028,2,0.234375,0.22371586010461503,0.012200568583828912,0.96875
2029,2,0.28125,0.22946927409415352,0.012255246801582272,0.96875
2030,2,0.203125,0.2268348466847382,0.012230227626936707,0.96875
2031,2,0.0625,0.2104013620162644,0.012073506374204006,0.96875
2032,2,0.171875,0.20654872581463796,0.012036607131376054,0.96875
2033,2,0.140625,0.19995635323317418,0.011973333734445809,0.96875
2034,2,0.140625,0.19402321790985677,0.011916246603343634,0.96875
2035,2,0.125,0.18712089611887112,0.011849670919314577,0.96875
2036,2,0.25,0.193408806506984,0.01191032740508612,0.96875
2037,2,0.265625,0.2006304258562856,0.011979811111112472,0.96875
2038,2,0.21875,0.20244238327065706,0.011997214198885687,0.96875
2039,2,0.34375,0.21657314494359134,0.012132494452047343,0.96875
2040,2,0.25,0.2199158304492322,0.012164378363549213,0.96875
2041,2,0.296875,0.227611747404309,0.012237608929879427,0.96875
2042,2,0.234375,0.2282880726638781,0.012244032580501912,0.96875
2043,2,0.15625,0.2210842653974903,0.012175512534915724,0.96875
2044,2,0.28125,0.22710083885774124,0.012232755096418758,0.96875
2045,2,0.375,0.2418907549719671,0.012372808495828684,0.96875
2046,2,0.421875,0.2598891794747704,0.01254191875524642,0.96875
2047,2,0.4375,0.2776502615272934,0.012707289525434418,0.96875
2048,2,0.359375,0.28582273537456404,0.012782855443550723,0.96875
2049,2,0.34375,0.2916154618371076,0.012836210049930182,0.96875
2050,2,0.125,0.2749539156533969,0.012682284138103041,0.96875
2051,2,0.09375,0.2568335240880572,0.012513314438967913,0.96875
2052,2,0.171875,0.2483376716792515,0.012433554140850785,0.96875
2053,2,0.140625,0.23756640451132635,0.012331958034301586,0.96875
2054,2,0.15625,0.22943476406019372,0.012254919250973502,0.96875
2055,2,0.203125,0.22680378765417436,0.012229932483085373,0.96875
2056,2,0.3125,0.23537340888875694,0.012311210058095861,0.96875
2057,2,0.328125,0.24464856799988124,0.012398816831485637,0.96875
2058,2,0.1875,0.23893371119989312,0.012344883426625642,0.96875
2059,2,0.1875,0.2337903400799038,0.012296219524375153,0.96875
2060,2,0.171875,0.2275988060719134,0.012237485995787086,0.96875
2061,2,0.40625,0.24546392546472207,0.012406499718785434,0.96875
2062,2,0.375,0.25841753291824987,0.01252814803075046,0.96875
2063,2,0.421875,0.2747632796264249,0.012680514843298421,0.96875
2064,2,0.375,0.2847869516637824,0.012773296995064593,0.96875
2065,2,0.328125,0.2891207564974041,0.012813253564066809,0.96875
2066,2,0.265625,0.2867711808476637,0.012791603083668264,0.96875
2067,2,0.265625,0.2846565627628973,0.012772093346939208,0.96875
2068,2,0.265625,0.2827534064866076,0.012754515012280603,0.96875
2069,2,0.28125,0.2826030658379468,0.012753125617023898,0.96875
2070,2,0.359375,0.29028025925415213,0.012823927428709121,0.96875
2071,2,0.3125,0.2925022333287369,0.012844362385597465,0.96875
2072,2,0.25,0.2882520099958632,0.012805251705757229,0.96875
2073,2,0.203125,0.2797393089962769,0.01272663787929967,0.96875
2074,2,0.21875,0.2736403780966492,0.012670089517102934,0.96875
2075,2,0.265625,0.2728388402869843,0.012662643993731456,0.96875
2076,2,0.203125,0.2658674562582859,0.01259775323575239,0.96875
2077,2,0.28125,0.2674057106324573,0.012612091974852744,0.96875
2078,2,0.296875,0.2703526395692116,0.012639529367622457,0.96875
2079,2,0.34375,0.27769237561229043,0.012707679794667241,0.96875
2080,2,0.328125,0.2827356380510614,0.012754350808660681,0.96875
2081,2,0.203125,0.27477457424595525,0.012680619673811693,0.96875
2082,2,0.171875,0.2644846168213597,0.012584853400191219,0.96875
2083,2,0.171875,0.25522365513922374,0.012498226571684312,0.96875
2084,2,0.21875,0.2515762896253014,0.012463998250090659,0.96875
2085,2,0.234375,0.24985616066277125,0.012447834465282926,0.96875
2086,2,0.3125,0.25612054459649414,0.012506633819338718,0.96875
2087,2,0.1875,0.24925849013684473,0.012442215056392172,0.96875
2088,2,0.3125,0.25558264112316026,0.012501592081515743,0.96875
2089,2,0.203125,0.2503368770108442,0.012452353056587132,0.96875
2090,2,0.0625,0.23155318930975982,0.01227501672569851,0.96875
2091,2,0.125,0.22089787037878383,0.012173736730795238,0.96875
2092,2,0.171875,0.21599558334090546,0.012126980805567972,0.96875
2093,2,0.25,0.2193960250068149,0.012159423256705507,0.96875
2094,2,0.28125,0.2255814225061334,0.01221831350345652,0.96875
2095,2,0.296875,0.23271078025552006,0.012285990605767143,0.96875
2096,2,0.296875,0.23912720222996803,0.012346711863322144,0.96875
2097,2,0.265625,0.24177698200697123,0.01237173479388164,0.96875
2098,2,0.140625,0.2316617838062741,0.012276046439954542,0.96875
2099,2,0.203125,0.22880810542564672,0.012248970459465236,0.96875
2100,2,0.15625,0.22155229488308206,0.012179970863938003,0.96875
2101,2,0.125,0.21189706539477388,0.012087815892434411,0.96875
2102,2,0.140625,0.2047698588552965,0.012019550133127317,0.96875
2103,2,0.15625,0.19991787296976685,0.011972963913395387,0.96875
2104,2,0.203125,0.20023858567279018,0.011976046005102044,0.96875
2105,2,0.265625,0.20677722710551116,0.012038797265276879,0.96875
2106,2,0.125,0.19859950439496005,0.011960290124804287,0.96875
2107,2,0.109375,0.18967705395546403,0.011874346243509623,0.96875
2108,2,0.078125,0.17852184855991762,0.011766492171802237,0.96875
2109,2,0.015625,0.16223216370392585,0.01160823711978797,0.96875
2110,2,0.078125,0.15382144733353326,0.011526196288759291,0.96875
2111,2,0.15625,0.15406430260017995,0.011528568185793158,0.96875
2112,2,0.25,0.16365787234016196,0.011622122263970103,0.96875
2113,2,0.296875,0.17697958510614575,0.011751546739863013,0.96875
2114,2,0.359375,0.19521912659553117,0.011927763907545495,0.96875
2115,2,0.3125,0.20694721393597806,0.012040426418775759,0.96875
2116,2,0.34375,0.22062749254238026,0.012171160558164307,0.96875
2117,2,0.296875,0.22825224328814225,0.012243692326544023,0.96875
2118,2,0.25,0.23042701895932802,0.012264335162145448,0.96875
2119,2,0.1875,0.2261343170633952,0.012223569729119954,0.96875
2120,2,0.140625,0.2175833853570557,0.012142135365809022,0.96875
2121,2,0.078125,0.20363754682135013,0.012008686355976498,0.96875
2122,2,0.34375,0.21764879213921512,0.01214275941138878,0.96875
2123,2,0.1875,0.2146339129252936,0.012113976369186612,0.96875
2124,2,0.234375,0.21660802163276424,0.012132827356174925,0.96875
2125,2,0.203125,0.2152597194694878,0.012119953976604654,0.96875
2126,2,0.203125,0.21404624752253903,0.01210836163984357,0.96875
2127,2,0.109375,0.20357912277028511,0.012008125681944756,0.96875
2128,2,0.125,0.19572121049325658,0.011932597690137544,0.96875
2129,2,0.078125,0.18396158944393093,0.011819141001507431,0.96875
2130,2,0.078125,0.17337793049953784,0.011716613264555604,0.96875
2131,2,0.1875,0.17479013744958405,0.011730315859495218,0.96875
2132,2,0.234375,0.18074862370462566,0.011788056541107886,0.96875
2133,2,0.15625,0.1782987613341631,0.011764330828654112,0.96875
2134,2,0.234375,0.18390638520074679,0.011818607222312266,0.96875
2135,2,0.265625,0.1920782466806721,0.0118975041229182,0.96875
2136,2,0.203125,0.1931829220126049,0.011908150899436129,0.96875
2137,2,0.265625,0.2004271298113444,0.011977857757045499,0.96875
2138,2,0.109375,0.19132191683020994,0.011890212097515753,0.96875
2139,2,0.15625,0.18781472514718894,0.011856370970156061,0.96875
2140,2,0.1875,0.18778325263247003,0.011856067089018332,0.96875
2141,2,0.171875,0.18619242736922303,0.01184070234955686,0.96875
2142,2,0.125,0.1800731846323007,0.011781517309366803,0.96875
2143,2,0.125,0.17456586616907066,0.011728140208962037,0.96875
2144,2,0.140625,0.17117177955216362,0.011695193778020543,0.96875
2145,2,0.265625,0.18061710159694724,0.011786783339637298,0.96875
2146,2,0.1875,0.18130539143725252,0.011793445674587968,0.96875
2147,2,0.25,0.18817485229352726,0.01185984790513524,0.96875
2148,2,0.25,0.19435736706417453,0.011919465189072678,0.96875
2149,2,0.21875,0.19679663035775707,0.011942948071413259,0.96875
2150,2,0.296875,0.20680446732198138,0.012039058343066338,0.96875
2151,2,0.21875,0.20799902058978326,0.012050504415855793,0.96875
2152,2,0.09375,0.19657411853080492,0.011940806859873419,0.96875
2153,2,0.234375,0.20035420667772444,0.011977157042560043,0.96875
2154,2,0.109375,0.19125628600995198,0.01188957923071039,0.96875
2155,2,0.15625,0.18775565740895678,0.011855800641931778,0.96875
2156,2,0.140625,0.1830425916680611,0.011810253662020287,0.96875
2157,2,0.171875,0.181925832501255,0.011799449854752064,0.96875
2158,2,0.3125,0.1949832492511295,0.011925492689344461,0.96875
2159,2,0.1875,0.19423492432601655,0.011918285846128284,0.96875
2160,2,0.1875,0.19356143189341488,0.011911797917706562,0.96875
2161,2,0.265625,0.20076778870407339,0.011981130862234493,0.96875
2162,2,0.140625,0.19475350983366604,0.011923280373741081,0.96875
2163,2,0.234375,0.19871565885029943,0.011961407008814946,0.96875
2164,2,0.171875,0.19603159296526948,0.01193558540974547,0.96875
2165,2,0.125,0.1889284336687425,0.011867122031630397,0.96875
2166,2,0.109375,0.18097309030186826,0.011790229354583293,0.96875
2167,2,0.171875,0.18006328127168142,0.01178142141872391,0.96875
2168,2,0.15625,0.1776819531445133,0.011758354101051973,0.96875
2169,2,0.09375,0.16928875783006198,0.011676898863079726,0.96875
2170,2,0.125,0.16485988204705576,0.011633823791344828,0.96875
2171,2,0.109375,0.15931139384235019,0.01157977156671652,0.96875
2172,2,0.140625,0.15744275445811517,0.011561546166164616,0.96875
2173,2,0.1875,0.16044847901230366,0.011590856642520398,0.96875
2174,2,0.265625,0.17096613111107328,0.01169319632082487,0.96875
2175,2,0.140625,0.16793201799996596,0.011663709986105336,0.96875
2176,2,0.203125,0.17145131619996934,0.011697908685835099,0.96875
2177,2,0.09375,0.1636811845799724,0.011622349251405279,0.96875
2178,2,0.109375,0.15825056612197516,0.011569426308129191,0.96875
2179,2,0.140625,0.15648800950977765,0.011552230138136966,0.96875
2180,2,0.140625,0.1549017085587999,0.011536745535105393,0.96875
2181,2,0.1875,0.1581615377029199,0.011568557940388222,0.96875
2182,2,0.25,0.1673453839326279,0.011658005465588683,0.96875
2183,2,0.203125,0.1709233455393651,0.011692780728351823,0.96875
2184,2,0.328125,0.1866435109854286,0.011845059988123456,0.96875
2185,2,0.34375,0.20235415988688574,0.011996367141237788,0.96875
2186,2,0.296875,0.21180624389819713,0.012086947249865084,0.96875
2187,2,0.3125,0.22187561950837742,0.012183050240349762,0.96875
2188,2,0.296875,0.2293755575575397,0.012254357282943497,0.96875
2189,2,0.203125,0.22675050180178574,0.0122294261154621,0.96875
2190,2,0.21875,0.22595045162160718,0.012221821911162348,0.96875
2191,2,0.125,0.21585540645944645,0.012125642413542389,0.96875
2192,2,0.140625,0.2083323658135018,0.012053697492441624,0.96875
2193,2,0.203125,0.20781162923215163,0.0120487092232981,0.96875
2194,2,0.171875,0.20421796630893646,0.012014255712039892,0.96875
2195,2,0.1875,0.20254616967804281,0.011998210643309115,0.96875
2196,2,0.140625,0.19635405271023854,0.011938689004127935,0.96875
2197,2,0.328125,0.2095311474392147,0.012065176870115503,0.96875
2198,2,0.40625,0.2292030326952932,0.012252719649966286,0.96875
2199,2,0.234375,0.2297202294257639,0.01225762858069947,0.96875
2200,2,0.328125,0.2395607064831875,0.012350807755674155,0.96875
2201,2,0.359375,0.25154213583486873,0.012463677445234397,0.96875
2202,2,0.28125,0.25451292225138183,0.012491561638582935,0.96875
2203,2,0.265625,0.2556241300262437,0.012501981002908,0.96875
2204,2,0.1875,0.24881171702361932,0.012438013341081777,0.96875
2205,2,0.171875,0.24111804532125738,0.012365515116082968,0.96875
2206,2,0.0625,0.22325624078913164,0.012196194519328461,0.96875
2207,2,0.171875,0.21811811671021847,0.012147236719986312,0.96875
2208,2,0.15625,0.21193130503919663,0.012088143361561473,0.96875
2209,2,0.265625,0.21730067453527696,0.012139437823055212,0.96875
2210,2,0.21875,0.2174456070817493,0.012140820767187635,0.96875
2211,2,0.21875,0.21757604637357436,0.012142065343535713,0.96875
2212,2,0.296875,0.2255059417362169,0.012217595827185724,0.96875
2213,2,0.3125,0.23420534756259523,0.012300150406537992,0.96875
2214,2,0.25,0.2357848128063357,0.012315103967504381,0.96875
2215,2,0.421875,0.25439383152570216,0.012490444628273534,0.96875
2216,2,0.28125,0.25707944837313196,0.012515618195170771,0.96875
2217,2,0.203125,0.25168400353581877,0.012465009966129759,0.96875
2218,2,0.171875,0.2437031031822369,0.012389904215504411,0.96875
2219,2,0.09375,0.22870779286401322,0.012248018049136547,0.96875
2220,2,0.09375,0.21521201357761188,0.01211949835308345,0.96875
2221,2,0.140625,0.20775331221985072,0.012048150523372379,0.96875
2222,2,0.15625,0.20260298099786564,0.01199875606643123,0.96875
2223,2,0.171875,0.19953018289807908,0.011969237639561004,0.96875
2224,2,0.109375,0.19051466460827116,0.011882426812337553,0.96875
2225,2,0.21875,0.19333819814744405,0.011909647079782575,0.96875
2226,2,0.28125,0.20212937833269962,0.011994208815156627,0.96875
2227,2,0.3125,0.21316644049942965,0.012099953102872237,0.96875
2228,2,0.4375,0.23559979644948667,0.012313352892286524,0.96875
2229,2,0.359375,0.247977316804538,0.012430163703778996,0.96875
2230,2,0.453125,0.2684920851240842,0.012622211608153728,0.96875
2231,2,0.4375,0.2853928766116758,0.012778889276571444,0.96875
2232,2,0.265625,0.2834160889505082,0.012760637917792327,0.96875
2233,2,0.25,0.2800744800554573,0.012729740121526402,0.96875
2234,2,0.109375,0.2630045320499116,0.012571036190145735,0.96875
2235,2,0.171875,0.2538915788449204,0.012485733025425083,0.96875
2236,2,0.09375,0.23787742096042838,0.01233489885378244,0.96875
2237,2,0.1937499761581421,0.23346467648019975,0.012293134367955254,0.96875
2238,2,0.15625,0.22574320883217977,0.012219851697826257,0.96875
2239,2,0.09375,0.21254388794896178,0.012094001333455713,0.96875
2240,2,0.1875,0.2100394991540656,0.012070043066229486,0.96875
2241,2,0.140625,0.20309804923865907,0.012003508497147946,0.96875
2242,2,0.1875,0.20153824431479314,0.011988531892660977,0.96875
2243,2,0.09375,0.19075941988331382,0.011884787526491533,0.96875
2244,2,0.109375,0.18262097789498244,0.011806175376870927,0.96875
2245,2,0.234375,0.1877963801054842,0.011856193841044818,0.96875
2246,2,0.21875,0.19089174209493578,0.011886063710312082,0.96875
2247,2,0.1875,0.1905525678854422,0.01188279241135789,0.96875
2248,2,0.15625,0.18712231109689798,0.011849684584987313,0.96875
2249,2,0.15625,0.1840350799872082,0.011819851577404972,0.96875
2250,2,0.234375,0.18906907198848738,0.011868479350624173,0.96875
2251,2,0.328125,0.20297466478963863,0.012002324150475575,0.96875
2252,2,0.25,0.20767719831067477,0.012047421302094295,0.96875
2253,2,0.359375,0.22284697847960727,0.01219229894458578,0.96875
2254,2,0.234375,0.22399978063164655,0.012203270131662936,0.96875
2255,2,0.21875,0.2234748025684819,0.012198274618987827,0.96875
2256,2,0.296875,0.2308148223116337,0.012268014037368767,0.96875
2257,2,0.3125,0.23898334008047034,0.012345352421640934,0.96875
2258,2,0.5,0.2650850060724233,0.012590455274560833,0.96875
2259,2,0.34375,0.272951505465181,0.012663690738180383,0.96875
2260,2,0.421875,0.2878438549186629,0.012801490919664472,0.96875
2261,2,0.265625,0.2856219694267966,0.01278100315947047,0.96875
2262,2,0.28125,0.28518477248411694,0.012776968826966663,0.96875
2263,2,0.15625,0.2722912952357053,0.012657555993477329,0.96875
2264,2,0.203125,0.26537466571213475,0.01259315729323632,0.96875
2265,2,0.34375,0.27321219914092126,0.012666112538074132,0.96875
2266,2,0.265625,0.27245347922682916,0.012659063224283592,0.96875
2267,2,0.140625,0.25927063130414624,0.012536132030113355,0.96875
2268,2,0.28125,0.2614685681737316,0.012556686202834368,0.96875
2269,2,0.21875,0.2571967113563584,0.01251671658465376,0.96875
2270,2,0.3125,0.2627270402207226,0.012568444515420212,0.96875
2271,2,0.1875,0.25520433619865035,0.012498045438617954,0.96875
2272,2,0.140625,0.24374640257878533,0.01239031247417904,0.96875
2273,2,0.109375,0.2303092623209068,0.012263217942322087,0.96875
2274,2,0.125,0.21977833608881608,0.012163067790648496,0.96875
2275,2,0.09375,0.20717550247993446,0.012042614157989134,0.96875
2276,2,0.140625,0.20052045223194104,0.01197875445770114,0.96875
2277,2,0.109375,0.19140590700874693,0.011891021977575838,0.96875
2278,2,0.109375,0.18320281630787225,0.011811803357548632,0.96875
2279,2,0.125,0.17738253467708504,0.011755452338166892,0.96875
2280,2,0.0625,0.16589428120937655,0.011643889957707251,0.96875
2281,2,0.078125,0.1571173530884389,0.011558371337987585,0.96875
2282,2,0.09375,0.150780617779595,0.011496482587824063,0.96875
2283,2,0.171875,0.1528900560016355,0.011517098031431534,0.96875
2284,2,0.296875,0.16728855040147195,0.011657452748505569,0.96875
2285,2,0.296875,0.18024719536132477,0.011783202136816408,0.96875
2286,2,0.28125,0.1903474758251923,0.011880814117625576,0.96875
2287,2,0.140625,0.18537522824267308,0.011832806054466006,0.96875
2288,2,0.15625,0.18246270541840579,0.011804644241094873,0.96875
2289,2,0.140625,0.1782789348765652,0.011764138735111377,0.96875
2290,2,0.265625,0.1870135413889087,0.01184863408051633,0.96875
2291,2,0.265625,0.1948746872500178,0.011924447297086858,0.96875
2292,2,0.171875,0.192574718525016,0.011902289634371163,0.96875
2293,2,0.140625,0.18737974667251442,0.011852170745019255,0.96875
2294,2,0.21875,0.19051677200526299,0.011882447139536812,0.96875
2295,2,0.171875,0.18865259480473667,0.01186445966735835,0.96875
2296,2,0.140625,0.18384983532426302,0.011818060420847501,0.96875
2297,2,0.140625,0.17952735179183674,0.01177623170415027,0.96875
2298,2,0.203125,0.18188711661265305,0.011799075229537631,0.96875
2299,2,0.265625,0.19026090495138775,0.011879979019407667,0.96875
2300,2,0.140625,0.185297314456249,0.011832053078478713,0.96875
2301,2,0.171875,0.1839550830106241,0.01181907809025695,0.96875
2302,2,0.171875,0.1827470747095617,0.011807395181049729,0.96875
2303,2,0.125,0.17697236723860554,0.01175147677548028,0.96875
2304,2,0.140625,0.173337630514745,0.011716222137444844,0.96875
2305,2,0.078125,0.1638163674632705,0.011623665470997767,0.96875
2306,2,0.21875,0.16930973071694347,0.01167710269367726,0.96875
2307,2,0.21875,0.17425375764524914,0.011725112170729718,0.96875
2308,2,0.265625,0.18339088188072422,0.011813622216284719,0.96875
2309,2,0.1875,0.1838017936926518,0.011817595879884733,0.96875
2310,2,0.1875,0.1841716143233866,0.01182117166970049,0.96875
2311,2,0.171875,0.18294195289104795,0.011809280236031006,0.96875
2312,2,0.09375,0.17402275760194316,0.011722870826908878,0.96875
2313,2,0.25,0.18162048184174884,0.011796495059041215,0.96875
2314,2,0.1875,0.18220843365757394,0.011802184220379302,0.96875
2315,2,0.328125,0.19680009029181655,0.01194298136459003,0.96875
2316,2,0.109375,0.1880575812626349,0.011858715734589163,0.96875
2317,2,0.140625,0.18331432313637142,0.011812881800459814,0.96875
2318,2,0.15625,0.1806078908227343,0.01178669417237532,0.96875
2319,2,0.28125,0.19067210174046084,0.01188394535031174,0.96875
2320,2,0.359375,0.20754239156641474,0.012046129709108063,0.96875
2321,2,0.28125,0.21491315240977327,0.012116643817277083,0.96875
2322,2,0.3125,0.22467183716879593,0.012209663506314234,0.96875
2323,2,0.296875,0.23189215345191633,0.012278230681444662,0.96875
2324,2,0.25,0.23370293810672468,0.012295391571804004,0.96875
2325,2,0.203125,0.2306451442960522,0.012266404475752581,0.96875
2326,2,0.171875,0.22476812986644698,0.012210579397804164,0.96875
2327,2,0.140625,0.2163538168798023,0.012130400813671987,0.96875
2328,2,0.265625,0.22128093519182204,0.012177386071716383,0.96875
2329,2,0.375,0.23665284167263984,0.01232331736557361,0.96875
2330,2,0.359375,0.24892505750537583,0.012439079347886739,0.96875
2331,2,0.25,0.24903255175483824,0.012440090314380597,0.96875
2332,2,0.375,0.2616292965793544,0.012558188362706807,0.96875
2333,2,0.390625,0.274528866921419,0.01267833900884542,0.96875
2334,2,0.25,0.2720759802292771,0.012655554797392717,0.96875
2335,2,0.078125,0.2526808822063494,0.01247437071869373,0.96875
2336,2,0.28125,0.25553779398571447,0.012501171670597427,0.96875
2337,2,0.203125,0.250296514587143,0.012451973702700328,0.96875
2338,2,0.125,0.2377668631284287,0.012333853521877802,0.96875
2339,2,0.078125,0.22180267681558585,0.01218235556472126,0.96875
2340,2,0.0625,0.20587240913402727,0.01203012359303116,0.96875
2341,2,0.171875,0.20247266822062454,0.0119975049663702,0.96875
2342,2,0.125,0.1947254013985621,0.011923009685257696,0.96875
2343,2,0.28125,0.20337786125870588,0.012006194148878817,0.96875
2344,2,0.234375,0.2064775751328353,0.012035925126332956,0.96875
2345,2,0.171875,0.20301731761955177,0.012002733574470138,0.96875
2346,2,0.21875001192092897,0.2045905870496895,0.012017830470318767,0.96875
2347,2,0.203125,0.20444402834472053,0.012016424515126465,0.96875
2348,2,0.1875,0.20274962551024847,0.012000163885419628,0.96875
2349,2,0.09375,0.19184966295922362,0.011895300492231562,0.96875
2350,2,0.203125,0.19297719666330126,0.01190616847356954,0.96875
2351,2,0.203125,0.19399197699697113,0.011915945664079771,0.96875
2352,2,0.28125,0.202717779297274,0.011999858161915527,0.96875
2353,2,0.3125,0.2136960013675466,0.01210501462230018,0.96875
2354,2,0.28125,0.22045140123079193,0.012169482589268739,0.96875
2355,2,0.234375,0.22184376110771276,0.012182746837017708,0.96875
2356,2,0.15625,0.2152843849969415,0.012120189545454017,0.96875
2357,2,0.171875,0.21094344649724733,0.012078693570100154,0.96875
2358,2,0.09375,0.1992241018475226,0.011966295346876845,0.96875
2359,2,0.171875,0.19648919166277035,0.011939989567392806,0.96875
2360,2,0.296875,0.2065277724964933,0.01203640628828909,0.96875
2361,2,0.328125,0.21868749524684397,0.012152667321703692,0.96875
2362,2,0.15625,0.21244374572215957,0.012093043801891697,0.96875
2363,2,0.359375,0.2271368711499436,0.012233097453784878,0.96875
2364,2,0.203125,0.22473568403494926,0.01221027079245468,0.96875
2365,2,0.234375,0.22569961563145433,0.012219437243411266,0.96875
2366,2,0.265625,0.2296921540683089,0.012257362135128066,0.96875
2367,2,0.265625,0.233285438661478,0.012291436171571322,0.96875
2368,2,0.15625,0.2255818947953302,0.012218317993938528,0.96875
2369,2,0.125,0.21552370531579718,0.012122475053272772,0.96875
2370,2,0.109375,0.20490883478421745,0.012020883172511182,0.96875
2371,2,0.125,0.1969179513057957,0.011944115454139717,0.96875
2372,2,0.15625,0.19285115617521614,0.01190495383605012,0.96875
2373,2,0.15625,0.18919104055769453,0.011869656427634467,0.96875
2374,2,0.1875,0.1890219365019251,0.011868024447764648,0.96875
2375,2,0.140625,0.1841822428517326,0.011821274429656912,0.96875
2376,2,0.21875,0.18763901856655935,0.011854674399505372,0.96875
2377,2,0.21875,0.1907501167099034,0.01188469779948177,0.96875
2378,2,0.203125,0.19198760503891305,0.011896630327195925,0.96875
2379,2,0.125,0.18528884453502176,0.011831971221999436,0.96875
2380,2,0.140625,0.1808224600815196,0.01178877128887003,0.96875
2381,2,0.140625,0.17680271407336764,0.011749832238985056,0.96875
2382,2,0.21875,0.18099744266603088,0.011790465072456553,0.96875
2383,2,0.203125,0.18321019839942781,0.011811874755100135,0.96875
2384,2,0.21875,0.18676417855948504,0.011846225559693233,0.96875
2385,2,0.1875,0.18683776070353653,0.011846936290644233,0.96875
2386,2,0.140625,0.18221648463318288,0.011802262115171791,0.96875
2387,2,0.171875,0.1811823361698646,0.01179225467571493,0.96875
2388,2,0.203125,0.18337660255287813,0.011813484119441622,0.96875
2389,2,0.203125,0.18535144229759032,0.011832576184135524,0.96875
2390,2,0.171875,0.1840037980678313,0.01181954911662245,0.96875
2391,2,0.28125,0.19372841826104814,0.011913406696970844,0.96875
2392,2,0.296875,0.20404307643494335,0.012012577710981312,0.96875
2393,2,0.203125,0.20395126879144904,0.012011696804674121,0.96875
2394,2,0.234375,0.20699364191230413,0.012040871364778641,0.96875
2395,2,0.25,0.2112942777210737,0.012082050044410292,0.96875
2396,2,0.34375,0.22453984994896634,0.012208408041756982,0.96875
2397,2,0.39999998807907106,0.24208586376197683,0.012374649647923966,0.96875
2398,2,0.234375,0.24131477738577914,0.012367372265668431,0.96875
2399,2,0.25,0.24218329964720123,0.012375569041785533,0.96875
2400,2,0.234375,0.2414024696824811,0.012368200024727135,0.96875
2401,2,0.0625,0.22351222271423302,0.012198630734562255,0.96875
2402,2,0.15625,0.2167860004428097,0.012134526118056923,0.96875
2403,2,0.140625,0.20916990039852876,0.012061718212085184,0.96875
2404,2,0.21875,0.2101279103586759,0.012070889277893038,0.96875
2405,2,0.234375,0.2125526193228083,0.012094084818472422,0.96875
2406,2,0.359375,0.22723485739052746,0.01223402843278063,0.96875
2407,2,0.390625,0.2435738716514747,0.01238868567499477,0.96875
2408,2,0.4375,0.26296648448632726,0.012570680861337733,0.96875
2409,2,0.375,0.2741698360376945,0.01267500593043935,0.96875
2410,2,0.25,0.27175285243392505,0.012652551130597345,0.96875
2411,2,0.125,0.25707756719053254,0.012515600573811788,0.96875
2412,2,0.21875,0.2532448104714793,0.012479663996507255,0.96875
2413,2,0.203125,0.24823282942433134,0.012432567782670198,0.96875
2414,2,0.234375,0.2468470464818982,0.012419525586316585,0.96875
2415,2,0.1875,0.24091234183370838,0.012363573091450983,0.96875
2416,2,0.21875,0.23869610765033755,0.012342637911858651,0.96875
2417,2,0.296875,0.24451399688530379,0.01239754851595993,0.96875
2418,2,0.34375,0.2544375971967734,0.012490855135664223,0.96875
2419,2,0.34375,0.26336883747709605,0.012574438111468274,0.96875
2420,2,0.3125,0.26828195372938646,0.012620254672621636,0.96875
2421,2,0.296875,0.2711412583564478,0.012646864587287266,0.96875
2422,2,0.421875,0.28621463252080304,0.012786470524273454,0.96875
2423,2,0.25,0.2825931692687227,0.012753034152385684,0.96875
2424,2,0.265625,0.2808963523418504,0.012737344720004713,0.96875
2425,2,0.203125,0.2731192171076654,0.012665248789412054,0.96875
2426,2,0.171875,0.26299479539689885,0.012570945259536734,0.96875
2427,2,0.25,0.26169531585720895,0.012558805339885468,0.96875
2428,2,0.171875,0.2527132842714881,0.012474674898708002,0.96875
2429,2,0.140625,0.2415044558443393,0.012369162665465432,0.96875
2430,2,0.15625,0.23297901025990536,0.012288532579507164,0.96875
2431,2,0.078125,0.21749360923391484,0.012141278784070737,0.96875
2432,2,0.171875,0.21293174831052336,0.012097709565085943,0.96875
2433,2,0.109375,0.202576073479471,0.011998497739481076,0.96875
2434,2,0.140625,0.19638096613152392,0.011938948021539346,0.96875
2435,2,0.234375,0.20018036951837154,0.01197548656912125,0.96875
2436,2,0.21875,0.2020373325665344,0.011993324946666864,0.96875
2437,2,0.34375,0.21620859930988096,0.012129014503651059,0.96875
2438,2,0.328125,0.22740023937889287,0.012235599654382279,0.96875
2439,2,0.3125,0.23591021544100357,0.012316290747260117,0.96875
2440,2,0.28125,0.2404441938969032,0.012359152653087208,0.96875
2441,2,0.234375,0.23983727450721287,0.012353420426275834,0.96875
2442,2,0.15625,0.2314785470564916,0.012274308923747042,0.96875
2443,2,0.09375,0.21770569235084244,0.012143302281620614,0.96875
2444,2,0.171875,0.2131226231157582,0.012099534247784864,0.96875
2445,2,0.125,0.20431036080418236,0.012015142153957084,0.96875
2446,2,0.1875,0.2026293247237641,0.011999008977971959,0.96875
2447,2,0.28125,0.2104913922513877,0.012074367952611588,0.96875
2448,2,0.375,0.22694225302624893,0.012231248242895804,0.96875
2449,2,0.359375,0.24018552772362403,0.012356709805615776,0.96875
2450,2,0.21875,0.23804197495126164,0.012336454623135758,0.96875
2451,2,0.125,0.2267377774561355,0.012229305196096017,0.96875
2452,2,0.15625,0.21968899971052194,0.012162216209672764,0.96875
2453,2,0.109375,0.20865759973946973,0.012056812450485906,0.96875
2454,2,0.078125,0.19560433976552277,0.011931472607897255,0.96875
2455,2,0.125,0.1885439057889705,0.011863410538527346,0.96875
2456,2,0.09375,0.17906451521007347,0.01177174899502532,0.96875
2457,2,0.203125,0.1814705636890661,0.011795044222952389,0.96875
2458,2,0.25,0.1883235073201595,0.011861282995431668,0.96875
2459,2,0.15625,0.18511615658814357,0.011830302245869955,0.96875
2460,2,0.15625,0.18222954092932922,0.011802388436956825,0.96875
2461,2,0.296875,0.19369408683639627,0.01191307594971613,0.96875
2462,2,0.125,0.18682467815275666,0.01184680992751638,0.96875
2463,2,0.1875,0.186892210337481,0.011847462207978547,0.96875
2464,2,0.234375,0.1916404893037329,0.011893283814362068,0.96875
2465,2,0.234375,0.1959139403733596,0.011934452936478403,0.96875
2466,2,0.234375,0.19976004633602365,0.011971447035221069,0.96875
2467,2,0.296875,0.20947154170242127,0.012064606227305364,0.96875
2468,2,0.125,0.20102438753217916,0.011983596013196209,0.96875
2469,2,0.171875,0.19810944877896125,0.011955577431799211,0.96875
2470,2,0.1875,0.19704850390106513,0.01194537160474124,0.96875
2471,2,0.15625,0.19296865351095863,0.011906086146047868,0.96875
2472,2,0.09375,0.18304678815986275,0.011810294251709414,0.96875
2473,2,0.09375,0.17411710934387647,0.011723786323168044,0.96875
2474,2,0.171875,0.17389289840948882,0.011721610752694542,0.96875
2475,2,0.171875,0.17369110856853995,0.011719652595654995,0.96875
2476,2,0.140625,0.17038449771168596,0.011687546180312076,0.96875
2477,2,0.171875,0.17053354794051737,0.01168899419946309,0.96875
2478,2,0.140625,0.16754269314646564,0.011659924254980759,0.96875
2479,2,0.171875,0.16797592383181909,0.01166413688847427,0.96875
2480,2,0.125,0.1636783314486372,0.011622321471028112,0.96875
2481,2,0.109375,0.15824799830377348,0.011569401262416108,0.96875
2482,2,0.140625,0.15648569847339613,0.01155220758459042,0.96875
2483,2,0.078125,0.14864962862605652,0.011475643308737642,0.96875
2484,2,0.1875,0.15253466576345087,0.011513625738118276,0.96875
2485,2,0.1937499761581421,0.15665619680292,0.011553871444848172,0.96875
2486,2,0.171875,0.158178077122628,0.01156871926485092,0.96875
2487,2,0.28125,0.17048526941036518,0.011688525182760551,0.96875
2488,2,0.25,0.17843674246932867,0.01176566765581218,0.96875
2489,2,0.25,0.1855930682223958,0.011834911193853005,0.96875
2490,2,0.265625,0.1935962614001562,0.011912133480454752,0.96875
2491,2,0.234375,0.19767413526014058,0.011951390416652328,0.96875
2492,2,0.28125,0.2060317217341265,0.012031651010495114,0.96875
2493,2,0.203125,0.20574104956071387,0.012028864102275888,0.96875
2494,2,0.234375,0.2086044446046425,0.012056303380732403,0.96875
2495,2,0.21875,0.20961900014417825,0.01206601791311605,0.96875
2496,2,0.125,0.2011571001297604,0.011984870887799768,0.96875
2497,2,0.0625,0.18729139011678436,0.011851317476538984,0.96875
2498,2,0.21875,0.19043725110510593,0.011881680098138414,0.96875
2499,2,0.09375,0.18076852599459534,0.011788249200268887,0.96875
2500,2,0.15625,0.1783166733951358,0.0117645043729357,0.96875
2501,2,0.234375,0.18392250605562221,0.011818763098701725,0.96875
2502,2,0.171875,0.18271775545006,0.011807111564607934,0.96875
2503,2,0.171875,0.181633479905054,0.011796620844392739,0.96875
2504,2,0.171875,0.1806576319145486,0.011787175700283937,0.96875
2505,2,0.109375,0.1735293687230937,0.011718082983346367,0.96875
2506,2,0.25,0.18117643185078433,0.011792197529035348,0.96875
2507,2,0.28125,0.19118378866570587,0.01188888013293911,0.96875
2508,2,0.234375,0.1955029097991353,0.011930496128432269,0.96875
2509,2,0.203125,0.19626511881922176,0.011937833076399356,0.96875
2510,2,0.140625,0.1907011069372996,0.011884225106081616,0.96875
2511,2,0.203125,0.19194349624356966,0.011896205102530383,0.96875
2512,2,0.265625,0.1993116466192127,0.011967136932517304,0.96875
2513,2,0.203125,0.1996929819572914,0.011970802448176701,0.96875
2514,2,0.1875,0.19847368376156227,0.011959080238200484,0.96875
2515,2,0.1875,0.19737631538540604,0.011948525459050488,0.96875
2516,2,0.140625,0.19170118384686544,0.011893868996965989,0.96875
2517,2,0.21875,0.1944060654621789,0.011919934226490259,0.96875
2518,2,0.109375,0.185902958915961,0.011837905593355293,0.96875
2519,2,0.078125,0.1751251630243649,0.011733565620311097,0.96875
2520,2,0.078125,0.1654251467219284,0.011639325038811817,0.96875
2521,2,0.0,0.14888263204973556,0.011477922527531338,0.96875
2522,2,0.109375,0.144931868844762,0.01143925546669245,0.96875
2523,2,0.140625,0.1445011819602858,0.011435037551559177,0.96875
2524,2,0.171875,0.14723856376425723,0.011461837057149675,0.96875
2525,2,0.34375,0.1668897073878315,0.011653573630283602,0.96875
2526,2,0.34375,0.18457573664904833,0.011825078571317926,0.96875
2527,2,0.46875001192092897,0.21299316417623637,0.01209829669083024,0.96875
2528,2,0.28125,0.2198188477586127,0.012163453949110045,0.96875
2529,2,0.375,0.23533696298275142,0.01231086506441014,0.96875
2530,2,0.34375,0.24617826668447626,0.01241322828094838,0.96875
2531,2,0.234375,0.24499794001602865,0.012402109235668975,0.96875
2532,2,0.234375,0.2439356460144258,0.012392096701793821,0.96875
2533,2,0.1875,0.23829208141298322,0.012338819015914632,0.96875
2534,2,0.265625,0.24102537327168488,0.012364640232555242,0.96875
2535,2,0.390625,0.2559853359445164,0.01250536664435714,0.96875
2536,2,0.390625,0.26944930235006476,0.012631123358855734,0.96875
2537,2,0.5625,0.2987543721150583,0.012901722791337156,0.96875
2538,2,0.40625,0.30950393490355244,0.01299985740870373,0.96875
2539,2,0.3125,0.3098035414131972,0.013002583608467573,0.96875
2540,2,0.234375,0.3022606872718775,0.012933800858419752,0.96875
2541,2,0.3125,0.30328461854468974,0.012943156040729051,0.96875
2542,2,0.3125,0.3042061566902208,0.012951570885726744,0.96875
2543,2,0.140625,0.2878480410211987,0.012801529495244234,0.96875
2544,2,0.28125,0.28718823691907885,0.012795448182702887,0.96875
2545,2,0.34375,0.292844413227171,0.012847507041259485,0.96875
2546,2,0.3125,0.2948099719044539,0.012865558768113173,0.96875
2547,2,0.34375,0.2997039747140085,0.01291041685415022,0.96875
2548,2,0.203125,0.29004607724260767,0.012821772216099644,0.96875
2549,2,0.28125,0.2891664695183469,0.012813674509769231,0.96875
2550,2,0.1875,0.27899982256651223,0.01271979141097724,0.96875
2551,2,0.21875,0.272974840309861,0.012663907528627824,0.96875
2552,2,0.296875,0.2753648562788749,0.012686097466492376,0.96875
2553,2,0.171875,0.2650158706509874,0.012589810301834387,0.96875
2554,2,0.25,0.2635142835858887,0.01257579612391995,0.96875
2555,2,0.125,0.2496628552272998,0.012446017151518822,0.96875
2556,2,0.125,0.23719656970456982,0.012328460501966142,0.96875
2557,2,0.171875,0.23066441273411284,0.012266587261929763,0.96875
2558,2,0.171875,0.22478547146070155,0.012210744338864685,0.96875
2559,2,0.234375,0.2257444243146314,0.012219863253689314,0.96875
2560,2,0.21875,0.22504498188316827,0.012213212468556417,0.96875
2561,2,0.328125,0.23535298369485144,0.012311016715753471,0.96875
2562,2,0.1875,0.23056768532536628,0.012265669660638863,0.96875
2563,2,0.09375,0.21688591679282965,0.012135479737310856,0.96875
2564,2,0.171875,0.21238482511354667,0.012092480400989035,0.96875
2565,2,0.140625,0.20520884260219202,0.012023760553897762,0.96875
2566,2,0.078125,0.19250045834197282,0.011901573895007104,0.96875
2567,2,0.34375,0.20762541250777553,0.012046925147071874,0.96875
2568,2,0.453125,0.23217537125699794,0.012280915686647914,0.96875
2569,2,0.359375,0.24489533413129813,0.012401142357911222,0.96875
2570,2,0.265625,0.2469683007181683,0.01242066711169216,0.96875
2571,2,0.171875,0.23945897064635147,0.012349846596567945,0.96875
2572,2,0.21875,0.23738807358171632,0.012330271631756316,0.96875
2573,2,0.078125,0.2214617662235447,0.012179108582018016,0.96875
2574,2,0.171875,0.21650308960119022,0.01213182574652971,0.96875
2575,2,0.328125,0.2276652806410712,0.01223811745263244,0.96875
2576,2,0.21875,0.22677375257696408,0.012229647065640866,0.96875
2577,2,0.203125,0.22440887731926767,0.012207162155647941,0.96875
2578,2,0.28125,0.2300929895873409,0.012261165892832465,0.96875
2579,2,0.359375,0.2430211906286068,0.012383473527000938,0.96875
2580,2,0.31250001192092897,0.24996907275783903,0.012448895901166417,0.96875
2581,2,0.234375,0.24840966548205512,0.012434231430944123,0.96875
2582,2,0.203125,0.24388119893384963,0.012391583379611893,0.96875
2583,2,0.15625,0.23511807904046467,0.012308793006369263,0.96875
2584,2,0.1875,0.23035627113641818,0.012263663947085696,0.96875
2585,2,0.328125,0.24013314402277636,0.012356215056832242,0.96875
2586,2,0.296875,0.24580732962049873,0.01240973461926412,0.96875
2587,2,0.3125,0.25247659665844885,0.012472452840337092,0.96875
2588,2,0.21875,0.24910393699260397,0.01244076165200192,0.96875
2589,2,0.296875,0.25388104329334354,0.012485634179429415,0.96875
2590,2,0.25,0.25349293896400915,0.012481992570515046,0.96875
2591,2,0.21875,0.25001864506760824,0.012449361889640805,0.96875
2592,2,0.234375,0.24845428056084742,0.012434651140586004,0.96875
2593,2,0.25,0.24860885250476267,0.012436105182369433,0.96875
2594,2,0.1875,0.2424979672542864,0.01237853791857017,0.96875
2595,2,0.21875,0.2401231705288578,0.012356120858705579,0.96875
2596,2,0.203125,0.236423353475972,0.012321146241107335,0.96875
2597,2,0.203125,0.2330935181283748,0.012289617657614427,0.96875
2598,2,0.203125,0.23009666631553732,0.012261200780221655,0.96875
2599,2,0.109375,0.21802449968398357,0.012146343695080304,0.96875
2600,2,0.0625,0.20247204971558522,0.011997499028104198,0.96875
2601,2,0.171875,0.1994123447440267,0.011968104928162011,0.96875
2602,2,0.15625,0.19509611026962403,0.011926579432436453,0.96875
2603,2,0.09375,0.18496149924266164,0.011828807440421989,0.96875
2604,2,0.234375,0.1899028493183955,0.011876524779065983,0.96875
2605,2,0.203125,0.19122506438655595,0.011889278160411163,0.96875
2606,2,0.234375,0.19554005794790036,0.011930853762926076,0.96875
2607,2,0.25,0.20098605215311033,0.01198322774024726,0.96875
2608,2,0.1875,0.19963744693779928,0.011970268662287618,0.96875
2609,2,0.15625,0.19529870224401935,0.011928530079786613,0.96875
2610,2,0.1875,0.19451883201961742,0.011921020301130415,0.96875
2611,2,0.15625,0.1906919488176557,0.01188413677614387,0.96875
2612,2,0.171875,0.18881025393589013,0.011865981408303354,0.96875
2613,2,0.15625,0.1855542285423011,0.011834535871305774,0.96875
2614,2,0.15625,0.182623805688071,0.011806202732285529,0.96875
2615,2,0.140625,0.1784239251192639,0.01176554347794484,0.96875
2616,2,0.046875,0.16526903260733752,0.01163780581269564,0.96875
2617,2,0.125,0.16124212934660376,0.01159859130867354,0.96875
2618,2,0.171875,0.16230541641194338,0.011608950692184934,0.96875
2619,2,0.09375,0.15544987477074904,0.011542097291649954,0.96875
2620,2,0.296875,0.16959238729367415,0.011679849627089905,0.96875
2621,2,0.21875,0.17450814856430674,0.011727580264511228,0.96875
2622,2,0.328125,0.18986983370787608,0.011876206246923766,0.96875
2623,2,0.296875,0.20057035033708848,0.011979233896569021,0.96875
2624,2,0.1875,0.19926331530337962,0.011966672317361943,0.96875
2625,2,0.328125,0.21214948377304166,0.012090229920400689,0.96875
2626,2,0.34375,0.22530953539573748,0.012215728269823384,0.96875
2627,2,0.203125,0.22309108185616372,0.012194622533612549,0.96875
2628,2,0.15625,0.21640697367054734,0.012130908250050894,0.96875
2629,2,0.15625,0.2103912763034926,0.01207340985315472,0.96875
2630,2,0.171875,0.20653964867314334,0.01203652012478852,0.96875
2631,2,0.140625,0.19994818380582902,0.011973255221258397,0.96875
2632,2,0.15625,0.19557836542524612,0.011931222553192202,0.96875
2633,2,0.109375,0.1869580288827215,0.01184809792106294,0.96875
2634,2,0.171875,0.18544972599444937,0.011833525997031219,0.96875
2635,2,0.1875,0.18565475339500442,0.011835507270056389,0.96875
2636,2,0.234375,0.190526778055504,0.011882543654106226,0.96875
2637,2,0.375,0.2089741002499536,0.012059843363355052,0.96875
2638,2,0.234375,0.21151419022495827,0.012084153742509896,0.96875
2639,2,0.203125,0.21067527120246243,0.01207612755182882,0.96875
2640,2,0.34375,0.2239827440822162,0.01220310803578152,0.96875
2641,2,0.421875,0.24377196967399456,0.0123905535356584,0.96875
2642,2,0.453125,0.2647072727065951,0.012586931072635175,0.96875
2643,2,0.328125,0.2710490454359356,0.012646007040531527,0.96875
2644,2,0.390625,0.28300664089234207,0.01275685505517944,0.96875
2645,2,0.203125,0.27501847680310787,0.01268288328974779,0.96875
2646,2,0.25,0.27251662912279706,0.012659650062514074,0.96875
2647,2,0.265625,0.27182746621051734,0.012653244756175559,0.96875
2648,2,0.328125,0.2774572195894656,0.012705500501058167,0.96875
2649,2,0.359375,0.28564899763051904,0.012781252536078336,0.96875
2650,2,0.46249998807907106,0.30333409667537425,0.012943607956669186,0.96875
2651,2,0.4250000238418579,0.31550068939202264,0.01305432974212302,0.96875
2652,2,0.34375,0.31832562045282037,0.013079921544892821,0.96875
2653,2,0.59375,0.3458680584075383,0.013327060464716274,0.96875
2654,2,0.484375,0.3597187525667845,0.013449662796784617,0.96875
2655,2,0.6750000238418579,0.39124687969429184,0.013724346543028051,0.96875
2656,2,0.46875,0.39899719172486264,0.01379090593835676,0.96875
2657,2,0.421875,0.4012849725523764,0.013810478974787136,0.96875
2658,2,0.4375,0.40490647529713875,0.013841392875500494,0.96875
2659,2,0.359375,0.4003533277674249,0.013802512426045696,0.96875
2660,2,0.3125,0.3915679949906824,0.013727111953939006,0.96875
2661,2,0.171875,0.36959869549161417,0.013536406456366074,0.96875
2662,2,0.1875,0.35138882594245274,0.01337606650773216,0.96875
2663,2,0.203125,0.3365624433482075,0.013244050401807555,0.96875
2664,2,0.125,0.3154061990133868,0.013053472963026594,0.96875
2665,2,0.109375,0.2948030791120481,0.012865495500030355,0.96875
2666,2,0.1937499761581421,0.2846977688166575,0.012772473738333203,0.96875
2667,2,0.078125,0.26404049193499174,0.01258070841633854,0.96875
2668,2,0.25,0.26263644274149256,0.012567598287255517,0.96875
2669,2,0.390625,0.27543529846734327,0.01268675105112774,0.96875
2670,2,0.3812499761581421,0.28601676623642314,0.012784645392478753,0.96875
2671,2,0.265625,0.2839775896127808,0.012765824193456485,0.96875
2672,2,0.25,0.2805798306515027,0.01273441642096149,0.96875
2673,2,0.09375,0.26189684758635245,0.012560688607442307,0.96875
2674,2,0.140625,0.24976966282771723,0.012447021298299197,0.96875
2675,2,0.171875,0.24198019654494551,0.01237365253606863,0.96875
2676,2,0.125,0.23028217689045094,0.012262960960020816,0.96875
2677,2,0.25000001192092897,0.23225396039349874,0.012281660678058583,0.96875
2678,2,0.21875,0.23090356435414888,0.012268855792939981,0.96875
2679,2,0.203125,0.228125707918734,0.012242490638609159,0.96875
2680,2,0.171875,0.22250063712686058,0.012189001738542054,0.96875
2681,2,0.234375,0.22368807341417452,0.012200304171018441,0.96875
2682,2,0.15625,0.21694426607275707,0.012136036614301888,0.96875
2683,2,0.28125,0.22337483946548137,0.012197323273338374,0.96875
2684,2,0.1875,0.21978735551893322,0.01216315376471481,0.96875
2685,2,0.1875,0.2165586199670399,0.012132355807132813,0.96875
2686,2,0.21875,0.2167777579703359,0.012134447448630528,0.96875
2687,2,0.296875,0.2247874821733023,0.01221076346326842,0.96875
2688,2,0.37500001192092897,0.23980873514806494,0.012353150837648095,0.96875
2689,2,0.203125,0.23614036163325847,0.012318468614945144,0.96875
2690,2,0.296875,0.24221382546993264,0.012375857071200232,0.96875
2691,2,0.25,0.24299244292293937,0.012383202379502963,0.96875
2692,2,0.140625,0.23275569863064544,0.012286416311913252,0.96875
2693,2,0.25000001192092897,0.2344801299596738,0.012302752687068477,0.96875
2694,2,0.140625,0.22509461696370642,0.012213684501377678,0.96875
2695,2,0.21875,0.2244601552673358,0.012207649949222821,0.96875
2696,2,0.109375,0.2129516397406022,0.012097899725597348,0.96875
2697,2,0.15625,0.20728147576654196,0.012043629653925737,0.96875
2698,2,0.1875,0.20530332818988775,0.012024666694863784,0.96875
2699,2,0.203125,0.20508549537089898,0.01202257757023624,0.96875
2700,2,0.203125,0.20488944583380908,0.012020697200665276,0.96875
2701,2,0.109375,0.19533800125042816,0.011928908450785303,0.96875
2702,2,0.171875,0.19299170112538536,0.011906308247639172,0.96875
2703,2,0.1875,0.1924425310128468,0.011901015561991603,0.96875
2704,2,0.21875,0.19507327791156215,0.011926359582594104,0.96875
2705,2,0.28125,0.20369095012040592,0.012009198836194578,0.96875
2706,2,0.296875,0.21300935510836533,0.012098451471002736,0.96875
2707,2,0.296875,0.2213959195975288,0.012178481374123097,0.96875
2708,2,0.1875,0.21800632763777592,0.012146170345424484,0.96875
2709,2,0.09375,0.20558069487399833,0.012027326512030326,0.96875
2710,2,0.109375,0.1959601253865985,0.011934897499707123,0.96875
2711,2,0.1875,0.19511411284793864,0.011926752775586413,0.96875
2712,2,0.15625,0.19122770156314478,0.011889303590857964,0.96875
2713,2,0.046875,0.17679243140683032,0.01174973256060323,0.96875
2714,2,0.078125,0.1669256882661473,0.011653923598712153,0.96875
2715,2,0.21875,0.17210811943953258,0.011704286656641806,0.96875
2716,2,0.0625,0.16114730749557934,0.0115976673078287,0.96875
2717,2,0.15625,0.1606575767460214,0.01159289463306103,0.96875
2718,2,0.15625,0.16021681907141927,0.011588598589007829,0.96875
2719,2,0.203125,0.16450763716427735,0.011630395172890676,0.96875
2720,2,0.1875,0.1668068734478496,0.011652767929181622,0.96875
2721,2,0.171875,0.16731368610306466,0.011657697199349738,0.96875
2722,2,0.09375,0.15995731749275818,0.011586068957994045,0.96875
2723,2,0.125,0.15646158574348235,0.011551972266007264,0.96875
2724,2,0.1875,0.1595654271691341,0.011582248401988406,0.96875
2725,2,0.25,0.1686088844522207,0.011670290556620595,0.96875
2726,2,0.265625,0.1783104960069986,0.011764444522303866,0.96875
2727,2,0.1875,0.17922944640629873,0.011773346486830594,0.96875
2728,2,0.140625,0.17536900176566886,0.011735930628074036,0.96875
2729,2,0.171875,0.17501960158910196,0.01173254171107277,0.96875
2730,2,0.125,0.17001764143019177,0.011683981870771427,0.96875
2731,2,0.15625,0.16864087728717259,0.011670601557721318,0.96875
2732,2,0.140625,0.16583928955845534,0.011643354897163448,0.96875
2733,2,0.140625,0.1633178606026098,0.011618811430746485,0.96875
2734,2,0.171875,0.16417357454234882,0.011627143169809995,0.96875
2735,2,0.1875,0.16650621708811394,0.011649843348894353,0.96875
2736,2,0.234375,0.17329309537930254,0.011715789900247868,0.96875
2737,2,0.25,0.1809637858413723,0.011790139291834532,0.96875
2738,2,0.15625,0.17849240725723506,0.01176620694443467,0.96875
2739,2,0.140625,0.17470566653151157,0.01172949642887305,0.96875
2740,2,0.234375,0.1806725998783604,0.011787320598771307,0.96875
2741,2,0.31250001192092897,0.19385534108261726,0.011914629427451454,0.96875
2742,2,0.265625,0.20103230697435553,0.011983672091472655,0.96875
2743,2,0.296875,0.21061657627692,0.01207556589503649,0.96875
2744,2,0.1875,0.20830491864922798,0.012053434595634491,0.96875
2745,2,0.171875,0.20466192678430517,0.012018514810842254,0.96875
2746,2,0.37500001192092897,0.22169573529796754,0.012181337058556525,0.96875
2747,2,0.45,0.24452616176817077,0.012397663171788918,0.96875
2748,2,0.21875,0.2419485455913537,0.012373353857152599,0.96875
2749,2,0.21875,0.23962869103221834,0.012351450020617244,0.96875
2750,2,0.203125,0.23597832192899654,0.012316935261459369,0.96875
2751,2,0.328125,0.24519298973609688,0.0124039471005364,0.96875
2752,2,0.125,0.23317369076248717,0.012290377340715855,0.96875
2753,2,0.125,0.22235632168623848,0.01218762769278093,0.96875
2754,2,0.171875,0.21730818951761463,0.012139509533009938,0.96875
2755,2,0.15625,0.21120237056585317,0.012081170797166082,0.96875
2756,2,0.203125,0.21039463350926785,0.012073441981917803,0.96875
2757,2,0.1875,0.20810517015834107,0.012051521258093214,0.96875
2758,2,0.25,0.21229465314250695,0.012091618146576825,0.96875
2759,2,0.265625,0.21762768782825626,0.012142558057239768,0.96875
2760,2,0.328125,0.22867741904543062,0.012247729658649507,0.96875
2761,2,0.25,0.23080967714088757,0.012267965232222391,0.96875
2762,2,0.203125,0.22804120942679884,0.012241688130784894,0.96875
2763,2,0.203125,0.22554958848411893,0.012218010826350045,0.96875
2764,2,0.234375,0.22643212963570705,0.012226400420960412,0.96875
2765,2,0.203125,0.22410141667213634,0.012204237132218194,0.96875
2766,2,0.234375,0.2251287750049227,0.012214009340530092,0.96875
2767,2,0.296875,0.2323033975044304,0.012282129307042863,0.96875
2768,2,0.359375,0.24501055775398736,0.012402228132090895,0.96875
2769,2,0.25,0.24550950197858862,0.012406929084757419,0.96875
2770,2,0.21875,0.24283355178072977,0.012381703656005848,0.96875
2771,2,0.203125,0.2388626966026568,0.012344212316701098,0.96875
2772,2,0.3125,0.24622642694239114,0.012413681831307474,0.96875
2773,2,0.265625,0.248166284248152,0.01243194169812405,0.96875
2774,2,0.359375,0.25928715582333683,0.012536286646143254,0.96875
2775,2,0.5000000119209289,0.283358441433096,0.012760105368018256,0.96875
2776,2,0.43124998807907106,0.29814759609769353,0.012896164958393092,0.96875
2777,2,0.34375,0.30270783648792415,0.012937886944562745,0.96875
2778,2,0.4875000238418579,0.3211870552233175,0.013105798683270031,0.96875
2779,2,0.33749998807907106,0.3228183485088928,0.01312053059604921,0.96875
2780,2,0.296875,0.3202240136580035,0.013097094615403275,0.96875
2781,2,0.140625,0.3022641122922031,0.01293383216061235,0.96875
2782,2,0.1875,0.2907877010629828,0.012828596514500768,0.96875
2783,2,0.28125,0.2898339309566845,0.012819819555703486,0.96875
2784,2,0.265625,0.2874130378610161,0.01279752039048313,0.96875
2785,2,0.21875,0.28054673407491443,0.012734110198844486,0.96875
2786,2,0.265625,0.27905456066742296,0.012720298293214017,0.96875
2787,2,0.09375,0.2605241046006807,0.012547856799942803,0.96875
2788,2,0.171875,0.25165919414061266,0.012464776945621335,0.96875
2789,2,0.1875,0.24524327472655139,0.01240442088521012,0.96875
2790,2,0.203125,0.24103144725389625,0.012364697576013611,0.96875
2791,2,0.203125,0.2372408025285066,0.012328878844061175,0.96875
2792,2,0.1875,0.23226672227565592,0.012281781652723372,0.96875
2793,2,0.25,0.23404005004809034,0.012298584825704372,0.96875
2794,2,0.171875,0.2278235450432813,0.012239620766067157,0.96875
2795,2,0.265625,0.23160369053895316,0.012275495594561496,0.96875
2796,2,0.15625,0.22406832148505784,0.012203922257881111,0.96875
2797,2,0.171875,0.21884898933655206,0.012154207373065327,0.96875
2798,2,0.203125,0.21727659040289687,0.012139208004322381,0.96875
2799,2,0.125,0.20804893136260721,0.012050982533364852,0.96875
2800,2,0.109375,0.1981815382263465,0.01195627074745227,0.96875
2801,2,0.28125001192092897,0.20648838559580474,0.01203602874980728,0.96875
2802,2,0.171875,0.20302704703622426,0.012002826966042508,0.96875
2803,2,0.40625,0.22334934233260184,0.01219708061125119,0.96875
2804,2,0.1875,0.21976440809934164,0.012162935027068222,0.96875
2805,2,0.3125,0.22903796728940748,0.012251152704153272,0.96875
2806,2,0.34375,0.24050917056046672,0.012359766246896274,0.96875
2807,2,0.5937500119209289,0.27583325469651293,0.01269044294855779,0.96875
2808,2,0.375,0.28574992922686165,0.012782183751617335,0.96875
2809,2,0.234375,0.2806124363041755,0.012734718095443825,0.96875
2810,2,0.15625,0.2681761926737579,0.012619269647505281,0.96875
2811,2,0.171875,0.25854607340638214,0.012529351239454256,0.96875
2812,2,0.25,0.2576914660657439,0.012521350183590059,0.96875
2813,2,0.109375,0.24285981945916948,0.012381951430867146,0.96875
2814,2,0.1312499761581421,0.23169883512906675,0.012276397756199075,0.96875
2815,2,0.21875,0.2304039516161601,0.012264116314690572,0.96875
2816,2,0.21875001192092897,0.22923855764663698,0.012253056868771057,0.96875
2817,2,0.46875001192092897,0.2531897030740662,0.012479146799536519,0.96875
2818,2,0.328125,0.26068323276665956,0.012549344722033512,0.96875
2819,2,0.234375,0.2580524094899936,0.012524729850916934,0.96875
2820,2,0.599999976158142,0.2922471661568084,0.012842017903313985,0.96875
2821,2,0.265625,0.28958494954112757,0.012817527555320642,0.96875
2822,2,0.25,0.28562645458701486,0.012781044542207732,0.96875
2823,2,0.234375,0.2805013091283134,0.01273368990093523,0.96875
2824,2,0.21875,0.27432617821548205,0.01267645741840618,0.96875
2825,2,0.25,0.27189356039393386,0.012653859158860983,0.96875
2826,2,0.3125,0.2759542043545405,0.012691564859417213,0.96875
2827,2,0.15625,0.26398378391908645,0.012580179096289383,0.96875
2828,2,0.265625,0.2641479055271778,0.012581710986411825,0.96875
2829,2,0.3125,0.26898311497446004,0.012626783685779899,0.96875
2830,2,0.28125,0.270209803477014,0.012638200472159583,0.96875
2831,2,0.109375,0.2541263231293126,0.012487935294313088,0.96875
2832,2,0.1875,0.24746369081638134,0.012425330172878682,0.96875
2833,2,0.15625,0.2383423217347432,0.012339293931721689,0.96875
2834,2,0.1875,0.23325808956126887,0.012291177039081952,0.96875
2835,2,0.234375,0.233369780605142,0.012292235290308578,0.96875
2836,2,0.15625,0.2256578025446278,0.012219039705569475,0.96875
2837,2,0.25,0.22809202229016504,0.012242170719615447,0.96875
2838,2,0.328125,0.23809532006114853,0.012336958946745061,0.96875
2839,2,0.328125,0.24709828805503367,0.012421890778790167,0.96875
2840,2,0.125,0.23488845924953028,0.012306619092656236,0.96875
2841,2,0.21875,0.23327461332457727,0.01229133360198559,0.96875
2842,2,0.234375,0.23338465199211955,0.012292376189761785,0.96875
2843,2,0.171875,0.2272336867929076,0.012234017311033104,0.96875
2844,2,0.109375,0.21544781811361682,0.012121750356008135,0.96875
2845,2,0.1312499761581421,0.20702803391806934,0.012041200957716092,0.96875
2846,2,0.140625,0.2003877305262624,0.011977479173935,0.96875
2847,2,0.21875,0.20222395747363617,0.011995116976550944,0.96875
2848,2,0.171875,0.19918906172627254,0.011965958490966586,0.96875
2849,2,0.203125,0.1995826555536453,0.011969742012549725,0.96875
2850,2,0.21875,0.20149938999828076,0.011988158710616141,0.96875
2851,2,0.25,0.2063494509984527,0.012034696960298925,0.96875
2852,2,0.328125,0.21852700589860743,0.012151136745744496,0.96875
2853,2,0.265625,0.22323680530874668,0.01219600953799272,0.96875
2854,2,0.40625001192092897,0.2415381259699649,0.012369480465374812,0.96875
2855,2,0.28125,0.2455093133729684,0.012406927307966173,0.96875
2856,2,0.265625,0.24752088203567157,0.012425868436434603,0.96875
2857,2,0.28125,0.2508937938321044,0.012457586577732873,0.96875
2858,2,0.28125,0.253929414448894,0.012486088000003327,0.96875
2859,2,0.296875,0.25822397300400457,0.01252633605740965,0.96875
2860,2,0.25,0.2574015757036041,0.012518635370911593,0.96875
2861,2,0.3125,0.2629114181332437,0.012570166580576633,0.96875
2862,2,0.234375,0.26005777631991933,0.01254349571976196,0.96875
2863,2,0.234375,0.25748949868792737,0.012519458808360737,0.96875
2864,2,0.171875,0.24892804881913463,0.012439107481438921,0.96875
2865,2,0.125,0.2365352439372212,0.012322204834776071,0.96875
2866,2,0.296875,0.24256921954349908,0.0123792101194951,0.96875
2867,2,0.21875,0.2401872975891492,0.012356726521266388,0.96875
2868,2,0.1875,0.23491856783023427,0.012306904157238258,0.96875
2869,2,0.125,0.22392671104721085,0.012202574895520827,0.96875
2870,2,0.140625,0.21559653994248978,0.012123170577512839,0.96875
2871,2,0.109375,0.2049743859482408,0.012021511904930768,0.96875
2872,2,0.109375,0.1954144473534167,0.011929644457752414,0.96875
2873,2,0.140625,0.18993550261807504,0.01187683981177815,0.96875
2874,2,0.15625,0.18656695235626755,0.011844320453830444,0.96875
2875,2,0.234375,0.1913477571206408,0.011890461266721022,0.96875
2876,2,0.3125,0.20346298140857674,0.012007011077139782,0.96875
2877,2,0.1875,0.20186668326771906,0.011991686202793797,0.96875
2878,2,0.234375,0.20511751494094715,0.012022884665317963,0.96875
2879,2,0.1875,0.20335576344685244,0.012005982063780469,0.96875
2880,2,0.21875,0.2048951871021672,0.012020752269000413,0.96875
2881,2,0.1875,0.20315566839195048,0.01200406155370084,0.96875
2882,2,0.234375,0.20627760155275543,0.012034008201385074,0.96875
2883,2,0.171875,0.2028373413974799,0.012001005937411036,0.96875
2884,2,0.21875,0.2044286072577319,0.012016276573960913,0.96875
2885,2,0.1875,0.2027357465319587,0.012000030647768046,0.96875
2886,2,0.21875,0.20433717187876282,0.01201539937587757,0.96875
2887,2,0.25,0.20890345469088653,0.012059166872511852,0.96875
2888,2,0.3125,0.21926310922179787,0.012158156042567734,0.96875
2889,2,0.328125,0.23014929829961808,0.012261700183232605,0.96875
2890,2,0.25,0.23213436846965627,0.012280526987152698,0.96875
2891,2,0.28125,0.23704593162269064,0.012327035743059319,0.96875
2892,2,0.234375,0.23677883846042158,0.012324509287962682,0.96875
2893,2,0.203125,0.2334134546143794,0.012292649078437372,0.96875
2894,2,0.265625,0.23663460915294146,0.012323144881202015,0.96875
2895,2,0.296875,0.24265864823764732,0.012380053766112677,0.96875
2896,2,0.21875,0.2402677834138826,0.012357486661979502,0.96875
2897,2,0.15625,0.23186600507249436,0.012277982768058618,0.96875
2898,2,0.1875,0.2274294045652449,0.01223587672795371,0.96875
2899,2,0.15625,0.22031146410872043,0.012168149041142788,0.96875
2900,2,0.15625,0.2139053176978484,0.012107014947559065,0.96875
2901,2,0.171875,0.20970228592806356,0.012066815207280032,0.96875
2902,2,0.203125,0.20904455733525723,0.012060518029793505,0.96875
2903,2,0.375,0.22564010160173148,0.01221887141166665,0.96875
2904,2,0.28125,0.23120109144155832,0.012271677715022647,0.96875
2905,2,0.1875,0.22683098229740248,0.01223019090514522,0.96875
2906,2,0.171875,0.22133538406766223,0.012177904740058079,0.96875
2907,2,0.15625,0.21482684566089602,0.012115819401715956,0.96875
2908,2,0.140625,0.20740666109480643,0.012044829193836055,0.96875
2909,2,0.0625,0.1929159949853258,0.01190557868740661,0.96875
2910,2,0.09375,0.18299939548679323,0.0118098358524085,0.96875
2911,2,0.015625,0.1662619559381139,0.011647467129153346,0.96875
2912,2,0.140625,0.16369826034430252,0.01162251551421761,0.96875
2913,2,0.09375,0.15670343430987227,0.011554332410959975,0.96875
2914,2,0.21875,0.16290809087888505,0.011614820851244847,0.96875
2915,2,0.09375,0.15599228179099656,0.011547391930602178,0.96875
2916,2,0.109375,0.1513305536118969,0.011501858347259239,0.96875
2917,2,0.15625,0.1518224982507072,0.01150666647604512,0.96875
2918,2,0.015625,0.13820274842563648,0.011373295284036734,0.96875
2919,2,0.140625,0.13844497358307284,0.01137567177430164,0.96875
2920,2,0.125,0.13710047622476557,0.0113624788109868,0.96875
2921,2,0.140625,0.137452928602289,0.011365937741073308,0.96875
2922,2,0.15625,0.1393326357420601,0.011384379342643783,0.96875
2923,2,0.0625,0.13164937216785408,0.011308940452582857,0.96875
2924,2,0.09375,0.12785943495106866,0.011271672110223029,0.96875
2925,2,0.1312499761581421,0.128198489071776,0.011275007677348445,0.96875
2926,2,0.09375,0.1247536401645984,0.011241104441371686,0.96875
2927,2,0.09375,0.12165327614813856,0.011210566710057143,0.96875
2928,2,0.09375,0.1188629485333247,0.011183063129548013,0.96875
2929,2,0.171875,0.12416415367999223,0.011235299953508325,0.96875
2930,2,0.140625,0.125810238311993,0.011251506302864245,0.96875
2931,2,0.125,0.12572921448079372,0.011250708746970251,0.96875
2932,2,0.15625,0.12878129303271435,0.011280740547101067,0.96875
2933,2,0.15625,0.1315281637294429,0.011307749116249564,0.96875
2934,2,0.109375,0.12931284735649862,0.011285968543271676,0.96875
2935,2,0.0625,0.12263156262084876,0.011220205065137507,0.96875
2936,2,0.109375,0.12130590635876388,0.011207143774423379,0.96875
2937,2,0.171875,0.1263628157228875,0.011256945151860718,0.96875
2938,2,0.28125,0.14185153415059873,0.011409076913745344,0.96875
2939,2,0.4375,0.17141638073553883,0.011697569400702138,0.96875
2940,2,0.359375,0.19021224266198494,0.011879509591035174,0.96875
2941,2,0.421875,0.21337851839578645,0.01210198026934973,0.96875
2942,2,0.328125,0.2248531665562078,0.012211388194946153,0.96875
2943,2,0.171875,0.219555349900587,0.012160942158441133,0.96875
2944,2,0.28125,0.2257248149105283,0.01221967682194493,0.96875
2945,2,0.125,0.21565233341947548,0.012123703355089971,0.96875
2946,2,0.3125,0.22533710007752794,0.01221599038229278,0.96875
2947,2,0.1875,0.22155339006977515,0.01217998129533983,0.96875
2948,2,0.3499999761581421,0.23439804867861186,0.012301975384561736,0.96875
2949,2,0.4437499761581421,0.2553332414265649,0.01249925401213289,0.96875
2950,2,0.21875,0.2516749172839084,0.012464924624475255,0.96875
2951,2,0.3499999761581421,0.26150742317133174,0.012557049351072658,0.96875
2952,2,0.3125,0.2666066808541986,0.012604645304405233,0.96875
2953,2,0.265625,0.26650851276877874,0.012603730199123682,0.96875
2954,2,0.296875,0.2695451614919009,0.012632015566304541,0.96875
2955,2,0.109375,0.2535281453427108,0.012482322943274938,0.96875
2956,2,0.28125,0.2563003308084397,0.012508318642003819,0.96875
2957,2,0.28125,0.25879529772759574,0.012531683891380674,0.96875
2958,2,0.1875,0.2516657679548362,0.012464838689988954,0.96875
2959,2,0.15625,0.24212419115935258,0.012375011305936235,0.96875
2960,2,0.171875,0.23509927204341732,0.012308614960742776,0.96875
2961,2,0.09375,0.2209643448390756,0.012174370056190003,0.96875
2962,2,0.171875,0.21605541035516804,0.012127552002416869,0.96875
2963,2,0.171875,0.21163736931965124,0.012085331997937983,0.96875
2964,2,0.234375,0.2139111323876861,0.012107070512950839,0.96875
2965,2,0.265625,0.2190825191489175,0.012156434187059416,0.96875
2966,2,0.21875,0.21904926723402576,0.012156117128470534,0.96875
2967,2,0.390625,0.23620684051062318,0.012319097659653314,0.96875
2968,2,0.1875,0.23133615645956085,0.012272958625325634,0.96875
2969,2,0.140625,0.22226504081360476,0.012186758551124667,0.96875
2970,2,0.09375,0.20941353673224428,0.012064050896145768,0.96875
2971,2,0.15625,0.20409718305901986,0.01201309685584782,0.96875
2972,2,0.109375,0.19462496475311786,0.0119220424412576,0.96875
2973,2,0.171875,0.19234996827780607,0.011900123369822555,0.96875
2974,2,0.15625,0.18873997145002547,0.011865303046114078,0.96875
2975,2,0.15625,0.18549097430502293,0.01183392461019245,0.96875
2976,2,0.234375,0.19037937687452064,0.011881121841398251,0.96875
2977,2,0.171875,0.18852893918706856,0.011863266068956864,0.96875
2978,2,0.21875,0.19155104526836172,0.011892421420832211,0.96875
2979,2,0.109375,0.18333344074152555,0.011813066692792322,0.96875
2980,2,0.15625,0.180625096667373,0.011786860737729037,0.96875
2981,2,0.109375,0.17350008700063568,0.01171779880809782,0.96875
2982,2,0.21875,0.17802507830057213,0.011761679064125712,0.96875
2983,2,0.25,0.1852225704705149,0.011831330715940565,0.96875
2984,2,0.1875,0.1854503134234634,0.011833531673837827,0.96875
2985,2,0.48125,0.21503028208111707,0.012117762610034707,0.96875
2986,2,0.046875,0.19821475387300538,0.011956590190230883,0.96875
2987,2,0.109375,0.18933077848570484,0.011871004924672779,0.96875
2988,2,0.046875,0.17508520063713437,0.011733178003449153,0.96875
2989,2,0.28125,0.18570168057342093,0.01183596072775997,0.96875
2990,2,0.28125,0.1952565125160788,0.011928123870525243,0.96875
2991,2,0.3125,0.20698086126447093,0.012040748881319941,0.96875
2992,2,0.234375,0.20972027513802385,0.012066987414243368,0.96875
2993,2,0.1875,0.20749824762422145,0.01204570674737541,0.96875
2994,2,0.15625,0.2023734228617993,0.01199655209305213,0.96875
2995,2,0.125,0.19463608057561937,0.011922149492794338,0.96875
2996,2,0.1875,0.19392247251805744,0.011915276124411931,0.96875
2997,2,0.25,0.1995302252662517,0.011969238046812786,0.96875
2998,2,0.34375001192092897,0.2139522039317194,0.012107462990271491,0.96875
2999,3,0.0,0.19255698353854747,0.011902118701699754,0.65625
3000,3,0.0,0.17330128518469273,0.011715869387164615,0.8125
3001,3,0.015625,0.15753365666622346,0.011562433009820017,0.8125
3002,3,0.171875,0.15896779099960112,0.011576421108765849,0.8125
3003,3,0.109375,0.15400851189964102,0.011528023309754299,0.8125
3004,3,0.078125,0.14642016070967692,0.01145382696016635,0.8125
3005,3,0.171875,0.14896564463870923,0.011478734511391057,0.8125
3006,3,0.1875,0.1528190801748383,0.011516404601398092,0.8125
3007,3,0.109375,0.14847467215735446,0.01147393179705793,0.8125
3008,3,0.03125,0.13675220494161902,0.011359060587382409,0.8125
3009,3,0.0,0.12307698444745713,0.011224592725767821,0.8125
3010,3,0.109375,0.12170678600271143,0.011211093963468895,0.8125
3011,3,0.125,0.12203610740244028,0.01121433874476448,0.8125
3012,3,0.28125,0.13795749666219626,0.011370888938413646,0.8125
3013,3,0.28125,0.15228674699597664,0.011511203259336562,0.8125
3014,3,0.203125,0.15737057229637896,0.011560841937699797,0.8125
3015,3,0.1875,0.16038351506674106,0.011590223437758422,0.8125
3016,3,0.1875,0.16309516356006695,0.011616642741058131,0.8125
3017,3,0.1875,0.16553564720406025,0.011640400328398985,0.8125
3018,3,0.109375,0.1599195824836542,0.011585701098376039,0.8125
3019,3,0.09375,0.1533026242352888,0.011521128505124347,0.8125
3020,3,0.0,0.13797236181175992,0.011371034795950249,0.828125
3021,3,0.015625,0.12573762563058394,0.011250791542648129,0.828125
3022,3,0.0,0.11316386306752554,0.01112683263681479,0.828125
3023,3,0.0625,0.108097476760773,0.011076783934625488,0.828125
3024,3,0.0625,0.10353772908469569,0.01103169331765104,0.828125
3025,3,0.046875,0.09787145617622613,0.010975601511456452,0.828125
3026,3,0.0,0.08808431055860351,0.010878572045048818,0.84375
3027,3,0.03125,0.08240087950274316,0.010822148865897519,0.84375
3028,3,0.078125,0.08197329155246885,0.010817901739248924,0.84375
3029,3,0.125,0.08627596239722196,0.01086062531606188,0.84375
3030,3,0.09375,0.08702336615749977,0.010868043516721158,0.84375
3031,3,0.125,0.0908210295417498,0.010905721395014382,0.84375
3032,3,0.125,0.09423892658757481,0.010939609362167898,0.84375
3033,3,0.1875,0.10356503392881733,0.011031963459027882,0.84375
3034,3,0.109375,0.1041460305359356,0.011037711206684979,0.84375
3035,3,0.140625,0.10779392748234204,0.011073783539298498,0.84375
3036,3,0.09375,0.10638953473410784,0.011059899455246287,0.84375
3037,3,0.0625,0.10200058126069705,0.011016483051894337,0.84375
3038,3,0.046875,0.09648802313462734,0.010961897015038793,0.84375
3039,3,0.109375,0.09777672082116462,0.010974663166131162,0.84375
3040,3,0.296875,0.11768654873904816,0.011171462175816911,0.84375
3041,3,0.234375,0.12935539386514333,0.011286386970088158,0.84375
3042,3,0.25,0.14141985447862898,0.011404845569810274,0.84375
3043,3,0.203125,0.1475903690307661,0.011465279752976135,0.84375
3044,3,0.0,0.1328313321276895,0.01132055574158559,0.84375
3045,3,0.09375,0.12892319891492054,0.011282136303776587,0.84375
3046,3,0.09375,0.1254058790234285,0.011247525842263547,0.84375
3047,3,0.03125,0.11599029112108566,0.011154729072089222,0.84375
3048,3,0.015625,0.10595376200897709,0.011055590483382107,0.84375
3049,3,0.0,0.09535838580807939,0.010950703949528573,0.890625
3050,3,0.078125,0.09363504722727145,0.0109336235440914,0.890625
3051,3,0.03125,0.08739654250454432,0.010871747041229349,0.890625
3052,3,0.046875,0.08334438825408988,0.010831519449280068,0.890625
3053,3,0.03125,0.07813494942868089,0.010779763303161289,0.890625
3054,3,0.03125,0.0734464544858128,0.010733146727614497,0.890625
3055,3,0.046875,0.07078930903723152,0.010706713008510131,0.890625
3056,3,0.25,0.08871037813350836,0.01088478405284026,0.890625
3057,3,0.1875,0.09858934032015754,0.010982711525619682,0.890625
3058,3,0.140625,0.10279290628814178,0.011024323803029314,0.890625
3059,3,0.125,0.1050136156593276,0.011046292857726254,0.890625
3060,3,0.171875,0.11169975409339483,0.011112375077686776,0.890625
3061,3,0.015625,0.10209227868405535,0.011017390543142403,0.890625
3062,3,0.03125,0.09500805081564982,0.010947232148720705,0.890625
3063,3,0.078125,0.09331974573408484,0.010930497920600015,0.890625
3064,3,0.046875,0.08867527116067636,0.010884435730354284,0.890625
3065,3,0.015625,0.08137024404460873,0.010811911311090827,0.890625
3066,3,0.0625,0.07948321964014785,0.010793162609462535,0.890625
3067,3,0.109375,0.08247239767613307,0.01082285920933448,0.890625
3068,3,0.171875,0.09141265790851975,0.010911588830467205,0.890625
3069,3,0.265625,0.10883389211766778,0.011084062125064045,0.890625
3070,3,0.375,0.135450502905901,0.011346281743860136,0.890625
3071,3,0.21875,0.1437804526153109,0.011427977951332088,0.890625
3072,3,0.265625,0.1559649073537798,0.011547124739693168,0.890625
3073,3,0.1875,0.15911841661840181,0.011577889898041005,0.890625
3074,3,0.09375,0.15258157495656163,0.011514084079603604,0.890625
3075,3,0.046875,0.1420109174609055,0.011410639066231458,0.890625
3076,3,0.140625,0.14187232571481495,0.011409280700630051,0.890625
3077,3,0.109375,0.13862259314333344,0.011377414313288443,0.890625
3078,3,0.09375,0.13413533382900011,0.011333366144763029,0.890625
3079,3,0.0625,0.1269718004461001,0.01126293832542497,0.890625
3080,3,0.203125,0.13458712040149007,0.011337803421319917,0.890625
3081,3,0.09375,0.13050340836134106,0.011297675470559727,0.890625
3082,3,0.171875,0.13464056752520695,0.01133832832327554,0.890625
3083,3,0.125,0.13367651077268627,0.011328859211349337,0.890625
3084,3,0.140625,0.13437135969541764,0.011335684368208388,0.890625
3085,3,0.171875,0.1381217237258759,0.011372500308966828,0.890625
3086,3,0.171875,0.1414970513532883,0.011405602294842419,0.890625
3087,3,0.234375,0.15078484621795948,0.011496523925239633,0.890625
3088,3,0.1875,0.15445636159616352,0.011532396940707868,0.890625
3089,3,0.109375,0.14994822543654715,0.011488344063436242,0.890625
3090,3,0.140625,0.14901590289289243,0.011479226100528976,0.890625
3091,3,0.171875,0.15130181260360318,0.011501577418723779,0.890625
3092,3,0.0,0.13617163134324287,0.011353361636967685,0.890625
3093,3,0.03125,0.12567946820891857,0.011250219062877043,0.890625
3094,3,0.0625,0.11936152138802672,0.011187978785571427,0.890625
3095,3,0.171875,0.12461286924922405,0.011239718391521705,0.890625
3096,3,0.0,0.11215158232430164,0.01111683722717803,0.890625
3097,3,0.171875,0.11812392409187147,0.01117577568600618,0.890625
3098,3,0.078125,0.11412403168268433,0.011136311376919918,0.890625
3099,3,0.140625,0.11677412851441589,0.011162462227677862,0.890625
3100,3,0.109375,0.11603421566297431,0.011155162458414622,0.890625
3101,3,0.078125,0.11224329409667688,0.011117742896180494,0.890625
3102,3,0.125,0.1135189646870092,0.011130338423489943,0.890625
3103,3,0.046875,0.10685456821830829,0.011064497321882845,0.890625
3104,3,0.109375,0.10710661139647747,0.011066989126369465,0.890625
3105,3,0.140625,0.11045845025682971,0.011100113948852268,0.890625
3106,3,0.125,0.11191260523114674,0.011114477201522316,0.890625
3107,3,0.203125,0.12103384470803207,0.011204462714648934,0.890625
3108,3,0.078125,0.11674296023722885,0.011162154755618802,0.890625
3109,3,0.21875,0.12694366421350597,0.011262661449881521,0.890625
3110,3,0.15625,0.12987429779215537,0.011291489800503113,0.890625
3111,3,0.359375,0.15282436801293983,0.011516456263808343,0.890625
3112,3,0.1875,0.15629193121164583,0.01155031654040414,0.890625
3113,3,0.265625,0.16722523809048123,0.011656837011774182,0.890625
3114,3,0.171875,0.1676902142814331,0.011661358783977883,0.890625
3115,3,0.203125,0.17123369285328982,0.011695795112806164,0.890625
3116,3,0.25,0.17911032356796083,0.011772192695326334,0.890625
3117,3,0.109375,0.17213679121116474,0.011704565045014968,0.890625
3118,3,0.171875,0.17211061209004827,0.011704310859123155,0.890625
3119,3,0.21875,0.17677455088104346,0.011749559229040559,0.890625
3120,3,0.046875,0.16378459579293914,0.011623356128631048,0.890625
3121,3,0.140625,0.16146863621364524,0.011600798413690857,0.890625
3122,3,0.20312501192092897,0.1656342737843736,0.011641360039115076,0.890625
3123,3,0.11562497615814209,0.16063334402175045,0.011592658453508098,0.890625
3124,3,0.171875,0.1617575096195754,0.011603612992102568,0.890625
3125,3,0.203125,0.16589425865761787,0.011643889738283994,0.890625
3126,3,0.25,0.17430483279185607,0.011725607717804145,0.890625
3127,3,0.1875,0.17562434951267045,0.011738407047820759,0.890625
3128,3,0.171875,0.1752494145614034,0.011734770769026409,0.890625
3129,3,0.0625,0.16397447310526306,0.011625204806663111,0.890625
3130,3,0.109375,0.15851452579473674,0.011572000782266568,0.890625
3131,3,0.0625,0.14891307321526306,0.011478220288720108,0.890625
3132,3,0.15625,0.14964676589373677,0.011485396114184967,0.890625
3133,3,0.1875,0.15343208930436308,0.011522393174861452,0.890625
3134,3,0.21875,0.15996388037392678,0.011586132935771074,0.890625
3135,3,0.125,0.15646749233653412,0.011552029909212358,0.890625
3136,3,0.1875,0.1595707431028807,0.011582300230432947,0.890625
3137,3,0.140625,0.15767616879259264,0.011563823310100828,0.890625
3138,3,0.140625,0.15597105191333338,0.011547184714473014,0.890625
3139,3,0.1875,0.15912394672200003,0.011577943822179837,0.890625
3140,3,0.03125,0.14633655204980003,0.011453008535254947,0.890625
3141,3,0.140625,0.14576539684482004,0.011447417104001554,0.890625
3142,3,0.109375,0.14212635716033803,0.011411770473420981,0.890625
3143,3,0.0625,0.13416372144430425,0.011333644972925048,0.890625
3144,3,0.046875,0.12543484929987384,0.011247811035293029,0.890625
3145,3,0.03125,0.11601636436988645,0.011154986327197653,0.890625
3146,3,0.078125,0.11222722793289781,0.011117584241482664,0.890625
3147,3,0.109375,0.11194200513960803,0.011114767548012145,0.890625
3148,3,0.15625,0.11637280462564722,0.011158503035933754,0.890625
3149,3,0.203125,0.1250480241630825,0.011244002830225168,0.890625
3150,3,0.125,0.12504322174677424,0.011243955549228433,0.890625
3151,3,0.171875,0.1297263995720968,0.011290035459156947,0.890625
3152,3,0.34375,0.15112875961488711,0.011499885863756661,0.890625
3153,3,0.21875,0.1578908836533984,0.011565917878896185,0.890625
3154,3,0.359375,0.17803929528805854,0.011761816821394818,0.890625
3155,3,0.265625,0.18679786575925267,0.011846550947220574,0.890625
3156,3,0.171875,0.1853055791833274,0.011832132951640283,0.890625
3157,3,0.171875,0.18396252126499466,0.01181915001135142,0.890625
3158,3,0.125,0.17806626913849521,0.011762078185977876,0.890625
3159,3,0.15625,0.1758846422246457,0.011740931198672071,0.890625
3160,3,0.109375,0.16923367800218111,0.011676363548248516,0.890625
3161,3,0.109375,0.163247810201963,0.011618129276066489,0.890625
3162,3,0.234375,0.1703605291817667,0.011687313319858034,0.890625
3163,3,0.203125,0.17363697626359004,0.011719127275748427,0.890625
3164,3,0.234375,0.17971077863723103,0.011778008043557022,0.890625
3165,3,0.15625,0.17736470077350794,0.011755279494308777,0.890625
3166,3,0.265625,0.18619073069615713,0.011840685957685327,0.890625
3167,3,0.046875,0.17225915762654143,0.011705753130305705,0.890625
3168,3,0.0625,0.1612832418638873,0.011598991924933385,0.890625
3169,3,0.0625,0.15140491767749856,0.011502585206397322,0.890625
3170,3,0.03125,0.1393894259097487,0.011384936356070234,0.890625
3171,3,0.078125,0.13326298331877384,0.011324796737241124,0.890625
3172,3,0.140625,0.13399918498689645,0.011332028837503153,0.890625
3173,3,0.03125,0.12372426648820681,0.011230967971761945,0.890625
3174,3,0.0625,0.11760183983938613,0.011170626703334087,0.890625
3175,3,0.125,0.11834165585544752,0.011177922848345647,0.890625
3176,3,0.0,0.10650749026990278,0.011061065745047914,0.90625
3177,3,0.09375,0.1052317412429125,0.01104845018545804,0.90625
3178,3,0.09375,0.10408356711862124,0.011037093294846438,0.90625
3179,3,0.109375,0.10461271040675912,0.011042327527331924,0.90625
3180,3,0.15625,0.10977643936608321,0.011093375875854669,0.90625
3181,3,0.09375,0.10817379542947489,0.011077538266239884,0.90625
3182,3,0.140625,0.1114189158865274,0.011109601359351453,0.90625
3183,3,0.25000001192092897,0.12527702548996755,0.011246257340287518,0.90625
3184,3,0.140625,0.1268118229409708,0.011261364035203336,0.90625
3185,3,0.203125,0.1344431406468737,0.01133638936486221,0.90625
3186,3,0.506249976158142,0.17162382419800054,0.011699583984503206,0.90625
3187,3,0.25,0.17946144177820048,0.011775593391145159,0.90625
3188,3,0.3625000238418579,0.1977652999845662,0.011952267333454687,0.90625
3189,3,0.43750001192092897,0.22173877117820248,0.01218174693604336,0.90625
3190,3,0.046875,0.20425239406038226,0.012014586019146583,0.90625
3191,3,0.15625,0.19945215465434404,0.01196848760414872,0.90625
3192,3,0.140625,0.19356943918890965,0.011911875063899903,0.90625
3193,3,0.234375,0.1976499952700187,0.011951158207983422,0.90625
3194,3,0.15625,0.19350999574301683,0.011911302351095075,0.90625
3195,3,0.265625,0.20072149616871515,0.011980686102064533,0.90625
3196,3,0.34375,0.21502434655184363,0.012117705916707201,0.90625
3197,3,0.28125,0.22164691189665925,0.012180872050895405,0.90625
3198,3,0.28125,0.22760722070699332,0.012237565929331956,0.90625
3199,3,0.28125,0.232971498636294,0.012288461397272438,0.90625
3200,3,0.234375,0.23311184877266458,0.01228979135376479,0.90625
3201,3,0.140625,0.22386316389539812,0.01220197024439998,0.90625
3202,3,0.140625,0.21553934750585832,0.012122624428026694,0.90625
3203,3,0.125,0.2064854127552725,0.012036000253749906,0.90625
3204,3,0.125,0.19833687147974527,0.011957764588618212,0.90625
3205,3,0.1875,0.19725318433177075,0.011947340869899806,0.90625
3206,3,0.078125,0.18534036589859368,0.011832469139754642,0.90625
3207,3,0.28125,0.1949313293087343,0.011924992734356207,0.90625
3208,3,0.171875,0.19262569637786087,0.011902780960749123,0.90625
3209,3,0.21875,0.1952381267400748,0.011927946847347128,0.90625
3210,3,0.28125,0.2038393140660673,0.01201062254045721,0.90625
3211,3,0.21875,0.2053303826594606,0.012024926147766577,0.90625
3212,3,0.15625,0.20042234439351456,0.011977811774841474,0.90625
3213,3,0.078125,0.1881926099541631,0.011860019338739798,0.90625
3214,3,0.09375,0.17874834895874678,0.01176868640863215,0.90625
3215,3,0.03125,0.16399851406287208,0.011625438865408969,0.90625
3216,3,0.015625,0.14916116265658488,0.011480646883195193,0.90625
3217,3,0.0625,0.14049504639092641,0.011395778832855042,0.90625
3218,3,0.3499999761581421,0.161445539367648,0.011600573363093948,0.90625
3219,3,0.25,0.1703009854308832,0.011686734828799958,0.90625
3220,3,0.36874998807907106,0.19014588569570198,0.011878869454361538,0.90625
3221,3,0.140625,0.1851937971261318,0.011831052630955708,0.90625
3222,3,0.078125,0.17448691741351863,0.011727374288756117,0.90625
3223,3,0.078125,0.16485072567216677,0.011633734671647186,0.90625
3224,3,0.015625,0.14992815310495008,0.011488147785892694,0.90625
3225,3,0.078125,0.14274783779445507,0.01141786087756479,0.90625
3226,3,0.046875,0.1331605540150096,0.011323790407779059,0.90625
3227,3,0.109375,0.13078199861350864,0.011300414360464844,0.90625
3228,3,0.125,0.13020379875215776,0.011294729713134647,0.90625
3229,3,0.171875,0.13437091887694197,0.011335680038667716,0.90625
3230,3,0.140625,0.13499632698924777,0.011341822030539917,0.90625
3231,3,0.203125,0.141809194290323,0.0114086619192367,0.90625
3232,3,0.25,0.15262827486129069,0.011514540369701785,0.90625
3233,3,0.21875,0.15924044737516163,0.011579079800247702,0.90625
3234,3,0.25,0.16831640263764547,0.01166744719828935,0.90625
3235,3,0.25,0.17648476237388092,0.011746749904644542,0.90625
3236,3,0.296875,0.18852378613649284,0.011863216327419062,0.90625
3237,3,0.28125,0.19779640752284355,0.011952566550855633,0.90625
3238,3,0.234375,0.2014542667705592,0.011987725310648005,0.90625
3239,3,0.109375,0.19224634009350328,0.011899124482947223,0.90625
3240,3,0.140625,0.18708420608415297,0.011849316569260183,0.90625
3241,3,0.078125,0.17618828547573767,0.011743875445998317,0.90625
3242,3,0.03125,0.1616944569281639,0.011602998673447908,0.90625
3243,3,0.09375,0.1549000112353475,0.01153672896270422,0.90625
3244,3,0.046875,0.14409751011181277,0.01143108373371753,0.90625
3245,3,0.0625,0.1359377591006315,0.01135106567766594,0.90625
3246,3,0.0625,0.12859398319056833,0.011278898128867424,0.90625
3247,3,0.140625,0.1297970848715115,0.011290730542424363,0.90625
3248,3,0.078125,0.12462987638436036,0.01123988584869051,0.90625
3249,3,0.15625001192092897,0.1277918899380172,0.011271007577427,0.90625
3250,3,0.1875,0.1337627009442155,0.01132970588332894,0.90625
3251,3,0.25,0.14538643084979394,0.011443706634694215,0.90625
3252,3,0.203125,0.15116028776481455,0.011500194051044235,0.90625
3253,3,0.28125,0.1641692589883331,0.011627101156824214,0.90625
3254,3,0.203125,0.16806483308949977,0.011665001346159172,0.90625
3255,3,0.265625,0.1778208497805498,0.011759700090341711,0.90625
3256,3,0.25,0.18503876480249482,0.01182955424371652,0.90625
3257,3,0.25,0.19153488832224533,0.011892265637115342,0.90625
3258,3,0.21875,0.1942563994900208,0.01191849269444111,0.90625
3259,3,0.140625,0.18889325954101874,0.011866782550333604,0.90625
3260,3,0.171875,0.18719143358691687,0.011850352152245211,0.90625
3261,3,0.109375,0.17940979022822517,0.011775093155406962,0.90625
3262,3,0.15625,0.17709381120540266,0.011752653935091307,0.90625
3263,3,0.1875,0.17813443008486238,0.011762738624082959,0.90625
3264,3,0.078125,0.16813348707637615,0.011665668845936113,0.90625
3265,3,0.30624998807907106,0.18194513717664562,0.011799636649964989,0.90625
3266,3,0.21875,0.18562562345898106,0.011835225783319874,0.90625
3267,3,0.46875001192092897,0.21393806230517587,0.012107327854465695,0.90625
3268,3,0.296875,0.22223175607465828,0.012186441617900959,0.90625
3269,3,0.28125,0.22813358046719245,0.012242565405042713,0.90625
3270,3,0.328125,0.2381327224204732,0.012337312540408518,0.90625
3271,3,0.1875,0.23306945017842587,0.012289389594117585,0.90625
3272,3,0.0625,0.2160125051605833,0.01212714236767189,0.90625
3273,3,0.015625,0.19597375464452496,0.011935028689380216,0.90625
3274,3,0.078125,0.18418887918007246,0.011821338591565742,0.90625
3275,3,0.171875,0.1829574912620652,0.011809430532840693,0.90625
3276,3,0.15625,0.18028674213585869,0.01178358502673905,0.90625
3277,3,0.140625,0.17632056792227283,0.011745158012433822,0.90625
3278,3,0.203125,0.17900101113004552,0.01177113388183587,0.90625
3279,3,0.125,0.17360091001704098,0.011718777270126388,0.90625
3280,3,0.125,0.16874081901533688,0.011671573065946649,0.90625
3281,3,0.0,0.1518667371138032,0.01150709881937809,0.90625
3282,3,0.1312499761581421,0.14980506101823707,0.011486944102757187,0.90625
3283,3,0.015625,0.13638705491641337,0.011355476354295811,0.90625
3284,3,0.0,0.12274834942477203,0.011221355528385046,0.921875
3285,3,0.109375,0.12141101448229483,0.011208179526198505,0.921875
3286,3,0.03125,0.11239491303406535,0.011119240117669807,0.921875
3287,3,0.125,0.11365542173065882,0.011131685538501612,0.921875
3288,3,0.046875,0.10697737955759294,0.011065711502973544,0.921875
3289,3,0.1875,0.11502964160183365,0.011145249621199713,0.921875
3290,3,0.0625,0.10977667744165029,0.01109337822814904,0.921875
3291,3,0.09375,0.10817400969748525,0.011077540384041523,0.921875
3292,3,0.125,0.10985660872773673,0.011094167978513172,0.921875
3293,3,0.109375,0.10980844785496306,0.011093692133115143,0.921875
3294,3,0.125,0.11132760306946675,0.011108699464617901,0.921875
3295,3,0.0625,0.10644484276252009,0.011060446319092873,0.921875
3296,3,0.03125,0.09892535848626809,0.010986039147262898,0.921875
3297,3,0.03125,0.09215782263764129,0.010918978051696402,0.921875
3298,3,0.109375,0.09387954037387716,0.010936047108871208,0.921875
3299,3,0.125,0.09699158633648945,0.010966885813013208,0.921875
3300,3,0.171875,0.10447992770284051,0.01104101410825504,0.921875
3301,3,0.3031249761581421,0.12434443254837066,0.011237075192696651,0.921875
3302,3,0.171875,0.1290974892935336,0.011283850518105338,0.921875
3303,3,0.23437501192092897,0.13962524155627312,0.011387249206367639,0.921875
3304,3,0.21875,0.1475377174006458,0.011464764537241177,0.921875
3305,3,0.184375,0.15122144566058124,0.011500791860429228,0.921875
3306,3,0.203125,0.15641180109452313,0.011551486406983849,0.921875
3307,3,0.17187501192092897,0.1579581221771637,0.01156657376967661,0.921875
3308,3,0.17187501192092897,0.15934981115154023,0.01158014614981075,0.921875
3309,3,0.553124976158142,0.19872732765220041,0.011961519207452012,0.921875
3310,3,0.21875,0.2007295948869804,0.011980763911900089,0.921875
3311,3,0.125,0.19315663539828237,0.011907897603083497,0.921875
3312,3,0.171875,0.19102847185845415,0.01188738233592612,0.921875
3313,3,0.046875,0.17661312467260876,0.011747994334649594,0.921875
3314,3,0.140625,0.17301431220534788,0.011713084011100534,0.921875
3315,3,0.125,0.16821288098481307,0.011666440747346534,0.921875
3316,3,0.140625,0.16545409288633178,0.011639606720165747,0.921875
3317,3,0.046875,0.1535961835976986,0.011523996045915893,0.921875
3318,3,0.09375,0.14761156523792876,0.011465487163483007,0.921875
3319,3,0.09375,0.1422254087141359,0.011412741233456591,0.921875
3320,3,0.3656249761581421,0.1645653654585365,0.011630957105275409,0.921875
3321,3,0.140625,0.16217132891268288,0.011607644500550707,0.921875
3322,3,0.26562501192092897,0.17251669721350749,0.011708253482722822,0.921875
3323,3,0.21875,0.17714002749215674,0.011753101897630349,0.921875
3324,3,0.3968749761581421,0.19911352235875526,0.011965232282419141,0.921875
3325,3,0.25,0.20420217012287972,0.012014104158566925,0.921875
3326,3,0.25,0.20878195311059175,0.01205800334631794,0.921875
3327,3,0.09375,0.19727875779953258,0.01194758690554415,0.921875
3328,3,0.078125,0.18536338201957933,0.01183269157134375,0.921875
3329,3,0.140625,0.1808895438176214,0.01178942065363655,0.921875
3330,3,0.15625,0.17842558943585926,0.011765559602314646,0.921875
3331,3,0.29687501192092897,0.19027053168436625,0.01188007188417282,0.921875
3332,3,0.29062498807907106,0.20030597732383673,0.011976693598179993,0.921875
3333,3,0.203125,0.20058787959145308,0.01197940232167637,0.921875
3334,3,0.21875,0.20240409163230777,0.01199684655370665,0.921875
3335,3,0.1875,0.20091368246907698,0.011982532497817814,0.921875
3336,3,0.109375,0.19175981422216928,0.011894434265251812,0.921875
3337,3,0.09375,0.18195883279995234,0.011799769170280762,0.921875
3338,3,0.09375,0.17313794951995712,0.01171428407551405,0.921875
3339,3,0.17187501192092897,0.1730116557600543,0.011713058226211397,0.921875
3340,3,0.20312501192092897,0.17602299137614177,0.01174227272643279,0.921875
3341,3,0.109375,0.16935819223852758,0.011677573674421349,0.921875
3342,3,0.15625,0.16804737301467482,0.011664831585250848,0.921875
3343,3,0.4593749761581421,0.19718013332902154,0.011946638051812737,0.921875
3344,3,0.15625,0.19308711999611938,0.011907227744294408,0.921875
3345,3,0.2406249761581421,0.19784090561232165,0.011952994563062914,0.921875
3346,3,0.584374976158142,0.23649431266690368,0.012321817591133629,0.921875
3347,3,0.38437498807907106,0.25128238020812044,0.012461237396912921,0.921875
3348,3,0.23437501192092897,0.2495916433794013,0.012445347627426759,0.921875
3349,3,0.109375,0.23556997904146115,0.012313070673348522,0.921875
3350,3,0.340625,0.24607548113731503,0.012412260260387218,0.921875
3351,3,0.23437501192092897,0.24490543421567643,0.012401237535336063,0.921875
3352,3,0.125,0.23291489079410876,0.012287924957743366,0.921875
3353,3,0.15625,0.2252484017146979,0.012215146938425086,0.921875
3354,3,0.171875,0.21991106154322812,0.012164332908452345,0.921875
3355,3,0.32812501192092897,0.2307324565809982,0.01226723273347556,0.921875
3356,3,0.3343749761581421,0.24109670853871257,0.01236531368658271,0.921875
3357,3,0.203125,0.2372995376848413,0.012329434331975813,0.921875
3358,3,0.1875,0.23231958391635715,0.012282282740527202,0.921875
3359,3,0.1875,0.22783762552472142,0.012239754507829452,0.921875
3360,3,0.203125,0.22536636297224927,0.0122162686395593,0.921875
3361,3,0.140625,0.21689222667502436,0.012135539958572668,0.921875
3362,3,0.1875,0.21395300400752193,0.01210747063568254,0.921875
3363,3,0.265625,0.21912020360676973,0.01215679350465955,0.921875
3364,3,0.23437501192092897,0.22064568443818566,0.01217133390089048,0.921875
3365,3,0.203125,0.21889361599436707,0.012154632926063337,0.921875
3366,3,0.203125,0.21731675439493037,0.012139591261059846,0.921875
3367,3,0.140625,0.20964757895543734,0.012066291500947601,0.921875
3368,3,0.125,0.2011828210598936,0.011985117962532819,0.921875
3369,3,0.20312501192092897,0.20137704014599714,0.011986983545657626,0.921875
3370,3,0.171875,0.19842683613139742,0.011958629737863363,0.921875
3371,3,0.40625,0.21920915251825768,0.012157641600618913,0.921875
3372,3,0.34375,0.2316632372664319,0.012276060221602892,0.921875
3373,3,0.390625,0.24755941353978872,0.012426231072921252,0.921875
3374,3,0.375,0.26030347218580985,0.012545793585016868,0.921875
3375,3,0.34375,0.2686481249672289,0.01262366465422105,0.921875
3376,3,0.359375,0.277720812470506,0.01270794331265275,0.921875
3377,3,0.234375,0.2733862312234554,0.012667729079157098,0.921875
3378,3,0.25,0.27104760810110984,0.01264599367350707,0.921875
3379,3,0.234375,0.26738034729099885,0.012611855645342476,0.921875
3380,3,0.203125,0.26095481256189895,0.012551883840113723,0.921875
3381,3,0.265625,0.26142183130570906,0.012556249379163172,0.921875
3382,3,0.25,0.26027964817513816,0.012545570784055,0.921875
3383,3,0.15625,0.24987668335762434,0.012448027394281896,0.921875
3384,3,0.171875,0.2420765150218619,0.012374561432045026,0.921875
3385,3,0.09375,0.2272438635196757,0.012234113999046232,0.921875
3386,3,0.078125,0.21233197716770813,0.01209197505527973,0.921875
3387,3,0.1875,0.2098487794509373,0.012068217522034266,0.921875
3388,3,0.109375,0.19980140150584355,0.011971844510564027,0.921875
3389,3,0.15625,0.1954462613552592,0.011929950749858602,0.921875
3390,3,0.203125,0.1962141352197333,0.011937342380903085,0.921875
3391,3,0.203125,0.19690522169775998,0.011943992969019672,0.921875
3392,3,0.234375,0.200652199527984,0.011980020312405942,0.921875
3393,3,0.21875,0.2024619795751856,0.011997402344494128,0.921875
3394,3,0.203125,0.20252828161766706,0.011998038904518143,0.921875
3395,3,0.15625,0.19790045345590035,0.011953567322171397,0.921875
3396,3,0.109375,0.1890479081103103,0.011868275099799808,0.921875
3397,3,0.21875,0.19201811729927928,0.011896924472206834,0.921875
3398,3,0.109375,0.18375380556935134,0.011817131848223965,0.921875
3399,3,0.203125,0.18569092501241619,0.01183585679737735,0.921875
3400,3,0.1781249761581421,0.1849343301269888,0.011828544834770836,0.921875
3401,3,0.3968749761581421,0.2061283947301041,0.012032577819446775,0.921875
3402,3,0.140625,0.1995780552570937,0.011969697794405654,0.921875
3403,3,0.09375,0.18899524973138435,0.011867766891164852,0.921875
3404,3,0.125,0.18259572475824593,0.011805931082643105,0.921875
3405,3,0.109375,0.17527365228242134,0.011735005851076537,0.921875
3406,3,0.171875,0.1749337870541792,0.011731709312305352,0.921875
3407,3,0.109375,0.16837790834876126,0.01166804514834144,0.921875
3408,3,0.234375,0.17497761751388513,0.011732134469721734,0.921875
3409,3,0.359375,0.1934173557624966,0.011910409777583474,0.921875
3410,3,0.1875,0.19282562018624694,0.011904707741588463,0.921875
3411,3,0.15625,0.18916805816762225,0.011869434636539875,0.921875
3412,3,0.203125,0.19056375235086004,0.01188290029099562,0.921875
3413,3,0.1781249761581421,0.18931987473158826,0.011870899703949922,0.921875
3414,3,0.11562497615814209,0.18195038487424364,0.011799687427325354,0.921875
3415,3,0.125,0.17625534638681928,0.011744525653600044,0.921875
3416,3,0.1468749761581421,0.17331730936395157,0.011716024910678292,0.921875
3417,3,0.078125,0.16379807842755642,0.011623487401631256,0.921875
3418,3,0.109375,0.15835577058480077,0.011570452422911362,0.921875
3419,3,0.0625,0.1487701935263207,0.011476822683465782,0.921875
3420,3,0.09375,0.14326817417368864,0.011422959260000738,0.921875
3421,3,0.078125,0.1367538567563198,0.011359076800428056,0.921875
3422,3,0.184375,0.1415159710806878,0.01140578775361895,0.921875
3423,3,0.078125,0.13517687397261904,0.011343594950165157,0.921875
3424,3,0.0625,0.12790918657535713,0.011272161577785057,0.921875
3425,3,0.078125,0.12293076791782143,0.011223152461723578,0.921875
3426,3,0.125,0.12313769112603928,0.01122519068436811,0.921875
3427,3,0.2406249761581421,0.13488641962924955,0.011340742729697444,0.921875
3428,3,0.15625,0.1370227776663246,0.01136171624089148,0.921875
3429,3,0.590625,0.18238299989969212,0.011803873132839511,0.921875
3430,3,0.29687501192092897,0.19383220110181582,0.011914406509323539,0.921875
3431,3,0.140625,0.18851148099163426,0.011863097547521581,0.921875
3432,3,0.140625,0.18372283289247085,0.01181683234684889,0.921875
3433,3,0.29687501192092897,0.19503805079531666,0.011926020381423999,0.921875
3434,3,0.2718749761581421,0.2027217433315992,0.011999896216839771,0.921875
3435,3,0.046875,0.1871370689984393,0.011849827114443994,0.921875
3436,3,0.0,0.16842336209859537,0.011668487035553158,0.953125
3437,3,0.078125,0.15939352588873584,0.01158057237927225,0.953125
3438,3,0.046875,0.14814167329986228,0.011470673991871985,0.953125
3439,3,0.09375,0.14270250596987605,0.011417416669654472,0.953125
3440,3,0.09375,0.13780725537288843,0.01136941473056187,0.953125
3441,3,0.109375,0.13496402983559957,0.011341504872687544,0.953125
3442,3,0.21875,0.1433426268520396,0.011423688703779428,0.953125
3443,3,0.078125,0.13682086416683564,0.011359734491672643,0.953125
3444,3,0.140625,0.1372012777501521,0.01136346810037427,0.953125
3445,3,0.171875,0.1406686499751369,0.011397481006009206,0.953125
3446,3,0.0625,0.1328517849776232,0.011320756702836159,0.953125
3447,3,0.109375,0.13050410647986088,0.011297682334183823,0.953125
3448,3,0.140625,0.1315161958318748,0.011307631483848899,0.953125
3449,3,0.1875,0.1371145762486873,0.011362617193504324,0.953125
3450,3,0.25,0.14840311862381858,0.011473231799167101,0.953125
3451,3,0.25,0.15856280676143672,0.01157247165723225,0.953125
3452,3,0.203125,0.16301902608529306,0.011615901255971115,0.953125
3453,3,0.140625,0.16077962347676378,0.011594084110158751,0.953125
3454,3,0.15625,0.16032666112908742,0.011589669270656149,0.953125
3455,3,0.09375,0.15366899501617867,0.011524707241290148,0.953125
3456,3,0.15625,0.1539270955145608,0.011527228145560215,0.953125
3457,3,0.2406249761581421,0.1625968835789189,0.011611789777877224,0.953125
3458,3,0.359375,0.18227469522102702,0.0118028253074764,0.953125
3459,3,0.34375,0.19842222569892431,0.01195858540216674,0.953125
3460,3,0.521874976158142,0.2307675007448461,0.012267565158565998,0.953125
3461,3,0.25,0.2326907506703615,0.012285800776012972,0.953125
3462,3,0.09375,0.21879667560332533,0.012153708506871808,0.953125
3463,3,0.109375,0.2078545080429928,0.012049120010662507,0.953125
3464,3,0.03125,0.1901940572386935,0.01187933416030583,0.953125
3465,3,0.09375,0.18054965151482416,0.011786130365024983,0.953125
3466,3,0.171875,0.17968218636334174,0.011777731158322176,0.953125
3467,3,0.140625,0.17577646772700758,0.011739882219919959,0.953125
3468,3,0.0625,0.16444882095430682,0.011629822639758224,0.953125
3469,3,0.1781249761581421,0.16581643647469035,0.011643132537229556,0.953125
3470,3,0.09375,0.15860979282722132,0.011572929896414133,0.953125
3471,3,0.078125,0.1505613135444992,0.011494338587453813,0.953125
3472,3,0.1875,0.15425518219004927,0.011530432327867412,0.953125
3473,3,0.171875,0.15601716397104434,0.01154763479362412,0.953125
3474,3,0.21875,0.16229044757393993,0.01160880487847025,0.953125
3475,3,0.140625,0.16012390281654595,0.011587692861861202,0.953125
3476,3,0.109375,0.15504901253489134,0.011538183755185965,0.953125
3477,3,0.078125,0.1473566112814022,0.011462992286008687,0.953125
3478,3,0.109375,0.143558450153262,0.011425803126791107,0.953125
3479,3,0.171875,0.1463901051379358,0.011453532755747687,0.953125
3480,3,0.2718749761581421,0.15893859223995643,0.011576136376052886,0.953125
3481,3,0.203125,0.16335723301596078,0.01161919483469657,0.953125
3482,3,0.2406249761581421,0.1710840073301789,0.01169434126606324,0.953125
3483,3,0.21875,0.175850606597161,0.011740601156100743,0.953125
3484,3,0.234375,0.1817030459374449,0.01179729404145456,0.953125
3485,3,0.39062501192092897,0.2025952425357933,0.011998681773231169,0.953125
3486,3,0.48437501192092897,0.23077321947430687,0.012267619405304353,0.953125
3487,3,0.109375,0.2186333975268762,0.0121521514072533,0.953125
3488,3,0.140625,0.21083255777418858,0.012077632573068382,0.953125
3489,3,0.340625,0.22381180199676973,0.012201481523591714,0.953125
3490,3,0.15625,0.21705562179709276,0.01213709933851642,0.953125
3491,3,0.2093749761581421,0.2162875572331977,0.012129768280931801,0.953125
3492,3,0.109375,0.20559630150987793,0.012027476163505888,0.953125
3493,3,0.09375,0.19441167135889012,0.011919988218983083,0.953125
3494,3,0.15625,0.19059550422300112,0.011883206550851821,0.953125
3495,3,0.2406249761581421,0.1955984514165152,0.011931415921042203,0.953125
3496,3,0.203125,0.19635110627486368,0.011938660647180157,0.953125
3497,3,0.234375,0.20015349564737733,0.011975228316695292,0.953125
3498,3,0.32187498807907106,0.21232564489054673,0.012091914503660118,0.953125
3499,3,0.25,0.21609308040149205,0.012127911648735756,0.953125
3500,3,0.140625,0.20854627236134285,0.012055746249091557,0.953125
3501,3,0.15625,0.20331664512520856,0.012005606618690042,0.953125
3502,3,0.140625,0.1970474806126877,0.011945361759115994,0.953125
3503,3,0.0625,0.18359273255141895,0.011815574258266435,0.953125
3504,3,0.046875,0.16992095929627707,0.011683042451211052,0.953125
3505,3,0.1875,0.17167886336664936,0.011700118472653693,0.953125
3506,3,0.125,0.1670109770299844,0.011654753144218766,0.953125
3507,3,0.15625,0.16593487932698597,0.011644284965116365,0.953125
3508,3,0.21875,0.17121639139428738,0.011695627073140143,0.953125
3509,3,0.109375,0.16503225225485862,0.011635501433998387,0.953125
3510,3,0.109375,0.15946652702937275,0.011581284145253749,0.953125
3511,3,0.265625,0.17008237432643547,0.011684610835954727,0.953125
3512,3,0.140625,0.16713663689379193,0.011655975309153157,0.953125
3513,3,0.203125,0.17073547320441274,0.011690955781927078,0.953125
3514,3,0.25,0.17866192588397145,0.011767849200401609,0.953125
3515,3,0.32812501192092897,0.1936082344876672,0.011912248833400321,0.953125
3516,3,0.15625,0.18987241103890048,0.011876231112962835,0.953125
3517,3,0.171875,0.18807266993501043,0.01185886140803334,0.953125
3518,3,0.21875,0.19114040294150939,0.011888461751723138,0.953125
3519,3,0.171875,0.18921386264735846,0.01186987666986705,0.953125
3520,3,0.171875,0.18747997638262262,0.011853138639981272,0.953125
3521,3,0.09375,0.17810697874436035,0.011762472639201714,0.953125
3522,3,0.15625,0.1759212808699243,0.011741286478266097,0.953125
3523,3,0.140625,0.1723916527829319,0.01170703950208178,0.953125
3524,3,0.078125,0.1629649875046387,0.01161537497578258,0.953125
3525,3,0.109375,0.1576059887541748,0.011563138665036443,0.953125
3526,3,0.1875,0.16059538987875732,0.011592288537141972,0.953125
3527,3,0.09375,0.15391085089088158,0.011527069487867771,0.953125
3528,3,0.140625,0.15258226580179343,0.01151409082968236,0.953125
3529,3,0.109375,0.14826153922161409,0.011471846704826528,0.953125
3530,3,0.234375,0.15687288529945267,0.011555985938789799,0.953125
3531,3,0.203125,0.16149809676950738,0.011601085468464506,0.953125
3532,3,0.171875,0.16253578709255664,0.011611194679204349,0.953125
3533,3,0.203125,0.16659470838330098,0.011650704162095595,0.953125
3534,3,0.109375,0.1608727375449709,0.011594991576114015,0.953125
3535,3,0.15625,0.1604104637904738,0.011590486109048247,0.953125
3536,3,0.046875,0.14905691741142643,0.011479627268852988,0.953125
3537,3,0.09375,0.14352622567028378,0.011425487431473001,0.953125
3538,3,0.046875,0.1338611031032554,0.01133067249360825,0.953125
3539,3,0.046875,0.12516249279292987,0.011245129785957788,0.953125
3540,3,0.125,0.1251462435136369,0.011244969812045272,0.953125
3541,3,0.0625,0.11888161916227322,0.011183247222217975,0.953125
3542,3,0.0625,0.1132434572460459,0.01112761846506522,0.953125
3543,3,0.265625,0.1284816115214413,0.011277792775585787,0.953125
3544,3,0.11562497615814209,0.12719594798511139,0.011265143986510637,0.953125
3545,3,0.125,0.12697635318660025,0.011262983126636086,0.953125
3546,3,0.078125,0.12209121786794022,0.011214881719093517,0.953125
3547,3,0.046875,0.1145695960811462,0.011140709266515303,0.953125
3548,3,0.2406249761581421,0.1271751340888458,0.011264939178458675,0.953125
3549,3,0.078125,0.12227012067996121,0.011216644303947343,0.953125
3550,3,0.121875,0.12223060861196508,0.011216255030064874,0.953125
3551,3,0.078125,0.11782004775076857,0.011172778824950515,0.953125
3552,3,0.03125,0.10916304297569172,0.011087314835961166,0.953125
3553,3,0.046875,0.10293423867812256,0.011025722277524944,0.953125
3554,3,0.171875,0.1098283148103103,0.011093888425831418,0.953125
3555,3,0.140625,0.11290798332927926,0.011124306257019038,0.953125
3556,3,0.125,0.11411718499635133,0.011136243794050578,0.953125
3557,3,0.125,0.1152054664967162,0.011146984774055933,0.953125
3558,3,0.09375,0.11305991984704458,0.011125806390802644,0.953125
3559,3,0.046875,0.10644142786234012,0.011060412554100214,0.953125
3560,3,0.015625,0.09735978507610611,0.010970533248665211,0.953125
3561,3,0.015625,0.0891863065684955,0.01088950588028453,0.953125
3562,3,0.0,0.08026767591164595,0.010800957334902456,0.953125
3563,3,0.059375,0.07817840832048135,0.010780195248180751,0.953125
3564,3,0.078125,0.07817306748843322,0.010780142164937065,0.953125
3565,3,0.078125,0.0781682607395899,0.01078009438997993,0.953125
3566,3,0.046875,0.07503893466563091,0.010748984070514401,0.953125
3567,3,0.090625,0.07659754119906782,0.01076448087998367,0.953125
3568,3,0.2718749761581421,0.09612528469497525,0.010958303067625188,0.953125
3569,3,0.296875,0.11620025622547772,0.01115680067614523,0.953125
3570,3,0.171875,0.12176773060292995,0.011211694465997415,0.953125
3571,3,0.203125,0.12990345754263694,0.011291776533239388,0.953125
3572,3,0.125,0.12941311178837323,0.011286954593992846,0.953125
3573,3,0.125,0.1289718006095359,0.01128261432823981,0.953125
3574,3,0.140625,0.1301371205485823,0.011294074102874124,0.953125
3575,3,0.125,0.12962340849372408,0.011289022674608302,0.953125
3576,3,0.125,0.12916106764435167,0.011284475817066153,0.953125
3577,3,0.153125,0.13155746087991652,0.011308037076229564,0.953125
3578,3,0.1468749761581421,0.13308921240773908,0.011323089487141341,0.953125
3579,3,0.140625,0.13384279116696518,0.011330492616281995,0.953125
3580,3,0.26562501192092897,0.14702101324236155,0.011459707974095748,0.953125
3581,3,0.3031249761581421,0.1626314095339396,0.01161212606617444,0.953125
3582,3,0.234375,0.16980576858054564,0.011681923151648241,0.953125
3583,3,0.171875,0.17001269172249106,0.011683933777289936,0.953125
3584,3,0.26562501192092897,0.17957392374233486,0.011776682726477914,0.953125
3585,3,0.15625,0.17724153136810136,0.01175408572302078,0.953125
3586,3,0.1875,0.1782673782312912,0.011764026765072723,0.953125
3587,3,0.15625,0.17606564040816208,0.011742686267505416,0.953125
3588,3,0.29687501192092897,0.18814657755943875,0.011859574936686285,0.953125
3589,3,0.371875,0.20651941980349486,0.012036326225043423,0.953125
3590,3,0.09375,0.19524247782314538,0.011927988740854233,0.953125
3591,3,0.140625,0.18978073004083085,0.011875346561709937,0.953125
3592,3,0.26562501192092897,0.19736515822884065,0.011948418123346544,0.953125
3593,3,0.15625,0.1932536424059566,0.011908832344595659,0.953125
3594,3,0.653125,0.23924077816536093,0.012347785047157776,0.953125
3595,3,0.203125,0.23562920034882484,0.01231363119359129,0.953125
3596,3,0.25,0.23706628031394236,0.012327228210050101,0.953125
3597,3,0.234375,0.23679715228254813,0.012324682529859379,0.953125
3598,3,0.15625,0.2287424370542933,0.012248346980740923,0.953125
3599,3,0.32812501192092897,0.2386806945409569,0.01234249223887991,0.953125
3600,3,0.23437501192092897,0.2382501262789541,0.012338422410453275,0.953125
3601,3,0.3343749761581421,0.24786261126687287,0.012429084359919242,0.953125
3602,3,0.35937501192092897,0.2590138513322785,0.012533729233967181,0.953125
3603,3,0.171875,0.25029996619905065,0.012452006143622452,0.953125
3604,3,0.171875,0.24245746957914557,0.012378155849466055,0.953125
3605,3,0.28125,0.246336722621231,0.012414720503722094,0.953125
3606,3,0.15625,0.2373280503591079,0.012329703985196745,0.953125
3607,3,0.28125,0.24172024532319708,0.012371199334938224,0.953125
3608,3,0.29687501192092897,0.24723572198297028,0.01242318446237558,0.953125
3609,3,0.203125,0.24282464978467327,0.012381619685535469,0.953125
3610,3,0.21875,0.24041718480620597,0.012358897592737957,0.953125
3611,3,0.25,0.24137546632558537,0.012367945134013566,0.953125
3612,3,0.1468749761581421,0.23192541730884103,0.012278546052567615,0.953125
3613,3,0.1468749761581421,0.22342037319377114,0.012197756621555898,0.953125
3614,3,0.0625,0.20732833587439403,0.012044078679944548,0.953125
3615,3,0.09375,0.19597050228695462,0.011934997383576774,0.953125
3616,3,0.078125,0.18418595205825916,0.011821310291339107,0.953125
3617,3,0.121875,0.17795485685243323,0.011760998634546603,0.953125
3618,3,0.046875,0.16484687116718993,0.011633697155375466,0.953125
3619,3,0.109375,0.15929968405047093,0.011579657390973757,0.953125
3620,3,0.109375,0.15430721564542382,0.011530940470978,0.953125
3621,3,0.0,0.13887649408088146,0.011379905063634175,0.953125
3622,3,0.046875,0.12967634467279332,0.01128954323707964,0.953125
3623,3,0.015625,0.11827121020551398,0.011177228160432658,0.953125
3624,3,0.15625,0.12206908918496259,0.01121466369773316,0.953125
3625,3,0.234375,0.13329968026646632,0.011325157264333785,0.953125
3626,3,0.296875,0.1496572122398197,0.011485498272603787,0.953125
3627,3,0.109375,0.14562899101583773,0.011446081596595417,0.953125
3628,3,0.09375,0.14044109191425397,0.011395249795508053,0.953125
3629,3,0.15625,0.14202198272282857,0.011410747516802084,0.953125
3630,3,0.203125,0.14813228445054571,0.011470582133949296,0.953125
3631,3,0.20312501192092897,0.15363155719758403,0.011524341564307159,0.953125
3632,3,0.140625,0.15233090147782563,0.01151163471756096,0.953125
3633,3,0.078125,0.14491031133004306,0.01143904435643525,0.953125
3634,3,0.15625,0.14604428019703877,0.011450147400725539,0.953125
3635,3,0.09375,0.1408148521773349,0.011398914446128361,0.953125
3636,3,0.125,0.13923336695960142,0.011383405666364936,0.953125
3637,3,0.0625,0.1315600302636413,0.011308062330446794,0.953125
3638,3,0.09375,0.12777902723727716,0.011270881028130906,0.953125
3639,3,0.125,0.12750112451354945,0.011268146789537095,0.953125
3640,3,0.09375,0.1241260120621945,0.011234924355841948,0.953125
3641,3,0.125,0.12421341085597504,0.011235785005838885,0.953125
3642,3,0.09375,0.12116706977037753,0.011205775616831974,0.953125
3643,3,0.0,0.10905036279333978,0.011086201342154552,0.953125
3644,3,0.0,0.0981453265140058,0.010978314075357449,0.953125
3645,3,0.078125,0.09614329386260523,0.010958481505131028,0.953125
3646,3,0.0,0.08652896447634471,0.010863136542864932,0.96875
3647,3,0.0625,0.08412606802871025,0.010839281693651314,0.96875
3648,3,0.09375,0.08508846122583923,0.010848837060491019,0.96875
3649,3,0.0,0.07657961510325531,0.010764302666437972,0.96875
3650,3,0.078125,0.07673415359292979,0.010765839005677893,0.96875
3651,3,0.125,0.08156073823363681,0.01081380366631372,0.96875
3652,3,0.1375,0.08715466441027313,0.010869346591072528,0.96875
3653,3,0.25000001192092897,0.1034391991613387,0.011030718495948668,0.96875
3654,3,0.1875,0.11184527924520482,0.011113812298962508,0.96875
3655,3,0.171875,0.11784825132068434,0.01117305698058186,0.96875
3656,3,0.25,0.13106342618861588,0.0113031809433093,0.96875
3657,3,0.203125,0.1382695835697543,0.011373951024751508,0.96875
3658,3,0.1875,0.14319262521277887,0.011422219059687906,0.96875
3659,3,0.1875,0.14762336269150098,0.011465602604135924,0.96875
3660,3,0.15625,0.14848602642235087,0.011474042872836378,0.96875
3661,3,0.1875,0.15238742378011577,0.011512187020294893,0.96875
3662,3,0.21875,0.1590236814021042,0.011576966118644847,0.96875
3663,3,0.2874999761581421,0.171871310877708,0.01170198726151462,0.96875
3664,3,0.16875,0.1715591797899372,0.011698956206617544,0.96875
3665,3,0.1875,0.17315326181094348,0.0117144326981038,0.96875
3666,3,0.35625,0.19146293562984912,0.011891571864625866,0.96875
3667,3,0.35625,0.2079416420668642,0.012049954749352306,0.96875
3668,3,0.1937499761581421,0.20652247547599198,0.012036355514677527,0.96875
3669,3,0.21875,0.20774522792839278,0.012048073071625608,0.96875
3670,3,0.35625,0.2225957051355535,0.012189906845780883,0.96875
3671,3,0.140625,0.21439863462199815,0.012111728617827056,0.96875
3672,3,0.140625,0.20702127115979835,0.012041136147748065,0.96875
3673,3,0.171875,0.20350664404381852,0.01200743011210231,0.96875
3674,3,0.21875,0.20503097963943667,0.012022054708561552,0.96875
3675,3,0.1875,0.203277881675493,0.012005234573735124,0.96875
3676,3,0.171875,0.2001375935079437,0.011975075499083445,0.96875
3677,3,0.140625,0.19418633415714934,0.011917817820387895,0.96875
3678,3,0.09375,0.1841427007414344,0.011820892122079185,0.96875
3679,3,0.03125,0.16885343066729097,0.011672667696398296,0.96875
3680,3,0.046875,0.1566555876005619,0.01155386549991694,0.96875
3681,3,0.0625,0.14724002884050572,0.011461851394827045,0.96875
3682,3,0.31250001192092897,0.16376602714854804,0.01162317533500941,0.96875
3683,3,0.34375,0.18176442443369323,0.011797887992977943,0.96875
3684,3,0.3125,0.1948379819903239,0.011924093835776702,0.96875
3685,3,0.359375,0.21129168379129148,0.01208202522955009,0.96875
3686,3,0.359375,0.22610001541216232,0.012223243669757071,0.96875
3687,3,0.43124998807907106,0.2466150126788532,0.012417340960680808,0.96875
3688,3,0.4749999761581421,0.26945350902678206,0.01263116251337715,0.96875
3689,3,0.15625,0.25813315812410387,0.012525485850558474,0.96875
3690,3,0.25000001192092897,0.25731984350378634,0.012517869880175404,0.96875
3691,3,0.1375,0.24533785915340772,0.012405312027684358,0.96875
3692,3,0.41875,0.26267907323806694,0.012567996483447683,0.96875
3693,3,0.2,0.2564111659142603,0.012509357230477101,0.96875
3694,3,0.2249999761581421,0.25327004693864846,0.012479900842465563,0.96875
3695,3,0.23125,0.25106804224478363,0.01245922375036667,0.96875
3696,3,0.1624999761581421,0.24221123563611946,0.012375832634729734,0.96875
3697,3,0.09375,0.2273651120725075,0.012235265934994728,0.96875
3698,3,0.09375,0.21400360086525674,0.012107954126851209,0.96875
3699,3,0.0625,0.19885324077873107,0.011962729863009319,0.96875
3700,3,0.140625,0.19303041670085797,0.011906681331356977,0.96875
3701,3,0.125,0.1862273750307722,0.011841039983085522,0.96875
3702,3,0.125,0.18010463752769496,0.01178182185408188,0.96875
3703,3,0.15625,0.17771917377492547,0.011758714797086732,0.96875
3704,3,0.125,0.1724472563974329,0.011707579330298786,0.96875
3705,3,0.078125,0.16301503075768964,0.011615862345904683,0.96875
3706,3,0.171875,0.16390102768192066,0.011624489742966792,0.96875
3707,3,0.125,0.1600109249137286,0.011586591542198137,0.96875
3708,3,0.265625,0.17057233242235573,0.011689370977758545,0.96875
3709,3,0.15625,0.16914009918012016,0.011675454043234373,0.96875
3710,3,0.43750001192092897,0.19597609045420103,0.01193505117286118,0.96875
3711,3,0.234375,0.19981598140878093,0.01197198464027528,0.96875
3712,3,0.203125,0.20014688326790286,0.011975164772655197,0.96875
3713,3,0.3499999761581421,0.21513219255692678,0.012118735987764234,0.96875
3714,3,0.203125,0.21393147330123413,0.012107264890403941,0.96875
3715,3,0.1937499761581421,0.21191332358692494,0.012087971386922455,0.96875
3716,3,0.140625,0.20478449122823245,0.012019690488507536,0.96875
3717,3,0.35625,0.2199310421054092,0.01216452335368201,0.96875
3718,3,0.203125,0.2182504378948683,0.012148498887620882,0.96875
3719,3,0.203125,0.21673789410538147,0.012134066968186122,0.96875
3720,3,0.3187499761581421,0.22693910231065753,0.012231218304292744,0.96875
3721,3,0.171875,0.22143269207959176,0.012178831644722585,0.96875
3722,3,0.125,0.2117894228716326,0.012086786365178499,0.96875
3723,3,0.15625,0.20623548058446936,0.01203360441448523,0.96875
3724,3,0.203125,0.20592443252602244,0.012030622380752615,0.96875
3725,3,0.21875001192092897,0.2072069904655131,0.012042915898258153,0.96875
3726,3,0.40625,0.2271112914189618,0.012232854410993253,0.96875
3727,3,0.6750000238418579,0.2719001646612514,0.012653920550061934,0.96875
3728,3,0.53125,0.29783514819512624,0.01289330229457812,0.96875
3729,3,0.390625,0.3071141333756136,0.012978094449771762,0.96875
3730,3,0.28125,0.3045277200380523,0.012954506101902557,0.96875
3731,3,0.25,0.29907494803424706,0.01290465835258726,0.96875
3732,3,0.203125,0.2894799532308224,0.012816560914541971,0.96875
3733,3,0.171875,0.2777194579077401,0.012707930760315539,0.96875
3734,3,0.2562499761581421,0.2755725097327803,0.01268802406909168,0.96875
3735,3,0.140625,0.2620777587595023,0.01256237901510769,0.96875
3736,3,0.21875,0.2577449828835521,0.012521851323258022,0.96875
3737,3,0.25,0.2569704845951969,0.01251459748534457,0.96875
3738,3,0.3499999761581421,0.26627343375149143,0.012601538644576383,0.96875
3739,3,0.390625,0.27870859037634227,0.012717094307694736,0.96875
3740,3,0.881249976158142,0.3389627289545223,0.013265510478761693,0.96875
3741,3,0.506249976158142,0.35569145367488425,0.013414133194823562,0.96875
3742,3,0.171875,0.3373098083073959,0.013250735912614702,0.96875
3743,3,0.265625,0.3301413274766563,0.013186477602146012,0.96875
3744,3,0.1312499761581421,0.3102521923448049,0.013006665086068153,0.96875
3745,3,0.15625,0.2948519731103244,0.012865944286547852,0.96875
3746,3,0.140625,0.27942927579929194,0.012723767800658526,0.96875
3747,3,0.0625,0.25773634821936275,0.01252177046785689,0.96875
3748,3,0.0625,0.2382127133974265,0.012338068736728321,0.96875
3749,3,0.125,0.22689144205768386,0.012230765423818528,0.96875
3750,3,0.1875,0.22295229785191548,0.012193301496827208,0.96875
3751,3,0.140625,0.21471956806672393,0.012114794627389815,0.96875
3752,3,0.125,0.20574761126005153,0.012028927018200061,0.96875
3753,3,0.25,0.21017285013404638,0.012071319398850545,0.96875
3754,3,0.21875,0.21103056512064175,0.012079527097568083,0.96875
3755,3,0.234375,0.21336500860857757,0.012101851140168682,0.96875
3756,3,0.21875,0.21390350774771982,0.012106997651580714,0.96875
3757,3,0.28125001192092897,0.22063815816504073,0.012171262186446997,0.96875
3758,3,0.31250001192092897,0.22982434354062956,0.012258616632834429,0.96875
3759,3,0.171875,0.2240294091865666,0.012203552032488268,0.96875
3760,3,0.109375,0.21256396826790994,0.0120941933309361,0.96875
3761,3,0.35625,0.22693257144111895,0.012231156246792652,0.96875
3762,3,0.3187499761581421,0.23611431191282126,0.01231822211874978,0.96875
3763,3,0.1875,0.23125288072153913,0.012272168876083924,0.96875
3764,3,0.25000001192092897,0.2331275938414781,0.012289940548548017,0.96875
3765,3,0.075,0.2173148344573303,0.012139572940595101,0.96875
3766,3,0.16875,0.21245835101159727,0.012093183456026693,0.96875
3767,3,0.09375,0.20058751591043755,0.011979398827357407,0.96875
3768,3,0.078125,0.1883412643193938,0.011861454413168104,0.96875
3769,3,0.109375,0.1804446378874544,0.011785113711780995,0.96875
3770,3,0.109375,0.17333767409870895,0.011716222560447177,0.96875
3771,3,0.015625,0.15756640668883806,0.011562752513485755,0.96875
3772,3,0.1312499761581421,0.15493476363576847,0.01153706827799204,0.96875
3773,3,0.2249999761581421,0.16194128488800583,0.011605403432819874,0.96875
3774,3,0.109375,0.15668465639920523,0.0115541491679664,0.96875
3775,3,0.15625,0.1566411907592847,0.011553725007304321,0.96875
3776,3,0.25000001192092897,0.16597707287544913,0.01164469548999663,0.96875
3777,3,0.171875,0.1665668655879042,0.011650433319569253,0.96875
3778,3,0.109375,0.1608476790291138,0.011594747364861172,0.96875
3779,3,0.21875001192092897,0.1666379123182953,0.011651124426135192,0.96875
3780,3,0.09375,0.15934912108646576,0.01158013942145899,0.96875
3781,3,0.29375,0.1727892089778192,0.011710898954674236,0.96875
3782,3,0.3499999761581421,0.1905102856958515,0.0118823845748596,0.96875
3783,3,0.125,0.18395925712626632,0.011819118450149033,0.96875
3784,3,0.16875,0.1824383314136397,0.011804408437991715,0.96875
3785,3,0.1875,0.1829444982722757,0.011809304856602679,0.96875
3786,3,0.125,0.17715004844504817,0.011753199027182772,0.96875
3787,3,0.1875,0.17818504360054335,0.011763229027992258,0.96875
3788,3,0.0625,0.16661653924048903,0.011650916521377312,0.96875
3789,3,0.09375,0.15932988531644013,0.011579951866053819,0.96875
3790,3,0.0625,0.14964689678479612,0.01148539739421571,0.96875
3791,3,0.109375,0.1456197071063165,0.011445990698784755,0.96875
3792,3,0.15625,0.14668273639568485,0.011456397120520276,0.96875
3793,3,0.140625,0.14607696275611637,0.011450467351894636,0.96875
3794,3,0.234375,0.15490676648050475,0.011536794919811922,0.96875
3795,3,0.15625,0.15504108983245427,0.011538106402586065,0.96875
3796,3,0.28125,0.16766198084920883,0.011661084241114304,0.96875
3797,3,0.21875,0.17277078276428795,0.011710720085650644,0.96875
3798,3,0.296875,0.18518120448785913,0.011830930926293866,0.96875
3799,3,0.203125,0.18697558403907322,0.011848267476172505,0.96875
3800,3,0.265625,0.19484052563516588,0.011924118330520943,0.96875
3801,3,0.1875,0.19410647307164927,0.011917048570861215,0.96875
3802,3,0.2562499761581421,0.20032082338029855,0.011976836257500208,0.96875
3803,3,0.203125,0.20060124104226867,0.011979530700783727,0.96875
3804,3,0.28125,0.2086661169380418,0.012056894019147075,0.96875
3805,3,0.1875,0.2065495052442376,0.012036614602381503,0.96875
3806,3,0.3187499761581421,0.21776955233562803,0.012143911537482205,0.96875
3807,3,0.1312499761581421,0.20911759471787944,0.012061217383359683,0.96875
3808,3,0.15625,0.2038308352460915,0.012010541179769059,0.96875
3809,3,0.2874999761581421,0.21219774933729654,0.012090691483866323,0.96875
3810,3,0.1624999761581421,0.2072279720193811,0.012043116956272226,0.96875
3811,3,0.3499999761581421,0.2215051724332572,0.012179522028703847,0.96875
3812,3,0.09375,0.20872965518993147,0.012057502511866425,0.96875
3813,3,0.078125,0.19566918967093833,0.01193209690631309,0.96875
3814,3,0.2249999761581421,0.1986022683196587,0.011960316701933201,0.96875
3815,3,0.2249999761581421,0.20124203910350702,0.011985686800266406,0.96875
3816,3,0.1875,0.19986783519315632,0.011972483008519953,0.96875
3817,3,0.2,0.19988105167384068,0.011972610030873757,0.96875
3818,3,0.2562499761581421,0.20551794412227084,0.012026724787749129,0.96875
3819,3,0.234375,0.20840364971004377,0.012054380256191169,0.96875
3820,3,0.1875,0.2063132847390394,0.012034350267955182,0.96875
3821,3,0.15625,0.20130695626513545,0.011986310367318039,0.96875
3822,3,0.325,0.2136762606386219,0.012104825961514847,0.96875
3823,3,0.0625,0.19855863457475972,0.011959897128652502,0.96875
3824,3,0.41875,0.22057777111728374,0.012170686777171476,0.96875
3825,3,0.35625,0.23414499400555536,0.01229957879424053,0.96875
3826,3,0.1875,0.2294804946049998,0.012255353299514424,0.96875
3827,3,0.2249999761581421,0.22903244276031404,0.012251100258456367,0.96875
3828,3,0.1875,0.22487919848428262,0.012211635782569832,0.96875
3829,3,0.265625,0.22895377863585434,0.012250353466659479,0.96875
3830,3,0.265625,0.2326209007722689,0.012285138762233005,0.96875
3831,3,0.375,0.246858810695042,0.01241963634123997,0.96875
3832,3,0.28125,0.2502979296255378,0.01245198700233381,0.96875
3833,3,0.296875,0.25495563666298404,0.012495713492689804,0.96875
3834,3,0.1875,0.24821007299668563,0.012432353683065275,0.96875
3835,3,0.125,0.23588906569701706,0.012316090596106385,0.96875
3836,3,0.109375,0.22323765912731536,0.012196017664426474,0.96875
3837,3,0.15625,0.21653889321458383,0.012132167508454732,0.96875
3838,3,0.140625,0.20894750389312547,0.012059588683105254,0.96875
3839,3,0.1624999761581421,0.20430275111962715,0.012015069147138688,0.96875
3840,3,0.109375,0.19480997600766442,0.011923824142695617,0.96875
3841,3,0.21875,0.197203978406898,0.011946867465673463,0.96875
3842,3,0.506249976158142,0.2281085781820224,0.01224232795475792,0.96875
3843,3,0.3125,0.23654772036382016,0.01232232287061823,0.96875
3844,3,0.1875,0.23164294832743815,0.012275867841908263,0.96875
3845,3,0.506249976158142,0.25910365111050854,0.012534569563110925,0.96875
3846,3,0.43750001192092897,0.2769432871915506,0.012700736699909674,0.96875
3847,3,0.2562499761581421,0.27487395608820975,0.012681542054631125,0.96875
3848,3,0.109375,0.2583240604793888,0.012527273028899801,0.96875
3849,3,0.203125,0.2528041544314499,0.012475527932092731,0.96875
3850,3,0.046875,0.2322112389883049,0.012281255700718008,0.96875
3851,3,0.140625,0.2230526150894744,0.012194256389865515,0.96875
3852,3,0.078125,0.20855985358052698,0.012055876321371188,0.96875
3853,3,0.125,0.20020386822247427,0.011975712384633814,0.96875
3854,3,0.109375,0.19112098140022685,0.011888274461903965,0.96875
3855,3,0.25,0.19700888326020416,0.011944990389709913,0.96875
3856,3,0.25,0.20230799493418375,0.011995923886583658,0.96875
3857,3,0.375,0.21957719544076537,0.012161150411711211,0.96875
3858,3,0.28125,0.22574447589668883,0.012219863744091314,0.96875
3859,3,0.171875,0.22035752830701996,0.012168588024559165,0.96875
3860,3,0.15625,0.21394677547631796,0.012107411116652454,0.96875
3861,3,0.21875001192092897,0.21442709912077906,0.012112000567727921,0.96875
3862,3,0.2562499761581421,0.2186093868245154,0.012151922420217157,0.96875
3863,3,0.537499976158142,0.25049844575787805,0.01245387151586105,0.96875
3864,3,0.25,0.2504486011820902,0.012453403078212617,0.96875
3865,3,0.265625,0.2519662410638812,0.012467660661667141,0.96875
3866,3,0.3499999761581421,0.2617696145733073,0.012559499666873721,0.96875
3867,3,0.203125,0.25590515311597656,0.01250461513063152,0.96875
3868,3,0.1875,0.2490646378043789,0.01244039206834876,0.96875
3869,3,0.203125,0.24447067402394101,0.012397140186120925,0.96875
3870,3,0.171875,0.2372111066215469,0.0123285979891491,0.96875
3871,3,0.171875,0.23067749595939221,0.012266711372415043,0.96875
3872,3,0.575,0.26510974636345297,0.012590686074122224,0.96875
3873,3,0.109375,0.24953627172710766,0.01244482701458056,0.96875
3874,3,0.125,0.23708264455439687,0.012327382989007048,0.96875
3875,3,0.2249999761581421,0.23587437771477138,0.012315951594849621,0.96875
3876,3,0.15625,0.22791193994329426,0.01224046036043527,0.96875
3877,3,0.1937499761581421,0.22449574356477905,0.012207988484803712,0.96875
3878,3,0.171875,0.21923366920830115,0.012157875352740552,0.96875
3879,3,0.2,0.21731030228747103,0.012139529693578765,0.96875
3880,3,0.109375,0.20651677205872393,0.012036300845502362,0.96875
3881,3,0.3499999761581421,0.22086509246866576,0.012173424437462213,0.96875
3882,3,0.03125,0.2019035832217992,0.011992040562204952,0.96875
3883,3,0.046875,0.18640072489961929,0.011842714672616772,0.96875
3884,3,0.015625,0.16932315240965737,0.011677233135226903,0.96875
3885,3,0.109375,0.16332833716869163,0.011618913450797283,0.96875
3886,3,0.078125,0.15480800345182247,0.011535830600137895,0.96875
3887,3,0.1312499761581421,0.15245220072245444,0.011512819970911848,0.96875
3888,3,0.09375,0.146581980650209,0.011455410919823647,0.96875
3889,3,0.203125,0.15223628258518812,0.011510710136204026,0.96875
3890,3,0.171875,0.1542001543266693,0.011529894933461743,0.96875
3891,3,0.15625,0.15440513889400237,0.011531896738082206,0.96875
3892,3,0.125,0.15146462500460212,0.011503168793936758,0.96875
3893,3,0.140625,0.15038066250414192,0.011492572369630805,0.96875
3894,3,0.109375,0.14628009625372773,0.011452455891899941,0.96875
3895,3,0.09375,0.14102708662835495,0.011400995195362655,0.96875
3896,3,0.171875,0.14411187796551944,0.011431224469427832,0.96875
3897,3,0.1875,0.1484506901689675,0.011473697186371692,0.96875
3898,3,0.171875,0.15079312115207075,0.01149660482123968,0.96875
3899,3,0.203125,0.15602630903686365,0.011547724053754092,0.96875
3900,3,0.171875,0.1576111781331773,0.011563189290811245,0.96875
3901,3,0.203125,0.16216256031985954,0.011607559080763148,0.96875
3902,3,0.140625,0.1600088042878736,0.011586570869751995,0.96875
3903,3,0.109375,0.15494542385908622,0.011537172361492811,0.96875
3904,3,0.078125,0.1472633814731776,0.011462079929893761,0.96875
3905,3,0.109375,0.14347454332585985,0.011424981106225885,0.96875
3906,3,0.109375,0.14006458899327387,0.011391557867181566,0.96875
3907,3,0.1375,0.1398081300939465,0.01138904285004337,0.96875
3908,3,0.1375,0.13957731708455184,0.011386779181400521,0.96875
3909,3,0.125,0.13811958537609664,0.011372479328276038,0.96875
3910,3,0.1875,0.14305762683848697,0.011420896356773883,0.96875
3911,3,0.171875,0.14593936415463826,0.01144912028776133,0.96875
3912,3,0.3875,0.1700954277391744,0.01168473766535737,0.96875
3913,3,0.1875,0.17183588496525695,0.011701643262355007,0.96875
3914,3,0.1937499761581421,0.17402729408454548,0.011722914845143675,0.96875
3915,3,0.09375,0.16599956467609092,0.011644914323109124,0.96875
3916,3,0.109375,0.16033710820848182,0.01158977110125346,0.96875
3917,3,0.2,0.16430339738763364,0.011628406999728311,0.96875
3918,3,0.0625,0.15412305764887027,0.011529142002887145,0.96875
3919,3,0.140625,0.15277325188398325,0.01151595685351545,0.96875
3920,3,0.171875,0.1546834266955849,0.011534614194170161,0.96875
3921,3,0.296875,0.16890258402602643,0.01167314547384575,0.96875
3922,3,0.1875,0.17076232562342378,0.01169121662693609,0.96875
3923,3,0.265625,0.1802485930610814,0.011783215669368654,0.96875
3924,3,0.1937499761581421,0.18159873137078747,0.011796284573244196,0.96875
3925,3,0.140625,0.17750135823370874,0.01175660393288607,0.96875
3926,3,0.171875,0.17693872241033787,0.011751150646401951,0.96875
3927,3,0.046875,0.1639323501693041,0.01162479470038799,0.96875
3928,3,0.29375,0.17691411515237368,0.011750912118680517,0.96875
3929,3,0.203125,0.17953520363713632,0.01177630774524075,0.96875
3930,3,0.2249999761581421,0.1840816808892369,0.011820302149038545,0.96875
3931,3,0.23125,0.18879851280031323,0.011865868084829596,0.96875
3932,3,0.28125001192092897,0.1980436627123748,0.011954944721448669,0.96875
3933,3,0.3499999761581421,0.21323929405695155,0.012100649500808197,0.96875
3934,3,0.506249976158142,0.2425403622670706,0.012378937879929372,0.96875
3935,3,0.756249976158142,0.2939113236561777,0.012857308081646658,0.96875
3936,3,0.1875,0.28327019129055997,0.012759290077297767,0.96875
3937,3,0.140625,0.26900567216150395,0.012626993691963741,0.96875
3938,3,0.1624999761581421,0.2583551025611678,0.012527563620521877,0.96875
3939,3,0.03125,0.235644592305051,0.012313776873490976,0.96875
3940,3,0.046875,0.2167676330745459,0.012134350812230545,0.96875
3941,3,0.046875,0.19977836976709135,0.011971623147304574,0.96875
3942,3,0.09375,0.1891755327903822,0.011869506770446086,0.96875
3943,3,0.28125,0.19838297951134398,0.011958207992450481,0.96875
3944,3,0.296875,0.20823218156020956,0.012052737884614084,0.96875
3945,3,0.28125,0.2155339634041886,0.012122573012776802,0.96875
3946,3,0.21875,0.21585556706376974,0.012125643947018823,0.96875
3947,3,0.140625,0.20833251035739278,0.012053698876916602,0.96875
3948,3,0.203125,0.20781175932165352,0.012048710469591797,0.96875
3949,3,0.41875,0.22890558338948816,0.012249895915743754,0.96875
3950,3,0.45,0.25101502505053935,0.01245872563557063,0.96875
3951,3,0.15625,0.2415385225454854,0.01236948420847481,0.96875
3952,3,0.16875,0.2342596702909369,0.012300664886910603,0.96875
3953,3,0.2625,0.2370837032618432,0.012327393002607757,0.96875
3954,3,0.203125,0.23368783293565887,0.012295248478243688,0.96875
3955,3,0.2874999761581421,0.2390690472579072,0.012346162332374637,0.96875
3956,3,0.1875,0.23391214253211648,0.012297373294767782,0.96875
3957,3,0.3187499761581421,0.24239592589471903,0.012377575210925798,0.96875
3958,3,0.2562499761581421,0.24378133092106136,0.01239064179821643,0.96875
3959,3,0.171875,0.23659069782895523,0.012322729462675586,0.96875
3960,3,0.078125,0.2207441280460597,0.012172271903797698,0.96875
3961,3,0.109375,0.20960721524145373,0.012065905094117375,0.96875
3962,3,0.15625,0.20427149371730835,0.012014769263306434,0.96875
3963,3,0.109375,0.19478184434557752,0.011923553236416242,0.96875
3964,3,0.09375,0.18467865991101975,0.011826073502414347,0.96875
3965,3,0.21875,0.18808579391991778,0.011858988112756527,0.96875
3966,3,0.234375,0.19271471452792602,0.0119036388980233,0.96875
3967,3,0.1875,0.1921932430751334,0.011898612657965385,0.96875
3968,3,0.09375,0.18234891876762008,0.011803543409350031,0.96875
3969,3,0.171875,0.18130152689085807,0.011793408272109117,0.96875
3970,3,0.0625,0.16942137420177228,0.01167818770653901,0.96875
3971,3,0.109375,0.16341673678159505,0.011619774266120358,0.96875
3972,3,0.078125,0.15488756310343554,0.011536607420823648,0.96875
3973,3,0.10625,0.150023806793092,0.011489083126145858,0.96875
3974,3,0.0625,0.1412714261137828,0.011403390549522184,0.96875
3975,3,0.09375,0.13651928350240453,0.011356774322312708,0.96875
3976,3,0.09375,0.13224235515216407,0.011314768232139043,0.96875
3977,3,0.109375,0.12995561963694766,0.011292289446507087,0.96875
3978,3,0.171875,0.13414755767325287,0.011333486209775034,0.96875
3979,3,0.171875,0.13792030190592758,0.01137052397913644,0.96875
3980,3,0.203125,0.14444077171533481,0.011434445884460902,0.96875
3981,3,0.125,0.14249669454380132,0.011415399845543793,0.96875
3982,3,0.09375,0.13762202508942117,0.011367597117816961,0.96875
3983,3,0.171875,0.14104732258047906,0.011401193582433968,0.96875
3984,3,0.25,0.15194259032243115,0.011507840114093938,0.96875
3985,3,0.234375,0.16018583129018804,0.011588296529926054,0.96875
3986,3,0.234375,0.16760474816116924,0.01166052770059176,0.96875
3987,3,0.21875,0.17271927334505233,0.011710220061609744,0.96875
3988,3,0.078125,0.1632598460105471,0.011618246482537323,0.96875
3989,3,0.171875,0.1641213614094924,0.011626634858085768,0.96875
3990,3,0.203125,0.16802172526854314,0.01166458221541879,0.96875
3991,3,0.109375,0.16215705274168882,0.011607505428227735,0.96875
3992,3,0.15625,0.16156634746751994,0.011601750472283148,0.96875
3993,3,0.109375,0.15634721272076793,0.011550856064063128,0.96875
3994,3,0.09375,0.15008749144869113,0.011489705845560366,0.96875
3995,3,0.015625,0.13664124230382202,0.011357971439890107,0.96875
3996,3,0.109375,0.13391461807343982,0.011331198163727818,0.96875
3997,3,0.23125,0.14364815626609584,0.011426681940190522,0.96875
3998,3,0.2562499761581421,0.15490833825530048,0.011536810266344049,0.96875
3999,4,0.0,0.13941750442977044,0.011385211754602524,0.859375
4000,4,0.171875,0.1426632539867934,0.01141703203368209,0.859375
4001,4,0.03125,0.13152192858811404,0.011307687831125006,0.859375
4002,4,0.015625,0.11993223572930263,0.011193605002368353,0.859375
4003,4,0.015625,0.10950151215637237,0.011090659388914032,0.859375
4004,4,0.0,0.09855136094073513,0.010982335398173834,0.859375
4005,4,0.0,0.08869622484666162,0.010884643627775852,0.875
4006,4,0.0,0.07982660236199546,0.010796574741169825,0.90625
4007,4,0.0,0.07184394212579591,0.010717205880507223,0.90625
4008,4,0.0625,0.07090954791321633,0.010707909381848289,0.90625
4009,4,0.015625,0.06538109312189469,0.010652880908971978,0.90625
4010,4,0.078125,0.06665548380970522,0.010665569431917064,0.90625
4011,4,0.125,0.07248993542873469,0.01072363228602108,0.90625
4012,4,0.046875,0.06992844188586123,0.010698146813388274,0.90625
4013,4,0.078125,0.07074809769727511,0.010706302952189193,0.90625
4014,4,0.015625,0.0652357879275476,0.010651434036997144,0.90625
4015,4,0.09375,0.06808720913479284,0.010679821894343876,0.90625
4016,4,0.046875,0.06596598822131355,0.01065870470555334,0.90625
4017,4,0.015625,0.060931889399182204,0.010608565940400268,0.90625
4018,4,0.046875,0.05952620045926398,0.010594559922117037,0.90625
4019,4,0.0625,0.05982358041333758,0.010597523156751396,0.90625
4020,4,0.0625,0.06009122237200382,0.010600189977900132,0.90625
4021,4,0.03125,0.05720710013480344,0.010571447754043459,0.90625
4022,4,0.0625,0.057736390121323096,0.01057672320975504,0.90625
4023,4,0.1875,0.07071275110919079,0.010705951248743992,0.90625
4024,4,0.203125,0.0839539759982717,0.010837572870737902,0.90625
4025,4,0.203125,0.09587107839844453,0.010955784288257267,0.90625
4026,4,0.109375,0.09722147055860007,0.010969163113431905,0.90625
4027,4,0.125,0.09999932350274006,0.010996673248477777,0.90625
4028,4,0.078125,0.09781189115246605,0.010975011527179938,0.90625
4029,4,0.109375,0.09896820203721945,0.010986463415416177,0.90625
4030,4,0.046875,0.09375888183349751,0.010934851081875583,0.90625
4031,4,0.0625,0.09063299365014776,0.010903856429530177,0.90625
4032,4,0.078125,0.08938219428513298,0.010891449224522736,0.90625
4033,4,0.0,0.0804439748566197,0.010802708989446318,0.90625
4034,4,0.125,0.08489957737095773,0.01084696180143995,0.90625
4035,4,0.0,0.07640961963386196,0.01076261262023285,0.921875
4036,4,0.09375,0.07814365767047576,0.010779849856032536,0.921875
4037,4,0.140625,0.08439179190342819,0.010841920156070193,0.921875
4038,4,0.15625,0.09157761271308537,0.01091322464625159,0.921875
4039,4,0.21875,0.10429485144177683,0.011039183367299372,0.921875
4040,4,0.203125,0.11417786629759914,0.011136842768673313,0.921875
4041,4,0.171875,0.11994757966783923,0.01119375625543666,0.921875
4042,4,0.140625,0.1220153217010553,0.011214133952331907,0.921875
4043,4,0.109375,0.12075128953094977,0.011201678059322212,0.921875
4044,4,0.078125,0.1164886605778548,0.011159646030742876,0.921875
4045,4,0.0625,0.11108979452006931,0.011106350549008898,0.921875
4046,4,0.125,0.11248081506806239,0.011120088368917772,0.921875
4047,4,0.046875,0.10592023356125614,0.011055258933710189,0.921875
4048,4,0.078125,0.10314071020513053,0.011027765226502744,0.921875
4049,4,0.125,0.10532663918461747,0.011049388723898927,0.921875
4050,4,0.015625,0.09635647526615572,0.01096059369128209,0.921875
4051,4,0.0,0.08672082773954015,0.010865040850034273,0.921875
4052,4,0.078125,0.08586124496558614,0.010856508712175346,0.921875
4053,4,0.046875,0.08196262046902753,0.010817795742178272,0.921875
4054,4,0.0,0.07376635842212477,0.010736328497276446,0.953125
4055,4,0.03125,0.0695147225799123,0.010694029666695538,0.953125
4056,4,0.109375,0.07350075032192108,0.010733686765401746,0.953125
4057,4,0.140625,0.08021317528972896,0.01080041582271283,0.953125
4058,4,0.171875,0.08937935776075606,0.010891421084685257,0.953125
4059,4,0.15625,0.09606642198468046,0.010957719842859252,0.953125
4060,4,0.109375,0.09739727978621242,0.010970904662657351,0.953125
4061,4,0.171875,0.10484505180759117,0.01104462564298986,0.953125
4062,4,0.078125,0.10217304662683205,0.011018189855843647,0.953125
4063,4,0.296875,0.12164324196414884,0.011210467838578477,0.953125
4064,4,0.265625,0.13604141776773396,0.011352083328451288,0.953125
4065,4,0.421875,0.16462477599096054,0.01163153540166865,0.953125
4066,4,0.3125,0.17941229839186448,0.011775117446721285,0.953125
4067,4,0.171875,0.17865856855267803,0.011767816676333028,0.953125
4068,4,0.0625,0.16704271169741025,0.011655061799660155,0.953125
4069,4,0.0,0.15033844052766923,0.011492159553359655,0.96875
4070,4,0.03125,0.1384295964749023,0.01137552091297676,0.96875
4071,4,0.234375,0.14802413682741206,0.011469524029026719,0.96875
4072,4,0.25,0.15822172314467084,0.011569144981393418,0.96875
4073,4,0.203125,0.16271205083020374,0.011612911510650943,0.96875
4074,4,0.1875,0.16519084574718335,0.011637044907256859,0.96875
4075,4,0.203125,0.168984261172465,0.011673939369629936,0.96875
4076,4,0.328125,0.18489833505521852,0.011828196916989914,0.96875
4077,4,0.375,0.20390850154969664,0.012011286436304107,0.96875
4078,4,0.296875,0.21320515139472695,0.012100323138074616,0.96875
4079,4,0.1875,0.21063463625525425,0.012075738713980684,0.96875
4080,4,0.171875,0.20675867262972883,0.012038619432374706,0.96875
4081,4,0.140625,0.20014530536675595,0.01197514960922177,0.96875
4082,4,0.21875,0.20200577483008036,0.011993021906371517,0.96875
4083,4,0.1875,0.20055519734707233,0.011979088302214242,0.96875
4084,4,0.1875,0.1992496776123651,0.011966541214886318,0.96875
4085,4,0.203125,0.1996372098511286,0.011970266383456869,0.96875
4086,4,0.21875,0.20154848886601576,0.011988630287011777,0.96875
4087,4,0.171875,0.19858113997941418,0.011960113536975736,0.96875
4088,4,0.25,0.20372302598147277,0.012009506644181331,0.96875
4089,4,0.265625,0.2099132233833255,0.012068834387090537,0.96875
4090,4,0.203125,0.20923440104499297,0.012062335793162642,0.96875
4091,4,0.171875,0.20549846094049368,0.012026537958131432,0.96875
4092,4,0.109375,0.1958861148464443,0.011934185092380733,0.96875
4093,4,0.171875,0.19348500336179988,0.011911061556041219,0.96875
4094,4,0.1875,0.19288650302561988,0.011905294475421662,0.96875
4095,4,0.15625,0.1892228527230579,0.011869963427153287,0.96875
4096,4,0.15625,0.18592556745075212,0.011838124040865348,0.96875
4097,4,0.171875,0.1845205107056769,0.011824544701778392,0.96875
4098,4,0.109375,0.1770059596351092,0.011751802392487676,0.96875
4099,4,0.21875,0.1811803636715983,0.01179223558432684,0.96875
4100,4,0.15625,0.17868732730443845,0.011768095274818646,0.96875
4101,4,0.09375,0.1701935945739946,0.011685691454833003,0.96875
4102,4,0.09375,0.16254923511659514,0.0116113256681234,0.96875
4103,4,0.09375,0.15566931160493563,0.011544239403985053,0.96875
4104,4,0.09375,0.14947738044444206,0.011483739591261907,0.96875
4105,4,0.125,0.14702964239999783,0.011459792426910238,0.96875
4106,4,0.140625,0.14638917815999805,0.011453523681815044,0.96875
4107,4,0.09375,0.14112526034399825,0.011401957649863752,0.96875
4108,4,0.109375,0.1379502343095984,0.011370817679657141,0.96875
4109,4,0.1875,0.14290521087863856,0.01141940293681058,0.96875
4110,4,0.15625,0.1442396897907747,0.011432476383753836,0.96875
4111,4,0.15625,0.14544072081169723,0.011444238214550057,0.96875
4112,4,0.09375,0.1402716487305275,0.011393588310283805,0.96875
4113,4,0.140625,0.14030698385747475,0.011393934797453,0.96875
4114,4,0.09375,0.13565128547172728,0.011348253124874785,0.96875
4115,4,0.109375,0.13302365692455456,0.011322445402642529,0.96875
4116,4,0.109375,0.13065879123209911,0.011299203102573189,0.96875
4117,4,0.125,0.1300929121088892,0.011293639419258834,0.96875
4118,4,0.078125,0.12489612089800028,0.011242507277008753,0.96875
4119,4,0.09375,0.12178150880820025,0.011211830224902568,0.96875
4120,4,0.15625,0.1252283579273802,0.011245778220594345,0.96875
4121,4,0.0625,0.1189555221346422,0.011183975898605463,0.96875
4122,4,0.109375,0.11799746992117797,0.01117452860740151,0.96875
4123,4,0.125,0.11869772292906018,0.011181433967284096,0.96875
4124,4,0.125,0.11932795063615416,0.011187647814551577,0.96875
4125,4,0.1875,0.12614515557253875,0.011254802880150398,0.96875
4126,4,0.1875,0.13228064001528486,0.011315144460895496,0.96875
4127,4,0.140625,0.13311507601375638,0.011323343594737512,0.96875
4128,4,0.296875,0.14949106841238075,0.011483873457286303,0.96875
4129,4,0.15625,0.15016696157114268,0.011490482901387527,0.96875
4130,4,0.125,0.14765026541402843,0.011465865851642616,0.96875
4131,4,0.09375,0.1422602388726256,0.011413082581827046,0.96875
4132,4,0.109375,0.13897171498536304,0.011380839129028826,0.96875
4133,4,0.125,0.13757454348682674,0.01136713117935377,0.96875
4134,4,0.171875,0.14100458913814407,0.011400774635544744,0.96875
4135,4,0.15625,0.14252913022432967,0.011415717702865836,0.96875
4136,4,0.109375,0.1392137172018967,0.011383212928856695,0.96875
4137,4,0.125,0.13779234548170705,0.011369268427398325,0.96875
4138,4,0.0625,0.13026311093353635,0.011295312887819937,0.96875
4139,4,0.171875,0.13442429984018273,0.011336204321177908,0.96875
4140,4,0.140625,0.13504436985616444,0.011342293806114755,0.96875
4141,4,0.109375,0.132477432870548,0.011317078301983504,0.96875
4142,4,0.09375,0.1286046895834932,0.011279003441535804,0.96875
4143,4,0.109375,0.12668172062514388,0.011260083690829852,0.96875
4144,4,0.109375,0.1249510485626295,0.011243048070097173,0.96875
4145,4,0.078125,0.12026844370636655,0.01119691904970972,0.96875
4146,4,0.046875,0.1129290993357299,0.011124514747388998,0.96875
4147,4,0.09375,0.1110111894021569,0.01110557411243623,0.96875
4148,4,0.15625,0.11553507046194121,0.011150237328784262,0.96875
4149,4,0.078125,0.11179406341574709,0.0111133064915053,0.96875
4150,4,0.203125,0.12092715707417238,0.011203411302303247,0.96875
4151,4,0.140625,0.12289694136675514,0.011222819255631285,0.96875
4152,4,0.140625,0.12466974723007962,0.011240278425794212,0.96875
4153,4,0.203125,0.13251527250707165,0.011317450132471653,0.96875
4154,4,0.234375,0.1427012452563645,0.011417404315803318,0.96875
4155,4,0.34375,0.16280612073072803,0.011613827723622317,0.96875
4156,4,0.171875,0.16371300865765523,0.011622659114430542,0.96875
4157,4,0.078125,0.1551542077918897,0.01153921080183829,0.96875
4158,4,0.078125,0.14745128701270074,0.011463918766599895,0.96875
4159,4,0.03125,0.13583115831143067,0.01135001911338329,0.96875
4160,4,0.078125,0.1300605424802876,0.011293321138707027,0.96875
4161,4,0.171875,0.13424198823225883,0.011334413712178245,0.96875
4162,4,0.28125,0.14894278940903294,0.011478510955990737,0.96875
4163,4,0.453125,0.17936101046812963,0.011774620724002025,0.96875
4164,4,0.296875,0.1911124094213167,0.0118881917983891,0.96875
4165,4,0.328125,0.20481366847918503,0.012019970357530383,0.96875
4166,4,0.328125,0.21714480163126654,0.012137950390479393,0.96875
4167,4,0.171875,0.21261782146813987,0.012094708239025176,0.96875
4168,4,0.25,0.21635603932132588,0.012130422029398171,0.96875
4169,4,0.15625,0.21034543538919329,0.012072971146981595,0.96875
4170,4,0.203125,0.20962339185027395,0.012066059955569848,0.96875
4171,4,0.125,0.2011610526652466,0.011984908855939518,0.96875
4172,4,0.21875,0.20291994739872193,0.012001798908666782,0.96875
4173,4,0.046875,0.18731545265884975,0.011851549853785535,0.96875
4174,4,0.0625,0.17483390739296478,0.011730740451022782,0.96875
4175,4,0.203125,0.1776630166536683,0.011758170590334065,0.96875
4176,4,0.140625,0.17395921498830147,0.011722254255274945,0.96875
4177,4,0.171875,0.1737507934894713,0.011720231788863982,0.96875
4178,4,0.171875,0.17356321414052417,0.011718411445089323,0.96875
4179,4,0.203125,0.17651939272647177,0.011747085639950557,0.96875
4180,4,0.140625,0.17292995345382461,0.011712265168152472,0.96875
4181,4,0.140625,0.16969945810844217,0.011680890102262108,0.96875
4182,4,0.046875,0.15741701229759797,0.011561295020586409,0.96875
4183,4,0.109375,0.15261281106783817,0.011514389278548656,0.96875
4184,4,0.078125,0.14516402996105435,0.0114415289106892,0.96875
4185,4,0.09375,0.1400226269649489,0.011391146370162608,0.96875
4186,4,0.140625,0.14008286426845404,0.01139173708059245,0.96875
4187,4,0.25,0.15107457784160863,0.01149935623076408,0.96875
4188,4,0.109375,0.14690462005744775,0.011458568823344837,0.96875
4189,4,0.125,0.14471415805170296,0.01143712338982809,0.96875
4190,4,0.1875,0.14899274224653267,0.011478999561093155,0.96875
4191,4,0.078125,0.1419059680218794,0.011409610440532503,0.96875
4192,4,0.171875,0.14490287121969148,0.011438971495987979,0.96875
4193,4,0.203125,0.15072508409772234,0.011495939683040746,0.96875
4194,4,0.234375,0.1590900756879501,0.01157761354364572,0.96875
4195,4,0.15625,0.1588060681191551,0.01157484402957837,0.96875
4196,4,0.234375,0.1663629613072396,0.011648449752138646,0.96875
4197,4,0.21875,0.17160166517651565,0.011699368794301265,0.96875
4198,4,0.078125,0.16225399865886408,0.0116084498211395,0.96875
4199,4,0.03125,0.14915359879297768,0.011480572902713579,0.96875
4200,4,0.15625,0.14986323891367992,0.011487513013640713,0.96875
4201,4,0.15625,0.15050191502231194,0.011493757861052022,0.96875
4202,4,0.234375,0.15888922352008075,0.011575654949314852,0.96875
4203,4,0.21875,0.1648753011680727,0.01163397386622731,0.96875
4204,4,0.234375,0.17182527105126544,0.011701540196383047,0.96875
4205,4,0.25,0.17964274394613888,0.011777349196569933,0.96875
4206,4,0.171875,0.178865969551525,0.011769825796170653,0.96875
4207,4,0.125,0.17347937259637253,0.01171759777581412,0.96875
4208,4,0.109375,0.16706893533673528,0.011655316851689577,0.96875
4209,4,0.15625,0.16598704180306176,0.011644792482495628,0.96875
4210,4,0.140625,0.16345083762275558,0.011620106325766813,0.96875
4211,4,0.140625,0.16116825386048003,0.011597871424149437,0.96875
4212,4,0.1875,0.16380142847443202,0.011623520019106619,0.96875
4213,4,0.265625,0.17398378562698882,0.011722492672608987,0.96875
4214,4,0.21875,0.17846040706428995,0.011765896923171613,0.96875
4215,4,0.265625,0.18717686635786096,0.011850211467107836,0.96875
4216,4,0.140625,0.18252167972207486,0.011805214771656572,0.96875
4217,4,0.1875,0.18301951174986736,0.011810030425237171,0.96875
4218,4,0.15625,0.18034256057488063,0.011784125448923098,0.96875
4219,4,0.21875,0.18418330451739257,0.011821284694152724,0.96875
4220,4,0.234375,0.18920247406565333,0.01186976676576381,0.96875
4221,4,0.234375,0.193719726659088,0.011913322962916275,0.96875
4222,4,0.296875,0.20403525399317918,0.012012502654901327,0.96875
4223,4,0.21875,0.20550672859386127,0.01202661723912601,0.96875
4224,4,0.234375,0.20839355573447516,0.012054283576375422,0.96875
4225,4,0.25,0.21255420016102763,0.012094099933621823,0.96875
4226,4,0.3125,0.22254878014492488,0.012189460095064235,0.96875
4227,4,0.265625,0.22685640213043237,0.012230432458912874,0.96875
4228,4,0.25,0.22917076191738914,0.012252413316559935,0.96875
4229,4,0.21875,0.22812868572565023,0.012242518919190535,0.96875
4230,4,0.140625,0.21937831715308523,0.012159254434887532,0.96875
4231,4,0.125,0.2099404854377767,0.012069095337797469,0.96875
4232,4,0.171875,0.20613393689399903,0.012032630951351469,0.96875
4233,4,0.140625,0.19958304320459913,0.01196974573865492,0.96875
4234,4,0.15625,0.1952497388841392,0.011928058652327846,0.96875
4235,4,0.1875,0.19447476499572527,0.011920595889436511,0.96875
4236,4,0.265625,0.20158978849615275,0.0119890269474952,0.96875
4237,4,0.4749999761581421,0.22893080726235168,0.012250135384709095,0.96875
4238,4,0.296875,0.2357252265361165,0.012314540033514744,0.96875
4239,4,0.328125,0.24496520388250484,0.012401800761078751,0.96875
4240,4,0.34375,0.25484368349425435,0.012494663662666446,0.96875
4241,4,0.234375,0.2527968151448289,0.012475459036791266,0.96875
4242,4,0.15625,0.243142133630346,0.012384614217063883,0.96875
4243,4,0.234375,0.2422654202673114,0.012376343889507193,0.96875
4244,4,0.140625,0.23210137824058028,0.01228021424007845,0.96875
4245,4,0.1875,0.22764124041652223,0.012237889091314813,0.96875
4246,4,0.140625,0.21893961637487003,0.012155071570105825,0.96875
4247,4,0.109375,0.20798315473738302,0.012050352427743438,0.96875
4248,4,0.0625,0.19343483926364471,0.011910578231139161,0.96875
4249,4,0.125,0.18659135533728022,0.011844556181861823,0.96875
4250,4,0.078125,0.1757447198035522,0.01173957434968499,0.96875
4251,4,0.15625,0.17379524782319697,0.011720663173987162,0.96875
4252,4,0.125,0.16891572304087726,0.01167327318555695,0.96875
4253,4,0.21875,0.17389915073678955,0.011721671422747706,0.96875
4254,4,0.078125,0.1643217356631106,0.011628585519172294,0.96875
4255,4,0.140625,0.16195206209679955,0.011605508427094376,0.96875
4256,4,0.15625,0.1613818558871196,0.011599952836621984,0.96875
4257,4,0.015625,0.14680617029840762,0.01145760525634943,0.96875
4258,4,0.09375,0.14150055326856686,0.01140563662209867,0.96875
4259,4,0.15625,0.1429754979417102,0.01142009163980166,0.96875
4260,4,0.046875,0.13336544814753917,0.011325803388397766,0.96875
4261,4,0.0625,0.12627890333278527,0.011256119276662637,0.96875
4262,4,0.125,0.12615101299950676,0.011254860532108099,0.96875
4263,4,0.125,0.12603591169955608,0.0112537276274638,0.96875
4264,4,0.140625,0.12749482052960048,0.011268084763452374,0.96875
4265,4,0.203125,0.13505783847664043,0.011342426065368118,0.96875
4266,4,0.109375,0.13248955462897638,0.01131719741662193,0.96875
4267,4,0.109375,0.13017809916607875,0.011294477024519056,0.96875
4268,4,0.046875,0.12184778924947087,0.011212483290570681,0.96875
4269,4,0.109375,0.12060051032452379,0.011200192013315964,0.96875
4270,4,0.125,0.12104045929207141,0.011204527900839556,0.96875
4271,4,0.109375,0.11987391336286428,0.011193030083848537,0.96875
4272,4,0.09375,0.11726152202657784,0.01116727002763651,0.96875
4273,4,0.109375,0.11647286982392006,0.011159490246425572,0.96875
4274,4,0.15625,0.12045058284152806,0.011198714308374236,0.96875
4275,4,0.140625,0.12246802455737524,0.011218594001557194,0.96875
4276,4,0.125,0.12272122210163772,0.01122108830087648,0.96875
4277,4,0.25,0.13544909989147394,0.011346267968006054,0.96875
4278,4,0.109375,0.13284168990232653,0.011320657512934132,0.96875
4279,4,0.109375,0.1304950209120939,0.011297593008391773,0.96875
4280,4,0.09375,0.1268205188208845,0.01126144961036,0.96875
4281,4,0.0625,0.12038846693879604,0.011198102070322433,0.96875
4282,4,0.109375,0.11928712024491644,0.011187245267844006,0.96875
4283,4,0.078125,0.1151709082204248,0.01114664373633858,0.96875
4284,4,0.078125,0.11146631739838232,0.011110069535861116,0.96875
4285,4,0.109375,0.11125718565854409,0.011108003940890024,0.96875
4286,4,0.15625,0.11575646709268968,0.011152421947632106,0.96875
4287,4,0.09375,0.1135558203834207,0.011130702270014971,0.96875
4288,4,0.0625,0.10845023834507864,0.011080270516463677,0.96875
4289,4,0.125,0.11010521451057077,0.011096624206304513,0.96875
4290,4,0.203125,0.1194071930595137,0.011188429054229216,0.96875
4291,4,0.078125,0.11527897375356233,0.01114771017008303,0.96875
4292,4,0.109375,0.1146885763782061,0.011141883571616442,0.96875
4293,4,0.125,0.11571971874038549,0.011152059343035352,0.96875
4294,4,0.15625,0.11977274686634694,0.011192032806087838,0.96875
4295,4,0.15625,0.12342047217971225,0.01122797595028831,0.96875
4296,4,0.109375,0.12201592496174103,0.011214139896010389,0.96875
4297,4,0.109375,0.12075183246556694,0.011201683410266637,0.96875
4298,4,0.125,0.12117664921901024,0.011205870018458164,0.96875
4299,4,0.125,0.12155898429710921,0.011209637599148605,0.96875
4300,4,0.109375,0.12034058586739829,0.011197630129983014,0.96875
4301,4,0.203125,0.12861902728065847,0.011279144472816915,0.96875
4302,4,0.15625,0.13138212455259263,0.011306313672810016,0.96875
4303,4,0.171875,0.13543141209733336,0.011346094295453147,0.96875
4304,4,0.140625,0.13595077088760002,0.011351193420167476,0.96875
4305,4,0.21875,0.14423069379884002,0.011432388269688223,0.96875
4306,4,0.15625,0.14543262441895602,0.011444158939294995,0.96875
4307,4,0.109375,0.1418268619770604,0.011408835089823812,0.96875
4308,4,0.09375,0.13701917577935435,0.011361680889891937,0.96875
4309,4,0.09375,0.13269225820141892,0.011319189229884589,0.96875
4310,4,0.0625,0.12567303238127703,0.011250155710500215,0.96875
4311,4,0.046875,0.11779322914314933,0.011172514326701053,0.96875
4312,4,0.109375,0.1169514062288344,0.011164211012900714,0.96875
4313,4,0.0625,0.11150626560595098,0.011110464093551563,0.96875
4314,4,0.140625,0.11441813904535587,0.011139214378198406,0.96875
4315,4,0.1875,0.1217263251408203,0.011211286488494048,0.96875
4316,4,0.21875,0.13142869262673826,0.011306771404132433,0.96875
4317,4,0.234375,0.14172332336406443,0.011407820239406754,0.96875
4318,4,0.21875001192092897,0.1494259922197509,0.011483237018214687,0.96875
4319,4,0.171875,0.1516708929977758,0.011505184804740545,0.96875
4320,4,0.203125,0.1568163036979982,0.011555433816842582,0.96875
4321,4,0.21875,0.1630096733281984,0.0116158101703954,0.96875
4322,4,0.25,0.17170870599537857,0.011700408271748747,0.96875
4323,4,0.203125,0.17485033539584072,0.011730899809651757,0.96875
4324,4,0.265625,0.18392780185625665,0.011818814304861279,0.96875
4325,4,0.234375,0.188972521670631,0.011867547538431006,0.96875
4326,4,0.296875,0.19976276950356792,0.011971473208495231,0.96875
4327,4,0.109375,0.19072399255321112,0.011884445836198923,0.96875
4328,4,0.15625,0.18727659329789,0.01185117457938539,0.96875
4329,4,0.1875,0.187298933968101,0.011851390329388605,0.96875
4330,4,0.109375,0.1795065405712909,0.011776030157137948,0.96875
4331,4,0.171875,0.1787433865141618,0.011768638336521633,0.96875
4332,4,0.125,0.1733690478627456,0.01171652705555709,0.96875
4333,4,0.15625,0.17165714307647104,0.011699907547011857,0.96875
4334,4,0.15625,0.17011642876882394,0.011684941714123534,0.96875
4335,4,0.15625,0.16872978589194154,0.011671465817342266,0.96875
4336,4,0.125,0.16435680730274738,0.011628926931599781,0.96875
4337,4,0.203125,0.16823362657247265,0.01166664244142475,0.96875
4338,4,0.140625,0.1654727639152254,0.011639788410546715,0.96875
4339,4,0.09375,0.15830048752370285,0.01156991322219604,0.96875
4340,4,0.140625,0.15653293877133256,0.01155266860235539,0.96875
4341,4,0.125,0.1533796448941993,0.01152188088161127,0.96875
4342,4,0.09375,0.14741668040477937,0.0114635801152025,0.96875
4343,4,0.15625,0.14830001236430143,0.01147222309955903,0.96875
4344,4,0.03125,0.13659501112787129,0.011357517650710436,0.96875
4345,4,0.09375,0.13231051001508415,0.011315437993410346,0.96875
4346,4,0.140625,0.13314195901357573,0.01132360771594221,0.96875
4347,4,0.109375,0.13076526311221814,0.011300249835196879,0.96875
4348,4,0.1875,0.13643873680099633,0.011355983673991125,0.96875
4349,4,0.15625,0.13841986312089669,0.011375425420915679,0.96875
4350,4,0.140625,0.13864037680880703,0.011377588775473969,0.96875
4351,4,0.078125,0.13258883912792632,0.011318173022899246,0.96875
4352,4,0.078125,0.12714245521513368,0.011264617617244661,0.96875
4353,4,0.0625,0.12067820969362031,0.011200957807573965,0.96875
4354,4,0.046875,0.11329788872425828,0.01112815585545858,0.96875
4355,4,0.125,0.11446809985183246,0.011139707499495683,0.96875
4356,4,0.140625,0.1170837898666492,0.01116551688603488,0.96875
4357,4,0.21875,0.1272504108799843,0.011265679894493532,0.96875
4358,4,0.125,0.12702536979198586,0.011263465470935477,0.96875
4359,4,0.140625,0.12838533281278727,0.011276845696799107,0.96875
4360,4,0.171875,0.13273429953150856,0.011319602324608746,0.96875
4361,4,0.1875,0.1382108695783577,0.011373374963874453,0.96875
4362,4,0.15625,0.14001478262052194,0.011391069444741133,0.96875
4363,4,0.09375,0.13538830435846974,0.011345671026600987,0.96875
4364,4,0.125,0.13434947392262275,0.011335469414389381,0.96875
4365,4,0.171875,0.13810202653036047,0.011372307046962416,0.96875
4366,4,0.078125,0.1321043238773244,0.011313411755082211,0.96875
4367,4,0.09375,0.12826889148959197,0.0112757002503778,0.96875
4368,4,0.09375,0.12481700234063277,0.011241728298294333,0.96875
4369,4,0.09375,0.12171030210656948,0.011211128608768684,0.96875
4370,4,0.0,0.10953927189591253,0.011091032493108563,0.96875
4371,4,0.15625,0.11421034470632128,0.0111371633540299,0.96875
4372,4,0.109375,0.11372681023568916,0.011132390275044564,0.96875
4373,4,0.109375,0.11329162921212024,0.011128094056963975,0.96875
4374,4,0.1875,0.1207124662909082,0.011201295431329859,0.96875
4375,4,0.1875,0.12739121966181738,0.011267065400809588,0.96875
4376,4,0.109375,0.12558959769563563,0.011249334394996612,0.96875
4377,4,0.25,0.13803063792607206,0.011371606598150704,0.96875
4378,4,0.171875,0.14141507413346485,0.01140479870977182,0.96875
4379,4,0.171875,0.14446106672011835,0.011434644657958832,0.96875
4380,4,0.0625,0.13626496004810654,0.011354277818470624,0.96875
4381,4,0.15625,0.13826346404329587,0.011373890984644799,0.96875
4382,4,0.125,0.13693711763896627,0.011360875514504822,0.96875
4383,4,0.09375,0.13261840587506965,0.011318463551779083,0.96875
4384,4,0.125,0.13185656528756268,0.011310976829606124,0.96875
4385,4,0.109375,0.12960840875880641,0.011288875169299073,0.96875
4386,4,0.09375,0.1260225678829258,0.01125359628650286,0.96875
4387,4,0.140625,0.12748281109463322,0.011267966600086696,0.96875
4388,4,0.140625,0.1287970299851699,0.011280895334987068,0.96875
4389,4,0.171875,0.1331048269866529,0.011323242899178758,0.96875
4390,4,0.328125,0.1526068442879876,0.011514330979103777,0.96875
4391,4,0.328125,0.17015865985918885,0.011685352032579989,0.96875
4392,4,0.21875,0.17501779387326996,0.011732524176531157,0.96875
4393,4,0.234375,0.18095351448594296,0.011790039869654642,0.96875
4394,4,0.1875,0.18160816303734867,0.011796375846497545,0.96875
4395,4,0.21875,0.1853223467336138,0.011832294998263014,0.96875
4396,4,0.125,0.17929011206025242,0.011773934059169617,0.96875
4397,4,0.09375,0.17073610085422716,0.011690961878958689,0.96875
4398,4,0.109375,0.16459999076880444,0.011631294146069084,0.96875
4399,4,0.078125,0.155952491691924,0.011547003554648404,0.96875
4400,4,0.078125,0.1481697425227316,0.011470948611925293,0.96875
4401,4,0.03125,0.13647776827045843,0.011356366809973779,0.96875
4402,4,0.0625,0.1290799914434126,0.011283678423339452,0.96875
4403,4,0.046875,0.12085949229907134,0.011202744448327515,0.96875
4404,4,0.046875,0.1134610430691642,0.011129766604010476,0.96875
4405,4,0.078125,0.10992743876224778,0.011094867793636566,0.96875
4406,4,0.109375,0.10987219488602301,0.011094321973852975,0.96875
4407,4,0.125,0.1113849753974207,0.011109266132002565,0.96875
4408,4,0.15625,0.11587147785767864,0.01115355676592836,0.96875
4409,4,0.109375,0.11522183007191078,0.011147146256755254,0.96875
4410,4,0.078125,0.11151214706471971,0.01111052218284069,0.96875
4411,4,0.171875,0.11754843235824773,0.011170099944014212,0.96875
4412,4,0.140625,0.11985608912242295,0.01119285437803169,0.96875
4413,4,0.109375,0.11880798021018066,0.011182521136369894,0.96875
4414,4,0.140625,0.12098968218916259,0.011204027493936492,0.96875
4415,4,0.0625,0.11514071397024633,0.011146345762720668,0.96875
4416,4,0.078125,0.1114391425732217,0.011109801135429639,0.96875
4417,4,0.140625,0.11435772831589952,0.011138618106962232,0.96875
4418,4,0.171875,0.12010945548430957,0.011195351914574932,0.96875
4419,4,0.15625,0.12372350993587862,0.011230960520876994,0.96875
4420,4,0.203125,0.13166365894229076,0.011309080872275685,0.96875
4421,4,0.1875,0.13724729304806169,0.01136391969606757,0.96875
4422,4,0.15625,0.13914756374325551,0.011382564045329413,0.96875
4423,4,0.15625,0.14085780736892997,0.01139933558934721,0.96875
4424,4,0.125,0.13927202663203697,0.011383784862329532,0.96875
4425,4,0.3812499761581421,0.16346982158464748,0.011620291182012197,0.96875
4426,4,0.48125,0.19524783942618273,0.011928040363848017,0.96875
4427,4,0.15625,0.19134805548356446,0.011890464143719848,0.96875
4428,4,0.25000001192092897,0.1972132511273009,0.011946956678083778,0.96875
4429,4,0.25,0.2024919260145708,0.011997689859688371,0.96875
4430,4,0.3125,0.21349273341311373,0.012103071929448372,0.96875
4431,4,0.25,0.21714346007180235,0.012137937588085354,0.96875
4432,4,0.203125,0.2157416140646221,0.01212455587876876,0.96875
4433,4,0.171875,0.2113549526581599,0.012082630484272858,0.96875
4434,4,0.078125,0.19803195739234392,0.01195483214154033,0.96875
4435,4,0.15625,0.19385376165310952,0.011914614212139968,0.96875
4436,4,0.125,0.1869683854877986,0.011848197949659077,0.96875
4437,4,0.109375,0.17920904693901873,0.011773148906581377,0.96875
4438,4,0.03125,0.16441314224511686,0.011629475328060287,0.96875
4439,4,0.0625,0.1542218280206052,0.011530106596801004,0.96875
4440,4,0.078125,0.14661214521854468,0.011455706174688645,0.96875
4441,4,0.140625,0.14601343069669023,0.01144984539179729,0.96875
4442,4,0.140625,0.14547458762702123,0.011444569817059555,0.96875
4443,4,0.171875,0.14811462886431911,0.011470409395856482,0.96875
4444,4,0.234375,0.15674066597788722,0.011554695730555394,0.96875
4445,4,0.125,0.15356659938009848,0.01152370707356083,0.96875
4446,4,0.140625,0.15227243944208865,0.011511063450961976,0.96875
4447,4,0.046875,0.1417326954978798,0.011407912103106304,0.96875
4448,4,0.046875,0.13224692594809184,0.011314813149956455,0.96875
4449,4,0.0625,0.12527223335328266,0.01124621016318673,0.96875
4450,4,0.109375,0.1236825100179544,0.011230556732229245,0.96875
4451,4,0.015625,0.11287675901615896,0.0111239979597604,0.96875
4452,4,0.171875,0.11877658311454306,0.011182211554696666,0.96875
4453,4,0.109375,0.11783642480308876,0.011172940342647047,0.96875
4454,4,0.125,0.11855278232277988,0.011180004767368086,0.96875
4455,4,0.203125,0.1270100040905019,0.011263314266523168,0.96875
4456,4,0.2562499761581421,0.1399340012972659,0.011390277254393708,0.96875
4457,4,0.21875,0.14781560116753933,0.01146748364322425,0.96875
4458,4,0.2562499761581421,0.1586590386665996,0.011573410167132559,0.96875
4459,4,0.171875,0.15998063479993965,0.011586296264489012,0.96875
4460,4,0.109375,0.15492007131994567,0.011536924825685387,0.96875
4461,4,0.03125,0.1425530641879511,0.0114159522447268,0.96875
4462,4,0.125,0.14079775776915598,0.011398746846955883,0.96875
4463,4,0.109375,0.13765548199224037,0.011367925427825103,0.96875
4464,4,0.203125,0.14420243379301634,0.01143211146671715,0.96875
4465,4,0.234375,0.15321969041371472,0.011520318346182503,0.96875
4466,4,0.125,0.15039772137234325,0.011492739157560765,0.96875
4467,4,0.125,0.14785794923510892,0.011467898001633406,0.96875
4468,4,0.078125,0.14088465431159802,0.01139959880077752,0.96875
4469,4,0.0625,0.13304618888043823,0.011322666781013893,0.96875
4470,4,0.0625,0.12599156999239441,0.011253291177741835,0.96875
4471,4,0.078125,0.12120491299315497,0.011206148545351256,0.96875
4472,4,0.078125,0.11689692169383947,0.011163673548906664,0.96875
4473,4,0.046875,0.10989472952445553,0.011094544621073808,0.96875
4474,4,0.015625,0.10046775657200997,0.011001310830161039,0.96875
4475,4,0.078125,0.09823348091480898,0.010979187174589516,0.96875
4476,4,0.03125,0.09153513282332808,0.010912803388454732,0.96875
4477,4,0.140625,0.09644411954099526,0.010961462039427676,0.96875
4478,4,0.046875,0.09148720758689573,0.010912328127190429,0.96875
4479,4,0.0,0.08233848682820616,0.01082152915327437,0.96875
4480,4,0.0,0.07410463814538555,0.010739692869740854,1.0
4481,4,0.078125,0.074506674330847,0.010743691115248267,1.0
4482,4,0.109375,0.0779935068977623,0.010778357462497876,1.0
4483,4,0.0625,0.07644415620798606,0.010762955976498423,1.0
4484,4,0.0625,0.07504974058718744,0.010749091523455502,1.0
4485,4,0.109375,0.07848226652846871,0.010783215262582914,1.0
4486,4,0.078125,0.07844653987562183,0.010782860186627339,1.0
4487,4,0.078125,0.07841438588805966,0.01078254061656907,1.0
4488,4,0.078125,0.07838544729925369,0.010782253002141601,1.0
4489,4,0.0625,0.07679690256932831,0.010766462812156978,1.0
4490,4,0.0625,0.07536721231239549,0.010752248350978908,1.0
4491,4,0.046875,0.07251799108115593,0.010723911372862095,1.0
4492,4,0.078125,0.07307869197304034,0.010729488771411182,1.0
4493,4,0.125,0.07827082277573631,0.010781113760797451,1.0
4494,4,0.09375,0.07981874049816268,0.010796496621342458,1.0
4495,4,0.125,0.08433686644834641,0.010841374792276561,1.0
4496,4,0.140625,0.08996567980351176,0.010897237409451007,1.0
4497,4,0.1875,0.0997191118231606,0.010993898889311585,1.0
4498,4,0.1875,0.10849720064084453,0.011080734656639717,1.0
4499,4,0.171875,0.11483498057676007,0.011143328499820344,1.0
4500,4,0.31250001192092897,0.13460148371117694,0.011337944483518339,1.0
4501,4,0.1875,0.13989133534005924,0.011389858839118434,1.0
4502,4,0.234375,0.14933970180605333,0.011482393087100836,1.0
4503,4,0.140625,0.148468231625448,0.011473868790868473,1.0
4504,4,0.171875,0.1508089084629032,0.011496759157900422,1.0
4505,4,0.140625,0.14979051761661288,0.011486801883983521,1.0
4506,4,0.046875,0.1394989658549516,0.01138601072892404,1.0
4507,4,0.2,0.14554906926945643,0.011445299082941349,1.0
4508,4,0.109375,0.14193166234251078,0.01140986227736103,1.0
4509,4,0.1937499761581421,0.14711349372407392,0.011460613061437794,1.0
4510,4,0.125,0.14490214435166654,0.011438964377815114,1.0
4511,4,0.21875,0.1522869299164999,0.01151120504676754,1.0
4512,4,0.265625,0.1636207369248499,0.011621760679008962,1.0
4513,4,0.28125,0.1753836632323649,0.011736072824211852,1.0
4514,4,0.171875,0.1750327969091284,0.011732669703140172,1.0
4515,4,0.171875,0.17471701721821556,0.01172960654035431,1.0
4516,4,0.125,0.169745315496394,0.01168133571619889,1.0
4517,4,0.10625,0.16339578394675458,0.011619570234409163,1.0
4518,4,0.109375,0.15799370555207912,0.011566920868784783,1.0
4519,4,0.203125,0.16250683499687119,0.011610912672746426,1.0
4520,4,0.15625,0.16188115149718407,0.011604817591556927,1.0
4521,4,0.15625,0.16131803634746567,0.011599330971715519,1.0
4522,4,0.21875,0.1670612327127191,0.011655241935929782,1.0
4523,4,0.3125,0.1816051094414472,0.011796346295907392,1.0
4524,4,0.25,0.18844459849730247,0.011862451930334066,1.0
4525,4,0.140625,0.18366263864757224,0.011816250267431383,1.0
4526,4,0.171875,0.182483874782815,0.011804849039643182,1.0
4527,4,0.234375,0.1876729873045335,0.011855002400193883,1.0
4528,4,0.171875,0.18609318857408014,0.011839743568035702,1.0
4529,4,0.09375,0.1768588697166721,0.011750376595699854,1.0
4530,4,0.234375,0.1826104827450049,0.011806073848979456,1.0
4531,4,0.34375,0.19872443447050442,0.011961491388787588,1.0
4532,4,0.328125,0.21166449102345397,0.012085591419338721,1.0
4533,4,0.21875,0.2123730419211086,0.012092367728027294,1.0
4534,4,0.140625,0.20519823772899773,0.012023658848286599,1.0
4535,4,0.140625,0.19874091395609797,0.011961649842734156,1.0
4536,4,0.1875,0.19761682256048815,0.01195083910773425,1.0
4537,4,0.15625,0.19348014030443933,0.011911014701488615,1.0
4538,4,0.15625,0.1897571262739954,0.011875118824300661,1.0
4539,4,0.125,0.1832814136465959,0.011812563519500122,1.0
4540,4,0.171875,0.18214077228193631,0.011801529574162717,1.0
4541,4,0.109375,0.17486419505374268,0.011731034253535123,1.0
4542,4,0.21875,0.1792527755483684,0.011773572440866402,1.0
4543,4,0.140625,0.17538999799353158,0.011736134262491336,1.0
4544,4,0.25,0.1828509981941784,0.011808400448561024,1.0
4545,4,0.34375,0.19894089837476056,0.011963572656056994,1.0
4546,4,0.359375,0.21498430853728448,0.01211732348908096,1.0
4547,4,0.25,0.21848587768355604,0.012150744491750059,1.0
4548,4,0.25,0.22163728991520043,0.012180780407298123,1.0
4549,4,0.25,0.2244735609236804,0.012207777471869595,1.0
4550,4,0.125,0.21452620483131235,0.0121129473984499,1.0
4551,4,0.1875,0.2118235843481811,0.012087113101393869,1.0
4552,4,0.109375,0.20157872591336298,0.011988920698043717,1.0
4553,4,0.0625,0.18767085332202668,0.011854981794671274,1.0
4554,4,0.15625,0.184528767989824,0.011824624525679955,1.0
4555,4,0.140625,0.18013839119084163,0.011782148672333853,1.0
4556,4,0.171875,0.17931205207175746,0.01177414655428253,1.0
4557,4,0.1875,0.1801308468645817,0.01178207562509172,1.0
4558,4,0.2874999761581421,0.19086775979393775,0.011885832417327172,1.0
4559,4,0.21875,0.193655983814544,0.01191270886199293,1.0
4560,4,0.203125,0.19460288543308957,0.011921829803801473,1.0
4561,4,0.171875,0.19233009688978062,0.011899931829721797,1.0
4562,4,0.203125,0.19340958720080254,0.011910334927120621,1.0
4563,4,0.265625,0.2006311284807223,0.011979817861951568,1.0
4564,4,0.28125,0.20869301563265005,0.012057151624333125,1.0
4565,4,0.34375,0.22219871406938504,0.012186126991395001,1.0
4566,4,0.359375,0.23591634266244652,0.012316348732013671,1.0
4567,4,0.28125,0.24044970839620186,0.012359204728862032,1.0
4568,4,0.296875,0.24609223755658166,0.012412418073382336,1.0
4569,4,0.359375,0.2574205138009235,0.012518812737611023,1.0
4570,4,0.21875,0.25355346242083115,0.01248256051236387,1.0
4571,4,0.1875,0.24694811617874804,0.01242047709276134,1.0
4572,4,0.140625,0.23631580456087325,0.012320128670900694,1.0
4573,4,0.125,0.22518422410478595,0.012214536644807813,1.0
4574,4,0.140625,0.21672830169430737,0.012133975412503932,1.0
4575,4,0.25,0.22005547152487664,0.01216570931873825,1.0
4576,4,0.140625,0.212112424372389,0.01208987551512766,1.0
4577,4,0.25,0.2159011819351501,0.012126079481058332,1.0
4578,4,0.15625,0.2099360637416351,0.012069053013794212,1.0
4579,4,0.125,0.20144245736747157,0.011987611882307339,1.0
4580,4,0.1875,0.20004821163072442,0.011974216532333782,1.0
4581,4,0.171875,0.19723089046765196,0.011947126384464997,1.0
4582,4,0.078125,0.18532030142088676,0.011832275231802192,1.0
4583,4,0.171875,0.18397577127879808,0.011819278126344613,1.0
4584,4,0.140625,0.17964069415091827,0.011777329346134688,1.0
4585,4,0.21875,0.18355162473582645,0.01181517672755369,1.0
4586,4,0.171875,0.1823839622622438,0.011803882443314652,1.0
4587,4,0.43750001192092897,0.2078955672281123,0.012049513358892289,1.0
4588,4,0.15625,0.2027310105053011,0.011999985181927127,1.0
4589,4,0.1875,0.201207909454771,0.011985358958714274,1.0
4590,4,0.21875,0.2029621185092939,0.012002203717552277,1.0
4591,4,0.140625,0.19672840665836452,0.01194229158048682,1.0
4592,4,0.171875,0.19424306599252808,0.011918364266683718,1.0
4593,4,0.1875,0.19356875939327525,0.011911868514426114,1.0
4594,4,0.15625,0.18983688345394772,0.011875888341402503,1.0
4595,4,0.125,0.18335319510855297,0.011813257742101383,1.0
4596,4,0.234375,0.18845537559769768,0.011862555962847082,1.0
4597,4,0.109375,0.1805473380379279,0.011786107968306434,1.0
4598,4,0.109375,0.1734301042341351,0.011717119623012907,1.0
4599,4,0.171875,0.17327459381072158,0.011715610330733537,1.0
4600,4,0.125,0.16844713442964943,0.011668718140089032,1.0
4601,4,0.046875,0.1562899209866845,0.01155029692130224,1.0
4602,4,0.140625,0.15472342888801607,0.011535004793017231,1.0
4603,4,0.171875,0.15643858599921445,0.01155174780752303,1.0
4604,4,0.234375,0.16423222739929302,0.011627714164028944,1.0
4605,4,0.48125,0.19593400465936373,0.011934646070315958,1.0
4606,4,0.1624999761581421,0.1925906018092416,0.011902442719057509,1.0
4607,4,0.15625,0.18895654162831743,0.011867393310960997,1.0
4608,4,0.203125,0.1903733874654857,0.011881064066666698,1.0
4609,4,0.078125,0.17914854871893715,0.011772562939080968,1.0
4610,4,0.109375,0.17217119384704344,0.011704899073584508,1.0
4611,4,0.296875,0.1846415744623391,0.011825715011807639,1.0
4612,4,0.25,0.1911774170161052,0.011888818689689726,1.0
4613,4,0.265625,0.19862217531449466,0.011960508121191808,1.0
4614,4,0.265625,0.2053224577830452,0.012024850148338071,1.0
4615,4,0.296875,0.2144777120047407,0.012112484115286546,1.0
4616,4,0.140625,0.20709244080426664,0.012041818183324879,1.0
4617,4,0.09375,0.19575819672383998,0.011932953735785826,1.0
4618,4,0.203125,0.19649487705145596,0.011940044281489443,1.0
4619,4,0.125,0.18934538934631034,0.011871145918128696,1.0
4620,4,0.171875,0.1875983504116793,0.011854281704096411,1.0
4621,4,0.25,0.19383851537051136,0.011914467337787615,1.0
4622,4,0.171875,0.19164216383346022,0.011893299959415089,1.0
4623,4,0.25,0.1974779474501142,0.011949503173163217,1.0
4624,4,0.140625,0.1917926527051028,0.011894750862770111,1.0
4625,4,0.203125,0.1929258874345925,0.011905674019543578,1.0
4626,4,0.125,0.18613329869113326,0.011840131090449981,1.0
4627,4,0.203125,0.18783246882201993,0.011856542291668874,1.0
4628,4,0.078125,0.17686172193981795,0.011750404244048183,1.0
4629,4,0.140625,0.17323804974583615,0.011715255643944463,1.0
4630,4,0.109375,0.16685174477125253,0.011653204381940155,1.0
4631,4,0.078125,0.15797907029412728,0.011566778109186444,1.0
4632,4,0.046875,0.14686866326471457,0.011458216903102825,1.0
4633,4,0.078125,0.1399942969382431,0.01139086855147741,1.0
4634,4,0.0625,0.1322448672444188,0.011314792918809276,1.0
4635,4,0.03125,0.12214538051997693,0.0112154153480326,1.0
4636,4,0.09375,0.11930584246797923,0.011187429850670892,1.0
4637,4,0.109375,0.11831275822118131,0.011177637880586275,1.0
4638,4,0.09375,0.11585648239906318,0.011153408806521775,1.0
4639,4,0.046875,0.10895833415915686,0.011085291904569632,1.0
4640,4,0.0625,0.10431250074324117,0.011039357954042069,1.0
4641,4,0.15625,0.10950625066891705,0.011090706210351254,1.0
4642,4,0.125,0.11105562560202534,0.011106013040867706,1.0
4643,4,0.09375,0.1093250630418228,0.011088915853523975,1.0
4644,4,0.140625,0.11245505673764052,0.011119834016514625,1.0
4645,4,0.140625,0.11527205106387646,0.011147641855015322,1.0
4646,4,0.25,0.1287448459574888,0.01128038205307599,1.0
4647,4,0.15625,0.13149536136173992,0.011307426701075927,1.0
4648,4,0.265625,0.14490832522556593,0.011439024906677099,1.0
4649,4,0.3125,0.16166749270300934,0.011602735958800976,1.0
4650,4,0.265625,0.1720632434327084,0.0117038509278949,1.0
4651,4,0.25,0.17985691908943757,0.011779423211732103,1.0
4652,4,0.15625,0.17749622718049382,0.011756554205576322,1.0
4653,4,0.15625,0.17537160446244443,0.011735955870719388,1.0
4654,4,0.21875,0.1797094440162,0.011777995119259073,1.0
4655,4,0.078125,0.16955099961458,0.011679447426670408,1.0
4656,4,0.265625,0.179158399653122,0.011772658353113008,1.0
4657,4,0.171875,0.17843005968780978,0.011765602911332714,1.0
4658,4,0.3125,0.19183705371902882,0.011895178928984918,1.0
4659,4,0.296875,0.20234084834712596,0.011996239330790439,1.0
4660,4,0.1875,0.20085676351241336,0.011981985673707745,1.0
4661,4,0.28125,0.208896087161172,0.012059096321064203,1.0
4662,4,0.1875,0.2067564784450548,0.012038598402414948,1.0
4663,4,0.140625,0.2001433306005493,0.01197513063195125,1.0
4664,4,0.15625,0.19575399754049438,0.011932913312864692,1.0
4665,4,0.125,0.18867859778644497,0.011864710656776425,1.0
4666,4,0.1875,0.18856073800780046,0.011863573015556633,1.0
4667,4,0.078125,0.1775171642070204,0.011756757115012052,1.0
4668,4,0.0625,0.16601544778631838,0.011645068856246008,1.0
4669,4,0.0625,0.15566390300768657,0.011544186607743312,1.0
4670,4,0.140625,0.15416001270691793,0.011529502910318172,1.0
4671,4,0.125,0.15124401143622612,0.011501012434777011,1.0
4672,4,0.125,0.1486196102926035,0.01147534966066412,1.0
4673,4,0.1875,0.15250764926334315,0.01151336176168783,1.0
4674,4,0.171875,0.15444438433700883,0.01153227998045002,1.0
4675,4,0.21875,0.16087494590330795,0.01159501309788386,1.0
4676,4,0.203125,0.16509995131297717,0.011636160308699673,1.0
4677,4,0.21875,0.17046495618167945,0.011688327841336612,1.0
4678,4,0.265625,0.1799809605635115,0.011780624324120942,1.0
4679,4,0.21875,0.18385786450716038,0.011818138058642232,1.0
4680,4,0.21875,0.18734707805644435,0.01185185526403764,1.0
4681,4,0.21875,0.19048737025079993,0.011882163539249592,1.0
4682,4,0.296875,0.20112613322571993,0.011984573417000757,1.0
4683,4,0.25000001192092897,0.20601352109524082,0.012031476515967358,1.0
4684,4,0.21875,0.20728716898571675,0.012043684208325337,1.0
4685,4,0.109375,0.19749595208714507,0.01194967637615051,1.0
4686,4,0.109375,0.18868385687843056,0.011864761418983521,1.0
4687,4,0.140625,0.18387797119058752,0.011818332478248192,1.0
4688,4,0.109375,0.17642767407152876,0.011746196434515523,1.0
4689,4,0.0625,0.1650349066643759,0.01163552726806365,1.0
4690,4,0.125,0.1610314159979383,0.011596537953724588,1.0
4691,4,0.109375,0.15586577439814447,0.011546157123713858,1.0
4692,4,0.328125,0.17309169695833002,0.011713835138902031,1.0
4693,4,0.171875,0.17297002726249702,0.011712654154522247,1.0
4694,4,0.359375,0.1916105245362473,0.011892994905989896,1.0
4695,4,0.21875,0.19432447208262257,0.011919148356908153,1.0
4696,4,0.25,0.1998920248743603,0.011972715492769489,1.0
4697,4,0.234375,0.2033403223869243,0.012005833866149155,1.0
4698,4,0.171875,0.20019379014823185,0.011975615537613794,1.0
4699,4,0.171875,0.19736191113340867,0.011948386885078073,1.0
4700,4,0.15625,0.19325072002006782,0.011908804185533545,1.0
4701,4,0.2249999761581421,0.19642564563387524,0.011939378015491761,1.0
4702,4,0.23125,0.19990808107048771,0.011972869805802389,1.0
4703,4,0.21875,0.20179227296343896,0.011990971606345012,1.0
4704,4,0.1624999761581421,0.19786304328290927,0.011953207495124922,1.0
4705,4,0.1937499761581421,0.19745173657043255,0.011949251024686986,1.0
4706,4,0.15625,0.1933315629133893,0.011909583147066305,1.0
4707,4,0.15625,0.18962340662205038,0.011873828612211848,1.0
4708,4,0.140625,0.18472356595984535,0.01182650758522123,1.0
4709,4,0.140625,0.18031370936386082,0.011783846119014564,1.0
4710,4,0.171875,0.17946983842747474,0.011775674710278267,1.0
4711,4,0.28125,0.18964785458472724,0.01187406450650694,1.0
4712,4,0.265625,0.19724556912625452,0.011947267605525851,1.0
4713,4,0.203125,0.19783351221362905,0.011952923448954387,1.0
4714,4,0.1875,0.19680016099226613,0.01194298204490385,1.0
4715,4,0.171875,0.1943076448930395,0.011918986282162312,1.0
4716,4,0.1875,0.19362688040373555,0.011912428473676538,1.0
4717,4,0.078125,0.182076692363362,0.011800909565014325,1.0
4718,4,0.0625,0.17011902312702581,0.011684966921148825,1.0
4719,4,0.046875,0.15779462081432324,0.011564978840952558,1.0
4720,4,0.09375,0.1513901587328909,0.01150244094885022,1.0
4721,4,0.015625,0.13781364285960182,0.011369477407530897,1.0
4722,4,0.046875,0.12871977857364164,0.011280135487938466,1.0
4723,4,0.078125,0.12366030071627748,0.011230338001702365,1.0
4724,4,0.140625,0.12535677064464973,0.011247042398353153,1.0
4725,4,0.203125,0.13313359358018476,0.01132352552708885,1.0
4726,4,0.140625,0.1338827342221663,0.011330884973986675,1.0
4727,4,0.15625,0.13611946079994966,0.01135284948341177,1.0
4728,4,0.25,0.14750751471995469,0.011464468989218159,1.0
4729,4,0.234375,0.1561942632479592,0.011549363320650177,1.0
4730,4,0.28125,0.1686998369231633,0.011671174693334084,1.0
4731,4,0.28125,0.17995485323084695,0.011780371527270066,1.0
4732,4,0.31250001192092897,0.19320936909985514,0.011908405739532646,1.0
4733,4,0.140625,0.18795093218986964,0.011857686068833877,1.0
4734,4,0.1875,0.18790583897088267,0.011857250694655952,1.0
4735,4,0.125,0.1816152550737944,0.011796444478198387,1.0
4736,4,0.109375,0.17439122956641495,0.011726445946493157,1.0
4737,4,0.1624999761581421,0.17320210422558768,0.0117149067621295,1.0
4738,4,0.03125,0.1590068938030289,0.011576802416998041,1.0
4739,4,0.09375,0.152481204422726,0.011513103368813789,1.0
4740,4,0.109375,0.1481705839804534,0.011470956844436142,1.0
4741,4,0.03125,0.13647852558240806,0.01135637424376749,1.0
4742,4,0.078125,0.13064317302416725,0.011299049556424459,1.0
4743,4,0.09375,0.12695385572175052,0.011262761739988542,1.0
4744,4,0.0625,0.12050847014957547,0.011199284859575125,1.0
4745,4,0.078125,0.11627012313461793,0.011157489990159754,1.0
4746,4,0.078125,0.11245561082115614,0.011119839487865806,1.0
4747,4,0.078125,0.10902254973904053,0.011085926492258211,1.0
4748,4,0.078125,0.10593279476513648,0.011055383146804576,1.0
4749,4,0.125,0.10783951528862283,0.011074234158830529,1.0
4750,4,0.171875,0.11424306375976054,0.011137486312329256,1.0
4751,4,0.140625,0.11688125738378448,0.011163519026685277,1.0
4752,4,0.078125,0.11300563164540603,0.01112527038621482,1.0
4753,4,0.109375,0.11264256848086543,0.011121685580543814,1.0
4754,4,0.203125,0.12169081163277888,0.011210936562503522,1.0
4755,4,0.09375,0.11889673046950099,0.011183396219329012,1.0
4756,4,0.125,0.11950705742255088,0.011189413581692478,1.0
4757,4,0.109375,0.1184938516802958,0.011179423662471969,1.0
4758,4,0.125,0.11914446651226622,0.011185838814482455,1.0
4759,4,0.140625,0.12129251986103959,0.011207011859908194,1.0
4760,4,0.125,0.12166326787493563,0.01121066516294668,1.0
4761,4,0.09375,0.11887194108744206,0.011183151796362475,1.0
4762,4,0.125,0.11948474697869786,0.011189193632939227,1.0
4763,4,0.0625,0.11378627228082808,0.011132977266678756,1.0
4764,4,0.0625,0.10865764505274528,0.011082320333544704,1.0
4765,4,0.078125,0.10560438054747075,0.011052135472057948,1.0
4766,4,0.0,0.09504394249272367,0.01094758784390579,1.0
4767,4,0.09375,0.0949145482434513,0.010946305504300797,1.0
4768,4,0.078125,0.09323559341910617,0.010929663677049202,1.0
4769,4,0.171875,0.10109953407719555,0.011007564865257335,1.0
4770,4,0.09375,0.10036458066947598,0.011000289405244066,1.0
4771,4,0.09375,0.09970312260252838,0.010993740576324872,1.0
4772,4,0.203125,0.11004531034227553,0.011096032364717647,1.0
4773,4,0.203125,0.11935327930804798,0.011187897527891543,1.0
4774,4,0.296875,0.13710545137724317,0.011362527638916788,1.0
4775,4,0.171875,0.14058240623951884,0.011396635401461179,1.0
4776,4,0.265625,0.15308666561556694,0.01151901881885153,1.0
4777,4,0.15625,0.15340299905401025,0.011522109013291535,1.0
4778,4,0.15625,0.15368769914860922,0.011524889933883582,1.0
4779,4,0.140625,0.1523814292337483,0.011512128445556786,1.0
4780,4,0.140625,0.15120578631037349,0.01150063879364222,1.0
4781,4,0.0625,0.14233520767933613,0.011413817292320277,1.0
4782,4,0.046875,0.13278918691140254,0.011320141636685415,1.0
4783,4,0.078125,0.12732276822026228,0.011266391870122454,1.0
4784,4,0.09375,0.12396549139823605,0.011233343597894314,1.0
4785,4,0.109375,0.12250644225841245,0.011218972471877047,1.0
4786,4,0.09375,0.1196307980325712,0.011190633464190509,1.0
4787,4,0.125,0.12016771822931409,0.01119592621305795,1.0
4788,4,0.125,0.12065094640638267,0.01120068910600485,1.0
4789,4,0.140625,0.1226483517657444,0.011220370456511166,1.0
4790,4,0.140625,0.12444601658916996,0.011238075474566147,1.0
4791,4,0.09375,0.12137641493025296,0.011207838579741869,1.0
4792,4,0.078125,0.11705127343722767,0.01116519613765325,1.0
4793,4,0.1875,0.12409614609350489,0.01123463024974462,1.0
4794,4,0.25,0.13668653148415438,0.011358415977242865,1.0
4795,4,0.28125,0.15114287833573894,0.011500023874444138,1.0
4796,4,0.265625,0.16259109050216505,0.011611733352020882,1.0
4797,4,0.203125,0.16664448145194855,0.011651188326517396,1.0
4798,4,0.25,0.17498003330675369,0.011732157902832739,1.0
4799,4,0.265625,0.1840445299760783,0.011819942947432745,1.0
4800,4,0.203125,0.1859525769784705,0.011838385009137743,1.0
4801,4,0.265625,0.19391981928062346,0.011915250565307083,1.0
4802,4,0.234375,0.1979653373525611,0.011954191390772383,1.0
4803,4,0.203125,0.19848130361730498,0.011959153512151415,1.0
4804,4,0.0625,0.1848831732555745,0.011828050366121572,1.0
4805,4,0.171875,0.18358235593001704,0.011815473912319343,1.0
4806,4,0.109375,0.17616162033701532,0.011743616902548437,1.0
4807,4,0.0625,0.1647954583033138,0.011633196744454639,1.0
4808,4,0.078125,0.15612841247298243,0.011548720613998361,1.0
4809,4,0.078125,0.1483280712256842,0.011472497605446578,1.0
4810,4,0.125,0.1459952641031158,0.011449667544104954,1.0
4811,4,0.09375,0.14077073769280424,0.011398481931649529,1.0
4812,4,0.109375,0.1376311639235238,0.011367686796789766,1.0
4813,4,0.09375,0.13324304753117144,0.011324600877750802,1.0
4814,4,0.09375,0.1292937427780543,0.011285780656378632,1.0
4815,4,0.171875,0.13355186850024886,0.011327634778515895,1.0
4816,4,0.125,0.13269668165022397,0.011319232694552076,1.0
4817,4,0.140625,0.13348951348520158,0.011327022214078029,1.0
4818,4,0.125,0.1326405621366814,0.011318681262234006,1.0
4819,4,0.140625,0.13343900592301328,0.01132652602945178,1.0
4820,4,0.046875,0.12478260533071195,0.011241389630386445,1.0
4821,4,0.1875,0.13105434479764075,0.011303091671568883,1.0
4822,4,0.21875,0.13982391031787667,0.011389197607243853,1.0
4823,4,0.28125,0.15396651928608898,0.011527613185654787,1.0
4824,4,0.296875,0.1682573673574801,0.011666873253890722,1.0
4825,4,0.28125,0.17955663062173208,0.011776515253506415,1.0
4826,4,0.15625,0.17722596755955888,0.011753934873222184,1.0
4827,4,0.265625,0.18606587080360298,0.011839479635131187,1.0
4828,4,0.140625,0.1815217837232427,0.01179553991469998,1.0
4829,4,0.078125,0.17118210535091843,0.011695294068526391,1.0
4830,4,0.0625,0.1603138948158266,0.011589544833380148,1.0
4831,4,0.1937499761581421,0.16365750295005815,0.011622118667265754,1.0
4832,4,0.140625,0.16135425265505235,0.011599683869124333,1.0
4833,4,0.125,0.15771882738954712,0.011564239460949168,1.0
4834,4,0.15625,0.1575719446505924,0.01156280654057806,1.0
4835,4,0.28125,0.16993975018553314,0.01168322503675893,1.0
4836,4,0.28125,0.1810707751669798,0.011791174879467275,1.0
4837,4,0.140625,0.17702619765028182,0.011751998561278284,1.0
4838,4,0.125,0.17182357788525365,0.011701523754930228,1.0
4839,4,0.28125,0.18276622009672827,0.011807580380100281,1.0
4840,4,0.4437499761581421,0.20886459570286967,0.012058794756518868,1.0
4841,4,0.21875,0.20985313613258272,0.012068259225232237,1.0
4842,4,0.265625,0.21543032251932445,0.012121583275654635,1.0
4843,4,0.171875,0.211074790267392,0.01207995022027578,1.0
4844,4,0.15625,0.2055923112406528,0.012027437901046528,1.0
4845,4,0.15625,0.20065808011658753,0.011980076812752932,1.0
4846,4,0.078125,0.18840477210492879,0.01186206747824789,1.0
4847,4,0.078125,0.17737679489443592,0.011755396709063183,1.0
4848,4,0.125,0.17213911540499233,0.011704587611640026,1.0
4849,4,0.109375,0.1658627038644931,0.011643582716043828,1.0
4850,4,0.125,0.16177643347804377,0.011603797363716292,1.0
4851,4,0.0625,0.1518487901302394,0.011506923425450531,1.0
4852,4,0.109375,0.14760141111721548,0.011465387802880422,1.0
4853,4,0.15625,0.14846627000549392,0.01147384960078397,1.0
4854,4,0.1875,0.15236964300494452,0.011512013278022943,1.0
4855,4,0.234375,0.16057017870445006,0.01159204281641028,1.0
4856,4,0.31250001192092897,0.17576316202609796,0.011739753190500822,1.0
4857,4,0.234375,0.18162434582348816,0.01179653245177331,1.0
4858,4,0.4749999761581421,0.21096190885695354,0.012078870215494648,1.0
4859,4,0.328125,0.2226782179712582,0.012190692389327183,1.0
4860,4,0.3125,0.2316603961741324,0.012276033282476175,1.0
4861,4,0.1875,0.22724435655671915,0.012234118683328276,1.0
4862,4,0.21875,0.22639492090104724,0.012226046774528827,1.0
4863,4,0.125,0.2162554288109425,0.012129461567783231,1.0
4864,4,0.1624999761581421,0.21087988354566245,0.01207808539789083,1.0
4865,4,0.09375,0.1991668951910962,0.011965745392036065,1.0
4866,4,0.171875,0.1964377056719866,0.011939494079595445,1.0
4867,4,0.25,0.20179393510478794,0.011990987568885718,1.0
4868,4,0.1875,0.20036454159430914,0.011977256351449073,1.0
4869,4,0.265625,0.2068905874348782,0.012039883723032455,1.0
4870,4,0.15625,0.2018265286913904,0.011991300582519982,1.0
4871,4,0.109375,0.19258137582225135,0.01190235379818221,1.0
4872,4,0.140625,0.18738573824002622,0.011852228605201078,1.0
4873,4,0.125,0.18114716441602358,0.011791914253820002,1.0
4874,4,0.078125,0.17084494797442124,0.011692019207471743,1.0
4875,4,0.0625,0.16001045317697912,0.011586586943579304,1.0
4876,4,0.0625,0.1502594078592812,0.01149138681450532,1.0
4877,4,0.078125,0.1430459670733531,0.011420782112977425,1.0
4878,4,0.109375,0.13967887036601778,0.011387775169899741,1.0
4879,4,0.0625,0.13196098332941603,0.011312003050059265,1.0
4880,4,0.09375,0.12813988499647444,0.011274431159228031,1.0
4881,4,0.125,0.127825896496827,0.011271342147944428,1.0
4882,4,0.140625,0.1291058068471443,0.01128393232259489,1.0
4883,4,0.125,0.12869522616242984,0.011279893986586041,1.0
4884,4,0.09375,0.12520070354618687,0.01124550596770321,1.0
4885,4,0.125,0.1251806331915682,0.011245308377147356,1.0
4886,4,0.140625,0.12672506987241136,0.01126051029793121,1.0
4887,4,0.2249999761581421,0.13655256050098444,0.011357100965072048,1.0
4888,4,0.28125,0.151022304450886,0.011498845244271869,1.0
4889,4,0.40625,0.1765450740057974,0.011747334612908649,1.0
4890,4,0.265625,0.18545306660521765,0.011833558280066723,1.0
4891,4,0.34375,0.20128275994469588,0.01198607794948279,1.0
4892,4,0.21875,0.2030294839502263,0.012002850357647935,1.0
4893,4,0.328125,0.21553903555520368,0.012122621449070392,1.0
4894,4,0.28125,0.2221101319996833,0.0121852834890763,1.0
4895,4,0.234375,0.22333661879971498,0.012196959517440804,1.0
4896,4,0.078125,0.2088154569197435,0.012058324192068216,1.0
4897,4,0.125,0.20043391122776916,0.011977922918285604,1.0
4898,4,0.125,0.19289052010499225,0.011905333187926876,1.0
4899,4,0.265625,0.20016396809449302,0.011975328955104857,1.0
4900,4,0.265625,0.2067100712850437,0.01203815361288201,1.0
4901,4,0.296875,0.21572656415653935,0.01212441217236217,1.0
4902,4,0.34375,0.2285289077408854,0.012246319530739846,1.0
4903,4,0.28125,0.23380101696679687,0.012296320663475005,1.0
4904,4,0.359375,0.24635841527011718,0.01241492478042824,1.0
4905,4,0.28125,0.24984757374310546,0.012447753741107464,1.0
4906,4,0.25,0.2498628163687949,0.012447897034213009,1.0
4907,4,0.203125,0.2451890347319154,0.012403909836040911,1.0
4908,4,0.171875,0.23785763125872386,0.01233471174475673,1.0
4909,4,0.125,0.22657186813285146,0.012227728498204483,1.0
4910,4,0.1875,0.22266468131956632,0.01219056351884749,1.0
4911,4,0.125,0.2128982131876097,0.01209738896834822,1.0
4912,4,0.203125,0.21192089186884872,0.01208804377014057,1.0
4913,4,0.21875,0.21260380268196385,0.012094574201936473,1.0
4914,4,0.265625,0.21790592241376747,0.01214521251966735,1.0
4915,4,0.25,0.2211153301723907,0.012175808478157727,1.0
4916,4,0.28125,0.22712879715515163,0.012233020739977198,1.0
4917,4,0.25,0.22941591743963646,0.012254740366875065,1.0
4918,4,0.28125001192092897,0.2345993268877657,0.012303881419165765,1.0
4919,4,0.34375001192092897,0.24551439539108202,0.012406975183923669,1.0
4920,4,0.21875,0.24283795585197382,0.01238174519845988,1.0
4921,4,0.171875,0.23574166026677643,0.01231469556652317,1.0
4922,4,0.125,0.2246674942400988,0.012209622197471551,1.0
4923,4,0.109375,0.21313824481608892,0.012099683578184051,1.0
4924,4,0.046875,0.19651192033448003,0.011940208299074523,1.0
4925,4,0.109375,0.18779822830103202,0.011856211686206606,1.0
4926,4,0.109375,0.1799559054709288,0.01178038171613804,1.0
4927,4,0.171875,0.1791478149238359,0.011772555831685941,1.0
4928,4,0.140625,0.17529553343145232,0.011735218074998516,1.0
4929,4,0.125,0.17026598008830707,0.01168639473264659,1.0
4930,4,0.09375,0.16261438207947637,0.011611960216525608,1.0
4931,4,0.140625,0.16041544387152876,0.011590534650036104,1.0
4932,4,0.1875,0.16312389948437586,0.011616922588770283,1.0
4933,4,0.203125,0.16712400953593826,0.011655852498060363,1.0
4934,4,0.1875,0.1691616085823444,0.011675663098499408,1.0
4935,4,0.109375,0.16318294772410996,0.011617497627876623,1.0
4936,4,0.0625,0.153114652951699,0.011519292233201606,1.0
4937,4,0.15625,0.1534281876565291,0.011522355062637973,1.0
4938,4,0.109375,0.14902286889087618,0.011479294236201719,1.0
4939,4,0.296875,0.16380808200178854,0.011623584800561984,1.0
4940,4,0.25,0.1724272738016097,0.011707385330258196,1.0
4941,4,0.203125,0.1754970464214487,0.011737172461339315,1.0
4942,4,0.203125,0.17825984177930382,0.011763953745641686,1.0
4943,4,0.203125,0.18074635760137342,0.011788034604572815,1.0
4944,4,0.234375,0.18610922184123607,0.011839898473540299,1.0
4945,4,0.15625,0.18312329965711246,0.011811034282348214,1.0
4946,4,0.203125,0.1851234696914012,0.011830372926913715,1.0
4947,4,0.21875,0.1884861227222611,0.011862852765862658,1.0
4948,4,0.234375,0.19307501045003497,0.011907111053432848,1.0
4949,4,0.1875,0.19251750940503146,0.011901738239468915,1.0
4950,4,0.234375,0.19670325846452832,0.011942049584514012,1.0
4951,4,0.171875,0.19422043261807548,0.011918146261349372,1.0
4952,4,0.21875,0.19667338935626794,0.011941762157067411,1.0
4953,4,0.21875,0.19888105042064116,0.011962997244836873,1.0
4954,4,0.109375,0.18993044537857703,0.011876791020763472,1.0
4955,4,0.171875,0.18812490084071934,0.011859365664505959,1.0
4956,4,0.078125,0.1771249107566474,0.01175295537581346,1.0
4957,4,0.078125,0.16722491968098266,0.011656833915085906,1.0
4958,4,0.125,0.16300242771288437,0.011615739605875693,1.0
4959,4,0.046875,0.15138968494159594,0.011502436317887213,1.0
4960,4,0.078125,0.14406321644743636,0.011430747818770027,1.0
4961,4,0.125,0.14215689480269272,0.011412069762109255,1.0
4962,4,0.21875,0.14981620532242346,0.01148705308160972,1.0
4963,4,0.171875,0.15202208479018112,0.011508616975740366,1.0
4964,4,0.203125,0.157132376311163,0.011558517921450111,1.0
4965,4,0.25,0.1664191386800467,0.011648996255241292,1.0
4966,4,0.203125,0.17008972481204204,0.011684682254718,1.0
4967,4,0.28125,0.18120575233083783,0.011792481314688515,1.0
4968,4,0.265625,0.18964767709775404,0.011874062793972667,1.0
4969,4,0.21875,0.19255790938797865,0.011902127625215024,1.0
4970,4,0.0625,0.1795521184491808,0.01177647155579044,1.0
4971,4,0.21875,0.1834719066042627,0.011814405801144717,1.0
4972,4,0.140625,0.17918721594383646,0.011772937459600504,1.0
4973,4,0.140625,0.17533099434945282,0.011735562004844338,1.0
4974,4,0.1875,0.17654789491450754,0.011747361960708557,1.0
4975,4,0.15625,0.1745181054230568,0.011727676861274645,1.0
4976,4,0.171875,0.1742537948807511,0.011725112532003406,1.0
4977,4,0.0625,0.163078415392676,0.011616479636132696,1.0
4978,4,0.0625,0.15302057385340842,0.011518373144881968,1.0
4979,4,0.078125,0.14553101646806757,0.011445122325496906,1.0
4980,4,0.078125,0.1387904148212608,0.011379060651688823,1.0
4981,4,0.03125,0.12803637333913473,0.011273412841327102,1.0
4982,4,0.03125,0.11835773600522126,0.011178081418418645,1.0
4983,4,0.09375,0.11589696240469913,0.011153808219447916,1.0
4984,4,0.0625,0.11055726616422923,0.01110109013810894,1.0
4985,4,0.140625,0.1135640395478063,0.011130783410773424,1.0
4986,4,0.3499999761581421,0.13720763320883989,0.011363530473398565,1.0
4987,4,0.234375,0.1469243698879559,0.011458762119468682,1.0
4988,4,0.171875,0.14941943289916032,0.011483172867991687,1.0
4989,4,0.45,0.17947748960924428,0.011775748809561858,1.0
4990,4,0.2562499761581421,0.18715473826413406,0.011849997760367192,1.0
4991,4,0.4437499761581421,0.21281426205353488,0.012096586373321158,1.0
4992,4,0.171875,0.2087203358481814,0.012057413263450199,1.0
4993,4,0.140625,0.20191080226336328,0.011992109887842342,1.0
4994,4,0.078125,0.18953222203702697,0.011872948768369156,1.0
4995,4,0.25,0.19557899983332427,0.011931228660662095,1.0
4996,4,0.1875,0.19477109984999183,0.011923449766771208,1.0
4997,4,0.25,0.20029398986499264,0.011976578407199474,1.0
4998,4,0.21875,0.2021395908784934,0.011994306879019373,1.0
